,id,statement_code,category_code,statement_content,direction_code,parent_statement_code,attributes,statement_level,serial_number,create_user,create_time,modify_user,modify_time,del_stat,version_no
0,392,1096110230001003,1095110200000008,竞争对手,109511023000000b,109511023000000b,,1,999,zstx,2023-11-28 11:50:24,system_user,2024-01-21 14:26:09,0,0
1,393,109611023000200c,1095110200000008,纠纷对象,109511023000000b,109511023000000b,,1,999,zstx,2023-11-28 11:50:47,zstx,2024-01-21 14:26:09,0,0
2,398,1096110430001009,1095110400000001,合作伙伴,1095110430000004,1095110430000004,,1,999,zstx,2023-11-28 11:51:43,system_user,2024-01-21 14:26:09,0,0
3,401,1096110630001002,1095110600000007,直系血亲,109511063000000a,109511063000000a,,1,999,zstx,2023-11-28 11:52:14,system_user,2024-04-29 08:30:00,1,0
4,402,109611063000200b,1095110600000007,旁系血亲,109511063000000a,109511063000000a,,1,999,zstx,2023-11-28 11:52:23,system_user,2024-04-29 08:30:00,1,0
5,416,1096110730001005,109511070000000a,夫妻,1095110730000000,1095110730000000,,1,999,zstx,2023-11-28 11:54:48,system_user,2024-04-29 08:30:00,1,0
6,417,1096110730002001,109511070000000a,姻亲,1095110730000000,1095110730000000,,1,999,zstx,2023-11-28 11:54:58,system_user,2024-04-29 08:30:00,1,0
7,418,1096110730001015,109511070000000a,丈夫妻子,1095110730000000,1096110730001005,,2,999,zstx,2023-11-28 11:55:21,system_user,2024-04-29 08:30:00,1,0
8,419,1096110730001025,109511070000000a,前夫前妻,1095110730000000,1096110730001005,,2,999,zstx,2023-11-28 11:55:30,system_user,2024-04-29 08:30:00,1,0
9,420,1096110730002011,109511070000000a,岳父岳母,1095110730000000,1096110730002001,,2,999,zstx,2023-11-28 11:55:37,system_user,2024-04-29 08:30:00,1,0
10,421,1096110730002021,109511070000000a,家翁家婆,1095110730000000,1096110730002001,,2,999,zstx,2023-11-28 11:55:58,system_user,2024-04-29 08:30:00,1,0
11,422,1096110730002031,109511070000000a,女婿儿媳,1095110730000000,1096110730002001,,2,999,zstx,2023-11-28 11:56:06,system_user,2024-04-29 08:30:00,1,0
12,423,1096110730002041,109511070000000a,兄嫂弟妹,1095110730000000,1096110730002001,,2,999,zstx,2023-11-28 11:56:16,system_user,2024-04-29 08:30:00,1,0
13,424,1096110730002051,109511070000000a,姐夫妹夫,1095110730000000,1096110730002001,,2,999,zstx,2023-11-28 11:56:25,system_user,2024-04-29 08:30:00,1,0
14,425,1096110730002061,109511070000000a,继父继母,1095110730000000,1096110730002001,,2,999,zstx,2023-11-28 11:56:32,system_user,2024-04-29 08:30:00,1,0
15,426,1096110730002071,109511070000000a,继子继女,1095110730000000,1096110730002001,,2,999,zstx,2023-11-28 11:56:41,zstx,2024-04-29 08:30:00,1,0
16,442,109615041000100b,1095150400000005,荣誉获得者,1095150410000006,1095150410000006,,1,999,zstx,2023-11-28 12:01:45,system_user,2024-01-21 14:26:09,0,0
17,506,1096220230001007,109522020000000c,接壤区域,1095220230000002,1095220230000002,,1,999,zstx,2023-11-29 12:39:07,system_user,2024-01-21 14:26:09,0,0
18,507,1096220230002003,109522020000000c,相邻辖区,1095220230000002,1095220230000002,,1,999,zstx,2023-11-29 12:39:18,system_user,2024-01-21 14:26:09,0,0
19,508,109622023000300c,109522020000000c,交叉路口,1095220230000002,1095220230000002,,1,999,zstx,2023-11-29 12:47:27,system_user,2024-01-21 14:26:09,0,0
20,509,1096220230004008,109522020000000c,起点终点,1095220230000002,1095220230000002,,1,999,zstx,2023-11-29 12:47:43,system_user,2024-01-21 14:26:09,0,0
21,576,109655043000100c,1095550400000004,合作伙伴,1095550430000007,1095550430000007,,1,999,zstx,2023-11-30 07:42:38,system_user,2024-01-21 14:26:09,0,0
22,577,1096550430002008,1095550400000004,代理机构,1095550430000007,1095550430000007,,1,999,zstx,2023-11-30 07:42:47,system_user,2024-01-21 14:26:09,0,0
23,578,1096550430003004,1095550400000004,供应商,1095550430000007,1095550430000007,,1,999,zstx,2023-11-30 07:42:55,system_user,2024-01-21 14:26:09,0,0
24,579,1096550430004000,1095550400000004,分销商,1095550430000007,1095550430000007,,1,999,zstx,2023-11-30 07:43:02,system_user,2024-01-21 14:26:09,0,0
25,580,1096550530001002,1095550500000007,竞对公司,109555053000000a,109555053000000a,,1,999,zstx,2023-11-30 07:43:15,system_user,2024-01-21 14:26:09,0,0
26,606,109613051000100c,1095130500000006,受益者,1095130510000007,1095130510000007,,1,999,zstx,2023-11-30 07:48:33,system_user,2024-01-21 14:26:09,0,0
27,607,1096130510002008,1095130500000006,受害者,1095130510000007,1095130510000007,,1,999,zstx,2023-11-30 07:48:41,system_user,2024-01-21 14:26:09,0,0
28,608,1096130510003004,1095130500000006,波及对象,1095130510000007,1095130510000007,,1,999,zstx,2023-11-30 07:48:50,system_user,2024-01-21 14:26:09,0,0
29,609,1096130520001000,1095130500000006,新闻报道,1095130520000008,1095130520000008,,1,999,zstx,2023-11-30 07:48:59,guochengjie,2024-01-21 14:26:09,0,0
30,610,1096130520002009,1095130500000006,媒体报道,1095130520000008,1095130520000008,,1,999,zstx,2023-11-30 07:49:06,qidekang,2024-01-21 14:26:09,1,0
31,611,1096130520003005,1095130500000006,舆论反馈,1095130520000008,1095130520000008,,1,999,zstx,2023-11-30 07:49:13,guochengjie,2024-01-21 14:26:09,0,0
32,669,1096330210001009,1095330200000003,直接原因事件,1095330210000004,1095330210000004,,1,999,zstx,2023-11-30 08:15:21,qidekang,2024-01-21 14:26:09,1,0
33,670,1096330210002005,1095330200000003,间接原因事件,1095330210000004,1095330210000004,,1,999,zstx,2023-11-30 08:15:29,qidekang,2024-01-21 14:26:09,1,0
34,671,109633022000100a,1095330200000003,结果事件,1095330220000005,1095330220000005,,1,999,zstx,2023-11-30 08:15:38,qidekang,2024-01-21 14:26:09,1,0
35,672,1096330330001001,1095330300000006,并行任务,1095330330000009,1095330330000009,,1,999,zstx,2023-11-30 08:15:51,system_user,2024-01-21 14:26:09,0,0
36,673,109633033000200a,1095330300000006,并行进程,1095330330000009,1095330330000009,,1,999,zstx,2023-11-30 08:16:01,system_user,2024-01-21 14:26:09,0,0
37,674,1096330330003006,1095330300000006,前置节点,1095330330000009,1095330330000009,,1,999,zstx,2023-11-30 08:16:14,guochengjie,2024-01-21 14:26:09,0,0
38,675,1096330330004002,1095330300000006,后序节点,1095330330000009,1095330330000009,,1,999,zstx,2023-11-30 08:16:22,guochengjie,2024-01-21 14:26:09,0,0
39,682,1096440230001002,1095440200000007,实体连接物品,109544023000000a,109544023000000a,,1,999,zstx,2023-11-30 08:17:58,admin,2024-01-21 14:26:09,1,0
40,683,1096440230001012,1095440200000007,供水管网,109544023000000a,1096440230001002,,2,999,zstx,2023-11-30 08:18:07,admin,2024-01-21 14:26:09,1,0
41,684,1096440230001022,1095440200000007,电力管网,109544023000000a,1096440230001002,,2,999,zstx,2023-11-30 08:18:15,admin,2024-01-21 14:26:09,1,0
42,685,109644023000200b,1095440200000007,虚拟连接物品,109544023000000a,109544023000000a,,1,999,zstx,2023-11-30 08:18:27,admin,2024-01-21 14:26:09,1,0
43,686,109644023000201b,1095440200000007,数据传输,109544023000000a,109644023000200b,,2,999,zstx,2023-11-30 08:18:36,admin,2024-01-21 14:26:09,1,0
44,687,109644023000202b,1095440200000007,手机通话,109544023000000a,109644023000200b,,2,999,zstx,2023-11-30 08:18:43,admin,2024-01-21 14:26:09,1,0
45,709,1096520310001004,109552030000000b,国有土地,109552031000000c,109552031000000c,,1,999,zstx,2023-11-30 08:29:21,system_user,2024-01-21 14:26:09,0,0
46,710,1096520310002000,109552030000000b,集体土地,109552031000000c,109552031000000c,,1,999,zstx,2023-11-30 08:29:29,system_user,2024-01-21 14:26:09,0,0
47,711,1096520320001005,109552030000000b,土地归属单位,1095520320000000,1095520320000000,,1,999,zstx,2023-11-30 08:29:53,zstx,2024-01-21 14:26:09,0,0
48,712,1096520310003009,109552030000000b,公司房产,109552031000000c,109552031000000c,,1,999,zstx,2023-11-30 08:30:39,system_user,2024-01-21 14:26:09,0,0
49,713,1096520310004005,109552030000000b,单位房产,109552031000000c,109552031000000c,,1,999,zstx,2023-11-30 08:30:52,system_user,2024-01-21 14:26:09,0,0
50,714,1096520320002001,109552030000000b,房产归属公司,1095520320000000,1095520320000000,,1,999,zstx,2023-11-30 08:31:07,zstx,2024-01-21 14:26:09,0,0
51,740,1096530210001002,1095530200000009,受益组织,109553021000000a,109553021000000a,,1,999,zstx,2023-11-30 08:37:46,developuser,2024-01-21 14:26:09,1,0
52,741,109653021000200b,1095530200000009,受害组织,109553021000000a,109553021000000a,,1,999,zstx,2023-11-30 08:37:56,system_user,2024-01-21 14:26:09,0,0
53,742,1096530210003007,1095530200000009,波及对象,109553021000000a,109553021000000a,,1,999,zstx,2023-11-30 08:38:08,system_user,2024-01-21 14:26:09,0,0
54,743,1096530220001003,1095530200000009,负面新闻,109553022000000b,109553022000000b,,1,999,zstx,2023-11-30 08:38:18,guochengjie,2024-01-21 14:26:09,1,0
55,744,109653022000200c,1095530200000009,媒体报道,109553022000000b,109553022000000b,,1,999,zstx,2023-11-30 08:38:26,qidekang,2024-01-21 14:26:09,1,0
56,745,1096530220003008,1095530200000009,负面舆情,109553022000000b,109553022000000b,,1,999,zstx,2023-11-30 08:38:38,system_user,2024-01-21 14:26:09,0,0
57,794,109611011000100b,1095110100000005,客户,1095110110000006,1095110110000006,顾客，咨询者,1,999,zstx,2023-12-03 13:26:52,guochengjie,2024-01-21 14:26:09,0,0
58,795,1096110110002007,1095110100000005,就诊患者,1095110110000006,1095110110000006,,1,999,zstx,2023-12-03 13:27:02,system_user,2024-01-21 14:26:09,0,0
59,796,109611012000100c,1095110100000005,法律顾问,1095110120000007,1095110120000007,,1,0,zstx,2023-12-03 13:27:15,guochengjie,2024-01-21 14:26:09,0,0
60,797,1096110120002008,1095110100000005,代理中介,1095110120000007,1095110120000007,,1,1,zstx,2023-12-03 13:27:35,guochengjie,2024-01-21 14:26:09,0,0
61,798,1096110120003004,1095110100000005,治疗医师,1095110120000007,1095110120000007,,1,2,zstx,2023-12-03 13:29:04,guochengjie,2024-01-21 14:26:09,0,0
62,800,1096150203001005,109515020000000c,被执行人员,000215020305c,000215020305c,,1,999,zstx,2023-12-03 13:34:04,zstx,2024-12-11 19:03:04,1,0
63,801,1096150203001005,109515020000000c,执法单位,0002150203060,0002150203060,,1,999,zstx,2023-12-03 13:34:38,system_user,2024-12-11 19:03:04,1,0
64,807,109611051000100a,1095110500000004,学生学徒,1095110510000005,1095110510000005,,1,0,zstx,2023-12-03 13:39:47,qidekang,2024-01-21 14:26:09,0,0
65,808,109611052000100b,1095110500000004,指导教师,1095110520000006,1095110520000006,,1,0,zstx,2023-12-03 13:39:55,qidekang,2024-01-21 14:26:09,0,0
66,809,1096110810001006,1095110800000000,养子养女,1095110810000001,1095110810000001,,1,999,zstx,2023-12-03 13:41:53,system_user,2024-04-29 08:30:00,1,0
67,810,1096110820001007,1095110800000000,养父养母,1095110820000002,1095110820000002,,1,999,zstx,2023-12-03 13:42:00,system_user,2024-04-29 08:30:00,1,0
68,811,109612011000100c,1095120100000006,家庭住址,1095120110000007,1095120110000007,,1,0,zstx,2023-12-03 13:44:33,qidekang,2024-01-21 14:26:09,0,0
69,812,1096120110002008,1095120100000006,工作地点,1095120110000007,1095120110000007,,1,1,zstx,2023-12-03 13:44:50,qidekang,2024-01-21 14:26:09,0,0
70,813,1096120110003004,1095120100000006,学校宿舍,1095120110000007,1095120110000007,,1,8,zstx,2023-12-03 13:44:59,qidekang,2024-01-21 14:26:09,0,0
71,814,1096120110004000,1095120100000006,度假酒店,1095120110000007,1095120110000007,,1,9,zstx,2023-12-03 13:45:08,qidekang,2024-01-21 14:26:09,0,0
72,815,1096120110005009,1095120100000006,隔离场所,1095120110000007,1095120110000007,,1,11,zstx,2023-12-03 13:45:15,qidekang,2024-01-21 14:26:09,0,0
73,816,1096120120001000,1095120100000006,住户,1095120120000008,1095120120000008,,1,999,zstx,2023-12-03 13:45:23,system_user,2024-01-21 14:26:09,0,0
74,817,1096120210001002,1095120200000009,参会地点,109512021000000a,109512021000000a,,1,999,zstx,2023-12-03 13:47:40,zstx,2024-01-21 14:26:09,0,0
75,818,109612021000200b,1095120200000009,游览景点,109512021000000a,109512021000000a,,1,999,zstx,2023-12-03 13:47:50,zstx,2024-01-21 14:26:09,0,0
76,819,1096120210003007,1095120200000009,就餐饭店,109512021000000a,109512021000000a,,1,999,zstx,2023-12-03 13:48:06,guochengjie,2024-01-21 14:26:09,1,0
77,820,1096120220001003,1095120200000009,参会人员,109512022000000b,109512022000000b,,1,999,zstx,2023-12-03 13:48:28,guochengjie,2024-01-21 14:26:09,1,0
78,821,109612022000200c,1095120200000009,游客,109512022000000b,109512022000000b,,1,999,zstx,2023-12-03 13:48:37,zstx,2024-01-21 14:26:09,0,0
79,822,1096120220003008,1095120200000009,顾客,109512022000000b,109512022000000b,,1,999,zstx,2023-12-03 13:48:46,zstx,2024-01-21 14:26:09,0,0
80,823,1096120310001005,109512030000000c,路过地点,1095120310000000,1095120310000000,,1,999,zstx,2023-12-03 13:49:38,system_user,2024-01-21 14:26:09,0,0
81,824,1096120320001006,109512030000000c,过路人员,1095120320000001,1095120320000001,,1,999,zstx,2023-12-03 13:49:47,system_user,2024-01-21 14:26:09,0,0
82,825,1096120410001008,1095120400000002,建设的房屋,1095120410000003,1095120410000003,,1,999,zstx,2023-12-03 13:50:22,guochengjie,2024-01-21 14:26:09,0,0
83,826,1096120420001009,1095120400000002,建设工人,1095120420000004,1095120420000004,,1,999,zstx,2023-12-03 13:50:29,zstx,2024-01-21 14:26:09,0,0
84,832,1096120710001004,109512070000000b,管辖区域,109512071000000c,109512071000000c,,1,999,zstx,2023-12-04 06:35:16,zstx,2024-01-21 14:26:09,0,0
85,833,1096120720001005,109512070000000b,场所负责人,1095120720000000,1095120720000000,,1,999,zstx,2023-12-04 06:35:27,zstx,2024-01-21 14:26:09,0,0
86,834,1096120810001007,1095120800000001,维护区域,1095120810000002,1095120810000002,,1,999,zstx,2023-12-04 06:36:14,developuser,2024-01-21 14:26:09,1,0
87,835,1096120820001008,1095120800000001,维修工,1095120820000003,1095120820000003,,1,999,zstx,2023-12-04 06:36:22,admin,2024-01-21 14:26:09,1,0
88,839,1096130110001000,1095130100000007,发起活动,1095130110000008,1095130110000008,,1,999,zstx,2023-12-04 06:38:22,system_user,2024-01-21 14:26:09,0,0
89,840,1096130110002009,1095130100000007,引发事件,1095130110000008,1095130110000008,,1,999,zstx,2023-12-04 06:38:29,system_user,2024-01-21 14:26:09,0,0
90,841,1096130120001001,1095130100000007,当事人,1095130120000009,1095130120000009,,1,0,zstx,2023-12-04 06:38:42,qidekang,2024-01-21 14:26:09,0,0
91,842,109613012000200a,1095130100000007,发起人,1095130120000009,1095130120000009,,1,1,zstx,2023-12-04 06:38:50,qidekang,2024-01-21 14:26:09,0,0
92,843,1096130120003006,1095130100000007,制定者,1095130120000009,1095130120000009,,1,2,zstx,2023-12-04 06:38:57,qidekang,2024-01-21 14:26:09,0,0
93,844,1096130120004002,1095130100000007,主持人,1095130120000009,1095130120000009,,1,3,zstx,2023-12-04 06:39:05,qidekang,2024-01-21 14:26:09,0,0
94,845,1096130210001003,109513020000000a,执行任务,109513021000000b,109513021000000b,,1,999,zstx,2023-12-04 06:39:54,system_user,2024-01-21 14:26:09,0,0
95,846,109613021000200c,109513020000000a,参加活动,109513021000000b,109513021000000b,,1,999,zstx,2023-12-04 06:40:02,system_user,2024-01-21 14:26:09,0,0
96,847,1096130210003008,109513020000000a,参与事项,109513021000000b,109513021000000b,,1,999,zstx,2023-12-04 06:40:08,guochengjie,2024-01-21 14:26:09,0,0
97,848,1096130220001004,109513020000000a,执行人,109513022000000c,109513022000000c,,1,999,zstx,2023-12-04 06:40:19,guochengjie,2024-01-21 14:26:09,1,0
98,849,1096130220002000,109513020000000a,参与者,109513022000000c,109513022000000c,,1,999,zstx,2023-12-04 06:40:27,system_user,2024-01-21 14:26:09,0,0
99,850,1096130220003009,109513020000000a,活动嘉宾,109513022000000c,109513022000000c,,1,999,zstx,2023-12-04 06:40:34,zstx,2024-01-21 14:26:09,0,0
100,851,1096130220004005,109513020000000a,活动赞助人,109513022000000c,109513022000000c,,1,999,zstx,2023-12-04 06:41:14,system_user,2024-01-21 14:26:09,0,0
101,852,1096130310001006,1095130300000000,上报事件,1095130310000001,1095130310000001,,1,999,zstx,2023-12-04 06:42:04,system_user,2024-01-21 14:26:09,0,0
102,853,1096130310002002,1095130300000000,移交事件,1095130310000001,1095130310000001,,1,999,zstx,2023-12-04 06:42:15,system_user,2024-01-21 14:26:09,0,0
103,854,109613031000300b,1095130300000000,下发事件,1095130310000001,1095130310000001,,1,999,zstx,2023-12-04 06:42:23,system_user,2024-01-21 14:26:09,0,0
104,855,1096130310004007,1095130300000000,办结事件,1095130310000001,1095130310000001,,1,999,zstx,2023-12-04 06:42:35,system_user,2024-01-21 14:26:09,0,0
105,856,1096130320001007,1095130300000000,经办人,1095130320000002,1095130320000002,,1,0,zstx,2023-12-04 06:42:45,guochengjie,2024-01-21 14:26:09,0,0
106,857,1096130320002003,1095130300000000,接办员,1095130320000002,1095130320000002,,1,1,zstx,2023-12-04 06:42:52,guochengjie,2024-01-21 14:26:09,0,0
107,858,109613032000300c,1095130300000000,审批人,1095130320000002,1095130320000002,,1,2,zstx,2023-12-04 06:42:59,guochengjie,2024-01-21 14:26:09,0,0
108,859,1096130410001009,1095130400000003,督办事件,1095130410000004,1095130410000004,,1,999,zstx,2023-12-04 06:43:44,system_user,2024-01-21 14:26:09,0,0
109,860,1096130410002005,1095130400000003,抽检事件,1095130410000004,1095130410000004,,1,999,zstx,2023-12-04 06:43:53,system_user,2024-01-21 14:26:09,0,0
110,861,1096130410003001,1095130400000003,监控事件,1095130410000004,1095130410000004,,1,999,zstx,2023-12-04 06:44:01,system_user,2024-01-21 14:26:09,0,0
111,862,109613042000100a,1095130400000003,督办人员,1095130420000005,1095130420000005,,1,999,zstx,2023-12-04 06:44:13,zstx,2024-01-21 14:26:09,0,0
112,863,1096130420002006,1095130400000003,监理人员,1095130420000005,1095130420000005,,1,999,zstx,2023-12-04 06:44:22,system_user,2024-01-21 14:26:09,0,0
113,867,1096140110001001,1095140100000008,设计作品,1095140110000009,1095140110000009,,1,999,zstx,2023-12-04 08:25:53,guochengjie,2024-01-21 14:26:09,0,0
114,872,1096140120001002,1095140100000008,设计师,109514012000000a,109514012000000a,,1,999,zstx,2023-12-04 08:27:04,system_user,2024-01-21 14:26:09,0,0
115,877,1096140210001004,109514020000000b,生产产品,109514021000000c,109514021000000c,,1,999,zstx,2023-12-04 08:29:37,system_user,2024-01-21 14:26:09,0,0
116,878,1096140210002000,109514020000000b,雕刻作品,109514021000000c,109514021000000c,,1,999,zstx,2023-12-04 08:29:46,system_user,2024-01-21 14:26:09,0,0
117,879,1096140210003009,109514020000000b,绘制作品,109514021000000c,109514021000000c,,1,999,zstx,2023-12-04 08:29:55,system_user,2024-01-21 14:26:09,0,0
118,880,1096140220001005,109514020000000b,制作人,1095140220000000,1095140220000000,,1,0,zstx,2023-12-04 08:30:08,guochengjie,2024-01-21 14:26:09,0,0
119,881,1096140220002001,109514020000000b,视频剪辑师,1095140220000000,1095140220000000,,1,1,zstx,2023-12-04 08:30:15,guochengjie,2024-01-21 14:26:09,0,0
120,882,109614022000300a,109514020000000b,绘画画家,1095140220000000,1095140220000000,,1,2,zstx,2023-12-04 08:30:25,guochengjie,2024-01-21 14:26:09,1,0
121,884,1096140310001007,1095140300000001,医用耗材,1095140310000002,1095140310000002,,1,999,zstx,2023-12-04 08:31:33,system_user,2024-01-21 14:26:09,0,0
122,885,1096140310002003,1095140300000001,燃料消耗,1095140310000002,1095140310000002,,1,999,zstx,2023-12-04 08:31:41,system_user,2024-01-21 14:26:09,0,0
123,886,109614031000300c,1095140300000001,日用品消耗,1095140310000002,1095140310000002,,1,999,zstx,2023-12-04 08:31:47,system_user,2024-01-21 14:26:09,0,0
124,887,1096140310004008,1095140300000001,办公用品消耗,1095140310000002,1095140310000002,,1,999,zstx,2023-12-04 08:31:56,system_user,2024-01-21 14:26:09,0,0
125,888,1096140320001008,1095140300000001,长期使用人,1095140320000003,1095140320000003,,1,999,zstx,2023-12-04 08:32:08,system_user,2024-01-21 14:26:09,0,0
126,889,1096140320002004,1095140300000001,临时使用人,1095140320000003,1095140320000003,,1,999,zstx,2023-12-04 08:32:15,system_user,2024-01-21 14:26:09,0,0
127,890,109614041000100a,1095140400000004,个人资产,1095140410000005,1095140410000005,,1,999,zstx,2023-12-04 08:33:00,system_user,2024-01-21 14:26:09,0,0
128,891,1096140410002006,1095140400000004,私有股份,1095140410000005,1095140410000005,,1,999,zstx,2023-12-04 08:33:08,system_user,2024-01-21 14:26:09,0,0
129,892,109614042000100b,1095140400000004,物品拥有人,1095140420000006,1095140420000006,,1,999,zstx,2023-12-04 08:33:18,system_user,2024-01-21 14:26:09,0,0
130,893,1096140420002007,1095140400000004,专利所有人,1095140420000006,1095140420000006,,1,999,zstx,2023-12-04 08:33:26,system_user,2024-01-21 14:26:09,0,0
131,894,1096140610001003,109514060000000a,被管理物品,109514061000000b,109514061000000b,,1,999,zstx,2023-12-04 08:36:10,system_user,2024-01-21 14:26:09,0,0
132,899,1096140620001004,109514060000000a,资产管理员,109514062000000c,109514062000000c,,1,999,zstx,2023-12-04 08:37:22,system_user,2024-01-21 14:26:09,0,0
133,900,1096140620002000,109514060000000a,库存管理员,109514062000000c,109514062000000c,,1,999,zstx,2023-12-04 08:37:29,system_user,2024-01-21 14:26:09,0,0
134,901,1096140620003009,109514060000000a,设备管理员,109514062000000c,109514062000000c,,1,999,zstx,2023-12-04 08:37:36,system_user,2024-01-21 14:26:09,0,0
135,902,1096140620004005,109514060000000a,档案管理员,109514062000000c,109514062000000c,,1,999,zstx,2023-12-04 08:37:42,system_user,2024-01-21 14:26:09,0,0
136,903,1096140710001006,1095140700000000,保养的车辆,1095140710000001,1095140710000001,,1,999,zstx,2023-12-04 08:38:49,system_user,2024-01-21 14:26:09,0,0
137,904,1096140710002002,1095140700000000,保养的设备,1095140710000001,1095140710000001,,1,999,zstx,2023-12-04 08:38:56,system_user,2024-01-21 14:26:09,0,0
138,905,109614071000300b,1095140700000000,维护的软件,1095140710000001,1095140710000001,,1,999,zstx,2023-12-04 08:39:04,guochengjie,2024-01-21 14:26:09,1,0
139,906,1096140720001007,1095140700000000,维修工,1095140720000002,1095140720000002,,1,999,zstx,2023-12-04 08:39:13,system_user,2024-01-21 14:26:09,0,0
140,907,1096140720002003,1095140700000000,清洁员,1095140720000002,1095140720000002,,1,999,zstx,2023-12-04 08:39:19,system_user,2024-01-21 14:26:09,0,0
141,908,1096140810001009,1095140800000003,购物意向考虑,1095140810000004,1095140810000004,,1,999,zstx,2023-12-04 08:40:07,qidekang,2024-01-21 14:26:09,1,0
142,909,1096140810002005,1095140800000003,被检测人员,1095140810000004,1095140810000004,,1,999,zstx,2023-12-04 08:40:14,system_user,2024-01-21 14:26:09,0,0
143,910,109614082000100a,1095140800000003,意向购买者,1095140820000005,1095140820000005,,1,999,zstx,2023-12-04 08:40:43,qidekang,2024-01-27 13:59:06,1,0
144,911,1096140820002006,1095140800000003,检测仪器,1095140820000005,1095140820000005,,1,999,zstx,2023-12-04 08:40:51,system_user,2024-01-21 14:26:09,0,0
145,912,1096150110001002,1095150100000009,创办的企业,109515011000000a,109515011000000a,,1,999,zstx,2023-12-04 08:43:02,guochengjie,2024-01-21 14:26:09,0,0
146,913,109615011000200b,1095150100000009,成立的协会,109515011000000a,109515011000000a,,1,999,zstx,2023-12-04 08:43:27,guochengjie,2024-01-21 14:26:09,0,0
147,914,1096150120001003,1095150100000009,创始人,109515012000000b,109515012000000b,,1,999,zstx,2023-12-04 08:43:55,system_user,2024-01-21 14:26:09,0,0
148,916,109615012000200c,1095150100000009,原始股东,109515012000000b,109515012000000b,,1,999,zstx,2023-12-04 08:44:10,system_user,2024-01-21 14:26:09,0,0
149,917,1096150210001005,109515020000000c,管理的组织,1095150210000000,1095150210000000,,1,999,zstx,2023-12-04 08:45:27,guochengjie,2024-01-21 14:26:09,0,0
150,918,1096150220001006,109515020000000c,组织法人,1095150220000001,1095150220000001,,1,0,zstx,2023-12-04 08:45:39,qidekang,2024-01-21 14:26:09,0,0
151,919,1096150220002002,109515020000000c,单位负责人,1095150220000001,1095150220000001,,1,1,zstx,2023-12-04 08:45:45,qidekang,2024-01-21 14:26:09,0,0
152,923,109615022000300b,109515020000000c,部门领导,1095150220000001,1095150220000001,,1,2,zstx,2023-12-04 08:47:06,qidekang,2024-01-21 14:26:09,1,0
153,925,1096150310001008,1095150300000002,工作单位,1095150310000003,1095150310000003,,1,0,zstx,2023-12-04 08:48:12,guochengjie,2024-01-21 14:26:09,0,0
154,926,1096150310002004,1095150300000002,隶属组织,1095150310000003,1095150310000003,,1,1,zstx,2023-12-04 08:48:18,guochengjie,2024-01-21 14:26:09,0,0
155,927,1096150320001009,1095150300000002,公司员工,1095150320000004,1095150320000004,,1,0,zstx,2023-12-04 08:48:27,qidekang,2024-01-21 14:26:09,0,0
156,928,1096150510001001,1095150500000008,兼职单位,1095150510000009,1095150510000009,,1,2,zstx,2023-12-04 08:50:20,qidekang,2024-01-21 14:26:09,0,0
157,929,109615051000200a,1095150500000008,借调单位,1095150510000009,1095150510000009,,1,1,zstx,2023-12-04 08:50:32,qidekang,2024-01-21 14:26:09,0,0
158,930,1096150520001002,1095150500000008,顾问,109515052000000a,109515052000000a,,1,2,zstx,2023-12-04 08:50:44,guochengjie,2024-01-21 14:26:09,0,0
159,931,109615052000200b,1095150500000008,服务志愿者,109515052000000a,109515052000000a,,1,0,zstx,2023-12-04 08:50:50,qidekang,2024-01-21 14:26:09,0,0
160,932,1096150520003007,1095150500000008,借调人员,109515052000000a,109515052000000a,,1,1,zstx,2023-12-04 08:50:56,qidekang,2024-01-21 14:26:09,0,0
161,933,1096220110001002,1095220100000009,所属线路,109522011000000a,109522011000000a,,1,999,zstx,2023-12-04 08:53:03,system_user,2024-01-21 14:26:09,0,0
162,934,109622011000200b,1095220100000009,所属区域,109522011000000a,109522011000000a,,1,999,zstx,2023-12-04 08:53:11,system_user,2024-01-21 14:26:09,0,0
163,935,1096220120001003,1095220100000009,内部地点,109522012000000b,109522012000000b,,1,999,zstx,2023-12-04 08:53:29,admin,2024-01-21 14:26:09,1,0
164,936,109622012000200c,1095220100000009,部分路段,109522012000000b,109522012000000b,,1,999,zstx,2023-12-04 08:53:39,admin,2024-01-21 14:26:09,1,0
165,937,1096220120003008,1095220100000009,内部区域,109522012000000b,109522012000000b,,1,999,zstx,2023-12-04 09:03:59,admin,2024-01-21 14:26:09,1,0
166,938,1096220120001013,1095220100000009,内部房间,109522012000000b,1096220120001003,,2,999,zstx,2023-12-04 09:04:08,admin,2024-01-21 14:26:09,1,0
167,939,1096220120001023,1095220100000009,公交线路站点,109522012000000b,1096220120001003,,2,999,zstx,2023-12-04 09:04:14,admin,2024-01-21 14:26:09,1,0
168,940,1096220120001033,1095220100000009,景区景点,109522012000000b,1096220120001003,,2,999,zstx,2023-12-04 09:04:20,admin,2024-01-21 14:26:09,1,0
169,942,109622012000201c,1095220100000009,辖区道路,109522012000000b,109622012000200c,,2,999,zstx,2023-12-04 09:05:07,admin,2024-01-21 14:26:09,1,0
170,943,1096220120003018,1095220100000009,下属辖区,109522012000000b,1096220120003008,,2,999,zstx,2023-12-04 09:05:18,admin,2024-01-21 14:26:09,1,0
171,944,109622041000100b,1095220400000005,被承载地点,1095220410000006,1095220410000006,,1,999,zstx,2023-12-04 09:07:55,admin,2024-01-21 14:26:09,1,0
172,945,109622041000101b,1095220400000005,自建房,1095220410000006,109622041000100b,,2,999,zstx,2023-12-04 09:08:49,admin,2024-01-21 14:26:09,1,0
173,946,109622042000100c,1095220400000005,承载区域,1095220420000007,1095220420000007,,1,999,zstx,2023-12-04 09:09:00,admin,2024-01-21 14:26:09,1,0
174,947,109622042000101c,1095220400000005,宅基地,1095220420000007,109622042000100c,,2,999,zstx,2023-12-04 09:09:07,admin,2024-01-21 14:26:09,1,0
175,948,1096230110001003,109523010000000a,发生的事件,109523011000000b,109523011000000b,,1,999,zstx,2023-12-04 09:11:06,system_user,2024-01-21 14:26:09,0,0
176,949,1096230120001004,109523010000000a,事件发生地,109523012000000c,109523012000000c,,1,999,zstx,2023-12-04 09:11:18,system_user,2024-01-21 14:26:09,0,0
177,950,1096230310001009,1095230300000003,被影响的地域,1095230310000004,1095230310000004,,1,999,zstx,2023-12-04 09:12:07,admin,2024-01-21 14:26:09,1,0
178,951,109623032000100a,1095230300000003,产生影响的事件,1095230320000005,1095230320000005,,1,999,zstx,2023-12-04 09:12:18,admin,2024-01-21 14:26:09,1,0
179,952,1096240210001007,1095240200000001,安装的设备,1095240210000002,1095240210000002,,1,999,admin,2023-12-04 09:31:34,admin,2024-01-21 14:26:09,0,0
180,953,1096240210002003,1095240200000001,摆放的物品,1095240210000002,1095240210000002,,1,999,admin,2023-12-04 09:31:50,system_user,2024-01-21 14:26:09,0,0
181,954,109624021000300c,1095240200000001,停留的车辆,1095240210000002,1095240210000002,,1,999,admin,2023-12-04 09:31:59,system_user,2024-01-21 14:26:09,0,0
182,955,1096240220001008,1095240200000001,安装位置,1095240220000003,1095240220000003,,1,999,admin,2023-12-04 09:33:23,system_user,2024-01-21 14:26:09,0,0
183,956,1096240220002004,1095240200000001,摆放位置,1095240220000003,1095240220000003,,1,999,admin,2023-12-04 09:33:30,system_user,2024-01-21 14:26:09,0,0
184,957,1096240220003000,1095240200000001,停留位置,1095240220000003,1095240220000003,,1,999,admin,2023-12-04 09:33:37,system_user,2024-01-21 14:26:09,0,0
185,958,109624031000100a,1095240300000004,加油的车辆,1095240310000005,1095240310000005,,1,999,admin,2023-12-04 09:35:53,admin,2024-01-21 14:26:09,1,0
186,959,1096240310002006,1095240300000004,维修的设备,1095240310000005,1095240310000005,,1,999,admin,2023-12-04 09:36:02,admin,2024-01-21 14:26:09,1,0
187,960,109624032000100b,1095240300000004,物资补给点,1095240320000006,1095240320000006,,1,999,admin,2023-12-04 09:36:22,admin,2024-01-21 14:26:09,1,0
188,961,1096240320002007,1095240300000004,物品维修站,1095240320000006,1095240320000006,,1,999,admin,2023-12-04 09:36:44,admin,2024-01-21 14:26:09,1,0
189,962,109624032000101b,1095240300000004,加油站,1095240320000006,109624032000100b,,2,999,admin,2023-12-04 09:36:58,admin,2024-01-21 14:26:09,1,0
190,963,109624032000102b,1095240300000004,充电站,1095240320000006,109624032000100b,,2,999,admin,2023-12-04 09:37:05,admin,2024-01-21 14:26:09,1,0
191,964,1096240320002017,1095240300000004,洗车店,1095240320000006,1096240320002007,,2,999,admin,2023-12-04 09:37:17,admin,2024-01-21 14:26:09,1,0
192,965,1096240320002027,1095240300000004,修车店,1095240320000006,1096240320002007,,2,999,admin,2023-12-04 09:37:41,admin,2024-01-21 14:26:09,1,0
193,966,1096330110001006,1095330100000000,父任务,1095330110000001,1095330110000001,,1,999,admin,2023-12-04 09:39:38,system_user,2024-01-21 14:26:09,0,0
194,967,1096330110002002,1095330100000000,父流程,1095330110000001,1095330110000001,,1,999,admin,2023-12-04 09:39:46,system_user,2024-01-21 14:26:09,0,0
195,968,1096330120001007,1095330100000000,子任务,1095330120000002,1095330120000002,,1,999,admin,2023-12-04 09:39:56,system_user,2024-01-21 14:26:09,0,0
196,969,1096330120002003,1095330100000000,子流程,1095330120000002,1095330120000002,,1,999,admin,2023-12-04 09:40:02,system_user,2024-01-21 14:26:09,0,0
197,970,1096340110001007,1095340100000001,记载的事件,1095340110000002,1095340110000002,,1,999,admin,2023-12-04 09:43:13,system_user,2024-01-21 14:26:09,0,0
198,971,1096340110002003,1095340100000001,发生的事件,1095340110000002,1095340110000002,,1,999,admin,2023-12-04 09:43:20,system_user,2024-01-21 14:26:09,0,0
199,972,1096340120001008,1095340100000001,工作留痕记录,1095340120000003,1095340120000003,,1,999,admin,2023-12-04 09:44:03,developuser,2024-01-21 14:26:09,1,0
200,973,1096340120002004,1095340100000001,事故记录单,1095340120000003,1095340120000003,,1,999,admin,2023-12-04 09:44:10,guochengjie,2024-01-21 14:26:09,1,0
201,974,109634021000100a,1095340200000004,辅助记录的事件,1095340210000005,1095340210000005,,1,999,admin,2023-12-04 09:44:53,system_user,2024-01-21 14:26:09,0,0
202,975,109634022000100b,1095340200000004,辅助设备,1095340220000006,1095340220000006,,1,999,admin,2023-12-04 09:45:12,admin,2024-01-21 14:26:09,1,0
203,976,109634022000101b,1095340200000004,辅助执法设备,1095340220000006,109634022000100b,,2,999,admin,2023-12-04 09:45:45,admin,2024-01-21 14:26:09,1,0
204,977,109634022000102b,1095340200000004,辅助诊疗设备,1095340220000006,109634022000100b,,2,999,admin,2023-12-04 09:46:04,admin,2024-01-21 14:26:09,1,0
205,978,109634022000103b,1095340200000004,辅助记录设备,1095340220000006,109634022000100b,,2,999,admin,2023-12-04 09:46:11,admin,2024-01-21 14:26:09,1,0
206,979,1096340310001000,1095340300000007,受损的物品,1095340310000008,1095340310000008,,1,999,admin,2023-12-04 09:47:53,system_user,2024-01-21 14:26:09,0,0
207,980,1096340310002009,1095340300000007,波及的物品,1095340310000008,1095340310000008,,1,999,admin,2023-12-04 09:48:02,system_user,2024-01-21 14:26:09,0,0
208,981,1096340320001001,1095340300000007,产生影响的事件,1095340320000009,1095340320000009,,1,999,admin,2023-12-04 09:48:21,admin,2024-01-21 14:26:09,1,0
209,982,109644011000100a,1095440100000004,整体,1095440110000005,1095440110000005,,1,999,admin,2023-12-04 09:49:39,admin,2024-01-21 14:26:09,1,0
210,983,109644011000101a,1095440100000004,汽车,1095440110000005,109644011000100a,,2,999,admin,2023-12-04 09:49:49,admin,2024-01-21 14:26:09,1,0
211,984,109644011000102a,1095440100000004,电脑,1095440110000005,109644011000100a,,2,999,admin,2023-12-04 09:49:55,admin,2024-01-21 14:26:09,1,0
212,985,109644012000100b,1095440100000004,组件,1095440120000006,1095440120000006,,1,999,admin,2023-12-04 09:50:03,admin,2024-01-21 14:26:09,1,0
213,986,109644012000101b,1095440100000004,汽车发动机,1095440120000006,109644012000100b,,2,999,admin,2023-12-04 09:50:15,admin,2024-01-21 14:26:09,1,0
214,987,109644012000102b,1095440100000004,电脑屏幕,1095440120000006,109644012000100b,,2,999,admin,2023-12-04 09:50:22,admin,2024-01-21 14:26:09,1,0
215,988,1096440410001006,1095440400000000,收纳的物件,1095440410000001,1095440410000001,,1,999,admin,2023-12-04 09:52:12,system_user,2024-01-21 14:26:09,0,0
216,989,1096440420001007,1095440400000000,包裹的容器,1095440420000002,1095440420000002,,1,999,admin,2023-12-04 09:52:24,system_user,2024-01-21 14:26:09,0,0
217,990,1096440510001009,1095440500000003,探测到的物品,1095440510000004,1095440510000004,,1,999,admin,2023-12-04 09:53:46,system_user,2024-01-21 14:26:09,0,0
218,991,109644052000100a,1095440500000003,探测设备,1095440520000005,1095440520000005,,1,999,admin,2023-12-04 09:53:59,system_user,2024-01-21 14:26:09,0,0
219,994,109652011000100b,1095520100000005,办公地点,1095520110000006,1095520110000006,,1,999,admin,2023-12-04 09:56:09,system_user,2024-01-21 14:26:09,0,0
220,995,1096520110002007,1095520100000005,注册地点,1095520110000006,1095520110000006,,1,999,admin,2023-12-04 09:56:14,system_user,2024-01-21 14:26:09,0,0
221,996,109652012000100c,1095520100000005,办公的组织,1095520120000007,1095520120000007,,1,999,admin,2023-12-04 09:56:27,system_user,2024-01-21 14:26:09,0,0
222,997,1096520120002008,1095520100000005,注册的组织,1095520120000007,1095520120000007,,1,999,admin,2023-12-04 09:56:36,system_user,2024-01-21 14:26:09,0,0
223,998,1096520210001001,1095520200000008,建设地点,1095520210000009,1095520210000009,,1,999,admin,2023-12-04 09:57:12,system_user,2024-01-21 14:26:09,0,0
224,999,109652021000200a,1095520200000008,施工地点,1095520210000009,1095520210000009,,1,999,admin,2023-12-04 09:57:18,system_user,2024-01-21 14:26:09,0,0
225,1000,1096520220001002,1095520200000008,建设单位,109552022000000a,109552022000000a,,1,999,admin,2023-12-04 09:57:28,developuser,2024-01-21 14:26:09,1,0
226,1001,109652022000200b,1095520200000008,施工单位,109552022000000a,109552022000000a,,1,999,admin,2023-12-04 09:57:36,system_user,2024-01-21 14:26:09,0,0
227,1002,109652051000100a,1095520500000004,管辖地点,1095520510000005,1095520510000005,,1,999,admin,2023-12-04 09:59:10,developuser,2024-01-21 14:26:09,1,0
228,1003,109652052000100b,1095520500000004,管理组织,1095520520000006,1095520520000006,,1,1,admin,2023-12-04 09:59:21,baishumeng,2024-01-21 14:26:09,1,0
229,1004,1096520610001000,1095520600000007,修缮楼宇,1095520610000008,1095520610000008,,1,999,admin,2023-12-04 10:00:00,guochengjie,2024-01-21 14:26:09,1,0
230,1005,1096520610002009,1095520600000007,消杀地点,1095520610000008,1095520610000008,,1,999,admin,2023-12-04 10:00:08,system_user,2024-01-21 14:26:09,0,0
231,1006,1096520610003005,1095520600000007,安保场馆,1095520610000008,1095520610000008,,1,999,admin,2023-12-04 10:00:14,guochengjie,2024-01-21 14:26:09,1,0
232,1007,1096520620001001,1095520600000007,修缮单位,1095520620000009,1095520620000009,,1,999,admin,2023-12-04 10:00:36,system_user,2024-01-21 14:26:09,0,0
233,1008,109652062000200a,1095520600000007,安保单位,1095520620000009,1095520620000009,,1,999,admin,2023-12-04 10:00:45,system_user,2024-01-21 14:26:09,0,0
234,1011,109653011000100c,1095530100000006,执行事件,1095530110000007,1095530110000007,,1,999,admin,2023-12-04 10:02:09,developuser,2024-01-21 14:26:09,1,0
235,1013,1096530110002008,1095530100000006,承办事项,1095530110000007,1095530110000007,,1,999,admin,2023-12-04 10:02:23,guochengjie,2024-01-21 14:26:09,0,0
236,1014,1096530110003004,1095530100000006,协办事项,1095530110000007,1095530110000007,,1,999,admin,2023-12-04 10:02:29,guochengjie,2024-01-21 14:26:09,0,0
237,1015,1096530110004000,1095530100000006,赞助活动,1095530110000007,1095530110000007,,1,999,admin,2023-12-04 10:02:36,guochengjie,2024-01-21 14:26:09,0,0
238,1018,1096530120001000,1095530100000006,执行单位,1095530120000008,1095530120000008,,1,999,admin,2023-12-04 10:03:07,developuser,2024-01-21 14:26:09,1,0
239,1020,1096530120002009,1095530100000006,承办单位,1095530120000008,1095530120000008,,1,999,admin,2023-12-04 10:03:20,developuser,2024-01-21 14:26:09,1,0
240,1021,1096530120003005,1095530100000006,协办单位,1095530120000008,1095530120000008,,1,999,admin,2023-12-04 10:03:26,developuser,2024-01-21 14:26:09,1,0
241,1022,1096530120004001,1095530100000006,赞助单位,1095530120000008,1095530120000008,,1,999,admin,2023-12-04 10:03:33,system_user,2024-01-21 14:26:09,0,0
242,1023,1096530310001005,109553030000000c,上报事件,1095530310000000,1095530310000000,,1,999,admin,2023-12-04 10:05:01,system_user,2024-01-21 14:26:09,0,0
243,1024,1096530310002001,109553030000000c,移交事件,1095530310000000,1095530310000000,,1,999,admin,2023-12-04 10:05:09,system_user,2024-01-21 14:26:09,0,0
244,1025,109653031000300a,109553030000000c,下发事件,1095530310000000,1095530310000000,,1,999,admin,2023-12-04 10:05:16,system_user,2024-01-21 14:26:09,0,0
245,1026,1096530310004006,109553030000000c,办结事件,1095530310000000,1095530310000000,,1,999,admin,2023-12-04 10:05:23,system_user,2024-01-21 14:26:09,0,0
246,1027,1096530320001006,109553030000000c,上报组织,1095530320000001,1095530320000001,,1,999,admin,2023-12-04 10:05:38,system_user,2024-01-21 14:26:09,0,0
247,1031,1096530320002002,109553030000000c,移交组织,1095530320000001,1095530320000001,,1,999,admin,2023-12-04 10:06:36,system_user,2024-01-21 14:26:09,0,0
248,1032,109653032000300b,109553030000000c,下发组织,1095530320000001,1095530320000001,,1,999,admin,2023-12-04 10:06:41,system_user,2024-01-21 14:26:09,0,0
249,1033,1096530320004007,109553030000000c,审批组织,1095530320000001,1095530320000001,,1,999,admin,2023-12-04 10:06:48,system_user,2024-01-21 14:26:09,0,0
250,1034,1096530320005003,109553030000000c,办结组织,1095530320000001,1095530320000001,,1,999,admin,2023-12-04 10:06:53,system_user,2024-01-21 14:26:09,0,0
251,1035,1096530410001008,1095530400000002,督办事件,1095530410000003,1095530410000003,,1,999,admin,2023-12-04 10:07:45,system_user,2024-01-21 14:26:09,0,0
252,1036,1096530410002004,1095530400000002,监管事件,1095530410000003,1095530410000003,,1,999,admin,2023-12-04 10:07:53,guochengjie,2024-01-21 14:26:09,0,0
253,1037,1096530410003000,1095530400000002,抽检事件,1095530410000003,1095530410000003,,1,999,admin,2023-12-04 10:07:59,system_user,2024-01-21 14:26:09,0,0
254,1038,1096530420001009,1095530400000002,监管组织,1095530420000004,1095530420000004,,1,999,admin,2023-12-04 10:08:15,system_user,2024-01-21 14:26:09,0,0
255,1039,1096530420002005,1095530400000002,督办组织,1095530420000004,1095530420000004,,1,999,admin,2023-12-04 10:08:25,system_user,2024-01-21 14:26:09,0,0
256,1040,1096540110001000,1095540100000007,产出物,1095540110000008,1095540110000008,,1,999,admin,2023-12-04 10:10:50,system_user,2024-01-21 14:26:09,0,0
257,1041,1096540120001001,1095540100000007,生产厂商,1095540120000009,1095540120000009,,1,999,admin,2023-12-04 10:10:58,system_user,2024-01-21 14:26:09,0,0
258,1042,1096540210001003,109554020000000a,国有资产,109554021000000b,109554021000000b,,1,999,admin,2023-12-04 10:11:27,system_user,2024-01-21 14:26:09,0,0
259,1043,109654021000200c,109554020000000a,集体资产,109554021000000b,109554021000000b,,1,999,admin,2023-12-04 10:11:33,system_user,2024-01-21 14:26:09,0,0
260,1044,1096540210003008,109554020000000a,公司资产,109554021000000b,109554021000000b,,1,999,admin,2023-12-04 10:11:40,system_user,2024-01-21 14:26:09,0,0
261,1045,1096540220001004,109554020000000a,所属组织,109554022000000c,109554022000000c,,1,999,admin,2023-12-04 10:11:51,system_user,2024-01-21 14:26:09,0,0
262,1046,1096540410001009,1095540400000003,管理资产,1095540410000004,1095540410000004,,1,999,admin,2023-12-04 10:12:53,system_user,2024-01-21 14:26:09,0,0
263,1047,1096540410002005,1095540400000003,管理设备,1095540410000004,1095540410000004,,1,999,admin,2023-12-04 10:13:02,system_user,2024-01-21 14:26:09,0,0
264,1048,1096540410003001,1095540400000003,管理档案,1095540410000004,1095540410000004,,1,999,admin,2023-12-04 10:13:09,system_user,2024-01-21 14:26:09,0,0
265,1049,109654042000100a,1095540400000003,资产管理部门,1095540420000005,1095540420000005,,1,999,admin,2023-12-04 10:13:20,admin,2024-01-21 14:26:09,0,0
266,1051,1096540420002006,1095540400000003,档案管理单位,1095540420000005,1095540420000005,,1,999,admin,2023-12-04 10:14:03,admin,2024-01-21 14:26:09,0,0
267,1052,109654051000100c,1095540500000006,保养设备,1095540510000007,1095540510000007,,1,999,admin,2023-12-04 10:16:57,developuser,2024-01-21 14:26:09,1,0
268,1053,1096540510002008,1095540500000006,维护软件,1095540510000007,1095540510000007,,1,999,admin,2023-12-04 10:17:04,admin,2024-01-21 14:26:09,0,0
269,1054,1096540520001000,1095540500000006,维修厂,1095540520000008,1095540520000008,,1,999,admin,2023-12-04 10:17:16,developuser,2024-01-21 14:26:09,1,0
270,1055,1096540520002009,1095540500000006,运维公司,1095540520000008,1095540520000008,,1,999,admin,2023-12-04 10:17:25,system_user,2024-01-21 14:26:09,0,0
271,1056,1096540610001002,1095540600000009,设计稿,109554061000000a,109554061000000a,,1,999,admin,2023-12-04 10:18:45,system_user,2024-01-21 14:26:09,0,0
272,1058,1096540620001003,1095540600000009,设计团队,109554062000000b,109554062000000b,,1,999,admin,2023-12-04 10:19:06,system_user,2024-01-21 14:26:09,0,0
273,1059,109654062000200c,1095540600000009,设计单位,109554062000000b,109554062000000b,,1,999,admin,2023-12-04 10:19:44,guochengjie,2024-01-21 14:26:09,0,0
274,1060,1096540710001005,109554070000000c,医用耗材,1095540710000000,1095540710000000,,1,999,admin,2023-12-04 10:20:01,system_user,2024-01-21 14:26:09,0,0
275,1061,1096540710002001,109554070000000c,燃料消耗,1095540710000000,1095540710000000,,1,999,admin,2023-12-04 10:20:10,system_user,2024-01-21 14:26:09,0,0
276,1062,109654071000300a,109554070000000c,日用品消耗,1095540710000000,1095540710000000,,1,999,admin,2023-12-04 10:20:17,system_user,2024-01-21 14:26:09,0,0
277,1063,1096540710004006,109554070000000c,办公用品消耗,1095540710000000,1095540710000000,,1,999,admin,2023-12-04 10:20:23,system_user,2024-01-21 14:26:09,0,0
278,1064,1096540710005002,109554070000000c,食材消耗,1095540710000000,1095540710000000,,1,999,admin,2023-12-04 10:20:32,system_user,2024-01-21 14:26:09,0,0
279,1065,1096540720001006,109554070000000c,长期使用组织,1095540720000001,1095540720000001,,1,999,admin,2023-12-04 10:20:43,system_user,2024-01-21 14:26:09,0,0
280,1066,1096540720002002,109554070000000c,临时征用组织,1095540720000001,1095540720000001,,1,999,admin,2023-12-04 10:20:50,system_user,2024-01-21 14:26:09,0,0
281,1067,1096550110001001,1095550100000008,上级组织,1095550110000009,1095550110000009,,1,999,admin,2023-12-04 10:21:55,guochengjie,2024-01-21 14:26:09,1,0
282,1069,109655011000200a,1095550100000008,母公司,1095550110000009,1095550110000009,,1,999,admin,2023-12-04 10:22:10,guochengjie,2024-01-21 14:26:09,1,0
283,1071,1096550110003006,1095550100000008,主管部门,1095550110000009,1095550110000009,,1,999,admin,2023-12-04 10:22:26,guochengjie,2024-01-21 14:26:09,1,0
284,1072,1096550110004002,1095550100000008,管理机构,1095550110000009,1095550110000009,,1,999,admin,2023-12-04 10:22:35,guochengjie,2024-01-21 14:26:09,1,0
285,1073,109655011000500b,1095550100000008,控股公司,1095550110000009,1095550110000009,,1,999,admin,2023-12-04 10:22:41,guochengjie,2024-01-21 14:26:09,1,0
286,1074,1096550120001002,1095550100000008,下属部门,109555012000000a,109555012000000a,,1,999,admin,2023-12-04 10:22:54,guochengjie,2024-01-21 14:26:09,1,0
287,1075,109655012000200b,1095550100000008,子公司,109555012000000a,109555012000000a,,1,999,admin,2023-12-04 10:23:04,guochengjie,2024-01-21 14:26:09,1,0
288,1076,1096550120003007,1095550100000008,直属单位,109555012000000a,109555012000000a,,1,999,admin,2023-12-04 10:24:04,guochengjie,2024-01-21 14:26:09,1,0
289,1077,1096550120004003,1095550100000008,分支机构,109555012000000a,109555012000000a,,1,999,admin,2023-12-04 10:24:13,guochengjie,2024-01-21 14:26:09,1,0
290,1078,109655012000500c,1095550100000008,内设部门,109555012000000a,109555012000000a,,1,999,admin,2023-12-04 10:24:19,guochengjie,2024-01-21 14:26:09,1,0
291,1079,1096550310001007,1095550300000001,被考核部门,1095550310000002,1095550310000002,,1,999,admin,2023-12-04 10:25:40,qidekang,2024-01-21 14:26:09,0,0
292,1080,1096550320001008,1095550300000001,指导机构,1095550320000003,1095550320000003,,1,999,admin,2023-12-04 10:26:04,developuser,2024-01-21 14:26:09,1,0
293,1081,1096550320001018,1095550300000001,统筹部门,1095550320000003,1096550320001008,,2,999,admin,2023-12-04 10:26:16,developuser,2024-01-21 14:26:09,1,0
294,1082,1096550320001028,1095550300000001,巡视调研部门,1095550320000003,1096550320001008,,2,999,admin,2023-12-04 10:26:24,developuser,2024-01-21 14:26:09,1,0
295,1083,1096550320002004,1095550300000001,咨询公司,1095550320000003,1095550320000003,,1,999,admin,2023-12-04 10:26:40,system_user,2024-01-21 14:26:09,0,0
296,1084,1096550320003000,1095550300000001,顾问公司,1095550320000003,1095550320000003,,1,999,admin,2023-12-04 10:26:47,system_user,2024-01-21 14:26:09,0,0
297,1090,1096110630001012,1095110600000007,父母,109511063000000a,1096110630001002,,2,999,zstx,2023-12-05 14:27:29,system_user,2024-04-29 08:30:00,1,0
298,1091,1096110630001022,1095110600000007,子女,109511063000000a,1096110630001002,,2,999,zstx,2023-12-05 14:30:46,system_user,2024-04-29 08:30:00,1,0
299,1092,1096110630001032,1095110600000007,兄弟姐妹,109511063000000a,1096110630001002,,2,999,zstx,2023-12-05 14:30:56,system_user,2024-04-29 08:30:00,1,0
300,1093,1096110630001042,1095110600000007,祖父母,109511063000000a,1096110630001002,,2,999,zstx,2023-12-05 14:31:05,system_user,2024-04-29 08:30:00,1,0
301,1094,1096110630001052,1095110600000007,外祖父母,109511063000000a,1096110630001002,,2,999,zstx,2023-12-05 14:31:14,system_user,2024-04-29 08:30:00,1,0
302,1095,1096110630001062,1095110600000007,孙子孙女,109511063000000a,1096110630001002,,2,999,zstx,2023-12-05 14:31:23,system_user,2024-04-29 08:30:00,1,0
303,1096,1096110630001072,1095110600000007,外孙外孙女,109511063000000a,1096110630001002,,2,999,zstx,2023-12-05 14:31:35,system_user,2024-04-29 08:30:00,1,0
304,1097,109611063000201b,1095110600000007,叔叔姑姑,109511063000000a,109611063000200b,,2,999,zstx,2023-12-05 14:31:45,system_user,2024-04-29 08:30:00,1,0
305,1098,109611063000202b,1095110600000007,侄子侄女,109511063000000a,109611063000200b,,2,999,zstx,2023-12-05 14:31:52,system_user,2024-04-29 08:30:00,1,0
306,1099,109611063000203b,1095110600000007,舅舅阿姨,109511063000000a,109611063000200b,,2,999,zstx,2023-12-05 14:32:00,system_user,2024-04-29 08:30:00,1,0
307,1100,109611063000204b,1095110600000007,外甥外甥女,109511063000000a,109611063000200b,,2,999,zstx,2023-12-05 14:32:11,system_user,2024-04-29 08:30:00,1,0
308,1101,109611063000205b,1095110600000007,堂兄弟姐妹,109511063000000a,109611063000200b,,2,999,zstx,2023-12-05 14:32:21,system_user,2024-04-29 08:30:00,1,0
309,1102,109611063000206b,1095110600000007,表兄弟姐妹,109511063000000a,109611063000200b,,2,999,zstx,2023-12-05 14:32:29,system_user,2024-04-29 08:30:00,1,0
310,1103,1096110110003003,1095110100000005,乘客,1095110110000006,1095110110000006,,1,999,zstx,2023-12-06 10:29:10,system_user,2024-01-21 14:26:09,0,0
311,1104,1096140320003000,1095140300000001,乘客,1095140320000003,1095140320000003,,1,999,zstx,2023-12-06 10:30:00,system_user,2024-01-21 14:26:09,0,0
312,1105,1096140320004009,1095140300000001,驾驶员,1095140320000003,1095140320000003,,1,999,zstx,2023-12-06 10:30:09,system_user,2024-01-21 14:26:09,0,0
313,1106,1096110120004000,1095110100000005,服务人员,1095110120000007,1095110120000007,,1,3,zstx,2023-12-06 10:31:29,baishumeng,2024-01-21 14:26:09,0,0
314,1107,1096110310001004,109511030000000b,下属员工,109511031000000c,109511031000000c,,1,999,zstx,2023-12-06 10:32:31,system_user,2024-01-21 14:26:09,0,0
315,1108,1096110320001005,109511030000000b,上级领导,1095110320000000,1095110320000000,,1,999,zstx,2023-12-06 10:33:02,system_user,2024-01-21 14:26:09,0,0
316,1109,109612051000100b,1095120500000005,自有房屋,1095120510000006,1095120510000006,,1,999,zstx,2023-12-06 10:45:08,system_user,2024-01-21 14:26:09,0,0
317,1110,1096120510002007,1095120500000005,宅基地,1095120510000006,1095120510000006,,1,999,zstx,2023-12-06 10:45:16,system_user,2024-01-21 14:26:09,0,0
318,1111,109612052000100c,1095120500000005,房屋业主,1095120520000007,1095120520000007,,1,999,zstx,2023-12-06 10:45:38,system_user,2024-01-21 14:26:09,0,0
319,1112,1096120820002004,1095120800000001,保安,1095120820000003,1095120820000003,,1,999,zstx,2023-12-07 07:28:06,system_user,2024-01-21 14:26:09,0,0
320,1113,1096120820003000,1095120800000001,保洁,1095120820000003,1095120820000003,,1,999,zstx,2023-12-07 07:28:14,system_user,2024-01-21 14:26:09,0,0
321,1114,1096140310005004,1095140300000001,喝酒,1095140310000002,1095140310000002,,1,999,admin,2023-12-14 06:55:55,system_user,2024-01-21 14:26:09,0,0
322,1115,1096140310006000,1095140300000001,吸烟,1095140310000002,1095140310000002,,1,999,admin,2023-12-14 06:56:10,system_user,2024-01-21 14:26:09,0,0
323,1116,109614061000200c,109514060000000a,管理的资产,109514061000000b,109514061000000b,,1,999,admin,2023-12-14 06:57:39,guochengjie,2024-01-21 14:26:09,0,0
324,1117,1096140610003008,109514060000000a,管理的库存,109514061000000b,109514061000000b,,1,999,admin,2023-12-14 06:57:49,guochengjie,2024-01-21 14:26:09,0,0
325,1118,1096140610004004,109514060000000a,管理的设备,109514061000000b,109514061000000b,,1,999,admin,2023-12-14 06:58:00,guochengjie,2024-01-21 14:26:09,0,0
326,1119,1096140610005000,109514060000000a,管理的文件,109514061000000b,109514061000000b,,1,999,admin,2023-12-14 06:58:11,guochengjie,2024-01-21 14:26:09,0,0
327,1120,109615042000100c,1095150400000005,荣誉授予单位,1095150420000007,1095150420000007,,1,999,admin,2023-12-14 07:00:16,admin,2024-01-21 14:26:09,0,0
328,1121,1096240320003003,1095240300000004,收费站,1095240320000006,1095240320000006,,1,999,admin,2023-12-14 07:03:56,admin,2024-01-21 14:26:09,1,0
329,1123,109653051000100b,1095530500000005,发起活动,1095530510000006,1095530510000006,,1,999,admin,2023-12-14 07:09:29,system_user,2024-01-21 14:26:09,0,0
330,1124,1096530510002007,1095530500000005,筹办赛事,1095530510000006,1095530510000006,,1,999,admin,2023-12-14 07:09:39,admin,2024-01-21 14:26:09,0,0
331,1125,1096530510003003,1095530500000005,主办事件,1095530510000006,1095530510000006,,1,999,admin,2023-12-14 07:10:22,system_user,2024-01-21 14:26:09,0,0
332,1126,109653051000400c,1095530500000005,牵头事件,1095530510000006,1095530510000006,,1,999,admin,2023-12-14 07:10:35,system_user,2024-01-21 14:26:09,0,0
333,1127,109653052000100c,1095530500000005,牵头单位,1095530520000007,1095530520000007,,1,999,admin,2023-12-14 07:11:22,system_user,2024-01-21 14:26:09,0,0
334,1128,1096530520002008,1095530500000005,主办组织,1095530520000007,1095530520000007,,1,999,admin,2023-12-14 07:11:31,admin,2024-01-21 14:26:09,0,0
335,1129,1096530520003004,1095530500000005,发起单位,1095530520000007,1095530520000007,,1,999,admin,2023-12-14 07:11:44,system_user,2024-01-21 14:26:09,0,0
336,1130,1096550310002003,1095550300000001,接待部门,1095550310000002,1095550310000002,,1,999,admin,2023-12-14 07:13:35,system_user,2024-01-21 14:26:09,0,0
337,1131,1096240110001004,109524010000000b,四周的地方,109524011000000c,109524011000000c,上下左右前后,1,999,admin,2023-12-14 09:37:48,guochengjie,2024-01-21 14:26:09,1,0
338,1132,1096240110002000,109524010000000b,四方的地方,109524011000000c,109524011000000c,东南西北，用方位描述,1,999,admin,2023-12-14 09:38:01,guochengjie,2024-01-21 14:26:09,1,0
339,1133,1096240110003009,109524010000000b,紧邻的地方,109524011000000c,109524011000000c,,1,999,admin,2023-12-14 09:38:49,guochengjie,2024-01-21 14:26:09,1,0
340,1134,1096240110004005,109524010000000b,远处的地方,109524011000000c,109524011000000c,,1,999,admin,2023-12-14 09:39:00,guochengjie,2024-01-21 14:26:09,1,0
341,1135,1096240120001005,109524010000000b,四周的物品,1095240120000000,1095240120000000,上下左右前后,1,999,admin,2023-12-14 09:39:39,guochengjie,2024-01-21 14:26:09,1,0
342,1136,1096240120002001,109524010000000b,四方的物品,1095240120000000,1095240120000000,东南西北，用方位描述,1,999,admin,2023-12-14 09:39:51,guochengjie,2024-01-21 14:26:09,1,0
343,1137,109624012000300a,109524010000000b,紧邻的物品,1095240120000000,1095240120000000,,1,999,admin,2023-12-14 09:40:00,guochengjie,2024-01-21 14:26:09,1,0
344,1138,1096240120004006,109524010000000b,远处的物品,1095240120000000,1095240120000000,,1,999,admin,2023-12-14 09:40:07,guochengjie,2024-01-21 14:26:09,1,0
345,1139,109622033000100a,1095220300000002,四周的地点,1095220330000005,1095220330000005,上下左右,1,999,admin,2023-12-14 09:41:10,guochengjie,2024-01-21 14:26:09,0,0
346,1140,1096220330002006,1095220300000002,四方的地点,1095220330000005,1095220330000005,东南西北,1,999,admin,2023-12-14 09:41:20,guochengjie,2024-01-21 14:26:09,0,0
347,1141,1096440330001005,109544030000000a,四周的物品,1095440330000000,1095440330000000,,1,999,admin,2023-12-14 09:42:28,guochengjie,2024-01-21 14:26:09,0,0
348,1142,1096440330002001,109544030000000a,四方的物品,1095440330000000,1095440330000000,,1,999,admin,2023-12-14 09:42:40,guochengjie,2024-01-21 14:26:09,0,0
349,1143,109644033000300a,109544030000000a,邻近的物品,1095440330000000,1095440330000000,,1,999,admin,2023-12-14 09:42:51,system_user,2024-01-21 14:26:09,0,0
350,1144,1096440330004006,109544030000000a,远处的物品,1095440330000000,1095440330000000,,1,999,admin,2023-12-14 09:43:07,system_user,2024-01-21 14:26:09,0,0
351,1156,1096110310002000,109511030000000b,被执行人员,109511031000000c,109511031000000c,,1,999,admin,2024-01-15 15:26:38,system_user,2025-02-20 17:41:14,0,0
352,1157,1096110320002001,109511030000000b,执法人员,1095110320000000,1095110320000000,,1,999,admin,2024-01-15 15:26:55,system_user,2024-06-25 14:33:04,0,0
353,1159,109611093000100b,1095110900000003,预约拜访,1095110930000006,1095110930000006,,1,999,admin,2024-01-16 18:35:33,system_user,2024-06-25 14:33:04,1,0
354,1160,1096120810001007,1095120800000001,选购房屋,1095120810000002,1095120810000002,,1,999,admin,2024-01-16 18:35:58,guochengjie,2024-06-25 14:33:04,1,0
355,1161,1096120820001008,1095120800000001,意向购买者,1095120820000003,1095120820000003,,1,999,admin,2024-01-16 18:38:58,admin,2024-06-25 14:33:04,1,0
356,1162,1096130710001005,109513070000000c,意向参与活动,1095130710000000,1095130710000000,,1,999,admin,2024-01-16 18:40:09,system_user,2024-06-25 14:33:04,1,0
357,1163,1096130720001006,109513070000000c,意向参与人员,1095130720000001,1095130720000001,,1,999,admin,2024-01-16 18:40:20,system_user,2024-06-25 14:33:04,1,0
358,1166,1096150610001004,109515060000000b,求职单位,109515061000000c,109515061000000c,,1,999,admin,2024-01-16 18:43:56,admin,2024-06-25 14:33:04,1,0
359,1167,1096150620001005,109515060000000b,求职人员,1095150620000000,1095150620000000,,1,999,admin,2024-01-16 18:44:07,system_user,2024-06-25 14:33:04,1,0
360,1179,109612091000100a,1095120900000004,选购房屋,1095120910000005,1095120910000005,,1,999,admin,2024-01-18 17:18:29,system_user,2024-06-25 14:33:04,1,0
361,1180,109612092000100b,1095120900000004,意向购买者,1095120920000006,1095120920000006,,1,999,admin,2024-01-18 17:18:41,system_user,2024-06-25 14:33:04,1,0
362,1181,109614091000100c,1095140900000006,选购商品,1095140910000007,1095140910000007,,1,999,admin,2024-01-18 17:19:55,system_user,2024-06-25 14:33:04,1,0
363,1182,1096140920001000,1095140900000006,意向购买者,1095140920000008,1095140920000008,,1,999,admin,2024-01-18 17:20:10,system_user,2024-06-25 14:33:04,1,0
364,1539,1096120110006005,1095120100000006,租住地址,1095120110000007,1095120110000007,,1,3,admin,2024-04-15 11:51:27,qidekang,2024-06-25 14:33:04,0,0
365,1541,1096120110007001,1095120100000006,户籍地址,1095120110000007,1095120110000007,,1,4,admin,2024-04-15 16:25:16,qidekang,2024-06-25 14:33:04,0,0
366,1542,109612011000800a,1095120100000006,出生地址,1095120110000007,1095120110000007,,1,5,admin,2024-04-15 16:25:30,qidekang,2024-06-25 14:33:04,0,0
367,1543,1096120110009006,1095120100000006,通讯地址,1095120110000007,1095120110000007,,1,6,admin,2024-04-15 16:25:45,qidekang,2024-06-25 14:33:04,0,0
368,1544,109612011000a002,1095120100000006,借住地址,1095120110000007,1095120110000007,,1,7,admin,2024-04-15 16:25:56,qidekang,2024-06-25 14:33:04,0,0
369,1545,1096110110006004,1095110100000005,社区工作者,1095110110000006,1095110110000006,,1,999,admin,2024-04-15 16:32:18,qidekang,2024-06-25 14:33:04,1,0
370,1546,1096110110007000,1095110100000005,接送人员,1095110110000006,1095110110000006,,1,999,admin,2024-04-15 16:32:37,qidekang,2024-06-25 14:33:04,1,0
371,1547,109613041000400a,1095130400000003,重点人员排查,1095130410000004,1095130410000004,,1,999,admin,2024-04-15 16:33:06,admin,2024-06-25 14:33:04,1,0
372,1548,1096130110003005,1095130100000007,建言献策,1095130110000008,1095130110000008,,1,999,admin,2024-04-15 16:33:33,system_user,2024-06-25 14:33:04,0,0
373,1549,1096150310003000,1095150300000002,就读院校,1095150310000003,1095150310000003,,1,999,admin,2024-04-15 16:39:27,qidekang,2024-06-25 14:33:04,1,0
374,1550,1096150310004009,1095150300000002,档案所在单位,1095150310000003,1095150310000003,,1,2,admin,2024-04-15 16:39:38,guochengjie,2024-06-25 14:33:04,0,0
375,1551,1096150310005005,1095150300000002,档案挂靠单位,1095150310000003,1095150310000003,,1,999,admin,2024-04-15 16:40:00,admin,2024-06-25 14:33:04,1,0
376,1552,1096150310006001,1095150300000002,组织关系单位,1095150310000003,1095150310000003,,1,3,admin,2024-04-15 16:40:11,guochengjie,2024-06-25 14:33:04,0,0
377,1553,1096150220004007,109515020000000c,财务负责人,1095150220000001,1095150220000001,,1,3,admin,2024-04-15 16:40:44,qidekang,2024-06-25 14:33:04,0,0
378,1554,1096150220005003,109515020000000c,单位联系人,1095150220000001,1095150220000001,,1,4,admin,2024-04-15 16:40:54,qidekang,2024-06-25 14:33:04,0,0
379,1555,1096150420002008,1095150400000005,学位授予单位,1095150420000007,1095150420000007,,1,999,admin,2024-04-15 16:41:16,system_user,2024-06-25 14:33:04,0,0
380,1556,1096150420003004,1095150400000005,奖励授予单位,1095150420000007,1095150420000007,,1,999,admin,2024-04-15 16:41:31,system_user,2024-06-25 14:33:04,0,0
381,1557,1096150420004000,1095150400000005,处分给予单位,1095150420000007,1095150420000007,,1,999,admin,2024-04-15 16:41:44,system_user,2024-06-25 14:33:04,0,0
382,1558,1096150410002007,1095150400000005,学位获得者,1095150410000006,1095150410000006,,1,999,admin,2024-04-15 16:42:18,system_user,2024-06-25 14:33:04,0,0
383,1559,1096150410003003,1095150400000005,奖励获得者,1095150410000006,1095150410000006,,1,999,admin,2024-04-15 16:42:29,admin,2024-06-25 14:33:04,0,0
384,1560,109615041000400c,1095150400000005,受处分人,1095150410000006,1095150410000006,,1,999,admin,2024-04-15 16:42:39,system_user,2024-06-25 14:33:04,0,0
385,1561,1096150610002000,109515060000000b,报考院校,109515061000000c,109515061000000c,,1,999,admin,2024-04-15 16:43:03,system_user,2024-06-25 14:33:04,1,0
386,1562,1096150620002001,109515060000000b,意向志愿者,1095150620000000,1095150620000000,,1,999,admin,2024-04-15 16:43:21,system_user,2024-06-25 14:33:04,1,0
387,1563,1096540210004004,109554020000000a,行政许可证,109554021000000b,109554021000000b,,1,999,admin,2024-04-15 16:43:44,system_user,2024-06-25 14:33:04,0,0
388,1564,1096140410003002,1095140400000004,联系方式,1095140410000005,1095140410000005,,1,999,admin,2024-04-15 16:59:08,system_user,2024-06-25 14:33:04,0,0
389,1565,109614041000400b,1095140400000004,身份证件,1095140410000005,1095140410000005,,1,999,admin,2024-04-15 16:59:24,system_user,2024-06-25 14:33:04,0,0
390,1566,1096140410005007,1095140400000004,联系电话,1095140410000005,1095140410000005,,1,999,admin,2024-04-15 16:59:35,guochengjie,2024-06-25 14:33:04,1,0
391,1567,1096140410006003,1095140400000004,联系邮箱,1095140410000005,1095140410000005,,1,999,admin,2024-04-15 16:59:48,guochengjie,2024-06-25 14:33:04,1,0
392,1569,1096130110004001,1095130100000007,自我评价,1095130110000008,1095130110000008,,1,999,admin,2024-04-15 17:02:10,qidekang,2024-06-25 14:33:04,1,0
393,1570,109613011000500a,1095130100000007,重点人员排查,1095130110000008,1095130110000008,,1,999,admin,2024-04-15 17:07:38,guochengjie,2024-06-25 14:33:04,1,0
394,1571,1096110110008009,1095110100000005,委托人,1095110110000006,1095110110000006,,1,999,admin,2024-04-15 17:09:05,admin,2024-06-25 14:33:04,0,0
395,1572,1096110120005009,1095110100000005,代理人,1095110120000007,1095110120000007,,1,4,admin,2024-04-15 17:09:12,guochengjie,2024-06-25 14:33:04,0,0
396,1573,1096530510005008,1095530500000005,发起事件,1095530510000006,1095530510000006,,1,999,admin,2024-04-15 17:09:46,guochengjie,2024-06-25 14:33:04,0,0
397,1574,109611073000300a,109511070000000a,配偶,1095110730000000,1095110730000000,,1,999,admin,2024-04-15 17:11:07,system_user,2024-06-25 14:33:04,1,0
398,1575,1096130110006006,1095130100000007,提交申请,1095130110000008,1095130110000008,,1,999,admin,2024-04-15 17:12:34,system_user,2024-06-25 14:33:04,0,0
399,1576,109613012000500b,1095130100000007,申请人员,1095130120000009,1095130120000009,,1,4,admin,2024-04-15 17:12:47,qidekang,2024-06-25 14:33:04,0,0
400,1577,109614041000700c,1095140400000004,个人账户,1095140410000005,1095140410000005,,1,999,admin,2024-04-15 17:14:12,system_user,2024-06-25 14:33:04,0,0
401,1578,1096140410008008,1095140400000004,个人荣誉,1095140410000005,1095140410000005,,1,999,admin,2024-04-15 17:14:28,guochengjie,2024-06-25 14:33:04,0,0
402,1579,1096130510004000,1095130500000006,被惩处人员,1095130510000007,1095130510000007,,1,999,admin,2024-04-15 17:15:11,system_user,2024-06-25 14:33:04,0,0
403,1581,1096140410009004,1095140400000004,资格证书,1095140410000005,1095140410000005,,1,999,admin,2024-04-15 17:23:32,guochengjie,2024-06-25 14:33:04,1,0
404,1582,1096120510003003,1095120500000005,承包土地,1095120510000006,1095120510000006,,1,999,admin,2024-04-15 17:23:53,system_user,2024-06-25 14:33:04,0,0
405,1583,1096120810002003,1095120800000001,修葺房屋,1095120810000002,1095120810000002,,1,999,admin,2024-04-15 17:24:07,system_user,2024-06-25 14:33:04,0,0
406,1584,1096130110007002,1095130100000007,信息登记,1095130110000008,1095130110000008,,1,999,admin,2024-04-15 17:24:36,system_user,2024-06-25 14:33:04,0,0
407,1585,1096130120006007,1095130100000007,事件责任人,1095130120000009,1095130120000009,,1,5,admin,2024-04-15 17:26:40,guochengjie,2024-06-25 14:33:04,1,0
408,1586,109633033000500b,1095330300000006,关联事件,1095330330000009,1095330330000009,,1,999,admin,2024-04-15 17:29:00,system_user,2024-06-25 14:33:04,0,0
409,1587,1096130510005009,1095130500000006,被检查人员,1095130510000007,1095130510000007,,1,999,admin,2024-04-15 17:29:31,system_user,2024-06-25 14:33:04,0,0
410,1588,1096130520004001,1095130500000006,上级检查,1095130520000008,1095130520000008,,1,999,admin,2024-04-15 17:29:43,system_user,2024-06-25 14:33:04,0,0
411,1589,1096530220004004,1095530200000009,上级检查,109553022000000b,109553022000000b,,1,999,admin,2024-04-15 17:30:04,system_user,2024-06-25 14:33:04,0,0
412,1590,1096530210004003,1095530200000009,被检查组织,109553021000000a,109553021000000a,,1,999,admin,2024-04-15 17:30:16,qidekang,2024-06-25 14:33:04,0,0
413,1591,1096140310007009,1095140300000001,接种疫苗,1095140310000002,1095140310000002,,1,999,admin,2024-04-15 17:31:24,system_user,2024-06-25 14:33:04,0,0
414,1592,109634011000300c,1095340100000001,处置记录表,1095340110000002,1095340110000002,,1,999,admin,2024-04-15 17:31:45,admin,2024-06-25 14:33:04,1,0
415,1593,109615022000600c,109515020000000c,督导领导,1095150220000001,1095150220000001,,1,5,admin,2024-04-15 17:37:00,qidekang,2024-06-25 14:33:04,0,0
416,1594,1096550320004009,1095550300000001,督导单位,1095550320000003,1095550320000003,,1,999,admin,2024-04-15 17:37:20,system_user,2024-06-25 14:33:04,0,0
417,1595,1096110520002007,1095110500000004,督导人,1095110520000006,1095110520000006,,1,2,admin,2024-04-15 17:38:29,qidekang,2024-06-25 14:33:04,0,0
418,1596,109614041000a000,1095140400000004,携带物品,1095140410000005,1095140410000005,,1,999,admin,2024-04-15 17:38:44,system_user,2024-06-25 14:33:04,0,0
419,1597,1096530310005002,109553030000000c,单位意见,1095530310000000,1095530310000000,,1,999,admin,2024-04-15 17:40:44,system_user,2024-06-25 14:33:04,0,0
420,1598,109653031000600b,109553030000000c,审批意见,1095530310000000,1095530310000000,,1,999,admin,2024-04-15 17:40:48,system_user,2024-06-25 14:33:04,0,0
421,1599,1096520220003007,1095520200000008,设计单位,109552022000000a,109552022000000a,,1,999,admin,2024-04-15 17:43:39,system_user,2024-06-25 14:33:04,0,0
422,1600,1096140910002008,1095140900000006,希望拥有物,1095140910000007,1095140910000007,,1,999,admin,2024-04-15 17:47:47,system_user,2024-06-25 14:33:04,1,0
423,1601,1096140910003004,1095140900000006,应当拥有物,1095140910000007,1095140910000007,,1,999,admin,2024-04-15 17:47:57,system_user,2024-06-25 14:33:04,1,0
424,1602,1096530510006004,1095530500000005,开展培训,1095530510000006,1095530510000006,,1,999,admin,2024-04-15 17:50:26,system_user,2024-06-25 14:33:04,0,0
425,1603,1096130210004004,109513020000000a,学习培训,109513021000000b,109513021000000b,,1,999,admin,2024-04-15 17:50:42,guochengjie,2024-06-25 14:33:04,0,0
426,1604,1096140a00001001,1095140a00000009,疾病患者,1095140a00000009,1095140a00000009,,1,999,admin,2024-04-15 17:53:19,admin,2024-04-15 17:53:19,1,0
427,1605,109615031000700a,1095150300000002,所属党支部,1095150310000003,1095150310000003,,1,4,admin,2024-04-15 17:53:43,guochengjie,2024-06-25 14:33:04,0,0
428,1606,1096540420003002,1095540400000003,发证单位,1095540420000005,1095540420000005,,1,999,admin,2024-04-15 17:54:03,system_user,2024-06-25 14:33:04,0,0
429,1607,1096130210005000,109513020000000a,参加考试,109513021000000b,109513021000000b,,1,999,admin,2024-04-15 17:54:21,system_user,2024-06-25 14:33:04,0,0
430,1608,1096130210006009,109513020000000a,参与研究,109513021000000b,109513021000000b,,1,999,admin,2024-04-15 17:54:33,system_user,2024-06-25 14:33:04,0,0
431,1609,109633011000300b,1095330100000000,父项目,1095330110000001,1095330110000001,,1,999,admin,2024-04-15 17:54:56,qidekang,2024-06-25 14:33:04,1,0
432,1610,1096330110004007,1095330100000000,总包项目,1095330110000001,1095330110000001,,1,999,admin,2024-04-15 17:55:06,system_user,2024-06-25 14:33:04,0,0
433,1611,109633012000300c,1095330100000000,子项目,1095330120000002,1095330120000002,,1,999,admin,2024-04-15 17:55:16,qidekang,2024-06-25 14:33:04,1,0
434,1612,1096330120004008,1095330100000000,分包项目,1095330120000002,1095330120000002,,1,999,admin,2024-04-15 17:55:25,system_user,2024-06-25 14:33:04,0,0
435,1613,1096550320005005,1095550300000001,总包单位,1095550320000003,1095550320000003,,1,999,admin,2024-04-15 17:55:43,system_user,2024-06-25 14:33:04,0,0
436,1614,109655031000300c,1095550300000001,分包单位,1095550310000002,1095550310000002,,1,999,admin,2024-04-15 17:55:53,system_user,2024-06-25 14:33:04,0,0
437,1615,1096140310008005,1095140300000001,检测标准,1095140310000002,1095140310000002,,1,999,admin,2024-04-15 17:56:22,qidekang,2024-06-25 14:33:04,1,0
438,1616,109614041000b009,1095140400000004,个人保单,1095140410000005,1095140410000005,,1,999,admin,2024-04-15 17:56:35,system_user,2024-06-25 14:33:04,0,0
439,1617,1096150610003009,109515060000000b,申请入党,109515061000000c,109515061000000c,,1,999,admin,2024-04-15 17:57:05,system_user,2024-06-25 14:33:04,1,0
440,1618,109613011000800b,1095130100000007,请假休假,1095130110000008,1095130110000008,,1,999,admin,2024-04-15 17:58:19,system_user,2024-06-25 14:33:04,0,0
441,1619,1096340120003000,1095340100000001,返修物品,1095340120000003,1095340120000003,,1,999,admin,2024-04-15 18:00:02,guochengjie,2024-06-25 14:33:04,0,0
442,1620,1096140710004007,1095140700000000,调试的设备,1095140710000001,1095140710000001,,1,999,admin,2024-04-15 18:00:19,guochengjie,2024-06-25 14:33:04,0,0
443,1621,1096140710005003,1095140700000000,消杀的设备,1095140710000001,1095140710000001,,1,999,admin,2024-04-15 18:00:41,guochengjie,2024-06-25 14:33:04,0,0
444,1622,109614071000600c,1095140700000000,场所消杀,1095140710000001,1095140710000001,,1,999,admin,2024-04-15 18:00:49,qidekang,2024-06-25 14:33:04,1,0
445,1623,1096150320002005,1095150300000002,家庭成员,1095150320000004,1095150320000004,,1,999,admin,2024-04-15 18:02:05,qidekang,2024-06-25 14:33:04,1,0
446,1624,1096150310008006,1095150300000002,所在家庭,1095150310000003,1095150310000003,,1,999,admin,2024-04-15 18:02:19,qidekang,2024-06-25 14:33:04,1,0
447,1625,1096150220007008,109515020000000c,户主,1095150220000001,1095150220000001,,1,7,admin,2024-04-15 18:02:33,qidekang,2024-06-25 14:33:04,0,0
448,1626,1096150320003001,1095150300000002,在校学生,1095150320000004,1095150320000004,,1,999,admin,2024-04-15 20:44:52,qidekang,2024-06-25 14:33:04,1,0
449,1627,109614041000c005,1095140400000004,资质证件,1095140410000005,1095140410000005,,1,999,admin,2024-04-15 20:45:49,qidekang,2024-06-25 14:33:04,1,0
450,1628,109614041000d001,1095140400000004,技能证书,1095140410000005,1095140410000005,,1,999,admin,2024-04-15 20:46:02,guochengjie,2024-06-25 14:33:04,1,0
451,1629,1096130210007005,109513020000000a,参加讲座,109513021000000b,109513021000000b,,1,999,admin,2024-04-15 20:46:38,system_user,2024-06-25 14:33:04,0,0
452,1630,1096530310007007,109553030000000c,主管部门意见,1095530310000000,1095530310000000,,1,999,admin,2024-04-15 20:48:21,admin,2024-06-25 14:33:04,1,0
453,1631,1096530310008003,109553030000000c,所在基层意见,1095530310000000,1095530310000000,,1,999,admin,2024-04-15 20:48:30,admin,2024-06-25 14:33:04,1,0
454,1632,1096130710002001,109513070000000c,报名课程,1095130710000000,1095130710000000,,1,999,admin,2024-04-15 20:50:01,system_user,2024-06-25 14:33:04,1,0
455,1633,1096130110009007,1095130100000007,讲授课程,1095130110000008,1095130110000008,,1,999,admin,2024-04-15 20:51:06,system_user,2024-06-25 14:33:04,0,0
456,1634,109613011000a003,1095130100000007,学习课程,1095130110000008,1095130110000008,,1,999,admin,2024-04-15 20:51:18,guochengjie,2024-06-25 14:33:04,1,0
457,1635,1096520110003003,1095520100000005,所在地区,1095520110000006,1095520110000006,,1,999,admin,2024-04-15 20:52:07,system_user,2024-06-25 14:33:04,0,0
458,1636,1096110510002006,1095110500000004,入党介绍人,1095110510000005,1095110510000005,,1,999,admin,2024-04-15 20:56:23,admin,2024-06-25 14:33:04,1,0
459,1637,1096550310004008,1095550300000001,上级考核,1095550310000002,1095550310000002,,1,999,admin,2024-04-15 20:57:30,qidekang,2024-06-25 14:33:04,1,0
460,1638,109613011000b00c,1095130100000007,个人经历,1095130110000008,1095130110000008,,1,999,admin,2024-04-15 20:57:56,qidekang,2024-06-25 14:33:04,1,0
461,1639,109614041000e00a,1095140400000004,个人简历,1095140410000005,1095140410000005,,1,999,admin,2024-04-15 20:58:16,system_user,2024-06-25 14:33:04,0,0
462,1640,109614041000f006,1095140400000004,获得学分,1095140410000005,1095140410000005,,1,999,admin,2024-04-15 20:58:30,system_user,2024-06-25 14:33:04,0,0
463,1641,109653031000900c,109553030000000c,评审意见,1095530310000000,1095530310000000,,1,999,admin,2024-04-15 20:58:58,admin,2024-06-25 14:33:04,1,0
464,1642,109613011000c008,1095130100000007,申请考核,1095130110000008,1095130110000008,,1,999,admin,2024-04-15 21:00:00,system_user,2024-06-25 14:33:04,0,0
465,1643,1096150310009002,1095150300000002,服兵役单位,1095150310000003,1095150310000003,,1,5,admin,2024-04-18 17:58:19,guochengjie,2024-06-25 14:33:04,0,0
466,1644,1096130310005003,1095130300000000,处置异常事件,1095130310000001,1095130310000001,,1,999,admin,2024-04-18 17:59:55,system_user,2024-06-25 14:33:04,0,0
467,1645,1096140420003003,1095140400000004,证件持有人,1095140420000006,1095140420000006,,1,999,admin,2024-04-18 18:23:08,system_user,2024-06-25 14:33:04,0,0
468,1646,1096220410002007,1095220400000005,自建房,1095220410000006,1095220410000006,,1,999,admin,2024-04-21 23:34:10,guochengjie,2024-06-25 14:33:04,1,0
469,1647,1096220420002008,1095220400000005,宅基地,1095220420000007,1095220420000007,,1,999,admin,2024-04-21 23:34:39,guochengjie,2024-06-25 14:33:04,1,0
470,1648,1096110a30001001,1095110a00000006,直系血亲,1095110a30000009,1095110a30000009,,1,1,admin,2024-04-23 12:00:17,qidekang,2024-06-25 14:33:04,0,0
471,1649,1096110a3000200a,1095110a00000006,旁系血亲,1095110a30000009,1095110a30000009,,1,2,admin,2024-04-23 12:00:25,qidekang,2024-06-25 14:33:04,0,0
472,1650,1096110a30003006,1095110a00000006,父母子女,1095110a30000009,1095110a30000009,,1,999,admin,2024-04-23 12:00:45,admin,2024-06-25 14:33:04,1,0
473,1651,1096110a30004002,1095110a00000006,兄弟姐妹,1095110a30000009,1095110a30000009,,1,5,admin,2024-04-23 12:00:54,qidekang,2024-06-25 14:33:04,0,0
474,1652,1096110a3000500b,1095110a00000006,祖父母/外祖父母,1095110a30000009,1095110a30000009,,1,999,admin,2024-04-23 12:01:54,admin,2024-06-25 14:33:04,1,0
475,1653,1096110a30006007,1095110a00000006,孙子女/外孙子女,1095110a30000009,1095110a30000009,,1,999,admin,2024-04-23 12:02:22,admin,2024-06-25 14:33:04,1,0
476,1654,1096110a30007003,1095110a00000006,叔侄姑舅,1095110a30000009,1095110a30000009,,1,999,admin,2024-04-23 12:03:30,admin,2024-06-25 14:33:04,1,0
477,1655,1096110a3000800c,1095110a00000006,丈夫妻子,1095110a30000009,1095110a30000009,,1,999,admin,2024-04-23 12:03:51,admin,2024-06-25 14:33:04,1,0
478,1656,1096110a30009008,1095110a00000006,岳父岳母,1095110a30000009,1095110a30000009,,1,12,admin,2024-04-23 12:04:11,qidekang,2024-06-25 14:33:04,0,0
479,1657,1096110a3000a004,1095110a00000006,家翁家婆,1095110a30000009,1095110a30000009,,1,13,admin,2024-04-23 12:05:03,qidekang,2024-06-25 14:33:04,0,0
480,1658,1096110a3000b000,1095110a00000006,女婿儿媳,1095110a30000009,1095110a30000009,,1,14,admin,2024-04-23 12:05:12,qidekang,2024-06-25 14:33:04,0,0
481,1659,1096110a3000c009,1095110a00000006,继父继母,1095110a30000009,1095110a30000009,,1,999,admin,2024-04-23 12:05:26,admin,2024-06-25 14:33:04,1,0
482,1660,1096110a3000d005,1095110a00000006,继子继女,1095110a30000009,1095110a30000009,,1,999,admin,2024-04-23 12:05:32,admin,2024-06-25 14:33:04,1,0
483,1661,1096110a3000e001,1095110a00000006,养父养母,1095110a30000009,1095110a30000009,,1,999,admin,2024-04-23 12:05:45,admin,2024-06-25 14:33:04,1,0
484,1662,1096110a3000f00a,1095110a00000006,养子养女,1095110a30000009,1095110a30000009,,1,999,admin,2024-04-23 12:05:53,admin,2024-06-25 14:33:04,1,0
485,1663,1096110b30001004,1095110b00000009,情侣,1095110b3000000c,1095110b3000000c,,1,999,admin,2024-04-23 12:13:28,system_user,2024-06-25 14:33:04,0,0
486,1664,1096110b30002000,1095110b00000009,同学同事,1095110b3000000c,1095110b3000000c,,1,999,admin,2024-04-23 12:13:35,system_user,2024-06-25 14:33:04,0,0
487,1665,1096110c30001007,1095110c0000000c,买家卖家,1095110c30000002,1095110c30000002,,1,999,admin,2024-04-23 13:04:50,system_user,2024-06-25 14:33:04,0,0
488,1666,1096150730001009,1095150700000001,买家卖家,1095150730000004,1095150730000004,,1,999,admin,2024-04-23 13:04:57,system_user,2024-06-25 14:33:04,0,0
489,1667,1096550630001005,109555060000000a,购销双方,1095550630000000,1095550630000000,,1,999,admin,2024-04-23 13:05:03,guochengjie,2024-06-25 14:33:04,0,0
490,1668,1096140b10001005,1095140b0000000c,出售商品,1095140b10000000,1095140b10000000,,1,999,admin,2024-04-23 13:05:15,admin,2024-06-25 14:33:04,0,0
491,1669,1096140b20001006,1095140b0000000c,购买人员,1095140b20000001,1095140b20000001,,1,999,admin,2024-04-23 13:06:11,admin,2024-06-25 14:33:04,0,0
492,1670,1096120a10001000,1095120a00000007,出售地块,1095120a10000008,1095120a10000008,,1,0,admin,2024-04-23 13:06:42,guochengjie,2024-06-25 14:33:04,0,0
493,1671,1096120a20001001,1095120a00000007,出让人,1095120a20000009,1095120a20000009,,1,999,admin,2024-04-23 13:06:51,guochengjie,2024-06-25 14:33:04,0,0
494,1672,1096540810001008,1095540800000002,出售物品,1095540810000003,1095540810000003,,1,0,admin,2024-04-23 13:07:26,guochengjie,2024-06-25 14:33:04,0,0
495,1673,1096540820001009,1095540800000002,购买单位,1095540820000004,1095540820000004,,1,0,admin,2024-04-23 13:07:33,guochengjie,2024-06-25 14:33:04,0,0
496,1674,1096520710001003,109552070000000a,出让地块,109552071000000b,109552071000000b,,1,999,admin,2024-04-23 13:07:47,system_user,2024-06-25 14:33:04,0,0
497,1675,1096520720001004,109552070000000a,购买单位,109552072000000c,109552072000000c,,1,999,admin,2024-04-23 13:07:53,system_user,2024-06-25 14:33:04,0,0
498,1676,1096340220002007,1095340200000004,辅助执法设备,1095340220000006,1095340220000006,,1,999,admin,2024-04-23 14:21:25,system_user,2024-06-25 14:33:04,0,0
499,1677,1096340220003003,1095340200000004,辅助诊疗设备,1095340220000006,1095340220000006,,1,999,admin,2024-04-23 14:22:00,system_user,2024-06-25 14:33:04,0,0
500,1678,109634022000400c,1095340200000004,辅助记录设备,1095340220000006,1095340220000006,,1,999,admin,2024-04-23 14:22:09,system_user,2024-06-25 14:33:04,0,0
501,1679,109624032000400c,1095240300000004,加油站,1095240320000006,1095240320000006,,1,999,admin,2024-04-23 14:23:18,admin,2024-06-25 14:33:04,1,0
502,1680,1096240320005008,1095240300000004,充电站,1095240320000006,1095240320000006,,1,999,admin,2024-04-23 14:23:30,admin,2024-06-25 14:33:04,1,0
503,1681,1096240320006004,1095240300000004,洗车店,1095240320000006,1095240320000006,,1,999,admin,2024-04-23 14:23:38,admin,2024-06-25 14:33:04,1,0
504,1682,1096240320007000,1095240300000004,修车店,1095240320000006,1095240320000006,,1,999,admin,2024-04-23 14:23:47,admin,2024-06-25 14:33:04,1,0
505,1683,1096440110002006,1095440100000004,汽车整体,1095440110000005,1095440110000005,,1,999,admin,2024-04-23 14:26:15,system_user,2024-06-25 14:33:04,0,0
506,1684,1096440110001030,1095440100000004,电脑整体,109644011000100a,109644011000100a,,2,999,admin,2024-04-23 14:26:26,admin,2024-06-25 14:33:04,1,0
507,1685,1096440110003002,1095440100000004,设备整体,1095440110000005,1095440110000005,,1,999,admin,2024-04-23 14:26:37,guochengjie,2024-06-25 14:33:04,0,0
508,1686,1096440120002007,1095440100000004,汽车零件,1095440120000006,1095440120000006,,1,999,admin,2024-04-23 14:26:59,qidekang,2024-06-25 14:33:04,0,0
509,1687,1096440120003003,1095440100000004,电脑零件,1095440120000006,1095440120000006,,1,999,admin,2024-04-23 14:27:09,guochengjie,2024-06-25 14:33:04,1,0
510,1688,1096440230003007,1095440200000007,供水管网,109544023000000a,109544023000000a,,1,999,admin,2024-04-23 14:27:40,system_user,2024-06-25 14:33:04,0,0
511,1689,1096440230004003,1095440200000007,电力管网,109544023000000a,109544023000000a,,1,999,admin,2024-04-23 14:27:50,system_user,2024-06-25 14:33:04,0,0
512,1690,109644023000500c,1095440200000007,数据传输,109544023000000a,109544023000000a,,1,999,admin,2024-04-23 14:27:58,system_user,2024-06-25 14:33:04,0,0
513,1691,1096440230006008,1095440200000007,手机通话,109544023000000a,109544023000000a,,1,999,admin,2024-04-23 14:28:06,system_user,2024-06-25 14:33:04,0,0
514,1692,1096220120004004,1095220100000009,内部房间,109522012000000b,109522012000000b,,1,999,admin,2024-04-23 14:29:43,system_user,2024-06-25 14:33:04,0,0
515,1693,1096220120005000,1095220100000009,公交线路站点,109522012000000b,109522012000000b,,1,999,admin,2024-04-23 14:29:53,system_user,2024-06-25 14:33:04,0,0
516,1694,1096220120006009,1095220100000009,景区景点,109522012000000b,109522012000000b,,1,999,admin,2024-04-23 14:30:02,system_user,2024-06-25 14:33:04,0,0
517,1695,1096220120007005,1095220100000009,辖区道路,109522012000000b,109522012000000b,,1,999,admin,2024-04-23 14:30:10,system_user,2024-06-25 14:33:04,0,0
518,1696,1096220120008001,1095220100000009,下属辖区,109522012000000b,109522012000000b,,1,999,admin,2024-04-23 14:30:18,system_user,2024-06-25 14:33:04,0,0
519,1697,1096110a30010006,1095110a00000006,学生家长,1095110a30000009,1095110a30000009,,1,8,admin,2024-04-24 12:27:09,qidekang,2024-06-25 14:33:04,1,0
520,1698,1096110a30011002,1095110a00000006,亲属,1095110a30000009,1095110a30000009,,1,0,admin,2024-04-24 12:27:54,qidekang,2024-06-25 14:33:04,0,0
521,1699,109612011000b00b,1095120100000006,康养场所,1095120110000007,1095120110000007,,1,10,admin,2024-04-26 11:51:50,qidekang,2024-06-25 14:33:04,0,0
522,1700,109612011000c007,1095120100000006,派驻地址,1095120110000007,1095120110000007,,1,2,admin,2024-04-26 11:52:04,qidekang,2024-06-25 14:33:04,0,0
523,1701,109614072000300c,1095140700000000,检修人员,1095140720000002,1095140720000002,,1,999,admin,2024-04-26 11:53:04,system_user,2024-06-25 14:33:04,0,0
524,1702,1096140710007008,1095140700000000,负责的设备,1095140710000001,1095140710000001,,1,999,admin,2024-04-26 11:53:22,guochengjie,2024-06-25 14:33:04,1,0
525,1703,1096140710008004,1095140700000000,看护的装置,1095140710000001,1095140710000001,,1,999,admin,2024-04-26 11:53:49,guochengjie,2024-06-25 14:33:04,1,0
526,1704,109613031000600c,1095130300000000,审批意见,1095130310000001,1095130310000001,,1,999,admin,2024-05-14 14:04:40,system_user,2024-06-25 14:33:04,0,0
527,1705,1096110520003003,1095110500000004,入党介绍人,1095110520000006,1095110520000006,,1,3,admin,2024-05-14 14:05:58,qidekang,2024-06-25 14:33:04,0,0
528,1706,1096110510003002,1095110500000004,被推荐人,1095110510000005,1095110510000005,,1,1,admin,2024-05-14 14:06:27,qidekang,2024-06-25 14:33:04,0,0
529,1707,109611052000400c,1095110500000004,推荐人,1095110520000006,1095110520000006,,1,1,admin,2024-05-14 14:06:33,qidekang,2024-06-25 14:33:04,0,0
530,1708,1096340120004009,1095340100000001,记录表,1095340120000003,1095340120000003,,1,999,admin,2024-05-14 14:08:46,baishumeng,2024-06-25 14:33:04,0,0
531,1709,109652011000400c,1095520100000005,生产经营地址,1095520110000006,1095520110000006,,1,999,admin,2024-05-14 14:14:36,system_user,2024-06-25 14:33:04,0,0
532,1710,1096340320000005,1095340300000007,项目验收,1095340320000009,1095340320000009,,1,999,admin,2024-05-14 14:25:47,system_user,2024-06-25 14:33:04,0,0
533,1711,1096230310000000,1095230300000003,施工区域,1095230310000004,1095230310000004,,1,999,admin,2024-05-14 14:26:44,system_user,2024-06-25 14:33:04,0,0
534,1712,1096230320000001,1095230300000003,房屋修缮,1095230320000005,1095230320000005,,1,999,admin,2024-05-14 14:27:53,system_user,2024-06-25 14:33:04,0,0
535,1713,1096150220008004,109515020000000c,审查人员,1095150220000001,1095150220000001,,1,6,admin,2024-05-14 14:30:56,qidekang,2024-06-25 14:33:04,0,0
536,1714,1096520110005008,1095520100000005,纳税地址,1095520110000006,1095520110000006,,1,999,admin,2024-05-14 14:31:44,system_user,2024-06-25 14:33:04,0,0
537,1715,109624021000000b,1095240200000001,通行的物品,1095240210000002,1095240210000002,,1,999,admin,2024-05-14 14:33:39,guochengjie,2024-06-25 14:33:04,0,0
538,1716,109653031000a008,109553030000000c,核查事件,1095530310000000,1095530310000000,,1,999,admin,2024-05-14 14:57:09,system_user,2024-06-25 14:33:04,0,0
539,1717,1096540210005000,109554020000000a,公司账户,109554021000000b,109554021000000b,,1,999,admin,2024-05-14 15:01:32,system_user,2024-06-25 14:33:04,0,0
540,1718,1096110120006005,1095110100000005,护理人员,1095110120000007,1095110120000007,,1,5,admin,2024-05-14 15:09:23,guochengjie,2024-06-25 14:33:04,0,0
541,1719,1096110520005008,1095110500000004,教练,1095110520000006,1095110520000006,,1,4,admin,2024-05-14 15:09:42,qidekang,2024-06-25 14:33:04,0,0
542,1720,1096120210000006,1095120200000009,出差地点,109512021000000a,109512021000000a,,1,999,admin,2024-05-14 15:10:36,system_user,2024-06-25 14:33:04,0,0
543,1721,1096120210004003,1095120200000009,就诊医院,109512021000000a,109512021000000a,,1,999,admin,2024-05-14 15:10:56,system_user,2024-06-25 14:33:04,0,0
544,1722,109612021000500c,1095120200000009,购物商场,109512021000000a,109512021000000a,,1,999,admin,2024-05-14 15:11:28,system_user,2024-06-25 14:33:04,0,0
545,1723,1096120210006008,1095120200000009,探亲地点,109512021000000a,109512021000000a,,1,999,admin,2024-05-14 15:11:35,system_user,2024-06-25 14:33:04,0,0
546,1724,1096120310000009,109512030000000c,途经地点,1095120310000000,1095120310000000,,1,999,admin,2024-05-14 15:11:59,baishumeng,2024-06-25 14:33:04,0,0
547,1725,1096120310002001,109512030000000c,经过的路段,1095120310000000,1095120310000000,,1,999,admin,2024-05-14 15:12:34,system_user,2024-06-25 14:33:04,0,0
548,1726,1096120420000000,1095120400000002,工程负责人,1095120420000004,1095120420000004,,1,999,admin,2024-05-14 15:12:59,guochengjie,2024-06-25 14:33:04,0,0
549,1727,1096120420002005,1095120400000002,建筑设计师,1095120420000004,1095120420000004,,1,999,admin,2024-05-14 15:13:08,system_user,2024-06-25 14:33:04,0,0
550,1728,1096120820004009,1095120800000001,安防人员,1095120820000003,1095120820000003,保安，安全负责人,1,999,admin,2024-05-14 15:13:28,guochengjie,2024-06-25 14:33:04,0,0
551,1730,1096140a30001004,1095140a00000009,疾病患者,1095140a3000000c,1095140a3000000c,,1,999,admin,2024-05-15 02:53:25,system_user,2024-06-25 14:33:04,0,0
552,1731,1096140a20001003,1095140a00000009,所患疾病,1095140a2000000b,1095140a2000000b,,1,999,admin,2024-05-15 02:53:50,system_user,2024-06-25 14:33:04,0,0
553,1732,1096140a30002000,1095140a00000009,噪音污染,1095140a3000000c,1095140a3000000c,,1,999,admin,2024-05-15 02:54:26,qidekang,2024-06-25 14:33:04,1,0
554,1733,1096140a30003009,1095140a00000009,有害粉尘,1095140a3000000c,1095140a3000000c,,1,999,admin,2024-05-15 02:54:55,qidekang,2024-06-25 14:33:04,1,0
555,1734,1096440630001001,1095440600000006,车辆通行证件,1095440630000009,1095440630000009,,1,999,admin,2024-05-15 02:56:24,qidekang,2024-06-25 14:33:04,0,0
556,1735,109613052000500a,1095130500000006,法院判决,1095130520000008,1095130520000008,,1,999,admin,2024-05-16 12:58:53,system_user,2024-06-25 14:33:04,0,0
557,1736,1096130210008001,109513020000000a,接受判决,109513021000000b,109513021000000b,,1,999,admin,2024-05-16 13:00:32,system_user,2024-06-25 14:33:04,0,0
558,1737,1096110a3001200b,1095110a00000006,监护人,1095110a30000009,1095110a30000009,,1,9,admin,2024-05-17 07:50:58,guochengjie,2024-06-25 14:33:04,1,0
559,1738,109654051000100c,1095540500000006,加油的车辆,1095540510000007,1095540510000007,,1,999,admin,2024-05-18 14:26:27,system_user,2024-06-25 14:33:04,0,0
560,1739,1096540510003004,1095540500000006,维修物品,1095540510000007,1095540510000007,,1,999,admin,2024-05-18 14:26:39,guochengjie,2024-06-25 14:33:04,0,0
561,1740,1096540520001000,1095540500000006,加油站,1095540520000008,1095540520000008,,1,999,admin,2024-05-18 14:27:00,system_user,2024-06-25 14:33:04,0,0
562,1741,1096540520003005,1095540500000006,收费站,1095540520000008,1095540520000008,,1,999,admin,2024-05-18 14:27:08,qidekang,2024-06-25 14:33:04,1,0
563,1742,1096540520004001,1095540500000006,充电站,1095540520000008,1095540520000008,,1,999,admin,2024-05-18 14:27:14,system_user,2024-06-25 14:33:04,0,0
564,1743,109654052000500a,1095540500000006,洗车店,1095540520000008,1095540520000008,,1,999,admin,2024-05-18 14:27:20,system_user,2024-06-25 14:33:04,0,0
565,1744,1096540520006006,1095540500000006,修车店,1095540520000008,1095540520000008,,1,999,admin,2024-05-18 14:27:26,qidekang,2024-06-25 14:33:04,1,0
566,1745,109615081000100a,1095150800000004,招聘单位,1095150810000005,1095150810000005,,1,999,admin,2024-05-18 15:36:41,lichunyang,2024-06-25 14:33:04,0,0
567,1746,1096150810002006,1095150800000004,报考院校,1095150810000005,1095150810000005,,1,999,admin,2024-05-18 15:36:56,qidekang,2024-06-25 14:33:04,0,0
568,1747,1096150810003002,1095150800000004,申报奖项,1095150810000005,1095150810000005,,1,999,admin,2024-05-18 15:37:12,lichunyang,2024-06-25 14:33:04,1,0
569,1748,109615082000100b,1095150800000004,招聘单位,1095150820000006,1095150820000006,,1,999,admin,2024-05-18 15:37:28,guochengjie,2024-06-25 14:33:04,1,0
570,1749,1096150820002007,1095150800000004,招生院校,1095150820000006,1095150820000006,,1,999,admin,2024-05-18 15:37:35,guochengjie,2024-06-25 14:33:04,1,0
571,1750,1096150820003003,1095150800000004,评奖单位,1095150820000006,1095150820000006,,1,999,admin,2024-05-18 15:37:43,guochengjie,2024-06-25 14:33:04,1,0
572,1751,1096550710001006,1095550700000000,申报单位,1095550710000001,1095550710000001,,1,999,admin,2024-05-18 15:38:04,guochengjie,2024-06-25 14:33:04,1,0
573,1752,1096550710002002,1095550700000000,投标公司,1095550710000001,1095550710000001,,1,999,admin,2024-05-18 15:38:17,guochengjie,2024-06-25 14:33:04,1,0
574,1753,1096550720001007,1095550700000000,评奖单位,1095550720000002,1095550720000002,,1,999,admin,2024-05-18 15:38:31,guochengjie,2024-06-25 14:33:04,1,0
575,1754,1096550720002003,1095550700000000,招标公司,1095550720000002,1095550720000002,,1,999,admin,2024-05-18 15:38:37,guochengjie,2024-06-25 14:33:04,1,0
576,1755,1096000000001003,109500000000000b,接受服务者,109500000000000b,109500000000000b,,1,999,admin,2024-05-29 08:16:07,system_user,2024-06-25 12:38:17,1,0
577,1756,109600000000200c,109500000000000b,接受服务人,109500000000000b,109500000000000b,,1,999,admin,2024-05-29 08:16:26,system_user,2024-06-25 12:38:37,1,0
578,1757,1096110b30003009,1095110b00000009,紧急联系人,1095110b3000000c,1095110b3000000c,,1,999,admin,2024-06-04 14:53:22,guochengjie,2024-06-25 14:33:04,1,0
579,1758,1096110a30013007,1095110a00000006,父母,1095110a30000009,1095110a30000009,,1,3,admin,2024-06-11 03:46:10,qidekang,2024-06-25 14:33:04,0,0
580,1759,1096110a30014003,1095110a00000006,子女,1095110a30000009,1095110a30000009,,1,4,admin,2024-06-11 03:46:28,qidekang,2024-06-25 14:33:04,0,0
581,1760,1096110a3001500c,1095110a00000006,祖父母,1095110a30000009,1095110a30000009,,1,6,admin,2024-06-11 03:47:25,qidekang,2024-06-25 14:33:04,0,0
582,1761,1096110a30016008,1095110a00000006,孙子孙女,1095110a30000009,1095110a30000009,,1,7,admin,2024-06-11 03:47:39,qidekang,2024-06-25 14:33:04,0,0
583,1762,1096110a30017004,1095110a00000006,丈夫,1095110a30000009,1095110a30000009,,1,999,admin,2024-06-11 03:49:24,admin,2024-06-25 14:33:04,1,0
584,1763,1096110a30018000,1095110a00000006,妻子,1095110a30000009,1095110a30000009,,1,999,admin,2024-06-11 03:49:29,admin,2024-06-25 14:33:04,1,0
585,1764,1096110a30019009,1095110a00000006,配偶,1095110a30000009,1095110a30000009,,1,10,admin,2024-06-11 03:49:52,qidekang,2024-06-25 14:33:04,0,0
586,1765,1096110a3001a005,1095110a00000006,姻缘亲属,1095110a30000009,1095110a30000009,,1,11,admin,2024-06-11 04:02:46,qidekang,2024-06-25 14:33:04,0,0
587,1766,1096150910001000,1095150900000007,被告人,1095150910000008,1095150910000008,,1,999,qidekang,2024-06-19 05:55:55,guochengjie,2024-06-25 14:33:04,1,0
588,1767,1096150910002009,1095150900000007,被执行人,1095150910000008,1095150910000008,,1,999,qidekang,2024-06-19 05:59:52,system_user,2024-06-25 14:33:04,0,0
589,1768,1096150920001001,1095150900000007,审判法院,1095150920000009,1095150920000009,,1,999,qidekang,2024-06-19 06:00:04,guochengjie,2024-06-25 14:33:04,1,0
590,1769,109615092000200a,1095150900000007,执法机关,1095150920000009,1095150920000009,,1,999,qidekang,2024-06-19 06:00:13,guochengjie,2024-06-25 14:33:04,0,0
591,1770,1096110120007001,1095110100000005,社区工作者,1095110120000007,1095110120000007,,1,7,qidekang,2024-06-19 06:01:46,guochengjie,2024-06-25 14:33:04,0,0
592,1771,109611012000800a,1095110100000005,接待人员,1095110120000007,1095110120000007,,1,6,qidekang,2024-06-19 06:03:23,baishumeng,2024-06-25 14:33:04,0,0
593,1772,1096150a10001003,1095150a0000000a,就诊患者,1095150a1000000b,1095150a1000000b,,1,999,qidekang,2024-06-19 06:03:51,system_user,2024-06-25 14:33:04,0,0
594,1773,1096150a20001004,1095150a0000000a,就诊医院,1095150a2000000c,1095150a2000000c,,1,0,qidekang,2024-06-19 06:04:00,qidekang,2024-06-25 14:33:04,0,0
595,1774,1096150b20001007,1095150b00000000,就读院校,1095150b20000002,1095150b20000002,,1,999,qidekang,2024-06-25 13:31:34,guochengjie,2024-06-25 13:31:34,1,0
596,1775,1096150b10001006,1095150b00000000,在校学生,1095150b10000001,1095150b10000001,,1,999,qidekang,2024-06-25 13:32:35,guochengjie,2024-06-25 13:32:35,1,0
597,1776,1096240410001000,1095240400000007,房产证书,1095240410000008,1095240410000008,,1,999,qidekang,2024-08-11 23:49:53,system_user,2024-08-11 23:49:53,0,0
598,1777,1096530210001002,1095530200000009,受影响组织,109553021000000a,109553021000000a,,1,999,qidekang,2024-12-11 11:27:02,system_user,2024-12-11 11:27:02,0,0
599,1778,1096530120001000,1095530100000006,参与单位,1095530120000008,1095530120000008,,1,999,qidekang,2024-12-11 11:34:01,developuser,2024-12-11 11:34:01,1,0
600,1779,109653011000100c,1095530100000006,参与事项,1095530110000007,1095530110000007,,1,999,qidekang,2024-12-11 11:34:09,guochengjie,2024-12-11 11:34:09,0,0
601,1780,1096340120001008,1095340100000001,工作留痕记录,1095340120000003,1095340120000003,,1,999,qidekang,2024-12-11 11:35:51,developuser,2024-12-11 11:35:51,0,0
602,1781,109652051000100a,1095520500000004,管辖范围,1095520510000005,1095520510000005,,1,999,qidekang,2025-02-12 17:22:49,developuser,2025-02-12 17:22:49,1,0
603,1782,109652051000100a,1095520500000004,管辖路线,1095520510000005,1095520510000005,,1,999,qidekang,2025-02-12 17:23:35,system_user,2025-02-12 17:23:35,0,0
604,1783,109652052000100b,1095520500000004,管辖组织,1095520520000006,1095520520000006,,1,999,qidekang,2025-02-12 17:24:02,baishumeng,2025-02-12 17:24:02,0,0
605,1784,1096150920001001,1095150900000007,考核单位,1095150920000009,1095150920000009,,1,999,guochengjie,2025-02-14 11:14:15,system_user,2025-03-12 18:05:05,1,0
606,1785,1096150910001000,1095150900000007,被考核人,1095150910000008,1095150910000008,,1,999,guochengjie,2025-02-14 11:14:24,guochengjie,2025-02-14 11:14:24,1,0
607,1786,1096520220001002,1095520200000008,监理单位,109552022000000a,109552022000000a,,1,999,guochengjie,2025-02-14 11:15:43,developuser,2025-02-14 11:15:43,1,0
608,1787,1096520220001002,1095520200000008,勘察单位,109552022000000a,109552022000000a,,1,999,guochengjie,2025-02-14 11:19:40,system_user,2025-02-14 11:19:40,0,0
609,1788,1096550320001008,1095550300000001,主管单位,1095550320000003,1095550320000003,,1,999,guochengjie,2025-02-14 11:21:34,system_user,2025-02-14 11:21:34,0,0
610,1789,109612011000d003,1095120100000006,籍贯地址,1095120110000007,1095120110000007,,1,999,qidekang,2025-02-27 16:44:08,guochengjie,2025-02-27 16:44:08,1,0
611,1790,109644063000200a,1095440600000006,合规标准,1095440630000009,1095440630000009,,1,999,qidekang,2025-02-27 18:17:48,guochengjie,2025-02-27 18:17:48,0,0
612,1791,1096120120002009,1095120100000006,属地居民,1095120120000008,1095120120000008,,1,999,qidekang,2025-02-27 19:59:36,system_user,2025-02-27 19:59:36,0,0
613,1792,1096120120003005,1095120100000006,租客,1095120120000008,1095120120000008,,1,999,qidekang,2025-02-27 20:04:36,system_user,2025-02-27 20:04:36,0,0
614,1793,1096110d20001009,1095110d00000002,评价者,1095110d20000004,1095110d20000004,,1,999,guochengjie,2025-02-27 20:09:16,guochengjie,2025-02-27 20:09:16,0,0
615,1794,1096110d20002005,1095110d00000002,受访对象,1095110d20000004,1095110d20000004,,1,999,guochengjie,2025-02-27 20:09:46,guochengjie,2025-02-27 20:09:46,1,0
616,1795,1096110d10001008,1095110d00000002,被评价者,1095110d10000003,1095110d10000003,,1,999,guochengjie,2025-02-27 20:13:07,system_user,2025-02-27 20:13:07,0,0
617,1796,1096110d20003001,1095110d00000002,考核人,1095110d20000004,1095110d20000004,,1,999,guochengjie,2025-02-27 20:13:18,guochengjie,2025-02-27 20:13:18,0,0
618,1797,1096110d10002004,1095110d00000002,被考核人,1095110d10000003,1095110d10000003,,1,999,guochengjie,2025-02-27 20:13:53,system_user,2025-02-27 20:13:53,0,0
619,1798,1096120b10001003,1095120b0000000a,评价地点,1095120b1000000b,1095120b1000000b,评价场所，评价景点,1,999,guochengjie,2025-02-27 20:17:21,guochengjie,2025-02-27 20:17:21,0,0
620,1799,1096120b1000200c,1095120b0000000a,评价线路,1095120b1000000b,1095120b1000000b,评价的道路，评价的河流,1,999,guochengjie,2025-02-27 20:17:51,guochengjie,2025-02-27 20:17:51,0,0
621,1800,1096120b10003008,1095120b0000000a,评价区域,1095120b1000000b,1095120b1000000b,评价的场所,1,999,guochengjie,2025-02-27 20:17:56,guochengjie,2025-02-27 20:17:56,0,0
622,1801,1096120b10004004,1095120b0000000a,评价建筑,1095120b1000000b,1095120b1000000b,评价的房屋，评价的建筑,1,999,guochengjie,2025-02-27 20:18:07,guochengjie,2025-02-27 20:18:07,0,0
623,1802,1096120b20001004,1095120b0000000a,被评价地点,1095120b2000000c,1095120b2000000c,被评价场所，被评价景点,1,999,guochengjie,2025-02-27 20:23:18,guochengjie,2025-02-27 20:23:18,1,0
624,1803,1096120b20002000,1095120b0000000a,评价者,1095120b2000000c,1095120b2000000c,,1,999,guochengjie,2025-02-27 20:25:11,system_user,2025-02-27 20:25:11,0,0
625,1804,1096120b20003009,1095120b0000000a,考核者,1095120b2000000c,1095120b2000000c,,1,999,guochengjie,2025-02-27 20:25:36,system_user,2025-02-27 20:25:36,0,0
626,1805,1096120b20004005,1095120b0000000a,体验者,1095120b2000000c,1095120b2000000c,,1,999,guochengjie,2025-02-27 20:26:37,guochengjie,2025-02-27 20:26:37,1,0
627,1806,1096120b20005001,1095120b0000000a,监督者,1095120b2000000c,1095120b2000000c,,1,999,guochengjie,2025-02-27 20:26:52,system_user,2025-02-27 20:26:52,0,0
628,1807,1096130810001008,1095130800000002,被评价事件,1095130810000003,1095130810000003,,1,999,guochengjie,2025-02-27 20:28:35,system_user,2025-02-27 20:28:35,0,0
629,1808,1096130810002004,1095130800000002,被报道事件,1095130810000003,1095130810000003,,1,999,guochengjie,2025-02-27 20:29:05,system_user,2025-02-27 20:29:05,0,0
630,1809,1096130820001009,1095130800000002,评价者,1095130820000004,1095130820000004,,1,999,guochengjie,2025-02-27 20:30:07,system_user,2025-02-27 20:30:07,0,0
631,1810,1096130820002005,1095130800000002,考核者,1095130820000004,1095130820000004,,1,999,guochengjie,2025-02-27 20:30:12,system_user,2025-02-27 20:30:12,0,0
632,1811,1096140d1000100b,1095140d00000005,检验物品,1095140d10000006,1095140d10000006,检测设备，检测商品,1,999,guochengjie,2025-02-27 20:34:07,guochengjie,2025-02-27 20:34:07,0,0
633,1812,1096140d10002007,1095140d00000005,鉴定物品,1095140d10000006,1095140d10000006,鉴定文物，鉴定珠宝,1,999,guochengjie,2025-02-27 20:35:04,guochengjie,2025-02-27 20:35:04,0,0
634,1813,1096140d10003003,1095140d00000005,评估物品,1095140d10000006,1095140d10000006,评估样本，评估材料，评估产品，评估车辆,1,999,guochengjie,2025-02-27 20:35:34,guochengjie,2025-02-27 20:35:34,0,0
635,1814,1096140d1000400c,1095140d00000005,审计物品,1095140d10000006,1095140d10000006,审计材料，审计凭证,1,999,guochengjie,2025-02-27 20:36:51,guochengjie,2025-02-27 20:36:51,0,0
636,1815,1096140d10005008,1095140d00000005,报道物品,1095140d10000006,1095140d10000006,报道发明，报道技术，报道产品,1,999,guochengjie,2025-02-27 20:45:09,guochengjie,2025-02-27 20:45:09,0,0
637,1816,1096130820003001,1095130800000002,审计者,1095130820000004,1095130820000004,,1,999,guochengjie,2025-02-27 20:45:26,guochengjie,2025-02-27 20:45:26,0,0
638,1817,1096130810003000,1095130800000002,被审计事件,1095130810000003,1095130810000003,,1,999,guochengjie,2025-02-27 20:45:35,guochengjie,2025-02-27 20:45:35,0,0
639,1818,1096140d2000100c,1095140d00000005,检验者,1095140d20000007,1095140d20000007,,1,999,guochengjie,2025-02-27 20:51:26,system_user,2025-02-27 20:51:26,0,0
640,1819,1096140d20002008,1095140d00000005,鉴定人,1095140d20000007,1095140d20000007,,1,999,guochengjie,2025-02-27 20:51:37,system_user,2025-02-27 20:51:37,0,0
641,1820,1096140d20003004,1095140d00000005,评估人,1095140d20000007,1095140d20000007,,1,999,guochengjie,2025-02-27 20:51:42,system_user,2025-02-27 20:51:42,0,0
642,1821,1096140d20004000,1095140d00000005,审计人,1095140d20000007,1095140d20000007,,1,999,guochengjie,2025-02-27 20:51:48,system_user,2025-02-27 20:51:48,0,0
643,1822,1096140d20005009,1095140d00000005,报道者,1095140d20000007,1095140d20000007,,1,999,guochengjie,2025-02-27 20:51:57,system_user,2025-02-27 20:51:57,0,0
644,1823,1096150c10001009,1095150c00000003,被评价组织,1095150c10000004,1095150c10000004,,1,999,guochengjie,2025-02-27 20:52:18,system_user,2025-02-27 20:52:18,0,0
645,1824,1096150c10002005,1095150c00000003,被报道组织,1095150c10000004,1095150c10000004,,1,999,guochengjie,2025-02-27 20:52:29,system_user,2025-02-27 20:52:29,0,0
646,1825,1096150c10003001,1095150c00000003,被审计组织,1095150c10000004,1095150c10000004,,1,999,guochengjie,2025-02-27 20:52:35,system_user,2025-02-27 20:52:35,0,0
647,1826,1096150c2000100a,1095150c00000003,审计人,1095150c20000005,1095150c20000005,,1,999,guochengjie,2025-02-27 20:53:03,baishumeng,2025-02-27 20:53:03,1,0
648,1827,1096150c20002006,1095150c00000003,评估人,1095150c20000005,1095150c20000005,,1,999,guochengjie,2025-02-27 20:53:07,baishumeng,2025-02-27 20:53:07,1,0
649,1828,1096150c20003002,1095150c00000003,报道者,1095150c20000005,1095150c20000005,,1,999,guochengjie,2025-02-27 20:53:16,baishumeng,2025-02-27 20:53:16,1,0
650,1829,1096150d1000100c,1095150d00000006,被评价人,1095150d10000007,1095150d10000007,,1,999,guochengjie,2025-02-27 20:54:28,system_user,2025-02-27 20:54:28,0,0
651,1830,1096150d10002008,1095150d00000006,被审查人,1095150d10000007,1095150d10000007,,1,999,guochengjie,2025-02-27 20:54:38,guochengjie,2025-02-27 20:54:38,0,0
652,1831,1096150d10003004,1095150d00000006,被报道人,1095150d10000007,1095150d10000007,,1,999,guochengjie,2025-02-27 20:55:04,system_user,2025-02-27 20:55:04,0,0
653,1832,1096150d20001000,1095150d00000006,评估机构,1095150d20000008,1095150d20000008,,1,999,guochengjie,2025-02-27 20:55:44,baishumeng,2025-02-27 20:55:44,1,0
654,1833,1096150d20002009,1095150d00000006,审查单位,1095150d20000008,1095150d20000008,,1,999,guochengjie,2025-02-27 20:55:53,baishumeng,2025-02-27 20:55:53,1,0
655,1834,1096150d20003005,1095150d00000006,报道组织,1095150d20000008,1095150d20000008,,1,999,guochengjie,2025-02-27 20:56:09,baishumeng,2025-02-27 20:56:09,1,0
656,1835,1096520910001009,1095520900000003,检查地点,1095520910000004,1095520910000004,,1,999,guochengjie,2025-02-27 20:56:33,guochengjie,2025-02-27 20:56:33,0,0
657,1836,1096520910002005,1095520900000003,报道地点,1095520910000004,1095520910000004,,1,999,guochengjie,2025-02-27 20:57:04,system_user,2025-02-27 20:57:04,0,0
658,1837,1096520910003001,1095520900000003,审计地点,1095520910000004,1095520910000004,,1,999,guochengjie,2025-02-27 20:57:10,system_user,2025-02-27 20:57:10,0,0
659,1838,109652092000100a,1095520900000003,评估单位,1095520920000005,1095520920000005,,1,999,guochengjie,2025-02-27 20:57:30,system_user,2025-02-27 20:57:30,0,0
660,1839,109652091000400a,1095520900000003,评估地点,1095520910000004,1095520910000004,环保评估等,1,999,guochengjie,2025-02-27 20:58:00,system_user,2025-02-27 20:58:00,0,0
661,1840,1096520920002006,1095520900000003,审计单位,1095520920000005,1095520920000005,,1,999,guochengjie,2025-02-27 20:58:09,system_user,2025-02-27 20:58:09,0,0
662,1841,1096520920003002,1095520900000003,报道单位,1095520920000005,1095520920000005,,1,999,guochengjie,2025-02-27 20:58:14,system_user,2025-02-27 20:58:14,0,0
663,1842,109652092000400b,1095520900000003,检验单位,1095520920000005,1095520920000005,,1,999,guochengjie,2025-02-27 20:58:31,system_user,2025-02-27 20:58:31,0,0
664,1843,1096530610001001,1095530600000008,被评价的事,1095530610000009,1095530610000009,,1,999,guochengjie,2025-02-27 21:03:27,guochengjie,2025-02-27 21:03:27,0,0
665,1844,109653061000200a,1095530600000008,被报道的事,1095530610000009,1095530610000009,,1,999,guochengjie,2025-02-27 21:03:37,guochengjie,2025-02-27 21:03:37,0,0
666,1845,1096530610003006,1095530600000008,被审计的事,1095530610000009,1095530610000009,,1,999,guochengjie,2025-02-27 21:03:44,guochengjie,2025-02-27 21:03:44,0,0
667,1846,1096530610004002,1095530600000008,被评估的事,1095530610000009,1095530610000009,,1,999,guochengjie,2025-02-27 21:03:50,system_user,2025-02-27 21:03:50,0,0
668,1847,1096530620001002,1095530600000008,评估组织,109553062000000a,109553062000000a,,1,999,guochengjie,2025-02-27 21:04:39,system_user,2025-02-27 21:04:39,0,0
669,1848,109653062000200b,1095530600000008,审计组织,109553062000000a,109553062000000a,,1,999,guochengjie,2025-02-27 21:04:58,system_user,2025-02-27 21:04:58,0,0
670,1849,1096530620003007,1095530600000008,报道单位,109553062000000a,109553062000000a,,1,999,guochengjie,2025-02-27 21:05:06,guochengjie,2025-02-27 21:05:06,0,0
671,1850,109654091000100b,1095540900000005,鉴定物品,1095540910000006,1095540910000006,,1,999,guochengjie,2025-02-27 21:05:39,system_user,2025-02-27 21:05:39,0,0
672,1851,1096540910002007,1095540900000005,检验物品,1095540910000006,1095540910000006,,1,999,guochengjie,2025-02-27 21:05:44,system_user,2025-02-27 21:05:44,0,0
673,1852,1096540910003003,1095540900000005,评估物品,1095540910000006,1095540910000006,,1,999,guochengjie,2025-02-27 21:05:52,system_user,2025-02-27 21:05:52,0,0
674,1853,109654091000400c,1095540900000005,审计物品,1095540910000006,1095540910000006,,1,999,guochengjie,2025-02-27 21:05:59,system_user,2025-02-27 21:05:59,0,0
675,1854,1096540910005008,1095540900000005,报道物品,1095540910000006,1095540910000006,,1,999,guochengjie,2025-02-27 21:06:04,system_user,2025-02-27 21:06:04,0,0
676,1855,109654092000100c,1095540900000005,检验组织,1095540920000007,1095540920000007,,1,999,guochengjie,2025-02-27 21:09:49,system_user,2025-02-27 21:09:49,0,0
677,1856,1096540920002008,1095540900000005,鉴定组织,1095540920000007,1095540920000007,,1,999,guochengjie,2025-02-27 21:09:53,system_user,2025-02-27 21:09:53,0,0
678,1857,1096540920003004,1095540900000005,评估单位,1095540920000007,1095540920000007,,1,999,guochengjie,2025-02-27 21:10:00,system_user,2025-02-27 21:10:00,0,0
679,1858,1096540920004000,1095540900000005,审计单位,1095540920000007,1095540920000007,,1,999,guochengjie,2025-02-27 21:10:05,system_user,2025-02-27 21:10:05,0,0
680,1859,1096540920005009,1095540900000005,报道单位,1095540920000007,1095540920000007,媒体报道，政府报道,1,999,guochengjie,2025-02-27 21:10:10,guochengjie,2025-02-27 21:10:10,0,0
681,1860,1096550810001009,1095550800000003,被评价的组织,1095550810000004,1095550810000004,,1,999,guochengjie,2025-02-27 21:10:31,system_user,2025-02-27 21:10:31,0,0
682,1861,1096550810002005,1095550800000003,被审计的组织,1095550810000004,1095550810000004,,1,999,guochengjie,2025-02-27 21:10:38,system_user,2025-02-27 21:10:38,0,0
683,1862,1096550810003001,1095550800000003,被报道的组织,1095550810000004,1095550810000004,,1,999,guochengjie,2025-02-27 21:10:44,system_user,2025-02-27 21:10:44,0,0
684,1863,109655081000400a,1095550800000003,被鉴定的组织,1095550810000004,1095550810000004,,1,999,guochengjie,2025-02-27 21:10:55,system_user,2025-02-27 21:10:55,0,0
685,1864,109655082000100a,1095550800000003,检验机构,1095550820000005,1095550820000005,,1,999,guochengjie,2025-02-27 21:11:04,system_user,2025-02-27 21:11:04,0,0
686,1865,1096550820002006,1095550800000003,鉴定机构,1095550820000005,1095550820000005,,1,999,guochengjie,2025-02-27 21:11:09,system_user,2025-02-27 21:11:09,0,0
687,1866,1096550820003002,1095550800000003,评估机构,1095550820000005,1095550820000005,,1,999,guochengjie,2025-02-27 21:11:13,system_user,2025-02-27 21:11:13,0,0
688,1867,109655082000400b,1095550800000003,审计机构,1095550820000005,1095550820000005,,1,999,guochengjie,2025-02-27 21:11:31,system_user,2025-02-27 21:11:31,0,0
689,1868,1096550820005007,1095550800000003,报道单位,1095550820000005,1095550820000005,,1,999,guochengjie,2025-02-27 21:11:39,system_user,2025-02-27 21:11:39,0,0
690,1869,1096110d2000400a,1095110d00000002,自我评价,1095110d20000004,1095110d20000004,,1,999,qidekang,2025-02-27 22:40:43,system_user,2025-02-27 22:40:43,0,0
691,1870,109612081000300c,1095120800000001,场所消杀,1095120810000002,1095120810000002,,1,999,qidekang,2025-02-27 23:08:31,system_user,2025-02-27 23:08:31,0,0
692,1871,1096140c10001008,1095140c00000002,观察物品,1095140c10000003,1095140c10000003,,1,999,qidekang,2025-02-27 23:09:35,guochengjie,2025-02-27 23:09:35,0,0
693,1872,1096140c10002004,1095140c00000002,品尝美食,1095140c10000003,1095140c10000003,,1,999,qidekang,2025-02-27 23:09:50,qidekang,2025-02-27 23:09:50,1,0
694,1873,1096140c20001009,1095140c00000002,发现者,1095140c20000004,1095140c20000004,,1,999,qidekang,2025-02-27 23:11:54,qidekang,2025-02-27 23:11:54,0,0
695,1874,1096140310009001,1095140300000001,品尝美食,1095140310000002,1095140310000002,,1,999,qidekang,2025-02-27 23:13:21,system_user,2025-02-27 23:13:21,0,0
696,1875,1096340120005005,1095340100000001,依据文件,1095340120000003,1095340120000003,,1,999,qidekang,2025-02-27 23:15:22,guochengjie,2025-02-27 23:15:22,0,0
697,1876,109615032000400a,1095150300000002,借调员工,1095150320000004,1095150320000004,,1,999,qidekang,2025-02-27 23:18:27,qidekang,2025-02-27 23:18:27,1,0
698,1877,1096150320005006,1095150300000002,劳务派遣人员,1095150320000004,1095150320000004,,1,1,qidekang,2025-02-27 23:18:52,guochengjie,2025-02-27 23:18:52,1,0
699,1878,1096150320006002,1095150300000002,实习生,1095150320000004,1095150320000004,,1,2,qidekang,2025-02-27 23:19:01,guochengjie,2025-02-27 23:19:01,1,0
700,1879,109615032000700b,1095150300000002,特聘顾问,1095150320000004,1095150320000004,,1,3,qidekang,2025-02-27 23:20:07,qidekang,2025-02-27 23:20:07,1,0
701,1880,1096150320008007,1095150300000002,学校学生,1095150320000004,1095150320000004,,1,999,qidekang,2025-02-27 23:20:42,system_user,2025-02-27 23:20:42,0,0
702,1881,1096150510003006,1095150500000008,志愿协会,1095150510000009,1095150510000009,,1,0,qidekang,2025-02-27 23:21:26,qidekang,2025-02-27 23:21:26,0,0
703,1882,1096330210003001,1095330200000003,结果事件,1095330210000004,1095330210000004,,1,999,qidekang,2025-02-27 23:33:19,system_user,2025-02-27 23:33:19,0,0
704,1883,1096330220002006,1095330200000003,直接原因事件,1095330220000005,1095330220000005,,1,999,qidekang,2025-02-27 23:33:27,system_user,2025-02-27 23:33:27,0,0
705,1884,1096330220003002,1095330200000003,间接原因事件,1095330220000005,1095330220000005,,1,999,qidekang,2025-02-27 23:33:33,system_user,2025-02-27 23:33:33,0,0
706,1885,1096140b10002001,1095140b0000000c,意向商品,1095140b10000000,1095140b10000000,,1,999,qidekang,2025-02-27 23:38:42,system_user,2025-02-27 23:38:42,0,0
707,1886,1096140b20002002,1095140b0000000c,潜在客户,1095140b20000001,1095140b20000001,,1,999,qidekang,2025-02-27 23:39:01,guochengjie,2025-02-27 23:39:01,1,0
708,1887,1096140a2000200c,1095140a00000009,有害粉尘,1095140a2000000b,1095140a2000000b,,1,999,qidekang,2025-02-27 23:39:56,system_user,2025-02-27 23:39:56,0,0
709,1888,1096140a20003008,1095140a00000009,噪音污染,1095140a2000000b,1095140a2000000b,,1,999,qidekang,2025-02-27 23:40:05,system_user,2025-02-27 23:40:05,0,0
710,1889,1096140c20002005,1095140c00000002,观测人,1095140c20000004,1095140c20000004,,1,999,qidekang,2025-02-27 23:47:58,system_user,2025-02-27 23:47:58,0,0
711,1890,1096240530001005,109524050000000a,地区空气质量检测设备,1095240530000000,1095240530000000,,1,999,qidekang,2025-02-27 23:50:43,guochengjie,2025-02-27 23:50:43,1,0
712,1891,1096240530002001,109524050000000a,道路车流量检测设备,1095240530000000,1095240530000000,,1,999,qidekang,2025-02-27 23:51:17,guochengjie,2025-02-27 23:51:17,1,0
713,1892,1096240510001003,109524050000000a,空气质量监测区域,109524051000000b,109524051000000b,,1,999,qidekang,2025-02-27 23:51:40,guochengjie,2025-02-27 23:51:40,0,0
714,1893,109624051000200c,109524050000000a,道路车流量监测区域,109524051000000b,109524051000000b,,1,999,qidekang,2025-02-27 23:51:50,guochengjie,2025-02-27 23:51:50,1,0
715,1894,1096150a20002000,1095150a0000000a,培训机构,1095150a2000000c,1095150a2000000c,,1,1,qidekang,2025-02-28 01:59:48,qidekang,2025-02-28 01:59:48,0,0
716,1895,1096150a1000200c,1095150a0000000a,顾客,1095150a1000000b,1095150a1000000b,,1,999,qidekang,2025-02-28 02:01:44,system_user,2025-02-28 02:01:44,0,0
717,1896,1096150a20003009,1095150a0000000a,代理机构,1095150a2000000c,1095150a2000000c,,1,2,qidekang,2025-02-28 02:01:55,qidekang,2025-02-28 02:01:55,0,0
718,1897,109615031000a00b,1095150300000002,所属家庭,1095150310000003,1095150310000003,,1,6,guochengjie,2025-02-28 02:03:05,guochengjie,2025-02-28 02:03:05,0,0
719,1898,1096150a20004005,1095150a0000000a,餐厅酒店,1095150a2000000c,1095150a2000000c,,1,3,qidekang,2025-02-28 02:03:08,qidekang,2025-02-28 02:03:08,0,0
720,1899,1096150320009003,1095150300000002,家庭成员,1095150320000004,1095150320000004,,1,999,guochengjie,2025-02-28 02:03:12,system_user,2025-02-28 02:03:12,0,0
721,1900,1096150210002001,109515020000000c,管理的家庭,1095150210000000,1095150210000000,,1,999,guochengjie,2025-02-28 02:04:45,guochengjie,2025-02-28 02:04:45,1,0
722,1901,1096520820001007,1095520800000000,当地政府,1095520820000002,1095520820000002,,1,999,qidekang,2025-02-28 02:06:10,system_user,2025-02-28 02:06:10,0,0
723,1902,1096520810001006,1095520800000000,经营的地区,1095520810000001,1095520810000001,,1,999,qidekang,2025-02-28 02:07:29,system_user,2025-02-28 02:07:29,0,0
724,1903,1096110430002005,1095110400000001,团队搭档,1095110430000004,1095110430000004,,1,999,guochengjie,2025-02-28 02:20:51,system_user,2025-02-28 02:20:51,0,0
725,1904,1096120120004001,1095120100000006,籍贯居民,1095120120000008,1095120120000008,,1,999,guochengjie,2025-02-28 10:49:20,system_user,2025-02-28 10:49:20,0,0
726,1905,1096120410002004,1095120400000002,维修的道路,1095120410000003,1095120410000003,,1,999,guochengjie,2025-02-28 10:50:02,guochengjie,2025-02-28 10:50:02,1,0
727,1906,1096120410003000,1095120400000002,建设的桥梁,1095120410000003,1095120410000003,,1,999,guochengjie,2025-02-28 10:50:26,guochengjie,2025-02-28 10:50:26,0,0
728,1907,1096130320004008,1095130300000000,执行人,1095130320000002,1095130320000002,,1,3,guochengjie,2025-02-28 10:51:25,guochengjie,2025-02-28 10:51:25,0,0
729,1908,1096130320005004,1095130300000000,协调人,1095130320000002,1095130320000002,,1,4,guochengjie,2025-02-28 10:51:29,guochengjie,2025-02-28 10:51:29,0,0
730,1909,1096120720002001,109512070000000b,安保人员,1095120720000000,1095120720000000,,1,999,guochengjie,2025-02-28 10:58:03,system_user,2025-02-28 10:58:03,0,0
731,1910,109612072000300a,109512070000000b,区域负责人,1095120720000000,1095120720000000,,1,999,guochengjie,2025-02-28 10:58:09,system_user,2025-02-28 10:58:09,0,0
732,1911,1096120720004006,109512070000000b,楼长,1095120720000000,1095120720000000,,1,999,guochengjie,2025-02-28 10:58:16,system_user,2025-02-28 10:58:16,0,0
733,1912,1096120720005002,109512070000000b,社区主任,1095120720000000,1095120720000000,,1,999,guochengjie,2025-02-28 10:58:27,system_user,2025-02-28 10:58:27,0,0
734,1913,1096140b1000300a,1095140b0000000c,处置资产,1095140b10000000,1095140b10000000,,1,999,guochengjie,2025-02-28 11:02:18,system_user,2025-02-28 11:02:18,0,0
735,1914,1096110b30004005,1095110b00000009,邻里乡亲,1095110b3000000c,1095110b3000000c,,1,999,guochengjie,2025-02-28 11:10:00,system_user,2025-02-28 11:10:00,0,0
736,1915,1096110b30005001,1095110b00000009,邻里乡亲,1095110b3000000c,1095110b3000000c,,1,999,guochengjie,2025-02-28 11:10:01,guochengjie,2025-02-28 11:10:01,1,0
737,1916,1096110b3000600a,1095110b00000009,朋友,1095110b3000000c,1095110b3000000c,,1,999,guochengjie,2025-02-28 11:10:33,system_user,2025-02-28 11:10:33,0,0
738,1917,1096110c30002003,1095110c0000000c,交易对手,1095110c30000002,1095110c30000002,,1,999,guochengjie,2025-02-28 11:10:58,guochengjie,2025-02-28 11:10:58,1,0
739,1918,1096110230003008,1095110200000008,冲突双方,109511023000000b,109511023000000b,,1,999,guochengjie,2025-02-28 11:13:39,system_user,2025-02-28 11:13:39,0,0
740,1919,1096110230004004,1095110200000008,争议双方,109511023000000b,109511023000000b,,1,999,guochengjie,2025-02-28 11:13:46,system_user,2025-02-28 11:13:46,0,0
741,1920,109611032000300a,109511030000000b,人事经理,1095110320000000,1095110320000000,,1,999,guochengjie,2025-02-28 11:14:00,system_user,2025-02-28 11:14:00,0,0
742,1921,1096110c3000300c,1095110c0000000c,购销双方,1095110c30000002,1095110c30000002,,1,999,guochengjie,2025-02-28 11:42:24,system_user,2025-02-28 11:42:24,0,0
743,1922,1096120a10002009,1095120a00000007,抵押地块,1095120a10000008,1095120a10000008,,1,4,guochengjie,2025-02-28 11:43:20,guochengjie,2025-02-28 11:43:20,0,0
744,1923,1096120a10003005,1095120a00000007,出售房屋,1095120a10000008,1095120a10000008,,1,1,guochengjie,2025-02-28 11:43:26,guochengjie,2025-02-28 11:43:26,0,0
745,1924,1096120a10004001,1095120a00000007,捐赠地块,1095120a10000008,1095120a10000008,,1,3,guochengjie,2025-02-28 11:45:41,guochengjie,2025-02-28 11:45:41,0,0
746,1925,1096120a1000500a,1095120a00000007,出售建筑,1095120a10000008,1095120a10000008,,1,2,guochengjie,2025-02-28 11:46:52,guochengjie,2025-02-28 11:46:52,0,0
747,1926,1096120a10006006,1095120a00000007,捐赠房屋,1095120a10000008,1095120a10000008,,1,999,guochengjie,2025-02-28 11:56:06,system_user,2025-02-28 11:56:06,0,0
748,1927,1096120a10007002,1095120a00000007,捐赠建筑,1095120a10000008,1095120a10000008,,1,999,guochengjie,2025-02-28 11:56:15,system_user,2025-02-28 11:56:15,0,0
749,1928,1096120a1000800b,1095120a00000007,抵押房屋,1095120a10000008,1095120a10000008,,1,999,guochengjie,2025-02-28 11:56:27,guochengjie,2025-02-28 11:56:27,1,0
750,1929,1096120a10009007,1095120a00000007,抵押建筑,1095120a10000008,1095120a10000008,,1,999,guochengjie,2025-02-28 11:56:32,system_user,2025-02-28 11:56:32,0,0
751,1930,1096120a2000200a,1095120a00000007,抵押人,1095120a20000009,1095120a20000009,,1,999,guochengjie,2025-02-28 11:59:11,guochengjie,2025-02-28 11:59:11,0,0
752,1931,1096120a20003006,1095120a00000007,捐赠人,1095120a20000009,1095120a20000009,,1,999,guochengjie,2025-02-28 11:59:39,system_user,2025-02-28 11:59:39,0,0
753,1932,1096120820005005,1095120800000001,维修工人,1095120820000003,1095120820000003,,1,999,guochengjie,2025-02-28 12:10:12,system_user,2025-02-28 12:10:12,0,0
754,1933,1096120820006001,1095120800000001,巡查人员,1095120820000003,1095120820000003,地点巡查，河道巡查，铁路巡查，道路巡查,1,999,guochengjie,2025-02-28 12:10:19,guochengjie,2025-02-28 12:10:19,0,0
755,1934,1096140c10003000,1095140c00000002,识别对象,1095140c10000003,1095140c10000003,,1,999,guochengjie,2025-02-28 14:10:01,system_user,2025-02-28 14:10:01,0,0
756,1935,1096140c10004009,1095140c00000002,感知目标,1095140c10000003,1095140c10000003,,1,999,guochengjie,2025-02-28 14:11:50,system_user,2025-02-28 14:11:50,0,0
757,1936,1096130520006006,1095130500000006,行政处罚,1095130520000008,1095130520000008,,1,999,guochengjie,2025-02-28 14:43:06,system_user,2025-02-28 14:43:06,0,0
758,1937,1096130520007002,1095130500000006,政策变动,1095130520000008,1095130520000008,,1,999,guochengjie,2025-02-28 14:43:17,system_user,2025-02-28 14:43:17,0,0
759,1938,1096130220005001,109513020000000a,观察员,109513022000000c,109513022000000c,,1,999,guochengjie,2025-02-28 14:43:57,system_user,2025-02-28 14:43:57,0,0
760,1939,109613022000600a,109513020000000a,评审员,109513022000000c,109513022000000c,,1,999,guochengjie,2025-02-28 14:44:03,system_user,2025-02-28 14:44:03,0,0
761,1940,1096130220007006,109513020000000a,公证员,109513022000000c,109513022000000c,,1,999,guochengjie,2025-02-28 14:44:08,system_user,2025-02-28 14:44:08,0,0
762,1941,1096120220004004,1095120200000009,考察人员,109512022000000b,109512022000000b,,1,999,guochengjie,2025-02-28 14:44:28,system_user,2025-02-28 14:44:28,0,0
763,1942,1096120220005000,1095120200000009,访客,109512022000000b,109512022000000b,,1,999,guochengjie,2025-02-28 14:44:47,system_user,2025-02-28 14:44:47,0,0
764,1943,1096150a20005001,1095150a0000000a,社会保障机构,1095150a2000000c,1095150a2000000c,,1,4,guochengjie,2025-02-28 14:45:20,guochengjie,2025-02-28 14:45:20,0,0
765,1944,1096150a2000600a,1095150a0000000a,公共事业机构,1095150a2000000c,1095150a2000000c,,1,5,guochengjie,2025-02-28 14:45:32,guochengjie,2025-02-28 14:45:32,0,0
766,1945,1096140a20004004,1095140a00000009,有害生物,1095140a2000000b,1095140a2000000b,,1,999,guochengjie,2025-02-28 14:45:57,system_user,2025-02-28 14:45:57,0,0
767,1946,109614011000200a,1095140100000008,设计方案,1095140110000009,1095140110000009,,1,999,guochengjie,2025-02-28 14:53:17,system_user,2025-02-28 14:53:17,0,0
768,1947,1096130410005006,1095130400000003,稽查案件,1095130410000004,1095130410000004,,1,999,guochengjie,2025-02-28 14:53:50,system_user,2025-02-28 14:53:50,0,0
769,1948,1096130410006002,1095130400000003,审核事件,1095130410000004,1095130410000004,,1,999,guochengjie,2025-02-28 14:53:58,system_user,2025-02-28 14:53:58,0,0
770,1949,1096130120007003,1095130100000007,牵头人,1095130120000009,1095130120000009,,1,999,guochengjie,2025-02-28 15:15:33,system_user,2025-02-28 15:15:33,0,0
771,1950,109614042000400c,1095140400000004,资产所有人,1095140420000006,1095140420000006,,1,999,guochengjie,2025-02-28 15:16:05,system_user,2025-02-28 15:16:05,0,0
772,1951,1096140420005008,1095140400000004,保单受益人,1095140420000006,1095140420000006,,1,999,guochengjie,2025-02-28 15:16:21,system_user,2025-02-28 15:16:21,0,0
773,1952,109615031000b007,1095150300000002,所属团队,1095150310000003,1095150310000003,,1,7,guochengjie,2025-02-28 15:20:37,guochengjie,2025-02-28 15:20:37,0,0
774,1953,109614031000a00a,1095140300000001,使用工具,1095140310000002,1095140310000002,,1,999,guochengjie,2025-02-28 15:21:32,guochengjie,2025-02-28 15:21:32,0,0
775,1954,109614031000b006,1095140300000001,通讯工具使用,1095140310000002,1095140310000002,,1,999,guochengjie,2025-02-28 15:21:48,guochengjie,2025-02-28 15:21:48,1,0
776,1955,109615082000400c,1095150800000004,资助单位,1095150820000006,1095150820000006,,1,999,guochengjie,2025-02-28 15:22:37,guochengjie,2025-02-28 15:22:37,1,0
777,1956,1096150820005008,1095150800000004,评优机构,1095150820000006,1095150820000006,,1,999,guochengjie,2025-02-28 15:22:42,guochengjie,2025-02-28 15:22:42,1,0
778,1957,1096440630003006,1095440600000006,设计图纸,1095440630000009,1095440630000009,,1,999,guochengjie,2025-02-28 15:22:59,baishumeng,2025-02-28 15:22:59,0,0
779,1958,1096440630004002,1095440600000006,租赁合同,1095440630000009,1095440630000009,,1,999,guochengjie,2025-02-28 15:23:08,system_user,2025-02-28 15:23:08,0,0
780,1959,109615031000c003,1095150300000002,就读院校,1095150310000003,1095150310000003,,1,8,guochengjie,2025-02-28 15:46:24,guochengjie,2025-02-28 15:46:24,0,0
781,1960,1096520820002003,1095520800000000,经营组织,1095520820000002,1095520820000002,,1,999,baishumeng,2025-02-28 22:35:29,baishumeng,2025-02-28 22:35:29,1,0
782,1961,1096520520002007,1095520500000004,经营组织,1095520520000006,1095520520000006,,1,999,baishumeng,2025-02-28 22:37:23,guochengjie,2025-02-28 22:37:23,1,0
783,1962,1096150820006004,1095150800000004,申请人,1095150820000006,1095150820000006,,1,999,lichunyang,2025-03-01 17:42:16,system_user,2025-03-01 17:42:16,0,0
784,1963,1096150820007000,1095150800000004,求职者,1095150820000006,1095150820000006,,1,999,lichunyang,2025-03-01 17:42:31,system_user,2025-03-01 17:42:31,0,0
785,1964,1096140b2000300b,1095140b0000000c,出让物主,1095140b20000001,1095140b20000001,,1,999,guochengjie,2025-03-02 03:15:35,system_user,2025-03-02 03:15:35,0,0
786,1965,1096140b10004006,1095140b0000000c,授权专利,1095140b10000000,1095140b10000000,,1,999,guochengjie,2025-03-02 03:16:01,system_user,2025-03-02 03:16:01,0,0
787,1966,1096140b10005002,1095140b0000000c,捐赠物品,1095140b10000000,1095140b10000000,,1,999,guochengjie,2025-03-02 03:16:19,guochengjie,2025-03-02 03:16:19,0,0
788,1967,1096150110003007,1095150100000009,创建的组织,109515011000000a,109515011000000a,,1,999,guochengjie,2025-03-02 03:16:55,guochengjie,2025-03-02 03:16:55,0,0
789,1968,109615032000a00c,1095150300000002,团队成员,1095150320000004,1095150320000004,,1,999,guochengjie,2025-03-02 03:17:41,system_user,2025-03-02 03:17:41,0,0
790,1969,1096140b1000600b,1095140b0000000c,租赁物品,1095140b10000000,1095140b10000000,,1,999,guochengjie,2025-03-02 03:19:30,system_user,2025-03-02 03:19:30,0,0
791,1970,1096140b20004007,1095140b0000000c,租赁当事人,1095140b20000001,1095140b20000001,,1,999,guochengjie,2025-03-02 03:21:03,system_user,2025-03-02 03:21:03,0,0
792,1971,109615031000d00c,1095150300000002,所属国家,1095150310000003,1095150310000003,,1,9,guochengjie,2025-03-02 17:33:45,guochengjie,2025-03-02 17:33:45,1,0
793,1972,109612011000e00c,1095120100000006,籍贯地址,1095120110000007,1095120110000007,,1,999,guochengjie,2025-03-03 01:03:50,system_user,2025-03-03 01:03:50,0,0
794,1973,109615031000e008,1095150300000002,所属政党,1095150310000003,1095150310000003,,1,10,guochengjie,2025-03-03 01:06:08,guochengjie,2025-03-03 01:06:08,0,0
795,1974,1096140410010002,1095140400000004,个人收入,1095140410000005,1095140410000005,,1,999,guochengjie,2025-03-03 01:17:36,system_user,2025-03-03 01:17:36,0,0
796,1975,109614041001100b,1095140400000004,个人病症,1095140410000005,1095140410000005,,1,999,guochengjie,2025-03-03 01:24:10,guochengjie,2025-03-03 01:24:10,1,0
797,1976,1096340120006001,1095340100000001,所用工具,1095340120000003,1095340120000003,,1,999,guochengjie,2025-03-03 01:33:49,system_user,2025-03-03 01:33:49,0,0
798,1977,1096530520004000,1095530500000005,责任单位,1095530520000007,1095530520000007,,1,999,guochengjie,2025-03-03 01:34:30,system_user,2025-03-03 01:34:30,0,0
799,1978,1096240510003008,109524050000000a,噪音强度检测区域,109524051000000b,109524051000000b,,1,999,guochengjie,2025-03-03 02:57:00,guochengjie,2025-03-03 02:57:00,1,0
800,1979,109624053000300a,109524050000000a,地区噪音检测设备,1095240530000000,1095240530000000,,1,999,guochengjie,2025-03-03 02:57:19,guochengjie,2025-03-03 02:57:19,1,0
801,1980,1096150d10004000,1095150d00000006,被考核人,1095150d10000007,1095150d10000007,,1,999,guochengjie,2025-03-03 02:59:36,system_user,2025-03-03 02:59:36,0,0
802,1981,1096150d20004001,1095150d00000006,考核单位,1095150d20000008,1095150d20000008,,1,999,guochengjie,2025-03-03 02:59:42,baishumeng,2025-03-03 02:59:42,1,0
803,1982,1096110430003001,1095110400000001,担保双方,1095110430000004,1095110430000004,,1,999,guochengjie,2025-03-03 03:29:00,system_user,2025-03-03 03:29:00,0,0
804,1983,1096130310007008,1095130300000000,验收事件,1095130310000001,1095130310000001,,1,999,guochengjie,2025-03-03 03:31:41,system_user,2025-03-03 03:31:41,0,0
805,1984,1096130320006000,1095130300000000,验收人,1095130320000002,1095130320000002,,1,5,guochengjie,2025-03-03 03:31:47,guochengjie,2025-03-03 03:31:47,0,0
806,1985,109615081000400b,1095150800000004,评奖单位,1095150810000005,1095150810000005,,1,999,guochengjie,2025-03-03 03:47:18,system_user,2025-03-03 03:47:18,0,0
807,1986,1096150810005007,1095150800000004,资助单位,1095150810000005,1095150810000005,,1,999,guochengjie,2025-03-03 03:47:25,system_user,2025-03-03 03:47:25,0,0
808,1987,1096150810006003,1095150800000004,评优单位,1095150810000005,1095150810000005,,1,999,guochengjie,2025-03-03 03:47:29,system_user,2025-03-03 03:47:29,0,0
809,1988,109615081000700c,1095150800000004,评优机构,1095150810000005,1095150810000005,,1,999,guochengjie,2025-03-03 03:49:23,guochengjie,2025-03-03 03:49:23,1,0
810,1989,1096150820008009,1095150800000004,报考者,1095150820000006,1095150820000006,,1,999,guochengjie,2025-03-03 03:53:33,system_user,2025-03-03 03:53:33,0,0
811,1990,109634032000200a,1095340300000007,涉及的灾害,1095340320000009,1095340320000009,,1,999,guochengjie,2025-03-03 03:56:55,guochengjie,2025-03-03 03:56:55,0,0
812,1991,1096340320003006,1095340300000007,涉及的案件,1095340320000009,1095340320000009,,1,999,guochengjie,2025-03-03 03:59:27,system_user,2025-03-03 03:59:27,0,0
813,1992,109615032000b008,1095150300000002,就读院系,1095150320000004,1095150320000004,,1,999,guochengjie,2025-03-03 04:02:20,baishumeng,2025-03-03 04:02:20,1,0
814,1993,109615032000c004,1095150300000002,所属专业,1095150320000004,1095150320000004,,1,999,guochengjie,2025-03-03 04:02:29,baishumeng,2025-03-03 04:02:29,1,0
815,1994,1096550630002001,109555060000000a,协议双方,1095550630000000,1095550630000000,,1,999,guochengjie,2025-03-03 04:04:28,guochengjie,2025-03-03 04:04:28,0,0
816,1995,109612072000600b,109512070000000b,网格长,1095120720000000,1095120720000000,,1,999,guochengjie,2025-03-03 04:10:53,system_user,2025-03-03 04:10:53,0,0
817,1996,1096150920003006,1095150900000007,关押机关,1095150920000009,1095150920000009,,1,999,guochengjie,2025-03-03 04:43:56,system_user,2025-03-03 04:43:56,0,0
818,1997,109655071000300b,1095550700000000,申诉单位,1095550710000001,1095550710000001,,1,999,guochengjie,2025-03-03 04:44:48,guochengjie,2025-03-03 04:44:48,1,0
819,1998,109655072000300c,1095550700000000,应诉单位,1095550720000002,1095550720000002,,1,999,guochengjie,2025-03-03 04:46:17,guochengjie,2025-03-03 04:46:17,1,0
820,1999,1096550720004008,1095550700000000,接待部门,1095550720000002,1095550720000002,,1,999,guochengjie,2025-03-03 04:46:21,guochengjie,2025-03-03 04:46:21,1,0
821,2000,1096520110006004,1095520100000005,通信地址,1095520110000006,1095520110000006,,1,999,guochengjie,2025-03-03 14:38:09,system_user,2025-03-03 14:38:09,0,0
822,2001,1096550110006007,1095550100000008,下属部门,1095550110000009,1095550110000009,,1,999,guochengjie,2025-03-03 15:06:34,system_user,2025-03-03 15:06:34,0,0
823,2002,1096550110007003,1095550100000008,子公司,1095550110000009,1095550110000009,,1,999,guochengjie,2025-03-03 15:06:53,system_user,2025-03-03 15:06:53,0,0
824,2003,109655011000800c,1095550100000008,直属单位,1095550110000009,1095550110000009,,1,999,guochengjie,2025-03-03 15:06:59,system_user,2025-03-03 15:06:59,0,0
825,2004,1096550110009008,1095550100000008,分支机构,1095550110000009,1095550110000009,,1,999,guochengjie,2025-03-03 15:07:05,system_user,2025-03-03 15:07:05,0,0
826,2005,109655011000a004,1095550100000008,内设部门,1095550110000009,1095550110000009,,1,999,guochengjie,2025-03-03 15:07:10,guochengjie,2025-03-03 15:07:10,1,0
827,2006,1096550120006008,1095550100000008,上级组织,109555012000000a,109555012000000a,,1,999,guochengjie,2025-03-03 15:07:26,system_user,2025-03-03 15:07:26,0,0
828,2007,1096550120007004,1095550100000008,母公司,109555012000000a,109555012000000a,,1,999,guochengjie,2025-03-03 15:08:28,system_user,2025-03-03 15:08:28,0,0
829,2008,1096550120008000,1095550100000008,主管部门,109555012000000a,109555012000000a,,1,999,guochengjie,2025-03-03 15:08:32,system_user,2025-03-03 15:08:32,0,0
830,2009,1096550120009009,1095550100000008,管理机构,109555012000000a,109555012000000a,,1,999,guochengjie,2025-03-03 15:08:37,system_user,2025-03-03 15:08:37,0,0
831,2010,109655012000a005,1095550100000008,控股公司,109555012000000a,109555012000000a,,1,999,guochengjie,2025-03-03 15:08:41,system_user,2025-03-03 15:08:41,0,0
832,2011,109655063000300a,109555060000000a,合同双方,1095550630000000,1095550630000000,,1,999,guochengjie,2025-03-03 15:31:35,system_user,2025-03-03 15:31:35,0,0
833,2012,1096550710004007,1095550700000000,评奖单位,1095550710000001,1095550710000001,,1,999,guochengjie,2025-03-03 15:33:51,system_user,2025-03-03 15:33:51,0,0
834,2013,1096550710005003,1095550700000000,招标公司,1095550710000001,1095550710000001,,1,999,guochengjie,2025-03-03 15:33:56,system_user,2025-03-03 15:33:56,0,0
835,2014,109655071000600c,1095550700000000,应诉单位,1095550710000001,1095550710000001,,1,999,guochengjie,2025-03-03 15:34:00,system_user,2025-03-03 15:34:00,0,0
836,2015,1096550710007008,1095550700000000,接待部门,1095550710000001,1095550710000001,,1,999,guochengjie,2025-03-03 15:34:04,guochengjie,2025-03-03 15:34:04,1,0
837,2016,1096550720005004,1095550700000000,申报单位,1095550720000002,1095550720000002,,1,999,guochengjie,2025-03-03 15:34:21,system_user,2025-03-03 15:34:21,0,0
838,2017,1096550720006000,1095550700000000,投标公司,1095550720000002,1095550720000002,,1,999,guochengjie,2025-03-03 15:34:25,system_user,2025-03-03 15:34:25,0,0
839,2018,1096550720007009,1095550700000000,申诉单位,1095550720000002,1095550720000002,,1,999,guochengjie,2025-03-03 15:34:33,system_user,2025-03-03 15:34:33,0,0
840,2019,1096110320004006,109511030000000b,监护人,1095110320000000,1095110320000000,,1,999,guochengjie,2025-03-06 00:32:53,system_user,2025-03-06 00:32:53,0,0
841,2020,1096110310003009,109511030000000b,被监护人,109511031000000c,109511031000000c,,1,999,guochengjie,2025-03-06 00:33:30,guochengjie,2025-03-06 00:33:30,1,0
842,2021,1096120810004008,1095120800000001,维护区域,1095120810000002,1095120810000002,,1,999,developuser,2025-03-10 22:28:27,system_user,2025-03-10 22:28:27,0,0
843,2022,109634012000700a,1095340100000001,抽检样品,1095340120000003,1095340120000003,,1,999,developuser,2025-03-10 22:28:59,system_user,2025-03-10 22:28:59,0,0
844,2023,1096520220004003,1095520200000008,建设单位,109552022000000a,109552022000000a,,1,999,developuser,2025-03-10 22:30:20,system_user,2025-03-10 22:30:20,0,0
845,2024,109652022000500c,1095520200000008,监理单位,109552022000000a,109552022000000a,,1,999,developuser,2025-03-10 22:30:36,system_user,2025-03-10 22:30:36,0,0
846,2025,1096540520007002,1095540500000006,维修组织,1095540520000008,1095540520000008,,1,999,developuser,2025-03-10 22:31:05,guochengjie,2025-03-10 22:31:05,0,0
847,2026,1096550320006001,1095550300000001,指导机构,1095550320000003,1095550320000003,,1,999,developuser,2025-03-10 22:31:34,system_user,2025-03-10 22:31:34,0,0
848,2027,1096520510002006,1095520500000004,管辖地点,1095520510000005,1095520510000005,,1,999,developuser,2025-03-10 22:34:59,system_user,2025-03-10 22:34:59,0,0
849,2028,1096520510003002,1095520500000004,管辖范围,1095520510000005,1095520510000005,,1,999,developuser,2025-03-10 22:35:20,system_user,2025-03-10 22:35:20,0,0
850,2029,1096530110005009,1095530100000006,执行事项,1095530110000007,1095530110000007,,1,999,developuser,2025-03-10 22:38:00,guochengjie,2025-03-10 22:38:00,0,0
851,2030,109653012000500a,1095530100000006,执行单位,1095530120000008,1095530120000008,,1,999,developuser,2025-03-10 22:38:57,system_user,2025-03-10 22:38:57,0,0
852,2031,1096530120006006,1095530100000006,参与单位,1095530120000008,1095530120000008,,1,999,developuser,2025-03-10 22:39:08,system_user,2025-03-10 22:39:08,0,0
853,2032,1096530120007002,1095530100000006,承办单位,1095530120000008,1095530120000008,,1,999,developuser,2025-03-10 22:39:22,system_user,2025-03-10 22:39:22,0,0
854,2033,109653012000800b,1095530100000006,协办单位,1095530120000008,1095530120000008,,1,999,developuser,2025-03-10 22:39:29,system_user,2025-03-10 22:39:29,0,0
855,2034,109653021000500c,1095530200000009,受益组织,109553021000000a,109553021000000a,,1,999,developuser,2025-03-10 22:40:03,system_user,2025-03-10 22:40:03,0,0
856,2035,1096540510004000,1095540500000006,保养设备,1095540510000007,1095540510000007,,1,999,developuser,2025-03-10 22:40:32,system_user,2025-03-10 22:40:32,0,0
857,2036,109653032000600c,109553030000000c,经办机构,1095530320000001,1095530320000001,,1,999,qidekang,2025-03-11 17:53:50,system_user,2025-03-11 17:53:50,0,0
858,2037,1096150c2000400b,1095150c00000003,评估机构,1095150c20000005,1095150c20000005,,1,999,baishumeng,2025-03-11 21:06:39,baishumeng,2025-03-11 21:06:39,1,0
859,2038,1096150c20005007,1095150c00000003,审查单位,1095150c20000005,1095150c20000005,,1,999,baishumeng,2025-03-11 21:06:54,baishumeng,2025-03-11 21:06:54,1,0
860,2039,1096150c20006003,1095150c00000003,报道组织,1095150c20000005,1095150c20000005,,1,999,baishumeng,2025-03-11 21:07:09,baishumeng,2025-03-11 21:07:09,1,0
861,2040,1096150c2000700c,1095150c00000003,考核单位,1095150c20000005,1095150c20000005,,1,999,baishumeng,2025-03-11 21:07:21,baishumeng,2025-03-11 21:07:21,1,0
862,2041,1096150d2000500a,1095150d00000006,审计人,1095150d20000008,1095150d20000008,,1,999,baishumeng,2025-03-11 21:07:40,baishumeng,2025-03-11 21:07:40,1,0
863,2042,1096150d20006006,1095150d00000006,评估人,1095150d20000008,1095150d20000008,,1,999,baishumeng,2025-03-11 21:07:58,baishumeng,2025-03-11 21:07:58,1,0
864,2043,1096150d20007002,1095150d00000006,报道者,1095150d20000008,1095150d20000008,,1,999,baishumeng,2025-03-11 21:08:29,baishumeng,2025-03-11 21:08:29,1,0
865,2044,1096150d2000800b,1095150d00000006,评估机构,1095150d20000008,1095150d20000008,,1,999,baishumeng,2025-03-11 23:27:35,system_user,2025-03-11 23:27:35,0,0
866,2045,1096150c20008008,1095150c00000003,审计人,1095150c20000005,1095150c20000005,,1,999,baishumeng,2025-03-11 23:27:47,system_user,2025-03-11 23:27:47,0,0
867,2046,1096150d20009007,1095150d00000006,审查单位,1095150d20000008,1095150d20000008,,1,999,baishumeng,2025-03-11 23:27:59,system_user,2025-03-11 23:27:59,0,0
868,2047,1096150c20009004,1095150c00000003,评估人,1095150c20000005,1095150c20000005,,1,999,baishumeng,2025-03-11 23:28:09,system_user,2025-03-11 23:28:09,0,0
869,2048,1096150d2000a003,1095150d00000006,报道组织,1095150d20000008,1095150d20000008,,1,999,baishumeng,2025-03-11 23:28:21,system_user,2025-03-11 23:28:21,0,0
870,2049,1096150c2000a000,1095150c00000003,报道者,1095150c20000005,1095150c20000005,,1,999,baishumeng,2025-03-11 23:28:33,system_user,2025-03-11 23:28:33,0,0
871,2050,1096150d2000b00c,1095150d00000006,考核单位,1095150d20000008,1095150d20000008,,1,999,baishumeng,2025-03-11 23:28:57,system_user,2025-03-11 23:28:57,0,0
872,2051,109615031000f004,1095150300000002,就读院系,1095150310000003,1095150310000003,,1,11,baishumeng,2025-03-11 23:32:30,guochengjie,2025-03-11 23:32:30,0,0
873,2052,1096150310010000,1095150300000002,所属专业,1095150310000003,1095150310000003,,1,12,baishumeng,2025-03-11 23:32:39,guochengjie,2025-03-11 23:32:39,0,0
874,2053,109614031000c002,1095140300000001,教学用品,1095140310000002,1095140310000002,,1,999,guochengjie,2025-03-12 17:18:25,system_user,2025-03-12 17:18:25,0,0
875,2054,1096110d20005006,1095110d00000002,支持者,1095110d20000004,1095110d20000004,,1,999,guochengjie,2025-03-12 17:59:59,system_user,2025-03-12 17:59:59,0,0
876,2055,1096110d20006002,1095110d00000002,反对者,1095110d20000004,1095110d20000004,,1,999,guochengjie,2025-03-12 18:00:04,system_user,2025-03-12 18:00:04,0,0
877,2056,1096150910003005,1095150900000007,被拘留者,1095150910000008,1095150910000008,,1,999,guochengjie,2025-03-12 18:08:18,system_user,2025-03-12 18:08:18,0,0
878,2057,1096150910004001,1095150900000007,强制医疗对象,1095150910000008,1095150910000008,,1,999,guochengjie,2025-03-12 18:08:25,system_user,2025-03-12 18:08:25,0,0
879,2058,109615091000500a,1095150900000007,强制戒毒人员,1095150910000008,1095150910000008,,1,999,guochengjie,2025-03-12 18:08:33,system_user,2025-03-12 18:08:33,0,0
880,2059,1096150910006006,1095150900000007,犯罪嫌疑人,1095150910000008,1095150910000008,,1,999,guochengjie,2025-03-12 18:08:37,system_user,2025-03-12 18:08:37,0,0
881,2060,1096150910007002,1095150900000007,被矫治者,1095150910000008,1095150910000008,,1,999,guochengjie,2025-03-12 18:09:14,system_user,2025-03-12 18:09:14,0,0
882,2061,1096150920004002,1095150900000007,司法机关,1095150920000009,1095150920000009,,1,999,guochengjie,2025-03-12 18:16:11,system_user,2025-03-12 18:16:11,0,0
883,2062,109613021000900a,109513020000000a,参与服务,109513021000000b,109513021000000b,,1,999,guochengjie,2025-03-12 18:18:41,system_user,2025-03-12 18:18:41,0,0
884,2063,1096150310011009,1095150300000002,从属部门,1095150310000003,1095150310000003,,1,13,guochengjie,2025-03-12 18:22:26,guochengjie,2025-03-12 18:22:26,0,0
885,2064,109613021000a006,109513020000000a,参加学习,109513021000000b,109513021000000b,,1,999,guochengjie,2025-03-12 18:23:04,guochengjie,2025-03-12 18:23:04,1,0
886,2065,1096140410012007,1095140400000004,私有车辆,1095140410000005,1095140410000005,,1,999,guochengjie,2025-03-12 18:26:40,system_user,2025-03-12 18:26:40,0,0
887,2066,1096140420006004,1095140400000004,车主,1095140420000006,1095140420000006,,1,999,guochengjie,2025-03-12 18:26:54,system_user,2025-03-12 18:26:54,0,0
888,2067,109654071000600b,109554070000000c,使用设备,1095540710000000,1095540710000000,,1,999,guochengjie,2025-03-12 18:28:42,system_user,2025-03-12 18:28:42,0,0
889,2068,1096540210006009,109554020000000a,著作权人,109554021000000b,109554021000000b,,1,999,guochengjie,2025-03-12 18:31:03,guochengjie,2025-03-12 18:31:03,1,0
890,2069,1096540210007005,109554020000000a,公司专利,109554021000000b,109554021000000b,,1,999,guochengjie,2025-03-12 18:32:08,guochengjie,2025-03-12 18:32:08,1,0
891,2070,1096340220005008,1095340200000004,辅助的材料,1095340220000006,1095340220000006,,1,999,guochengjie,2025-03-12 18:39:50,guochengjie,2025-03-12 18:39:50,0,0
892,2071,1096340210002006,1095340200000004,辅助申请的事件,1095340210000005,1095340210000005,,1,999,guochengjie,2025-03-12 18:41:05,system_user,2025-03-12 18:41:05,0,0
893,2072,1096520220006008,1095520200000008,开发商,109552022000000a,109552022000000a,,1,999,guochengjie,2025-03-12 18:42:21,system_user,2025-03-12 18:42:21,0,0
894,2073,109652071000200c,109552070000000a,出让房屋,109552071000000b,109552071000000b,,1,999,guochengjie,2025-03-12 18:43:22,guochengjie,2025-03-12 18:43:22,0,0
895,2074,1096520720002000,109552070000000a,出售单位,109552072000000c,109552072000000c,,1,999,guochengjie,2025-03-12 18:43:44,system_user,2025-03-12 18:43:44,0,0
896,2075,1096230120002000,109523010000000a,事故地点,109523012000000c,109523012000000c,,1,999,guochengjie,2025-03-12 18:44:33,system_user,2025-03-12 18:44:33,0,0
897,2076,109623011000200c,109523010000000a,发生的事故,109523011000000b,109523011000000b,,1,999,guochengjie,2025-03-12 18:44:40,guochengjie,2025-03-12 18:44:40,0,0
898,2077,109654061000200b,1095540600000009,设计物品,109554061000000a,109554061000000a,,1,999,guochengjie,2025-03-12 18:45:31,system_user,2025-03-12 18:45:31,0,0
899,2078,1096540610003007,1095540600000009,设计方案,109554061000000a,109554061000000a,,1,999,guochengjie,2025-03-12 18:45:47,system_user,2025-03-12 18:45:47,0,0
900,2079,1096340120008006,1095340100000001,申请表,1095340120000003,1095340120000003,,1,999,guochengjie,2025-03-12 18:47:08,system_user,2025-03-12 18:47:08,0,0
901,2080,1096540210008001,109554020000000a,联系方式,109554021000000b,109554021000000b,,1,999,guochengjie,2025-03-12 19:42:37,guochengjie,2025-03-12 19:42:37,0,0
902,2081,1096530320007008,109553030000000c,调解部门,1095530320000001,1095530320000001,,1,999,guochengjie,2025-03-12 19:43:28,system_user,2025-03-12 19:43:28,0,0
903,2082,1096140410013003,1095140400000004,个人藏品,1095140410000005,1095140410000005,,1,999,guochengjie,2025-03-12 19:45:24,system_user,2025-03-12 19:45:24,0,0
904,2083,109613021000b002,109513020000000a,接受诊疗,109513021000000b,109513021000000b,,1,999,guochengjie,2025-03-12 20:13:31,system_user,2025-03-12 20:13:31,0,0
905,2084,1096230310002005,1095230300000003,污染区域,1095230310000004,1095230310000004,,1,999,guochengjie,2025-03-12 20:14:53,system_user,2025-03-12 20:14:53,0,0
906,2085,1096230320002006,1095230300000003,排污事件,1095230320000005,1095230320000005,,1,999,guochengjie,2025-03-12 20:15:05,guochengjie,2025-03-12 20:15:05,1,0
907,2086,1096550630004006,109555060000000a,交易双方,1095550630000000,1095550630000000,,1,999,guochengjie,2025-03-12 20:15:25,baishumeng,2025-03-12 20:15:25,0,0
908,2087,1096130310008004,1095130300000000,接办事件,1095130310000001,1095130310000001,,1,999,guochengjie,2025-03-12 20:15:52,system_user,2025-03-12 20:15:52,0,0
909,2088,1096130320007009,1095130300000000,校对人,1095130320000002,1095130320000002,,1,6,guochengjie,2025-03-13 14:33:18,guochengjie,2025-03-13 14:33:18,0,0
910,2089,109613012000800c,1095130100000007,报告人,1095130120000009,1095130120000009,,1,999,guochengjie,2025-03-13 15:14:33,system_user,2025-03-13 15:14:33,0,0
911,2090,1096230110003008,109523010000000a,勘察事件,109523011000000b,109523011000000b,,1,999,guochengjie,2025-03-13 15:44:58,system_user,2025-03-13 15:44:58,0,0
912,2091,1096230120003009,109523010000000a,勘察地点,109523012000000c,109523012000000c,,1,999,guochengjie,2025-03-13 15:45:03,system_user,2025-03-13 15:45:03,0,0
913,2092,1096110c30004008,1095110c0000000c,赠与双方,1095110c30000002,1095110c30000002,,1,999,guochengjie,2025-03-13 15:55:14,system_user,2025-03-13 15:55:14,0,0
914,2093,1096150730002005,1095150700000001,赠与双方,1095150730000004,1095150730000004,,1,999,guochengjie,2025-03-13 15:55:36,system_user,2025-03-13 15:55:36,0,0
915,2094,1096150730003001,1095150700000001,购销双方,1095150730000004,1095150730000004,,1,999,guochengjie,2025-03-13 15:55:42,system_user,2025-03-13 15:55:42,0,0
916,2095,1096550630005002,109555060000000a,赠与双方,1095550630000000,1095550630000000,,1,999,guochengjie,2025-03-13 15:56:00,system_user,2025-03-13 15:56:00,0,0
917,2096,109615032000d000,1095150300000002,政党成员,1095150320000004,1095150320000004,,1,999,guochengjie,2025-03-14 14:29:29,system_user,2025-03-14 14:29:29,0,0
918,2097,1096140210004005,109514020000000b,个人签章,109514021000000c,109514021000000c,,1,999,guochengjie,2025-03-14 17:12:48,system_user,2025-03-14 17:12:48,0,0
919,2098,1096140220004006,109514020000000b,签章主体,1095140220000000,1095140220000000,,1,3,guochengjie,2025-03-14 17:13:12,guochengjie,2025-03-14 17:13:12,1,0
920,2099,1096540110002009,1095540100000007,组织签章,1095540110000008,1095540110000008,,1,999,guochengjie,2025-03-14 17:19:35,system_user,2025-03-14 17:19:35,0,0
921,2100,109654012000200a,1095540100000007,签章主体,1095540120000009,1095540120000009,,1,999,guochengjie,2025-03-14 17:19:39,system_user,2025-03-14 17:19:39,0,0
922,2101,1096130320008005,1095130300000000,责任人,1095130320000002,1095130320000002,,1,999,guochengjie,2025-03-14 18:07:21,system_user,2025-03-14 18:07:21,0,0
923,2102,1096530320008004,109553030000000c,责任单位,1095530320000001,1095530320000001,,1,999,guochengjie,2025-03-14 18:10:36,system_user,2025-03-14 18:10:36,0,0
924,2103,1096140710009000,1095140700000000,维护的文件,1095140710000001,1095140710000001,,1,999,baishumeng,2025-03-15 02:16:28,system_user,2025-03-15 02:16:28,0,0
925,2104,1096130220008002,109513020000000a,见证者,109513022000000c,109513022000000c,,1,999,guochengjie,2025-03-15 17:47:53,system_user,2025-03-15 17:47:53,0,0
926,2105,109613021000c00b,109513020000000a,目击事件,109513021000000b,109513021000000b,,1,999,guochengjie,2025-03-15 17:48:00,system_user,2025-03-15 17:48:00,0,0
927,2106,1096140720004008,1095140700000000,维护人员,1095140720000002,1095140720000002,,1,999,guochengjie,2025-03-15 17:49:03,guochengjie,2025-03-15 17:49:03,0,0
928,2107,1096130310009000,1095130300000000,公布事件,1095130310000001,1095130310000001,,1,999,guochengjie,2025-03-15 17:53:14,system_user,2025-03-15 17:53:14,0,0
929,2108,1096130320009001,1095130300000000,发布人,1095130320000002,1095130320000002,,1,999,guochengjie,2025-03-15 17:53:20,system_user,2025-03-15 17:53:20,0,0
930,2109,109613011000d004,1095130100000007,发起事项,1095130110000008,1095130110000008,,1,999,guochengjie,2025-03-15 17:55:00,system_user,2025-03-15 17:55:00,0,0
931,2110,109613011000e000,1095130100000007,实施犯罪,1095130110000008,1095130110000008,,1,999,guochengjie,2025-03-15 17:56:23,system_user,2025-03-15 17:56:23,0,0
932,2111,1096130120009008,1095130100000007,犯罪嫌疑人,1095130120000009,1095130120000009,,1,999,guochengjie,2025-03-15 17:56:33,system_user,2025-03-15 17:56:33,0,0
933,2112,1096140820003002,1095140800000003,识别仪器,1095140820000005,1095140820000005,,1,999,guochengjie,2025-03-15 18:03:00,system_user,2025-03-15 18:03:00,0,0
934,2113,1096140810003001,1095140800000003,被识别人员,1095140810000004,1095140810000004,,1,999,guochengjie,2025-03-15 18:03:09,guochengjie,2025-03-15 18:03:09,0,0
935,2114,1096140110003006,1095140100000008,培育品种,1095140110000009,1095140110000009,,1,999,guochengjie,2025-03-15 18:25:37,system_user,2025-03-15 18:25:37,0,0
936,2115,1096140110004002,1095140100000008,设计发明,1095140110000009,1095140110000009,,1,999,guochengjie,2025-03-15 18:25:46,system_user,2025-03-15 18:25:46,0,0
937,2116,109614012000200b,1095140100000008,发明人,109514012000000a,109514012000000a,,1,999,guochengjie,2025-03-15 18:25:52,system_user,2025-03-15 18:25:52,0,0
938,2117,1096140120003007,1095140100000008,培育人,109514012000000a,109514012000000a,,1,999,guochengjie,2025-03-15 18:25:56,system_user,2025-03-15 18:25:56,0,0
939,2118,1096540610004003,1095540600000009,培育品种,109554061000000a,109554061000000a,,1,999,guochengjie,2025-03-15 18:26:47,system_user,2025-03-15 18:26:47,0,0
940,2119,109654061000500c,1095540600000009,设计发明,109554061000000a,109554061000000a,,1,999,guochengjie,2025-03-15 18:26:53,system_user,2025-03-15 18:26:53,0,0
941,2120,1096540620003008,1095540600000009,培育单位,109554062000000b,109554062000000b,,1,999,guochengjie,2025-03-15 18:27:05,system_user,2025-03-15 18:27:05,0,0
942,2121,1096540620004004,1095540600000009,发明单位,109554062000000b,109554062000000b,,1,999,guochengjie,2025-03-15 18:27:17,system_user,2025-03-15 18:27:17,0,0
943,2122,109644063000500b,1095440600000006,参照物,1095440630000009,1095440630000009,,1,999,guochengjie,2025-03-15 18:34:28,system_user,2025-03-15 18:34:28,0,0
944,2123,1096530510007000,1095530500000005,提交申请,1095530510000006,1095530510000006,,1,999,guochengjie,2025-03-15 18:40:07,system_user,2025-03-15 18:40:07,0,0
945,2124,1096530520005009,1095530500000005,申请单位,1095530520000007,1095530520000007,,1,999,guochengjie,2025-03-15 18:40:44,system_user,2025-03-15 18:40:44,0,0
946,2125,109654021000900a,109554020000000a,公司印章,109554021000000b,109554021000000b,,1,999,guochengjie,2025-03-15 23:18:29,system_user,2025-03-15 23:18:29,0,0
947,2126,109613021000d007,109513020000000a,记录事件,109513021000000b,109513021000000b,,1,999,guochengjie,2025-03-16 19:25:20,system_user,2025-03-16 19:25:20,0,0
948,2127,109613022000900b,109513020000000a,记录人,109513022000000c,109513022000000c,,1,999,guochengjie,2025-03-16 19:25:28,system_user,2025-03-16 19:25:28,0,0
949,2128,109613031000a009,1095130300000000,受理事件,1095130310000001,1095130310000001,,1,999,guochengjie,2025-03-16 19:25:50,system_user,2025-03-16 19:25:50,0,0
950,2129,109613032000a00a,1095130300000000,受理人,1095130320000002,1095130320000002,,1,999,guochengjie,2025-03-16 19:25:56,system_user,2025-03-16 19:25:56,0,0
951,2130,109613031000b005,1095130300000000,申诉事件,1095130310000001,1095130310000001,,1,999,guochengjie,2025-03-16 19:27:31,system_user,2025-03-16 19:27:31,0,0
952,2131,109613032000b006,1095130300000000,申诉人,1095130320000002,1095130320000002,,1,999,guochengjie,2025-03-16 19:27:36,guochengjie,2025-03-16 19:27:36,1,0
953,2132,1096230120004005,109523010000000a,灾害发生地,109523012000000c,109523012000000c,,1,999,guochengjie,2025-03-16 23:03:32,system_user,2025-03-16 23:03:32,0,0
954,2133,1096230110004004,109523010000000a,发生的灾害,109523011000000b,109523011000000b,,1,999,guochengjie,2025-03-16 23:03:40,system_user,2025-03-16 23:03:40,0,0
955,2134,1096530110006005,1095530100000006,记录事件,1095530110000007,1095530110000007,,1,999,guochengjie,2025-03-17 00:40:18,system_user,2025-03-17 00:40:18,0,0
956,2135,1096530120009007,1095530100000006,记录组织,1095530120000008,1095530120000008,,1,999,guochengjie,2025-03-17 00:40:25,system_user,2025-03-17 00:40:25,0,0
957,2136,1096150220009000,109515020000000c,部门负责人,1095150220000001,1095150220000001,,1,999,guochengjie,2025-03-17 00:41:16,system_user,2025-03-17 00:41:16,0,0
958,2137,109615022000a009,109515020000000c,团队负责人,1095150220000001,1095150220000001,,1,999,guochengjie,2025-03-17 00:53:46,system_user,2025-03-17 00:53:46,0,0
959,2138,109615021000300a,109515020000000c,管理的团队,1095150210000000,1095150210000000,,1,999,guochengjie,2025-03-17 00:54:01,system_user,2025-03-17 00:54:01,0,0
960,2139,1096150210004006,109515020000000c,管理的班级,1095150210000000,1095150210000000,,1,999,guochengjie,2025-03-17 00:54:24,system_user,2025-03-17 00:54:24,0,0
961,2140,109615022000b005,109515020000000c,班主任,1095150220000001,1095150220000001,,1,999,guochengjie,2025-03-17 00:54:29,system_user,2025-03-17 00:54:29,0,0
962,2141,1096520120003004,1095520100000005,居住的家庭,1095520120000007,1095520120000007,,1,999,guochengjie,2025-03-17 01:55:58,guochengjie,2025-03-17 01:55:58,1,0
963,2142,1096520110007000,1095520100000005,家庭地址,1095520110000006,1095520110000006,,1,999,guochengjie,2025-03-17 01:56:04,system_user,2025-03-17 01:56:04,0,0
964,2143,109614041001400c,1095140400000004,个人资质,1095140410000005,1095140410000005,,1,999,guochengjie,2025-03-17 02:14:41,system_user,2025-03-17 02:14:41,0,0
965,2144,1096140420007000,1095140400000004,资质所有人,1095140420000006,1095140420000006,,1,999,guochengjie,2025-03-17 02:15:01,system_user,2025-03-17 02:15:01,0,0
966,2145,1096440630006007,1095440600000006,资金关联,1095440630000009,1095440630000009,,1,999,guochengjie,2025-03-17 02:32:42,system_user,2025-03-17 02:32:42,0,0
967,2146,109613011000f009,1095130100000007,报案举报,1095130110000008,1095130110000008,,1,999,guochengjie,2025-03-17 14:36:46,system_user,2025-03-17 14:36:46,0,0
968,2147,1096150810008008,1095150800000004,受理单位,1095150810000005,1095150810000005,,1,999,guochengjie,2025-03-17 14:39:35,system_user,2025-03-17 14:39:35,0,0
969,2148,1096150820009005,1095150800000004,申诉人,1095150820000006,1095150820000006,,1,999,guochengjie,2025-03-17 14:39:57,system_user,2025-03-17 14:39:57,0,0
970,2149,109615082000a001,1095150800000004,报案人,1095150820000006,1095150820000006,,1,999,guochengjie,2025-03-17 14:40:07,system_user,2025-03-17 14:40:07,0,0
971,2150,109615082000b00a,1095150800000004,举报人,1095150820000006,1095150820000006,,1,999,guochengjie,2025-03-17 14:40:12,system_user,2025-03-17 14:40:12,0,0
972,2151,1096520610004001,1095520600000007,养护道路,1095520610000008,1095520610000008,,1,999,guochengjie,2025-03-17 14:47:24,guochengjie,2025-03-17 14:47:24,0,0
973,2152,109652061000500a,1095520600000007,养护河道,1095520610000008,1095520610000008,,1,999,guochengjie,2025-03-17 14:47:41,guochengjie,2025-03-17 14:47:41,0,0
974,2153,1096120710002000,109512070000000b,管理河流,109512071000000c,109512071000000c,,1,999,guochengjie,2025-03-17 14:56:39,system_user,2025-03-17 14:56:39,0,0
975,2154,1096120710003009,109512070000000b,管理楼栋,109512071000000c,109512071000000c,,1,999,guochengjie,2025-03-17 14:56:49,system_user,2025-03-17 14:56:49,0,0
976,2155,1096120710004005,109512070000000b,管理场所,109512071000000c,109512071000000c,,1,999,guochengjie,2025-03-17 14:58:05,system_user,2025-03-17 14:58:05,0,0
977,2156,1096120720007007,109512070000000b,河长,1095120720000000,1095120720000000,,1,999,guochengjie,2025-03-17 14:58:13,system_user,2025-03-17 14:58:13,0,0
978,2157,1096120b2000600a,1095120b0000000a,问卷填写者,1095120b2000000c,1095120b2000000c,,1,999,guochengjie,2025-03-17 15:03:49,guochengjie,2025-03-17 15:03:49,1,0
979,2158,109615092000500b,1095150900000007,属地街道,1095150920000009,1095150920000009,,1,999,guochengjie,2025-03-17 15:28:26,guochengjie,2025-03-17 15:28:26,1,0
980,2159,109615091000800b,1095150900000007,辖区居民,1095150910000008,1095150910000008,,1,999,guochengjie,2025-03-17 15:28:40,guochengjie,2025-03-17 15:28:40,0,0
981,2160,1096150a10003008,1095150a0000000a,村委村民,1095150a1000000b,1095150a1000000b,,1,999,guochengjie,2025-03-17 15:28:59,guochengjie,2025-03-17 15:28:59,1,0
982,2161,1096150a10004004,1095150a0000000a,居委居民,1095150a1000000b,1095150a1000000b,,1,999,guochengjie,2025-03-17 15:29:03,guochengjie,2025-03-17 15:29:03,1,0
983,2162,1096150a20007006,1095150a0000000a,所属村委,1095150a2000000c,1095150a2000000c,,1,999,guochengjie,2025-03-17 15:30:06,guochengjie,2025-03-17 15:30:06,1,0
984,2163,1096150a20008002,1095150a0000000a,所属居委,1095150a2000000c,1095150a2000000c,,1,999,guochengjie,2025-03-17 15:30:13,guochengjie,2025-03-17 15:30:13,1,0
985,2164,109611043000400a,1095110400000001,紧急联系人,1095110430000004,1095110430000004,,1,999,guochengjie,2025-03-17 15:35:08,system_user,2025-03-17 15:35:08,0,0
986,2165,1096140410015008,1095140400000004,个人证书,1095140410000005,1095140410000005,,1,999,guochengjie,2025-03-17 15:39:11,system_user,2025-03-17 15:39:11,0,0
987,2166,109655063000600b,109555060000000a,开户双方,1095550630000000,1095550630000000,,1,999,guochengjie,2025-03-17 15:43:25,guochengjie,2025-03-17 15:43:25,0,0
988,2167,1096150920006007,1095150900000007,属地政府,1095150920000009,1095150920000009,,1,999,guochengjie,2025-03-17 15:51:23,system_user,2025-03-17 15:51:23,0,0
989,2168,1096140210005001,109514020000000b,撰写文稿,109514021000000c,109514021000000c,,1,999,guochengjie,2025-03-17 16:04:27,system_user,2025-03-17 16:04:27,0,0
990,2169,109614021000600a,109514020000000b,填写表单,109514021000000c,109514021000000c,,1,999,guochengjie,2025-03-17 16:04:47,system_user,2025-03-17 16:04:47,0,0
991,2170,1096140220005002,109514020000000b,撰写人,1095140220000000,1095140220000000,,1,999,guochengjie,2025-03-17 16:04:54,system_user,2025-03-17 16:04:54,0,0
992,2171,109614022000600b,109514020000000b,填写人,1095140220000000,1095140220000000,,1,999,guochengjie,2025-03-17 16:04:59,system_user,2025-03-17 16:04:59,0,0
993,2172,109613012000a004,1095130100000007,讲授人,1095130120000009,1095130120000009,,1,999,guochengjie,2025-03-17 16:14:34,system_user,2025-03-17 16:14:34,0,0
994,2173,1096130110010005,1095130100000007,公益宣讲,1095130110000008,1095130110000008,,1,999,guochengjie,2025-03-17 16:14:56,system_user,2025-03-17 16:14:56,0,0
995,2174,109614031000d00b,1095140300000001,使用药品,1095140310000002,1095140310000002,,1,999,guochengjie,2025-03-17 16:15:37,system_user,2025-03-17 16:15:37,0,0
996,2175,1096140410016004,1095140400000004,获得补贴,1095140410000005,1095140410000005,,1,999,guochengjie,2025-03-17 16:22:50,system_user,2025-03-17 16:22:50,0,0
997,2176,1096140420008009,1095140400000004,补贴领取人,1095140420000006,1095140420000006,,1,999,guochengjie,2025-03-17 16:23:05,system_user,2025-03-17 16:23:05,0,0
998,2177,1096240530004006,109524050000000a,气象传感器,1095240530000000,1095240530000000,,1,999,guochengjie,2025-03-17 16:36:42,guochengjie,2025-03-17 16:36:42,1,0
999,2178,1096240530005002,109524050000000a,温湿度传感器,1095240530000000,1095240530000000,,1,999,guochengjie,2025-03-17 16:36:49,guochengjie,2025-03-17 16:36:49,1,0
1000,2179,1096240510004004,109524050000000a,气象监测区域,109524051000000b,109524051000000b,,1,999,guochengjie,2025-03-17 16:37:01,system_user,2025-03-17 16:37:01,0,0
1001,2180,1096140610006009,109514060000000a,管理的载具,109514061000000b,109514061000000b,,1,999,guochengjie,2025-03-17 16:43:55,system_user,2025-03-17 16:43:55,0,0
1002,2181,1096140620005001,109514060000000a,物品管理员,109514062000000c,109514062000000c,列车长，机长，船长，车长,1,999,guochengjie,2025-03-17 16:44:16,guochengjie,2025-03-17 16:44:16,0,0
1003,2182,109613021000e003,109513020000000a,开展工作,109513021000000b,109513021000000b,,1,999,guochengjie,2025-03-17 16:47:28,system_user,2025-03-17 16:47:28,0,0
1004,2183,1096540610006008,1095540600000009,起草文件,109554061000000a,109554061000000a,,1,999,guochengjie,2025-03-17 17:27:57,system_user,2025-03-17 17:27:57,0,0
1005,2184,1096540620005000,1095540600000009,起草单位,109554062000000b,109554062000000b,,1,999,guochengjie,2025-03-17 17:28:06,system_user,2025-03-17 17:28:06,0,0
1006,2185,1096150310012005,1095150300000002,参保单位,1095150310000003,1095150310000003,,1,999,guochengjie,2025-03-17 17:28:44,system_user,2025-03-17 17:28:44,0,0
1007,2186,109654021000a006,109554020000000a,公司资质,109554021000000b,109554021000000b,,1,999,guochengjie,2025-03-17 17:33:29,system_user,2025-03-17 17:33:29,0,0
1008,2187,1096520910005006,1095520900000003,排查地点,1095520910000004,1095520910000004,,1,999,guochengjie,2025-03-17 17:36:24,guochengjie,2025-03-17 17:36:24,1,0
1009,2188,1096520910006002,1095520900000003,巡查地点,1095520910000004,1095520910000004,,1,999,guochengjie,2025-03-17 17:42:29,guochengjie,2025-03-17 17:42:29,1,0
1010,2189,1096120b20007006,1095120b0000000a,检查者,1095120b2000000c,1095120b2000000c,,1,999,guochengjie,2025-03-17 17:44:33,system_user,2025-03-17 17:44:33,0,0
1011,2190,1096240410002009,1095240400000007,许可证书,1095240410000008,1095240410000008,,1,999,guochengjie,2025-03-17 17:54:21,system_user,2025-03-17 17:54:21,0,0
1012,2191,1096340120009002,1095340100000001,检查物品,1095340120000003,1095340120000003,,1,999,guochengjie,2025-03-17 17:57:30,system_user,2025-03-17 17:57:30,0,0
1013,2192,1096440410002002,1095440400000000,通过的物品,1095440410000001,1095440410000001,,1,999,guochengjie,2025-03-17 18:26:21,system_user,2025-03-17 18:26:21,0,0
1014,2193,1096440420002003,1095440400000000,通过的管道,1095440420000002,1095440420000002,,1,999,guochengjie,2025-03-17 18:26:31,system_user,2025-03-17 18:26:31,0,0
1015,2194,109614031000e007,1095140300000001,使用设备,1095140310000002,1095140310000002,,1,999,guochengjie,2025-03-17 18:35:48,system_user,2025-03-17 18:35:48,0,0
1016,2195,1096140320005005,1095140300000001,操作人员,1095140320000003,1095140320000003,,1,999,guochengjie,2025-03-17 18:36:59,system_user,2025-03-17 18:36:59,0,0
1017,2196,109653031000b004,109553030000000c,判决案件,1095530310000000,1095530310000000,,1,999,guochengjie,2025-03-17 18:37:34,system_user,2025-03-17 18:37:34,0,0
1018,2197,1096530320009000,109553030000000c,判决机关,1095530320000001,1095530320000001,,1,999,guochengjie,2025-03-17 18:37:44,system_user,2025-03-17 18:37:44,0,0
1019,2198,109613021000f00c,109513020000000a,参与考核,109513021000000b,109513021000000b,,1,999,guochengjie,2025-03-17 18:38:40,system_user,2025-03-17 18:38:40,0,0
1020,2199,109614071000a009,1095140700000000,维修的物品,1095140710000001,1095140710000001,,1,999,guochengjie,2025-03-17 19:14:24,system_user,2025-03-17 19:14:24,0,0
1021,2200,1096540710007007,109554070000000c,使用工具,1095540710000000,1095540710000000,,1,999,guochengjie,2025-03-17 19:22:11,system_user,2025-03-17 19:22:11,0,0
1022,2201,1096540710008003,109554070000000c,法律依据,1095540710000000,1095540710000000,,1,999,guochengjie,2025-03-17 19:22:15,system_user,2025-03-17 19:22:15,0,0
1023,2202,109614031000f003,1095140300000001,法律依据,1095140310000002,1095140310000002,,1,999,guochengjie,2025-03-17 19:30:47,system_user,2025-03-17 19:30:47,0,0
1024,2203,1096540810002004,1095540800000002,捐赠物品,1095540810000003,1095540810000003,,1,1,guochengjie,2025-03-17 19:34:24,guochengjie,2025-03-17 19:34:24,0,0
1025,2204,1096540820002005,1095540800000002,捐赠单位,1095540820000004,1095540820000004,,1,1,guochengjie,2025-03-17 19:34:32,guochengjie,2025-03-17 19:34:32,0,0
1026,2205,1096540820003001,1095540800000002,受赠单位,1095540820000004,1095540820000004,,1,2,guochengjie,2025-03-17 19:34:53,guochengjie,2025-03-17 19:34:53,0,0
1027,2206,109654082000400a,1095540800000002,出售单位,1095540820000004,1095540820000004,,1,3,guochengjie,2025-03-17 19:35:00,guochengjie,2025-03-17 19:35:00,0,0
1028,2207,1096540810003000,1095540800000002,购买物品,1095540810000003,1095540810000003,,1,2,guochengjie,2025-03-17 19:35:09,guochengjie,2025-03-17 19:35:09,0,0
1029,2208,1096540810004009,1095540800000002,获赠物品,1095540810000003,1095540810000003,,1,999,guochengjie,2025-03-17 19:35:26,system_user,2025-03-17 19:35:26,0,0
1030,2209,1096130210010008,109513020000000a,参与纳税,109513021000000b,109513021000000b,,1,999,guochengjie,2025-03-18 10:12:24,system_user,2025-03-18 10:12:24,0,0
1031,2210,109613022000a007,109513020000000a,纳税人,109513022000000c,109513022000000c,,1,999,guochengjie,2025-03-18 10:12:32,system_user,2025-03-18 10:12:32,0,0
1032,2211,1096520620003006,1095520600000007,物业公司,1095520620000009,1095520620000009,,1,999,guochengjie,2025-03-18 10:15:44,system_user,2025-03-18 10:15:44,0,0
1033,2212,1096520610006006,1095520600000007,服务小区,1095520610000008,1095520610000008,,1,999,guochengjie,2025-03-18 10:17:50,system_user,2025-03-18 10:17:50,0,0
1034,2213,1096140410017000,1095140400000004,个人权利,1095140410000005,1095140410000005,著作权，发明权，人身自由权等,1,999,guochengjie,2025-03-18 10:37:05,system_user,2025-03-18 10:37:05,0,0
1035,2214,1096530110007001,1095530100000006,参加赛事,1095530110000007,1095530110000007,,1,999,guochengjie,2025-03-18 10:38:00,system_user,2025-03-18 10:38:00,0,0
1036,2215,109653012000a003,1095530100000006,参赛团队,1095530120000008,1095530120000008,,1,999,guochengjie,2025-03-18 10:38:07,system_user,2025-03-18 10:38:07,0,0
1037,2216,109615022000c001,109515020000000c,领队,1095150220000001,1095150220000001,,1,999,guochengjie,2025-03-18 10:38:32,system_user,2025-03-18 10:38:32,0,0
1038,2217,1096150a2000900b,1095150a0000000a,康养机构,1095150a2000000c,1095150a2000000c,,1,6,guochengjie,2025-03-18 10:39:10,guochengjie,2025-03-18 10:39:10,0,0
1039,2218,109615032000e009,1095150300000002,宗教信众,1095150320000004,1095150320000004,,1,999,guochengjie,2025-03-18 10:42:22,guochengjie,2025-03-18 10:42:22,1,0
1040,2219,1096150310013001,1095150300000002,信仰宗教,1095150310000003,1095150310000003,,1,999,guochengjie,2025-03-18 10:42:46,system_user,2025-03-18 10:42:46,0,0
1041,2220,109653011000800a,1095530100000006,缴纳费用,1095530110000007,1095530110000007,,1,999,guochengjie,2025-03-18 10:56:47,guochengjie,2025-03-18 10:56:47,0,0
1042,2221,109653012000b00c,1095530100000006,缴纳单位,1095530120000008,1095530120000008,,1,999,guochengjie,2025-03-18 10:56:58,system_user,2025-03-18 10:56:58,0,0
1043,2222,1096150a10005000,1095150a0000000a,开户人,1095150a1000000b,1095150a1000000b,,1,999,guochengjie,2025-03-18 11:01:09,guochengjie,2025-03-18 11:01:09,1,0
1044,2223,1096150a2000a007,1095150a0000000a,开户行,1095150a2000000c,1095150a2000000c,,1,999,guochengjie,2025-03-18 11:01:15,guochengjie,2025-03-18 11:01:15,1,0
1045,2224,109615073000400a,1095150700000001,开户双方,1095150730000004,1095150730000004,,1,999,guochengjie,2025-03-18 11:01:50,guochengjie,2025-03-18 11:01:50,0,0
1046,2225,1096440630007003,1095440600000006,本金利息,1095440630000009,1095440630000009,,1,999,guochengjie,2025-03-18 22:30:29,system_user,2025-03-18 22:30:29,0,0
1047,2226,1096140b10007007,1095140b0000000c,受赠物品,1095140b10000000,1095140b10000000,,1,999,guochengjie,2025-03-18 22:31:48,system_user,2025-03-18 22:31:48,0,0
1048,2227,1096140b20005003,1095140b0000000c,受赠人,1095140b20000001,1095140b20000001,,1,999,guochengjie,2025-03-18 22:31:53,system_user,2025-03-18 22:31:53,0,0
1049,2228,1096340220006004,1095340200000004,资金支持,1095340220000006,1095340220000006,,1,999,guochengjie,2025-03-19 17:29:49,system_user,2025-03-19 17:29:49,0,0
1050,2229,109654071000900c,109554070000000c,资金使用,1095540710000000,1095540710000000,,1,999,guochengjie,2025-03-19 17:31:05,system_user,2025-03-19 17:31:05,0,0
1051,2230,109614031001000c,1095140300000001,资金使用,1095140310000002,1095140310000002,,1,999,guochengjie,2025-03-19 17:31:26,system_user,2025-03-19 17:31:26,0,0
1052,2231,1096150730005006,1095150700000001,交易双方,1095150730000004,1095150730000004,,1,999,guochengjie,2025-03-20 14:53:43,system_user,2025-03-20 14:53:43,0,0
1053,2232,1096530510008009,1095530500000005,处罚事件,1095530510000006,1095530510000006,,1,999,guochengjie,2025-03-25 15:44:10,system_user,2025-03-25 15:44:10,0,0
1054,2233,1096530520006005,1095530500000005,处罚机关,1095530520000007,1095530520000007,,1,999,guochengjie,2025-03-25 15:44:20,system_user,2025-03-25 15:44:20,0,0
1055,2234,1096520220007004,1095520200000008,总包单位,109552022000000a,109552022000000a,,1,999,guochengjie,2025-03-25 15:44:53,system_user,2025-03-25 15:44:53,0,0
1056,2235,1096520220008000,1095520200000008,承包单位,109552022000000a,109552022000000a,,1,999,guochengjie,2025-03-25 15:45:01,system_user,2025-03-25 15:45:01,0,0
1057,2236,1096120420003001,1095120400000002,总包人,1095120420000004,1095120420000004,,1,999,guochengjie,2025-03-25 15:45:13,system_user,2025-03-25 15:45:13,0,0
1058,2237,109612042000400a,1095120400000002,承包人,1095120420000004,1095120420000004,,1,999,guochengjie,2025-03-25 15:45:18,system_user,2025-03-25 15:45:18,0,0
1059,2238,1096550430005009,1095550400000004,协助单位,1095550430000007,1095550430000007,,1,999,guochengjie,2025-03-27 20:34:04,system_user,2025-03-27 20:34:04,0,0
1060,2239,1096130110011001,1095130100000007,反映情况,1095130110000008,1095130110000008,,1,999,guochengjie,2025-03-27 20:44:10,system_user,2025-03-27 20:44:10,0,0
1061,2240,1096140410018009,1095140400000004,个人照片,1095140410000005,1095140410000005,,1,999,guochengjie,2025-03-28 10:27:59,system_user,2025-03-28 10:27:59,0,0
1062,2241,1096140c20003001,1095140c00000002,关注者,1095140c20000004,1095140c20000004,,1,999,guochengjie,2025-03-28 11:38:48,system_user,2025-03-28 11:38:48,0,0
1063,2242,1096140c10005005,1095140c00000002,关注账号,1095140c10000003,1095140c10000003,,1,999,guochengjie,2025-03-28 11:38:55,system_user,2025-03-28 11:38:55,0,0
1064,2243,109654041000400a,1095540400000003,管理账号,1095540410000004,1095540410000004,,1,999,guochengjie,2025-03-28 11:39:38,system_user,2025-03-28 11:39:38,0,0
1065,2244,109654042000400b,1095540400000003,账号管理单位,1095540420000005,1095540420000005,,1,999,guochengjie,2025-03-28 11:39:59,system_user,2025-03-28 11:39:59,0,0
1066,2245,1096140610007005,109514060000000a,管理的账号,109514061000000b,109514061000000b,,1,999,guochengjie,2025-03-28 11:46:39,system_user,2025-03-28 11:46:39,0,0
1067,2246,109614062000600a,109514060000000a,账号管理员,109514062000000c,109514062000000c,,1,999,guochengjie,2025-03-28 11:46:47,system_user,2025-03-28 11:46:47,0,0
1068,2247,109644063000800c,1095440600000006,刊登文章,1095440630000009,1095440630000009,,1,999,guochengjie,2025-03-28 18:34:12,guochengjie,2025-03-28 18:34:12,1,0
1069,2248,109644041000300b,1095440400000000,刊登的文章,1095440410000001,1095440410000001,,1,999,guochengjie,2025-03-28 18:34:34,system_user,2025-03-28 18:34:34,0,0
1070,2249,109644042000300c,1095440400000000,刊登的媒体,1095440420000002,1095440420000002,,1,999,guochengjie,2025-03-28 18:34:52,system_user,2025-03-28 18:34:52,0,0
1071,2250,1096140410019005,1095140400000004,证明材料,1095140410000005,1095140410000005,,1,999,baishumeng,2025-03-29 00:42:41,system_user,2025-03-29 00:42:41,0,0
1072,2251,1096110c30005004,1095110c0000000c,租赁双方,1095110c30000002,1095110c30000002,,1,999,baishumeng,2025-03-29 00:49:03,system_user,2025-03-29 00:49:03,0,0
1073,2252,1096110430005006,1095110400000001,采访对象,1095110430000004,1095110430000004,,1,999,baishumeng,2025-03-29 21:42:26,system_user,2025-03-29 21:42:26,0,0
1074,2253,1096240410003005,1095240400000007,参保地点,1095240410000008,1095240410000008,,1,999,guochengjie,2025-03-29 23:59:22,system_user,2025-03-29 23:59:22,0,0
1075,2254,1096240410004001,1095240400000007,地点照片,1095240410000008,1095240410000008,,1,999,guochengjie,2025-03-30 04:32:44,system_user,2025-03-30 04:32:44,0,0
1076,2255,1096440630009008,1095440600000006,物品单据,1095440630000009,1095440630000009,,1,999,baishumeng,2025-03-30 17:01:56,system_user,2025-03-30 17:01:56,0,0
1077,2256,109634012000a00b,1095340100000001,参展物品,1095340120000003,1095340120000003,,1,999,guochengjie,2025-03-30 17:02:59,system_user,2025-03-30 17:02:59,0,0
1078,2257,1096520810002002,1095520800000000,经营的场所,1095520810000001,1095520810000001,,1,999,guochengjie,2025-03-30 17:07:46,system_user,2025-03-30 17:07:46,0,0
1079,2258,109652082000300c,1095520800000000,经营组织,1095520820000002,1095520820000002,,1,999,guochengjie,2025-03-30 17:07:52,system_user,2025-03-30 17:07:52,0,0
1080,2259,1096520110008009,1095520100000005,活动地域,1095520110000006,1095520110000006,,1,999,guochengjie,2025-03-30 18:10:03,guochengjie,2025-03-30 18:10:03,1,0
1081,2260,109614041001a001,1095140400000004,个人档案,1095140410000005,1095140410000005,,1,999,baishumeng,2025-03-30 19:41:40,system_user,2025-03-30 19:41:40,0,0
1082,2261,1096110520006004,1095110500000004,辅导员,1095110520000006,1095110520000006,,1,999,baishumeng,2025-03-30 21:04:05,system_user,2025-03-30 21:04:05,0,0
1083,2262,109612011000f008,1095120100000006,安置地址,1095120110000007,1095120110000007,,1,999,baishumeng,2025-03-30 21:22:57,system_user,2025-03-30 21:22:57,0,0
1084,2263,109614041001b00a,1095140400000004,获得学位,1095140410000005,1095140410000005,,1,999,baishumeng,2025-03-30 23:48:45,system_user,2025-03-30 23:48:45,0,0
1085,2264,109615022000d00a,109515020000000c,主管领导,1095150220000001,1095150220000001,,1,999,baishumeng,2025-03-31 00:39:51,system_user,2025-03-31 00:39:51,0,0
1086,2265,1096110430006002,1095110400000001,证明人,1095110430000004,1095110430000004,,1,999,baishumeng,2025-03-31 02:14:36,system_user,2025-03-31 02:14:36,0,0
1087,2266,109653032000a009,109553030000000c,受理组织,1095530320000001,1095530320000001,,1,999,baishumeng,2025-03-31 04:20:59,system_user,2025-03-31 04:20:59,0,0
1088,2267,109634012000b007,1095340100000001,播送节目,1095340120000003,1095340120000003,,1,999,guochengjie,2025-03-31 04:52:20,system_user,2025-03-31 04:52:20,0,0
1089,2268,1096230310003001,1095230300000003,检查区域,1095230310000004,1095230310000004,,1,999,baishumeng,2025-03-31 18:34:42,system_user,2025-03-31 18:34:42,0,0
1090,2269,109655011000b000,1095550100000008,内设党工团,1095550110000009,1095550110000009,,1,999,baishumeng,2025-03-31 20:01:13,baishumeng,2025-03-31 20:01:13,0,0
1091,2270,1096110120009006,1095110100000005,导游,1095110120000007,1095110120000007,,1,999,baishumeng,2025-03-31 20:25:41,system_user,2025-03-31 20:25:41,0,0
1092,2271,1096150a2000b003,1095150a0000000a,保险公司,1095150a2000000c,1095150a2000000c,,1,999,baishumeng,2025-03-31 22:04:47,system_user,2025-03-31 22:04:47,0,0
1093,2272,109644063000a004,1095440600000006,物品保单,1095440630000009,1095440630000009,,1,999,baishumeng,2025-03-31 22:26:47,system_user,2025-03-31 22:26:47,0,0
1094,2273,1096540420005007,1095540400000003,开户银行,1095540420000005,1095540420000005,,1,999,baishumeng,2025-03-31 22:35:11,system_user,2025-03-31 22:35:11,0,0
1095,2274,109644011000400b,1095440100000004,文件整体,1095440110000005,1095440110000005,,1,999,guochengjie,2025-04-03 15:06:54,system_user,2025-04-03 15:06:54,0,0
1096,2275,109644012000400c,1095440100000004,文件附件,1095440120000006,1095440120000006,,1,999,guochengjie,2025-04-03 15:11:43,system_user,2025-04-03 15:11:43,0,0
1097,2276,1096440110005007,1095440100000004,货品整体,1095440110000005,1095440110000005,,1,999,guochengjie,2025-04-03 15:49:51,guochengjie,2025-04-03 15:49:51,0,0
1098,2277,1096440120005008,1095440100000004,货品配件,1095440120000006,1095440120000006,,1,999,guochengjie,2025-04-03 15:50:11,system_user,2025-04-03 15:50:11,0,0
1099,2278,1096120210007004,1095120200000009,考试地点,109512021000000a,109512021000000a,,1,999,baishumeng,2025-04-03 23:13:47,system_user,2025-04-03 23:13:47,0,0
1100,2279,1096120220006009,1095120200000009,考试人员,109512022000000b,109512022000000b,,1,999,baishumeng,2025-04-03 23:13:58,system_user,2025-04-03 23:13:58,0,0
1101,2280,109615022000e006,109515020000000c,投资人,1095150220000001,1095150220000001,,1,999,baishumeng,2025-04-03 23:42:14,system_user,2025-04-03 23:42:14,0,0
1102,2281,109654052000800b,1095540500000006,维护单位,1095540520000008,1095540520000008,,1,999,baishumeng,2025-04-06 22:13:01,system_user,2025-04-06 22:13:01,0,0
1103,2282,1096140420009005,1095140400000004,获罪人,1095140420000006,1095140420000006,,1,999,baishumeng,2025-04-07 08:35:44,guochengjie,2025-04-07 08:35:44,1,0
1104,2283,1096150510004002,1095150500000008,服务对象,1095150510000009,1095150510000009,,1,999,guochengjie,2025-04-07 17:45:06,system_user,2025-04-07 17:45:06,0,0
1105,2284,1096150520004003,1095150500000008,服务人员,109515052000000a,109515052000000a,,1,999,guochengjie,2025-04-07 17:45:12,system_user,2025-04-07 17:45:12,0,0
1106,2285,1096440710001002,1095440700000009,被影响的物,109544071000000a,109544071000000a,,1,999,guochengjie,2025-04-17 19:20:43,system_user,2025-04-17 19:20:43,0,0
1107,2286,1096440720001003,1095440700000009,造成影响的物,109544072000000b,109544072000000b,,1,999,guochengjie,2025-04-17 19:20:51,guochengjie,2025-04-17 19:20:51,1,0
1108,2287,109644072000200c,1095440700000009,污染源,109544072000000b,109544072000000b,,1,999,guochengjie,2025-04-17 19:20:56,system_user,2025-04-17 19:20:56,0,0
1109,2288,109644071000200b,1095440700000009,被污染物品,109544071000000a,109544071000000a,,1,999,guochengjie,2025-04-17 19:21:16,system_user,2025-04-17 19:21:16,0,0
1110,2289,1096110d2000700b,1095110d00000002,采访者,1095110d20000004,1095110d20000004,,1,999,baishumeng,2025-04-20 16:23:49,baishumeng,2025-04-20 16:23:49,0,0
1111,2290,1096110d10003000,1095110d00000002,被采访者,1095110d10000003,1095110d10000003,,1,999,baishumeng,2025-04-20 16:26:21,system_user,2025-04-20 16:26:21,0,0
1112,2291,109644063000b000,1095440600000006,检验报告,1095440630000009,1095440630000009,,1,999,baishumeng,2025-04-25 21:55:25,system_user,2025-04-25 21:55:25,0,0
1113,2292,109644063000c009,1095440600000006,物品证书,1095440630000009,1095440630000009,,1,999,baishumeng,2025-04-25 22:19:43,system_user,2025-04-25 22:19:43,0,0
1114,2293,1096120a1000a003,1095120a00000007,出租房屋,1095120a10000008,1095120a10000008,,1,999,guochengjie,2025-04-26 17:26:12,system_user,2025-04-26 17:26:12,0,0
1115,2294,1096120a20004002,1095120a00000007,出租人,1095120a20000009,1095120a20000009,,1,999,guochengjie,2025-04-26 17:26:26,system_user,2025-04-26 17:26:26,0,0
1116,2295,1096120a2000500b,1095120a00000007,承租人,1095120a20000009,1095120a20000009,,1,999,guochengjie,2025-04-26 17:26:33,system_user,2025-04-26 17:26:33,0,0
1117,2296,1096440120006004,1095440100000004,设备部件,1095440120000006,1095440120000006,,1,999,baishumeng,2025-04-27 18:47:03,baishumeng,2025-04-27 18:47:03,0,0
1118,2297,1096120810005004,1095120800000001,维修的道路,1095120810000002,1095120810000002,,1,999,guochengjie,2025-05-21 13:43:31,system_user,2025-05-21 13:43:31,0,0
1119,2298,1096130210011004,109513020000000a,学习课程,109513021000000b,109513021000000b,,1,999,guochengjie,2025-05-21 13:46:17,system_user,2025-05-21 13:46:17,0,0
1120,2299,109613012000b000,1095130100000007,申诉人,1095130120000009,1095130120000009,,1,999,guochengjie,2025-05-21 13:47:11,system_user,2025-05-21 13:47:11,0,0
1121,2300,1096140720005004,1095140700000000,运维人员,1095140720000002,1095140720000002,,1,999,guochengjie,2025-05-21 13:49:30,system_user,2025-05-21 13:49:30,0,0
1122,2301,1096150730006002,1095150700000001,潜在客户,1095150730000004,1095150730000004,,1,999,guochengjie,2025-05-21 13:50:22,system_user,2025-05-21 13:50:22,0,0
1123,2302,109624053000600b,109524050000000a,传感器,1095240530000000,1095240530000000,,1,999,guochengjie,2025-05-21 13:54:06,system_user,2025-05-21 13:54:06,0,0
1124,2303,1096240530007007,109524050000000a,检测设备,1095240530000000,1095240530000000,,1,999,guochengjie,2025-05-21 13:54:12,system_user,2025-05-21 13:54:12,0,0
1125,2304,1096240510005000,109524050000000a,检测区域,109524051000000b,109524051000000b,,1,999,guochengjie,2025-05-21 13:55:08,system_user,2025-05-21 13:55:08,0,0
1126,2305,1096240510006009,109524050000000a,监测区域,109524051000000b,109524051000000b,,1,999,guochengjie,2025-05-21 13:55:16,system_user,2025-05-21 13:55:16,0,0
1127,2306,1096540820005006,1095540800000002,租赁单位,1095540820000004,1095540820000004,,1,999,guochengjie,2025-05-21 21:14:31,system_user,2025-05-21 21:14:31,0,0
1128,2307,1096120a1000b00c,1095120a00000007,选购房屋,1095120a10000008,1095120a10000008,,1,999,guochengjie,2025-05-28 16:52:25,system_user,2025-05-28 16:52:25,0,0
1129,2308,1096110c30006000,1095110c0000000c,债务双方,1095110c30000002,1095110c30000002,,1,999,baishumeng,2025-06-06 12:00:19,system_user,2025-06-06 12:00:19,0,0
1130,2309,1096540410005006,1095540400000003,管理网站,1095540410000004,1095540410000004,,1,999,baishumeng,2025-06-22 19:56:27,system_user,2025-06-22 19:56:27,0,0
1131,2310,1096240220004009,1095240200000001,存放地点,1095240220000003,1095240220000003,,1,999,baishumeng,2025-06-23 11:04:14,system_user,2025-06-23 11:04:14,0,0
