"id","property_code","property_name","property_name_cn","attributes","category_code_copy1","category_code","category_type","property_type","create_user","create_time","modify_user","modify_time","del_stat","version_no"
"1","00000000001","user_id","编号",,"1055010000000008","00010101","1","1","system_user","2023-04-18 11:15:11","system_user","2024-04-23 03:42:35","0","0"
"2","00000000002","name","姓名",,"1055010000000008","00010101","0","0","system_user","2023-04-18 11:15:12","system_user","2024-04-23 03:42:35","0","0"
"3","00000000003","sex","性别","男, 女","1055010000000008","00010101","0","0","system_user","2023-04-18 11:15:12","system_user","2024-04-23 03:42:35","0","0"
"4","00000000004","date_of_birth","出生日期",,"1055010000000008","00010101","0","0","system_user","2023-04-18 11:15:13","system_user","2024-04-23 03:42:35","0","0"
"5","00000000005","nationality","国籍",,"1055010000000008","00010101","0","0","system_user","2023-04-18 11:15:14","system_user","2024-04-23 03:42:35","0","0"
"6","00000000006","ethnicity","民族","德昂族, 怒族, 维吾尔族, 白族, 傈僳族, 拉祜族, 门巴族, 达斡尔族, 俄罗斯族, 布依族, 纳西族, 黎族, 基诺族, 赫哲族, 锡伯族, 佤族, 土家族, 毛南族, 柯尔克孜族, 藏族, 布朗族, 蒙古族, 回族, 仫佬族, 撒拉族, 哈萨克族, 景颇族, 塔塔尔族, 苗族, 羌族, 土族, 乌孜别克族, 普米族, 裕固族, 壮族, 京族, 汉族, 保安族, 塔吉克族, 仡佬族, 高山族, 珞巴族, 鄂伦春族, 侗族, 哈尼族, 畲族, 水族, 瑶族, 彝族, 鄂温克族, 独龙族, 阿昌族, 满族, 东乡族, 朝鲜族, 傣族","1055010000000008","00010101","0","0","system_user","2023-04-18 11:15:14","system_user","2024-04-23 03:42:35","0","0"
"7","00000000007","native_place","籍贯",,"1055010000000008","00010101","0","0","system_user","2023-04-18 11:15:15","system_user","2024-04-23 03:42:35","0","0"
"8","00000000008","political_status","政治面貌","共青团员, 中共预备党员, 中共党员, 其他党派人员, 群众","1055010000000008","00010101","0","0","system_user","2023-04-18 11:15:15","system_user","2024-04-23 03:42:35","0","0"
"9","00000000009","birthplace","出生地",,"1055010000000008","00010101","0","0","system_user","2023-04-18 11:15:16","system_user","2024-04-23 03:42:35","0","0"
"10","00000000010","body_weight","体重",,"1055010000000008","00010101","0","0","system_user","2023-04-18 11:15:16","system_user","2024-04-23 03:42:35","0","0"
"11","00000000011","height","身高",,"1055010000000008","00010101","0","0","system_user","2023-04-18 11:15:17","system_user","2024-04-23 03:42:35","0","0"
"12","00000000012","educational_background","学历","初中及以下, 高中及中专, 大专, 本科, 硕士研究生, 博士研究生","1055010000000008","00010101","0","0","system_user","2023-04-18 11:15:17","system_user","2024-04-23 03:42:35","0","0"
"13","00000000013","occupation","职业","老师, 工程师, 医生, 会计, 律师, 警察等","1055010000000008","00010101","0","0","test_user","2023-04-18 11:15:18","test_user","2024-04-23 03:42:35","0","0"
"14","00000000014","blood_type","血型","A, B, AB, O, 熊猫血","1055010000000008","00010101","0","0","system_user","2023-04-18 11:15:19","system_user","2024-04-23 03:42:35","0","0"
"15","00000000015","major","专业",,"1055010000000008","00010101","0","0","system_user","2023-04-18 11:15:19","system_user","2024-04-23 03:42:35","0","0"
"16","00000000016","professional_title","职称",,"1055010000000008","00010101","0","0","system_user","2023-04-18 11:15:20","system_user","2024-04-23 03:42:35","0","0"
"17","00000000017","state","健康状态",,"1055010000000008","00010101","0","0","test_user","2023-04-18 11:15:20","test_user","2024-04-23 03:42:35","0","0"
"18","00000000018","contact_information","联系方式",,"1055010000000008","00010101","0","0","system_user","2023-04-18 11:15:21","system_user","2024-04-23 03:42:35","1","0"
"19","00000000019","work_unit","工作单位",,"1055010000000008","00010101","0","0","system_user","2023-04-18 11:15:21","system_user","2024-04-23 03:42:35","1","0"
"20","00000000020","address","地址",,"1055010000000008","00010101","0","0","system_user","2023-04-18 11:15:22","system_user","2024-04-23 03:42:35","1","0"
"21","00000000021","marital_status","婚姻状况",,"1055010000000008","00010101","0","0","system_user","2023-04-18 11:15:22","system_user","2024-04-23 03:42:35","0","0"
"22","00000000022","region_id","编号",,"1055020000000009","00010201","1","1","system_user","2023-04-18 11:15:23","system_user","2024-04-23 03:42:35","0","0"
"23","00000000023","name","名称",,"1055020000000009","00010201","0","0","system_user","2023-04-18 11:15:24","system_user","2024-04-23 03:42:35","0","0"
"24","00000000024","type","类型","点, 线, 面, 体","1055020000000009","00010201","0","0","system_user","2023-04-18 11:15:24","system_user","2024-04-23 03:42:35","0","0"
"25","00000000025","functionality","功能","交通, 生态环境, 医疗, 教育, 能源, 居住, 出行","1055020000000009","00010201","0","0","system_user","2023-04-18 11:15:25","system_user","2024-04-23 03:42:35","0","0"
"26","00000000026","latitude_and_longitude","经纬度",,"1055020000000009","00010201","0","0","admin","2023-04-18 11:15:25","admin","2024-04-23 03:42:35","0","0"
"27","00000000027","outsourcing_boundary","外包边界","适用于面（polygon）类型的地址","1055020000000009","00010201","0","0","zstx","2023-04-18 11:15:26","zstx","2024-04-23 03:42:35","0","0"
"28","00000000028","address","地址",,"1055020000000009","00010201","0","0","system_user","2023-04-18 11:15:26","system_user","2024-04-23 03:42:35","0","0"
"29","00000000029","long","长",,"1055020000000009","00010201","0","0","system_user","2023-04-18 11:15:27","system_user","2024-04-23 03:42:35","0","0"
"30","00000000030","wide","宽",,"1055020000000009","00010201","0","0","system_user","2023-04-18 11:15:27","system_user","2024-04-23 03:42:35","0","0"
"31","00000000031","high","高",,"1055020000000009","00010201","0","0","system_user","2023-04-18 11:15:28","system_user","2024-04-23 03:42:35","0","0"
"32","00000000032","area","面积",,"1055020000000009","00010201","0","0","system_user","2023-04-18 11:15:29","system_user","2024-04-23 03:42:35","0","0"
"33","00000000033","landform","地形","平原, 高原, 丘陵, 山地","1055020000000009","00010201","0","0","system_user","2023-04-18 11:15:29","system_user","2024-04-23 03:42:35","0","0"
"34","00000000034","belong_to_region","所属区域",,"1055020000000009","00010201","0","0","test_user","2023-04-18 11:15:30","test_user","2024-04-23 03:42:35","1","0"
"35","00000000035","event_id","编号",,"105503000000000a","00010301","1","1","system_user","2023-04-18 11:15:30","system_user","2024-04-23 03:42:35","0","0"
"36","00000000036","name","名称",,"105503000000000a","00010301","0","0","system_user","2023-04-18 11:15:31","system_user","2024-04-23 03:42:35","0","0"
"37","00000000037","start_time","开始时间",,"105503000000000a","00010301","0","0","system_user","2023-04-18 11:15:31","system_user","2024-04-23 03:42:35","0","0"
"38","00000000038","end_time","结束时间",,"105503000000000a","00010301","0","0","system_user","2023-04-18 11:15:32","system_user","2024-04-23 03:42:35","0","0"
"39","00000000039","type","类型","处置, 投诉, 执法","105503000000000a","00010301","0","0","system_user","2023-04-18 11:15:33","system_user","2024-04-23 03:42:35","0","0"
"40","00000000040","description","描述",,"105503000000000a","00010301","0","0","system_user","2023-04-18 11:15:34","system_user","2024-04-23 03:42:35","0","0"
"41","00000000041","result","结果",,"105503000000000a","00010301","0","0","system_user","2023-04-18 11:15:34","system_user","2024-04-23 03:42:35","0","0"
"42","00000000042","cause","原因",,"105503000000000a","00010301","0","0","system_user","2023-04-18 11:15:35","system_user","2024-04-23 03:42:35","0","0"
"43","00000000043","state","状态",,"105503000000000a","00010301","0","0","system_user","2023-04-18 11:15:35","system_user","2024-04-23 03:42:35","0","0"
"44","00000000044","subject","主体",,"105503000000000a","00010301","0","0","system_user","2023-04-18 11:15:36","system_user","2024-04-23 03:42:35","1","0"
"45","00000000045","region","地点",,"105503000000000a","00010301","0","0","system_user","2023-04-18 11:15:36","system_user","2024-04-23 03:42:35","1","0"
"46","00000000046","parent_event_code","父类事件编码",,"105503000000000a","00010301","0","0","system_user","2023-04-18 11:15:37","system_user","2024-04-23 03:42:35","1","0"
"47","00000000047","object_id","编号",,"105504000000000b","00010401","1","1","system_user","2023-04-18 11:15:37","system_user","2024-04-23 03:42:35","0","0"
"48","00000000048","name","名称",,"105504000000000b","00010401","0","0","system_user","2023-04-18 11:15:38","system_user","2024-04-23 03:42:35","0","0"
"49","00000000049","type","类型",,"105504000000000b","00010401","0","0","system_user","2023-04-18 11:15:39","system_user","2024-04-23 03:42:35","0","0"
"50","00000000050","identification_code","识别码","SN号等","105504000000000b","00010401","0","0","test_user","2023-04-18 11:15:39","test_user","2024-04-23 03:42:35","0","0"
"51","00000000051","functionality","功能",,"105504000000000b","00010401","0","0","system_user","2023-04-18 11:15:40","system_user","2024-04-23 03:42:35","0","0"
"52","00000000052","brand","品牌",,"105504000000000b","00010401","0","0","system_user","2023-04-18 11:15:40","system_user","2024-04-23 03:42:35","0","0"
"53","00000000053","model_number","型号",,"105504000000000b","00010401","0","0","system_user","2023-04-18 11:15:41","system_user","2024-04-23 03:42:35","0","0"
"54","00000000054","long","长",,"105504000000000b","00010401","0","0","system_user","2023-04-18 11:15:42","system_user","2024-04-23 03:42:35","0","0"
"55","00000000055","wide","宽",,"105504000000000b","00010401","0","0","system_user","2023-04-18 11:15:42","system_user","2024-04-23 03:42:35","0","0"
"56","00000000056","high","高",,"105504000000000b","00010401","0","0","system_user","2023-04-18 11:15:43","system_user","2024-04-23 03:42:35","0","0"
"57","00000000057","weight","重量",,"105504000000000b","00010401","0","0","system_user","2023-04-18 11:15:43","system_user","2024-04-23 03:42:35","0","0"
"58","00000000058","capacity","容量",,"105504000000000b","00010401","0","0","system_user","2023-04-18 11:15:44","system_user","2024-04-23 03:42:35","0","0"
"59","00000000059","material","材质","塑料, 金属, 木材","105504000000000b","00010401","0","0","system_user","2023-04-18 11:15:44","system_user","2024-04-23 03:42:35","0","0"
"60","00000000060","date_of_production","生产日期",,"105504000000000b","00010401","0","0","system_user","2023-04-18 11:15:45","system_user","2024-04-23 03:42:35","0","0"
"61","00000000061","service_life","使用期限",,"105504000000000b","00010401","0","0","system_user","2023-04-18 11:15:46","system_user","2024-04-23 03:42:35","0","0"
"62","00000000062","state","状态","正常, 待维修, 损坏","105504000000000b","00010401","0","0","system_user","2023-04-18 11:15:46","system_user","2024-04-23 03:42:35","0","0"
"63","00000000063","organization_id","编号",,"105505000000000c","00010501","1","1","system_user","2023-04-18 11:15:47","system_user","2024-04-23 03:42:35","0","0"
"64","00000000064","name","名称",,"105505000000000c","00010501","0","0","system_user","2023-04-18 11:15:47","system_user","2024-04-23 03:42:35","0","0"
"65","00000000065","type","类型","政府机关, 事业单位, 企业","105505000000000c","00010501","0","0","system_user","2023-04-18 11:15:48","system_user","2024-04-23 03:42:35","0","0"
"66","00000000066","responsibility","职责",,"105505000000000c","00010501","0","0","system_user","2023-04-18 11:15:48","system_user","2024-04-23 03:42:35","0","0"
"67","00000000067","state","状态","营业, 停业, 停业, 筹建","105505000000000c","00010501","0","0","system_user","2023-04-18 11:15:49","system_user","2024-04-23 03:42:35","0","0"
"68","00000000068","personnel_scale","人员规模",,"105505000000000c","00010501","0","0","system_user","2023-04-18 11:15:49","system_user","2024-04-23 03:42:35","0","0"
"69","00000000069","date_of_establishment","成立日期",,"105505000000000c","00010501","0","0","system_user","2023-04-18 11:15:50","system_user","2024-04-23 03:42:35","0","0"
"70","00000000070","cancellation_date","取消日期",,"105505000000000c","00010501","0","0","system_user","2023-04-18 11:15:50","system_user","2024-04-23 03:42:35","0","0"
"71","00000000071","contact_information","联系方式",,"105505000000000c","00010501","0","0","system_user","2023-04-18 11:15:51","system_user","2024-04-23 03:42:35","0","0"
"72","00000000072","contact_person","联络人",,"105505000000000c","00010501","0","0","system_user","2023-04-18 11:15:52","system_user","2024-04-23 03:42:35","0","0"
"73","00000000073","address","地址",,"105505000000000c","00010501","0","0","system_user","2023-04-18 11:15:52","system_user","2024-04-23 03:42:35","1","0"
"74","00000000074","identification_code","识别码",,"105505000000000c","00010501","0","0","admin","2023-04-18 11:15:53","admin","2024-04-23 03:42:35","0","0"
"75","00000000075","parent_organization_code","父类组织编码",,"105505000000000c","00010501","0","0","system_user","2023-04-18 11:15:53","system_user","2024-04-23 03:42:35","1","0"
"76","00000000076","start_time","开始时间",,"1095110100000005","00021101","0","0","system_user","2023-04-18 11:15:54","system_user","2024-04-23 03:42:35","0","0"
"77","00000000077","end_time","结束时间",,"1095110100000005","00021101","0","0","system_user","2023-04-18 11:15:54","system_user","2024-04-23 03:42:35","0","0"
"78","00000000078","price","价格",,"1095110100000005","00021101","0","0","system_user","2023-04-18 11:15:55","system_user","2024-04-23 03:42:35","0","0"
"79","00000000079","frequency","频次","一天一次, 每周一次","1095110100000005","00021101","0","0","admin","2023-04-18 11:15:55","admin","2024-04-23 03:42:35","0","0"
"80","00000000080","type","类型","咨询, 代理, 家政, 餐饮, 医护, 转运","1095110100000005","00021101","0","0","system_user","2023-04-18 11:15:56","system_user","2024-04-23 03:42:35","0","0"
"81","00000000081","mode","方式","线上咨询, 线下交谈, 实地走访","1095110100000005","00021101","0","0","system_user","2023-04-18 11:15:57","system_user","2024-04-23 03:42:35","0","0"
"82","00000000082","tool","工具","清洁工具, 医疗设备, 运输工具, 通信专线","1095110100000005","00021101","0","0","system_user","2023-04-18 11:15:57","system_user","2024-04-23 03:42:35","0","0"
"83","00000000083","evaluation_result","评价","质量高, 态度好, 效率高, 质量高, 态度差, 效率低","1095110100000005","00021101","0","0","test_user","2023-04-18 11:15:58","test_user","2024-04-23 03:42:35","0","0"
"84","00000000084","requirement","要求","身体健康, 政治面貌, 工作经验","1095110100000005","00021101","0","0","system_user","2023-04-18 11:15:58","system_user","2024-04-23 03:42:35","0","0"
"85","00000000085","resultant_product","结果产物","流调报告, 体检报告, 按时送达","1095110100000005","00021101","0","0","system_user","2023-04-18 11:15:59","system_user","2024-04-23 03:42:35","0","0"
"86","00000000086","start_time","开始时间",,"1095110200000008","00021102","0","0","system_user","2023-04-18 11:15:59","system_user","2024-04-23 03:42:35","0","0"
"87","00000000087","end_time","结束时间",,"1095110200000008","00021102","0","0","system_user","2023-04-18 11:16:00","system_user","2024-04-23 03:42:35","0","0"
"88","00000000088","type","类型","经济纠纷, 资源冲突, 产权纠纷, 身体冲突, 言语纠纷, 文化冲突","1095110200000008","00021102","0","0","system_user","2023-04-18 11:16:01","system_user","2024-04-23 03:42:35","0","0"
"89","00000000089","cause","原因","事故, 目标不同, 分配不均, 沟通不畅","1095110200000008","00021102","0","0","system_user","2023-04-18 11:16:01","system_user","2024-04-23 03:42:35","0","0"
"90","00000000090","consequence","后果","财产损失, 人身伤害, 精神损失","1095110200000008","00021102","0","0","system_user","2023-04-18 11:16:02","system_user","2024-04-23 03:42:35","0","0"
"91","00000000091","start_time","开始时间",,"109511030000000b","00021103","0","0","system_user","2023-04-18 11:16:02","system_user","2024-04-23 03:42:35","0","0"
"92","00000000092","end_time","结束时间",,"109511030000000b","00021103","0","0","system_user","2023-04-18 11:16:03","system_user","2024-04-23 03:42:35","0","0"
"93","00000000093","mode","方式","直接, 间接","109511030000000b","00021103","0","0","test_user","2023-04-18 11:16:03","test_user","2024-04-23 03:42:35","0","0"
"94","00000000094","according_to_regulations","依据条例","部门管理条例, 道路行驶规则, 禁止乱搭乱建制度","109511030000000b","00021103","0","0","system_user","2023-04-18 11:16:04","system_user","2024-04-23 03:42:35","0","0"
"95","00000000095","scope_of_authority","权限范畴","全面管理, 业务管理, 人事管理, 财务管理","109511030000000b","00021103","0","0","system_user","2023-04-18 11:16:04","system_user","2024-04-23 03:42:35","0","0"
"96","00000000096","evaluation_result","评价","效率高, 效果好, 效率低, 效果好","109511030000000b","00021103","0","0","test_user","2023-04-18 11:16:05","test_user","2024-04-23 03:42:35","0","0"
"97","00000000097","start_time","开始时间",,"1095110400000001","00021104","0","0","system_user","2023-04-18 11:16:06","system_user","2024-04-23 03:42:35","0","0"
"98","00000000098","end_time","结束时间",,"1095110400000001","00021104","0","0","system_user","2023-04-18 11:16:06","system_user","2024-04-23 03:42:35","0","0"
"99","00000000099","type","类型","资源协作, 技术协作, 信息协作","1095110400000001","00021104","0","0","system_user","2023-04-18 11:16:07","system_user","2024-04-23 03:42:35","0","0"
"100","00000000100","division_of_responsibilities","职责分工",,"1095110400000001","00021104","0","0","system_user","2023-04-18 11:16:08","system_user","2024-04-23 03:42:35","0","0"
"101","00000000101","purpose","目的","提升效率, 降低成本","1095110400000001","00021104","0","0","system_user","2023-04-18 11:16:08","system_user","2024-04-23 03:42:35","0","0"
"102","00000000102","evaluation_result","评价","配合默契, 沟通通畅, 协作及时, 态度积极","1095110400000001","00021104","0","0","test_user","2023-04-18 11:16:09","test_user","2024-04-23 03:42:35","0","0"
"103","00000000103","process","进程",,"1095110400000001","00021104","0","0","system_user","2023-04-18 11:16:09","system_user","2024-04-23 03:42:35","0","0"
"104","00000000104","start_time","开始时间",,"1095110500000004","00021105","0","0","system_user","2023-04-18 11:16:10","system_user","2024-04-23 03:42:35","0","0"
"105","00000000105","end_time","结束时间",,"1095110500000004","00021105","0","0","system_user","2023-04-18 11:16:10","system_user","2024-04-23 03:42:35","0","0"
"106","00000000106","role","角色","老师, 顾问, 执教","1095110500000004","00021105","0","0","system_user","2023-04-18 11:16:11","system_user","2024-04-23 03:42:35","0","0"
"107","00000000107","direction","方向","数学, 物理, 足球, 篮球","1095110500000004","00021105","0","0","system_user","2023-04-18 11:16:11","system_user","2024-04-23 03:42:35","0","0"
"108","00000000108","tool","工具","专业书籍, 实验设备, 体育用品","1095110500000004","00021105","0","0","system_user","2023-04-18 11:16:12","system_user","2024-04-23 03:42:35","0","0"
"109","00000000109","mode","方式","线上, 线下, 理论, 实操","1095110500000004","00021105","0","0","system_user","2023-04-18 11:16:12","system_user","2024-04-23 03:42:35","0","0"
"110","00000000110","evaluation_result","评价","评价反馈优，考核绩效优, 评价反馈差，考核绩效优","1095110500000004","00021105","0","0","test_user","2023-04-18 11:16:13","test_user","2024-04-23 03:42:35","0","0"
"111","00000000111","frequency","频次","一天一次, 每周一次","1095110500000004","00021105","0","0","admin","2023-04-18 11:16:14","admin","2024-04-23 03:42:35","0","0"
"112","00000000112","purpose","目的","技能提升, 业务提升","1095110500000004","00021105","0","0","system_user","2023-04-18 11:16:14","system_user","2024-04-23 03:42:35","0","0"
"113","00000000113","start_time","开始时间",,"1095110600000007","00021106","0","0","system_user","2023-04-18 11:16:15","system_user","2024-04-23 03:42:35","0","0"
"114","00000000114","end_time","结束时间",,"1095110600000007","00021106","0","0","system_user","2023-04-18 11:16:15","system_user","2024-04-23 03:42:35","0","0"
"115","00000000115","type","类型","直系血缘亲属, 旁系血缘亲属,","1095110600000007","00021106","0","0","system_user","2023-04-18 11:16:16","system_user","2024-04-23 03:42:35","0","0"
"116","00000000116","appellation","称谓","父亲, 母亲, 儿子, 女儿, 祖父/外祖父, 祖母/外祖母, 哥哥/弟弟, 姐姐/妹妹, 孙子/外孙子, 孙女/外孙女, 叔伯/舅舅, 姑父/姨父, 堂/表兄弟, 堂/表姐妹, 侄子/外甥, 侄女/外甥女","1095110600000007","00021106","0","0","system_user","2023-04-18 11:16:16","system_user","2024-04-23 03:42:35","0","0"
"117","00000000117","start_time","开始时间",,"109511070000000a","00021107","0","0","system_user","2023-04-18 11:16:17","system_user","2024-04-23 03:42:35","0","0"
"118","00000000118","end_time","结束时间",,"109511070000000a","00021107","0","0","system_user","2023-04-18 11:16:18","system_user","2024-04-23 03:42:35","0","0"
"119","00000000119","type","类型","新婚, 二婚, 复婚, 离异","109511070000000a","00021107","0","0","test_user","2023-04-18 11:16:18","test_user","2024-04-23 03:42:35","0","0"
"120","00000000120","marriage_and_childbearing_situation","婚育情况","无, 独生子女, 二胎, 三胎","109511070000000a","00021107","0","0","system_user","2023-04-18 11:16:19","system_user","2024-04-23 03:42:35","0","0"
"121","00000000121","appellation","称谓","丈夫, 妻子, 前妻, 前夫","109511070000000a","00021107","0","0","system_user","2023-04-18 11:16:19","system_user","2024-04-23 03:42:35","0","0"
"122","00000000122","related_kin","关联亲属","丈夫, 妻子, 岳父/公公, 岳母/婆婆, 嫂子/弟媳, 姐夫/妹夫, 女婿, 儿媳, 婶婶/舅妈, 婶婶/舅妈, 继父, 继母, 继子, 继女, 配偶的侄子/外甥, 配偶的侄女/外甥女","109511070000000a","00021107","0","0","system_user","2023-04-18 11:16:20","system_user","2024-04-23 03:42:35","0","0"
"123","00000000123","mode","方式","登记婚姻, 事实婚姻","109511070000000a","00021107","0","0","test_user","2023-04-18 11:16:20","test_user","2024-04-23 03:42:35","0","0"
"124","00000000124","start_time","开始时间",,"1095110800000000","00021108","0","0","system_user","2023-04-18 11:16:21","system_user","2024-04-23 03:42:35","0","0"
"125","00000000125","end_time","结束时间",,"1095110800000000","00021108","0","0","system_user","2023-04-18 11:16:21","system_user","2024-04-23 03:42:35","0","0"
"126","00000000126","type","类型","收养，领养","1095110800000000","00021108","0","0","test_user","2023-04-18 11:16:22","test_user","2024-04-23 03:42:35","0","0"
"127","00000000127","appellation","称谓","养父/养母, 养子/养女","1095110800000000","00021108","0","0","system_user","2023-04-18 11:16:22","system_user","2024-04-23 03:42:35","0","0"
"128","00000000128","start_time","开始时间",,"1095120100000006","00021201","0","0","system_user","2023-04-18 11:16:23","system_user","2024-04-23 03:42:35","0","0"
"129","00000000129","end_time","结束时间",,"1095120100000006","00021201","0","0","system_user","2023-04-18 11:16:24","system_user","2024-04-23 03:42:35","0","0"
"130","00000000130","type","类型","家庭居住, 工作场所, 外出派驻, 法律管控, 学校进修, 旅游度假, 医学隔离","1095120100000006","00021201","0","0","system_user","2023-04-18 11:16:24","system_user","2024-04-23 03:42:35","0","0"
"131","00000000131","residence_fee_option","驻留费用负担方式","自有购买, 个人租赁, 个人支付, 单位承担, 政府安置, 受赠继承","1095120100000006","00021201","0","0","system_user","2023-04-18 11:16:25","system_user","2024-04-23 03:42:35","0","0"
"132","00000000132","amount_of_expense","费用金额",,"1095120100000006","00021201","0","0","system_user","2023-04-18 11:16:25","system_user","2024-04-23 03:42:35","0","0"
"133","00000000133","duration_type","驻留周期","持续驻留, 工作日驻留, 周末驻留, 每周1~3天, 每周4~6天","1095120100000006","00021201","0","0","system_user","2023-04-18 11:16:26","system_user","2024-04-23 03:42:35","0","0"
"134","00000000134","start_time","开始时间",,"1095120200000009","00021202","0","0","system_user","2023-04-18 11:16:26","system_user","2024-04-23 03:42:35","0","0"
"135","00000000135","end_time","结束时间",,"1095120200000009","00021202","0","0","system_user","2023-04-18 11:16:27","system_user","2024-04-23 03:42:35","0","0"
"136","00000000136","purpose","目的","上班工作, 逛街购物, 会议研讨, 婚礼庆典, 聚餐宴请, 核酸检测, 隔离转运, 承诺签署","1095120200000009","00021202","0","0","system_user","2023-04-18 11:16:28","system_user","2024-04-23 03:42:35","0","0"
"137","00000000137","cost","成本",,"1095120200000009","00021202","0","0","system_user","2023-04-18 11:16:28","system_user","2024-04-23 03:42:35","0","0"
"138","00000000138","state","状态",,"1095120200000009","00021202","0","0","system_user","2023-04-18 11:16:29","system_user","2024-04-23 03:42:35","0","0"
"139","00000000139","frequency","频次","每周一次, 一年一次, 一次性","1095120200000009","00021202","0","0","system_user","2023-04-18 11:16:30","system_user","2024-04-23 03:42:35","0","0"
"140","00000000140","requirement","要求","出具邀请函, 健康宝绿码, 开具罚单","1095120200000009","00021202","0","0","system_user","2023-04-18 11:16:30","system_user","2024-04-23 03:42:35","0","0"
"141","00000000141","start_time","开始时间",,"109512030000000c","00021203","0","0","system_user","2023-04-18 11:16:31","system_user","2024-04-23 03:42:35","0","0"
"142","00000000142","end_time","结束时间",,"109512030000000c","00021203","0","0","system_user","2023-04-18 11:16:32","system_user","2024-04-23 03:42:35","0","0"
"143","00000000143","frequency","频次","每周一次, 每月一次, 不定时间","109512030000000c","00021203","0","0","system_user","2023-04-18 11:16:32","system_user","2024-04-23 03:42:35","0","0"
"144","00000000144","influence","影响","垃圾外溢, 事故风险, 行程码带星, 健康码变黄, 疫情外溢传播, 无法入境","109512030000000c","00021203","0","0","system_user","2023-04-18 11:16:33","system_user","2024-04-23 03:42:35","0","0"
"145","00000000145","start_time","开始时间",,"1095120400000002","00021204","0","0","system_user","2023-04-18 11:16:33","system_user","2024-04-23 03:42:35","0","0"
"146","00000000146","end_time","结束时间",,"1095120400000002","00021204","0","0","system_user","2023-04-18 11:16:34","system_user","2024-04-23 03:42:35","0","0"
"147","00000000147","type","类型","新建, 改造, 设计","1095120400000002","00021204","0","0","system_user","2023-04-18 11:16:35","system_user","2024-04-23 03:42:35","0","0"
"148","00000000148","role","角色","设计师, 工长, 工人, 投资人","1095120400000002","00021204","0","0","system_user","2023-04-18 11:16:35","system_user","2024-04-23 03:42:35","0","0"
"149","00000000149","time_limit","工期",,"1095120400000002","00021204","0","0","system_user","2023-04-18 11:16:36","system_user","2024-04-23 03:42:35","0","0"
"150","00000000150","process","进程",,"1095120400000002","00021204","0","0","system_user","2023-04-18 11:16:36","system_user","2024-04-23 03:42:35","0","0"
"151","00000000151","motivation","动因","合同履约, 自用, 创造收入","1095120400000002","00021204","0","0","system_user","2023-04-18 11:16:37","system_user","2024-04-23 03:42:35","0","0"
"152","00000000152","requirement","要求","二级建造师, 造价师, 电焊师","1095120400000002","00021204","0","0","system_user","2023-04-18 11:16:37","system_user","2024-04-23 03:42:35","0","0"
"153","00000000153","evaluation_result","评估结果","达标, 不达标","1095120400000002","00021204","0","0","system_user","2023-04-18 11:16:38","system_user","2024-04-23 03:42:35","0","0"
"154","00000000154","cost","成本",,"1095120400000002","00021204","0","0","system_user","2023-04-18 11:16:38","system_user","2024-04-23 03:42:35","0","0"
"155","00000000155","start_time","开始时间",,"1095120500000005","00021205","0","0","system_user","2023-04-18 11:16:39","system_user","2024-04-23 03:42:35","0","0"
"156","00000000156","end_time","结束时间",,"1095120500000005","00021205","0","0","system_user","2023-04-18 11:16:39","system_user","2024-04-23 03:42:35","0","0"
"157","00000000157","source","来源","自建, 购买, 赠与, 奖励, 分配","1095120500000005","00021205","0","0","system_user","2023-04-18 11:16:40","system_user","2024-04-23 03:42:35","0","0"
"158","00000000158","acquisition_cost","获取成本",,"1095120500000005","00021205","0","0","system_user","2023-04-18 11:16:41","system_user","2024-04-23 03:42:35","0","0"
"159","00000000159","cost_of_ownership","拥有成本",,"1095120500000005","00021205","0","0","system_user","2023-04-18 11:16:41","system_user","2024-04-23 03:42:35","0","0"
"160","00000000160","scope_of_authority","权限范畴","拥有权, 使用权","1095120500000005","00021205","0","0","system_user","2023-04-18 11:16:42","system_user","2024-04-23 03:42:35","0","0"
"161","00000000161","use","用途","居住, 租赁, 生产","1095120500000005","00021205","0","0","system_user","2023-04-18 11:16:42","system_user","2024-04-23 03:42:35","0","0"
"162","00000000162","evaluation","评估","合法, 违法,","1095120500000005","00021205","0","0","system_user","2023-04-18 11:16:43","system_user","2024-04-23 03:42:35","0","0"
"163","00000000163","start_time","开始时间",,"1095120600000008","00021206","0","0","system_user","2023-04-18 11:16:43","system_user","2024-04-23 03:42:35","0","0"
"164","00000000164","end_time","结束时间",,"1095120600000008","00021206","0","0","system_user","2023-04-18 11:16:44","system_user","2024-04-23 03:42:35","0","0"
"165","00000000165","type","类型","抵押, 出让, 捐赠","1095120600000008","00021206","0","0","system_user","2023-04-18 11:16:44","system_user","2024-04-23 03:42:35","0","0"
"166","00000000166","motivation","动因","变现需求, 福利捐赠, 废弃处理","1095120600000008","00021206","0","0","system_user","2023-04-18 11:16:45","system_user","2024-04-23 03:42:35","0","0"
"167","00000000167","evaluation","评估","合法, 违法","1095120600000008","00021206","0","0","system_user","2023-04-18 11:16:46","system_user","2024-04-23 03:42:35","0","0"
"168","00000000168","mode","方式","拍卖, 招标, 挂牌","1095120600000008","00021206","0","0","system_user","2023-04-18 11:16:46","system_user","2024-04-23 03:42:35","0","0"
"169","00000000169","result","结果","现金, 荣誉","1095120600000008","00021206","0","0","system_user","2023-04-18 11:16:47","system_user","2024-04-23 03:42:35","0","0"
"170","00000000170","cost","成本",,"1095120600000008","00021206","0","0","system_user","2023-04-18 11:16:47","system_user","2024-04-23 03:42:35","0","0"
"171","00000000171","type_of_right","权利类型","使用权, 拥有权,","1095120600000008","00021206","0","0","system_user","2023-04-18 11:16:48","system_user","2024-04-23 03:42:35","0","0"
"172","00000000172","state","状态","合同签订中, 权属登记中, 租赁中, 租约到期","1095120600000008","00021206","0","0","system_user","2023-04-18 11:16:48","system_user","2024-04-23 03:42:35","0","0"
"173","00000000173","start_time","开始时间",,"109512070000000b","00021207","0","0","system_user","2023-04-18 11:16:49","system_user","2024-04-23 03:42:35","0","0"
"174","00000000174","end_time","结束时间",,"109512070000000b","00021207","0","0","system_user","2023-04-18 11:16:50","system_user","2024-04-23 03:42:35","0","0"
"175","00000000175","type","类型","直接, 间接","109512070000000b","00021207","0","0","system_user","2023-04-18 11:16:50","system_user","2024-04-23 03:42:35","0","0"
"176","00000000176","scope_of_authority","权限范畴","合规进出, 合规行为","109512070000000b","00021207","0","0","zstx","2023-04-18 11:16:51","zstx","2024-04-23 03:42:35","0","0"
"177","00000000177","mode","方式","远程监控, 文件审阅, 定期抽检, 现场督办","109512070000000b","00021207","0","0","system_user","2023-04-18 11:16:51","system_user","2024-04-23 03:42:35","0","0"
"178","00000000178","tool","工具","防疫工作服, 消杀喷壶, 防疫封条, 摄像头, 移动终端设备, CIM平台, 数字楼宇系统","109512070000000b","00021207","0","0","system_user","2023-04-18 11:16:52","system_user","2024-04-23 03:42:35","0","0"
"179","00000000179","evaluation_result","评估结果","合格, 不合格","109512070000000b","00021207","0","0","system_user","2023-04-18 11:16:52","system_user","2024-04-23 03:42:35","0","0"
"180","00000000180","responsibility","职责","管控, 监测, 督导","109512070000000b","00021207","0","0","system_user","2023-04-18 11:16:53","system_user","2024-04-23 03:42:35","0","0"
"181","00000000181","role","角色","社区管理员, 防疫人员, 停车场管理员","109512070000000b","00021207","0","0","system_user","2023-04-18 11:16:53","system_user","2024-04-23 03:42:35","0","0"
"182","00000000182","cost","成本",,"109512070000000b","00021207","0","0","system_user","2023-04-18 11:16:54","system_user","2024-04-23 03:42:35","0","0"
"183","00000000183","source_of_power","权力来源","法律赋予, 机构授予","109512070000000b","00021207","0","0","system_user","2023-04-18 11:16:55","system_user","2024-04-23 03:42:35","0","0"
"184","00000000184","start_time","开始时间",,"1095120800000001","00021208","0","0","system_user","2023-04-18 11:16:55","system_user","2024-04-23 03:42:35","0","0"
"185","00000000185","end_time","结束时间",,"1095120800000001","00021208","0","0","system_user","2023-04-18 11:16:56","system_user","2024-04-23 03:42:35","0","0"
"186","00000000186","cost","成本",,"1095120800000001","00021208","0","0","system_user","2023-04-18 11:16:56","system_user","2024-04-23 03:42:35","0","0"
"187","00000000187","evaluation","评估","优, 良, 合格, 不合格","1095120800000001","00021208","0","0","system_user","2023-04-18 11:16:57","system_user","2024-04-23 03:42:35","0","0"
"188","00000000188","tool","工具","消杀喷壶, 记录本, 清洁工具, 耗材, 防护用品","1095120800000001","00021208","0","0","system_user","2023-04-18 11:16:57","system_user","2024-04-23 03:42:35","0","0"
"189","00000000189","role","角色","消杀员, 排查员","1095120800000001","00021208","0","0","system_user","2023-04-18 11:16:58","system_user","2024-04-23 03:42:35","0","0"
"190","00000000190","frequency","频次","一天一次, 每周一次","1095120800000001","00021208","0","0","system_user","2023-04-18 11:16:59","system_user","2024-04-23 03:42:35","0","0"
"191","00000000191","motivation","动因","安全屏障, 公共安全, 公共卫生, 筛查病例","1095120800000001","00021208","0","0","system_user","2023-04-18 11:16:59","system_user","2024-04-23 03:42:35","0","0"
"192","00000000192","skill_requirement","技能要求","无, 初级工, 中级工, 高级工","1095120800000001","00021208","0","0","system_user","2023-04-18 11:17:00","system_user","2024-04-23 03:42:35","0","0"
"193","00000000193","cause","原因","引发关注, 获取利益, 意识丧失, 报复社会","1095130100000007","00021301","0","0","system_user","2023-04-18 11:17:00","system_user","2024-04-23 03:42:35","0","0"
"194","00000000194","type","类型","蓄意, 无意","1095130100000007","00021301","0","0","system_user","2023-04-18 11:17:01","system_user","2024-04-23 03:42:35","0","0"
"195","00000000195","degree_of_influence","影响程度","高, 中, 低","1095130100000007","00021301","0","0","system_user","2023-04-18 11:17:01","system_user","2024-04-23 03:42:35","0","0"
"196","00000000196","role","角色","发起人, 策划人","1095130100000007","00021301","0","0","system_user","2023-04-18 11:17:02","system_user","2024-04-23 03:42:35","0","0"
"197","00000000197","tool","工具","社交网络, 媒体平台, 交通工具","1095130100000007","00021301","0","0","system_user","2023-04-18 11:17:03","system_user","2024-04-23 03:42:35","0","0"
"198","00000000198","process","进程","策划, 筹备, 发起","1095130100000007","00021301","0","0","system_user","2023-04-18 11:17:03","system_user","2024-04-23 03:42:35","0","0"
"199","00000000199","cost","成本",,"1095130100000007","00021301","0","0","system_user","2023-04-18 11:17:04","system_user","2024-04-23 03:42:35","0","0"
"200","00000000200","motivation","动因","宣传知识, 获取利益","109513020000000a","00021302","0","0","system_user","2023-04-18 11:17:04","system_user","2024-04-23 03:42:35","0","0"
"201","00000000201","mode","方式","发表演讲, 现场指导, 进度推进","109513020000000a","00021302","0","0","system_user","2023-04-18 11:17:05","system_user","2024-04-23 03:42:35","0","0"
"202","00000000202","role","角色","主要, 辅助","109513020000000a","00021302","0","0","system_user","2023-04-18 11:17:05","system_user","2024-04-23 03:42:35","0","0"
"203","00000000203","cost","成本",,"109513020000000a","00021302","0","0","system_user","2023-04-18 11:17:06","system_user","2024-04-23 03:42:35","0","0"
"204","00000000204","condition","条件","职业技能, 行业影响力, 学术权威","109513020000000a","00021302","0","0","system_user","2023-04-18 11:17:06","system_user","2024-04-23 03:42:35","0","0"
"205","00000000205","result","结果","提升影响力, 获取薪酬, 行政拘留","109513020000000a","00021302","0","0","system_user","2023-04-18 11:17:07","system_user","2024-04-23 03:42:35","0","0"
"206","00000000206","response_time","响应时间",,"1095130300000000","00021303","0","0","system_user","2023-04-18 11:17:08","system_user","2024-04-23 03:42:35","0","0"
"207","00000000207","process","进程","接受任务, 到达现场, 了解情况, 纠纷调解","1095130300000000","00021303","0","0","system_user","2023-04-18 11:17:08","system_user","2024-04-23 03:42:35","0","0"
"208","00000000208","result","结果","罚款, 关押, 奖励, 举报, 移交, 下发","1095130300000000","00021303","0","0","system_user","2023-04-18 11:17:09","system_user","2024-04-23 03:42:35","0","0"
"209","00000000209","mode","方式","线上, 线下","1095130300000000","00021303","0","0","system_user","2023-04-18 11:17:09","system_user","2024-04-23 03:42:35","0","0"
"210","00000000210","tool","工具","防爆盾, 移动终端, 执法记录仪","1095130300000000","00021303","0","0","system_user","2023-04-18 11:17:10","system_user","2024-04-23 03:42:35","0","0"
"211","00000000211","evaluation_result","评估结果","合规处置, 违规处置","1095130300000000","00021303","0","0","system_user","2023-04-18 11:17:10","system_user","2024-04-23 03:42:35","0","0"
"212","00000000212","type","类型","合规, 安全","1095130400000003","00021304","0","0","system_user","2023-04-18 11:17:11","system_user","2024-04-23 03:42:35","0","0"
"213","00000000213","mode","方式","远程监控, 定期抽检, 现场督办","1095130400000003","00021304","0","0","system_user","2023-04-18 11:17:11","system_user","2024-04-23 03:42:35","0","0"
"214","00000000214","scope_of_authority","权限范畴",,"1095130400000003","00021304","0","0","system_user","2023-04-18 11:17:12","system_user","2024-04-23 03:42:35","0","0"
"215","00000000215","tool","工具","测速仪, 摄像头, 移动终端设备, 信息化平台","1095130400000003","00021304","0","0","system_user","2023-04-18 11:17:13","system_user","2024-04-23 03:42:35","0","0"
"216","00000000216","cost","成本",,"1095130400000003","00021304","0","0","system_user","2023-04-18 11:17:13","system_user","2024-04-23 03:42:35","0","0"
"217","00000000217","evaluation_result","评估结果","合规, 不合规","1095130400000003","00021304","0","0","system_user","2023-04-18 11:17:14","system_user","2024-04-23 03:42:35","0","0"
"218","00000000218","frequency","频次","一小时一次, 一天一次","1095130400000003","00021304","0","0","system_user","2023-04-18 11:17:14","system_user","2024-04-23 03:42:35","0","0"
"219","00000000219","start_time","开始时间",,"1095140100000008","00021401","0","0","system_user","2023-04-18 11:17:15","system_user","2024-04-23 03:42:35","0","0"
"220","00000000220","end_time","结束时间",,"1095140100000008","00021401","0","0","system_user","2023-04-18 11:17:15","system_user","2024-04-23 03:42:35","0","0"
"221","00000000221","creative_type","创意类型","原创性, 改进型","1095140100000008","00021401","0","0","system_user","2023-04-18 11:17:16","system_user","2024-04-23 03:42:35","0","0"
"222","00000000222","design_style","设计风格","抽象派, 现代派, 中国风, 简约风","1095140100000008","00021401","0","0","system_user","2023-04-18 11:17:16","system_user","2024-04-23 03:42:35","0","0"
"223","00000000223","role","角色","总设计, 总执行, 小组长, 绘图员","1095140100000008","00021401","0","0","system_user","2023-04-18 11:17:17","system_user","2024-04-23 03:42:35","0","0"
"224","00000000224","evaluation_result","评估结果","优秀, 一般, 普通","1095140100000008","00021401","0","0","system_user","2023-04-18 11:17:18","system_user","2024-04-23 03:42:35","0","0"
"225","00000000225","source","来源","公开招标, 定向邀请, 民间征集","1095140100000008","00021401","0","0","system_user","2023-04-18 11:17:18","system_user","2024-04-23 03:42:35","0","0"
"226","00000000226","influence","影响","舆论热议, 获取关注度","1095140100000008","00021401","0","0","system_user","2023-04-18 11:17:19","system_user","2024-04-23 03:42:35","0","0"
"227","00000000227","process","进程","预调研, 草图设计, 局部细化, 完善迭代","1095140100000008","00021401","0","0","system_user","2023-04-18 11:17:19","system_user","2024-04-23 03:42:35","0","0"
"228","00000000228","start_time","开始时间",,"109514020000000b","00021402","0","0","system_user","2023-04-18 11:17:20","system_user","2024-04-23 03:42:35","0","0"
"229","00000000229","end_time","结束时间",,"109514020000000b","00021402","0","0","system_user","2023-04-18 11:17:20","system_user","2024-04-23 03:42:35","0","0"
"230","00000000230","automation_level","自动化水平","纯手工, 半自动, 全自动","109514020000000b","00021402","0","0","system_user","2023-04-18 11:17:21","system_user","2024-04-23 03:42:35","0","0"
"231","00000000231","technology","工艺","陶制, 绘画, 木工","109514020000000b","00021402","0","0","system_user","2023-04-18 11:17:22","system_user","2024-04-23 03:42:35","0","0"
"232","00000000232","tool","工具","电锯, 雕刻刀, 陶炉","109514020000000b","00021402","0","0","system_user","2023-04-18 11:17:22","system_user","2024-04-23 03:42:35","0","0"
"233","00000000233","cost","成本",,"109514020000000b","00021402","0","0","system_user","2023-04-18 11:17:23","system_user","2024-04-23 03:42:35","0","0"
"234","00000000234","income","收益","薪酬, 声誉","109514020000000b","00021402","0","0","system_user","2023-04-18 11:17:23","system_user","2024-04-23 03:42:35","0","0"
"235","00000000235","evaluation_result","评估结果","优秀, 良, 待提升","109514020000000b","00021402","0","0","system_user","2023-04-18 11:17:24","system_user","2024-04-23 03:42:35","0","0"
"236","00000000236","process","进程","完成10%, 完成90%","109514020000000b","00021402","0","0","system_user","2023-04-18 11:17:24","system_user","2024-04-23 03:42:35","0","0"
"237","00000000237","start_time","开始时间",,"1095140300000001","00021403","0","0","system_user","2023-04-18 11:17:25","system_user","2024-04-23 03:42:35","0","0"
"238","00000000238","end_time","结束时间",,"1095140300000001","00021403","0","0","system_user","2023-04-18 11:17:25","system_user","2024-04-23 03:42:35","0","0"
"239","00000000239","type","类型","生产, 服务，乘坐","1095140300000001","00021403","0","0","zstx","2023-04-18 11:17:26","zstx","2024-04-23 03:42:35","0","0"
"240","00000000240","motivation","动因","时间效率, 经济成本, 人力节省, 舒适度, 情感因素","1095140300000001","00021403","0","0","system_user","2023-04-18 11:17:26","system_user","2024-04-23 03:42:35","0","0"
"241","00000000241","cost","成本",,"1095140300000001","00021403","0","0","system_user","2023-04-18 11:17:27","system_user","2024-04-23 03:42:35","0","0"
"242","00000000242","skill_requirement","技能要求","驾驶证, 执业医师证","1095140300000001","00021403","0","0","system_user","2023-04-18 11:17:28","system_user","2024-04-23 03:42:35","0","0"
"243","00000000243","evaluation_result","评估结果","熟练, 掌握, 不合规","1095140300000001","00021403","0","0","system_user","2023-04-18 11:17:28","system_user","2024-04-23 03:42:35","0","0"
"244","00000000244","start_time","开始时间",,"1095140400000004","00021404","0","0","system_user","2023-04-18 11:17:29","system_user","2024-04-23 03:42:35","0","0"
"245","00000000245","end_time","结束时间",,"1095140400000004","00021404","0","0","system_user","2023-04-18 11:17:29","system_user","2024-04-23 03:42:35","0","0"
"246","00000000246","source","来源","奖励, 购买, 赠与, 奖励, 行政授予（身份证等）, 申请获取","1095140400000004","00021404","0","0","system_user","2023-04-18 11:17:30","system_user","2024-04-23 03:42:35","0","0"
"247","00000000247","acquisition_cost","获取成本",,"1095140400000004","00021404","0","0","system_user","2023-04-18 11:17:30","system_user","2024-04-23 03:42:35","0","0"
"248","00000000248","cost_of_ownership","拥有成本",,"1095140400000004","00021404","0","0","system_user","2023-04-18 11:17:31","system_user","2024-04-23 03:42:35","0","0"
"249","00000000249","evaluation","评估","合规, 违规","1095140400000004","00021404","0","0","system_user","2023-04-18 11:17:32","system_user","2024-04-23 03:42:35","0","0"
"250","00000000250","type","类型","使用权, 拥有权","1095140400000004","00021404","0","0","system_user","2023-04-18 11:17:32","system_user","2024-04-23 03:42:35","0","0"
"251","00000000251","start_time","开始时间",,"1095140500000007","00021405","0","0","system_user","2023-04-18 11:17:33","system_user","2024-04-23 03:42:35","0","0"
"252","00000000252","end_time","结束时间",,"1095140500000007","00021405","0","0","system_user","2023-04-18 11:17:33","system_user","2024-04-23 03:42:35","0","0"
"253","00000000253","type","类型","抵押, 出让, 卖出, 捐赠, 赠送","1095140500000007","00021405","0","0","system_user","2023-04-18 11:17:34","system_user","2024-04-23 03:42:35","0","0"
"254","00000000254","motivation","动因","变现需求, 公益事业, 闲置处理","1095140500000007","00021405","0","0","system_user","2023-04-18 11:17:34","system_user","2024-04-23 03:42:35","0","0"
"255","00000000255","result","结果","现金, 荣誉","1095140500000007","00021405","0","0","system_user","2023-04-18 11:17:35","system_user","2024-04-23 03:42:35","0","0"
"256","00000000256","cost","成本",,"1095140500000007","00021405","0","0","system_user","2023-04-18 11:17:35","system_user","2024-04-23 03:42:35","0","0"
"257","00000000257","evaluation","评估","合法, 违法","1095140500000007","00021405","0","0","system_user","2023-04-18 11:17:36","system_user","2024-04-23 03:42:35","0","0"
"258","00000000258","mode","方式","拍卖, 招标, 挂牌","1095140500000007","00021405","0","0","system_user","2023-04-18 11:17:36","system_user","2024-04-23 03:42:35","0","0"
"259","00000000259","type_of_right","权利类型","使用权, 拥有权,","1095140500000007","00021405","0","0","system_user","2023-04-18 11:17:37","system_user","2024-04-23 03:42:35","0","0"
"260","00000000260","process","进程","合同签订中, 权属登记中, 租赁中, 租约到期","1095140500000007","00021405","0","0","system_user","2023-04-18 11:17:38","system_user","2024-04-23 03:42:35","0","0"
"261","00000000261","start_time","开始时间",,"109514060000000a","00021406","0","0","system_user","2023-04-18 11:17:38","system_user","2024-04-23 03:42:35","0","0"
"262","00000000262","end_time","结束时间",,"109514060000000a","00021406","0","0","system_user","2023-04-18 11:17:39","system_user","2024-04-23 03:42:35","0","0"
"263","00000000263","type","类型","直接管理, 间接管理","109514060000000a","00021406","0","0","system_user","2023-04-18 11:17:39","system_user","2024-04-23 03:42:35","0","0"
"264","00000000264","scope_of_authority","权限范畴","使用权, 审核权","109514060000000a","00021406","0","0","system_user","2023-04-18 11:17:40","system_user","2024-04-23 03:42:35","0","0"
"265","00000000265","mode","方式","远程监控, 文件审阅, 定期抽检, 现场督办","109514060000000a","00021406","0","0","system_user","2023-04-18 11:17:40","system_user","2024-04-23 03:42:35","0","0"
"266","00000000266","cost","成本",,"109514060000000a","00021406","0","0","system_user","2023-04-18 11:17:41","system_user","2024-04-23 03:42:35","0","0"
"267","00000000267","evaluation_result","评估结果","合格, 不合格,","109514060000000a","00021406","0","0","system_user","2023-04-18 11:17:41","system_user","2024-04-23 03:42:35","0","0"
"268","00000000268","source_of_power","权力来源","法律赋予, 机构授予","109514060000000a","00021406","0","0","system_user","2023-04-18 11:17:42","system_user","2024-04-23 03:42:35","0","0"
"269","00000000269","role","角色","社区管理员, 防疫人员, 停车场管理员, 交警","109514060000000a","00021406","0","0","system_user","2023-04-18 11:17:43","system_user","2024-04-23 03:42:35","0","0"
"270","00000000270","measure","措施","制定政策, 开具罚单, 扣押车辆","109514060000000a","00021406","0","0","system_user","2023-04-18 11:17:43","system_user","2024-04-23 03:42:35","0","0"
"271","00000000271","resultant_product","结果产物","管理日志, 安装报告, 维修报告","109514060000000a","00021406","0","0","system_user","2023-04-18 11:17:44","system_user","2024-04-23 03:42:35","0","0"
"272","00000000272","start_time","开始时间",,"1095140700000000","00021407","0","0","system_user","2023-04-18 11:17:44","system_user","2024-04-23 03:42:35","0","0"
"273","00000000273","end_time","结束时间",,"1095140700000000","00021407","0","0","system_user","2023-04-18 11:17:45","system_user","2024-04-23 03:42:35","0","0"
"274","00000000274","type","类型","修理, 维护, 更换, 安装, 拆卸","1095140700000000","00021407","0","0","system_user","2023-04-18 11:17:45","system_user","2024-04-23 03:42:35","0","0"
"275","00000000275","cost","成本",,"1095140700000000","00021407","0","0","system_user","2023-04-18 11:17:46","system_user","2024-04-23 03:42:35","0","0"
"276","00000000276","evaluation_result","评估结果","优, 良, 合格, 不合格","1095140700000000","00021407","0","0","system_user","2023-04-18 11:17:46","system_user","2024-04-23 03:42:35","0","0"
"277","00000000277","tool","工具","清洁工具, 消杀工具","1095140700000000","00021407","0","0","system_user","2023-04-18 11:17:47","system_user","2024-04-23 03:42:35","0","0"
"278","00000000278","role","角色","清洁员工, 技修人员","1095140700000000","00021407","0","0","system_user","2023-04-18 11:17:48","system_user","2024-04-23 03:42:35","0","0"
"279","00000000279","frequency","频次","每周一次, 每月一次, 一次性","1095140700000000","00021407","0","0","system_user","2023-04-18 11:17:48","system_user","2024-04-23 03:42:35","0","0"
"280","00000000280","motivation","动因","设备稳定, 设备调试, 安全保障, 杀毒消菌","1095140700000000","00021407","0","0","system_user","2023-04-18 11:17:49","system_user","2024-04-23 03:42:35","0","0"
"281","00000000281","skill_requirement","技能要求","初级工, 中级工, 高级工","1095140700000000","00021407","0","0","system_user","2023-04-18 11:17:49","system_user","2024-04-23 03:42:35","0","0"
"282","00000000282","start_time","开始时间",,"1095140800000003","00021408","0","0","system_user","2023-04-18 11:17:50","system_user","2024-04-23 03:42:35","0","0"
"283","00000000283","end_time","结束时间",,"1095140800000003","00021408","0","0","system_user","2023-04-18 11:17:50","system_user","2024-04-23 03:42:35","0","0"
"284","00000000284","type","类型","主动, 被动","1095140800000003","00021408","0","0","system_user","2023-04-18 11:17:51","system_user","2024-04-23 03:42:35","0","0"
"285","00000000285","mode","方式","远程, 接触","1095140800000003","00021408","0","0","system_user","2023-04-18 11:17:51","system_user","2024-04-23 03:42:35","0","0"
"286","00000000286","motivation","动因","数据获取, 设备操作","1095140800000003","00021408","0","0","system_user","2023-04-18 11:17:52","system_user","2024-04-23 03:42:35","0","0"
"287","00000000287","cost","成本",,"1095140800000003","00021408","0","0","system_user","2023-04-18 11:17:53","system_user","2024-04-23 03:42:35","0","0"
"288","00000000288","start_time","开始时间",,"1095150100000009","00021501","0","0","system_user","2023-04-18 11:17:53","system_user","2024-04-23 03:42:35","0","0"
"289","00000000289","end_time","结束时间",,"1095150100000009","00021501","0","0","system_user","2023-04-18 11:17:54","system_user","2024-04-23 03:42:35","0","0"
"290","00000000290","type","类型","新建, 分拆, 合并","1095150100000009","00021501","0","0","system_user","2023-04-18 11:17:54","system_user","2024-04-23 03:42:35","0","0"
"291","00000000291","motivation","动因","行业需求, 政策福利, 公益事业, 业务拓展","1095150100000009","00021501","0","0","system_user","2023-04-18 11:17:55","system_user","2024-04-23 03:42:35","0","0"
"292","00000000292","role","角色","倡议人, 投资人, 创始人, 合伙人","1095150100000009","00021501","0","0","system_user","2023-04-18 11:17:55","system_user","2024-04-23 03:42:35","0","0"
"293","00000000293","source_of_funds","资金来源","股权融资, 自有资金, 债权融资, 政策性贷款, 金融租赁, 天使投资","1095150100000009","00021501","0","0","system_user","2023-04-18 11:17:56","system_user","2024-04-23 03:42:35","0","0"
"294","00000000294","process","进程","筹备, 审批, 成立","1095150100000009","00021501","0","0","system_user","2023-04-18 11:17:56","system_user","2024-04-23 03:42:35","0","0"
"295","00000000295","value","价值","解决就业问题, 促进产业发展, 促进消费, 加快人才培养, 加速科技创新","1095150100000009","00021501","0","0","system_user","2023-04-18 11:17:57","system_user","2024-04-23 03:42:35","0","0"
"296","00000000296","start_time","开始时间",,"109515020000000c","00021502","0","0","system_user","2023-04-18 11:17:58","system_user","2024-04-23 03:42:35","0","0"
"297","00000000297","end_time","结束时间",,"109515020000000c","00021502","0","0","system_user","2023-04-18 11:17:58","system_user","2024-04-23 03:42:35","0","0"
"298","00000000298","performance","绩效",,"109515020000000c","00021502","0","0","system_user","2023-04-18 11:17:59","system_user","2024-04-23 03:42:35","0","0"
"299","00000000299","position","职位","法人, 董事长, 总经理, 校长, 局长, 市长, 部长, 主任, 局长","109515020000000c","00021502","0","0","test_user","2023-04-18 11:17:59","test_user","2024-04-23 03:42:35","0","0"
"300","00000000300","mode_of_appointment","方式","派任, 竞选, 提拔, 出让, 轮岗, 借调","109515020000000c","00021502","0","0","test_user","2023-04-18 11:18:00","test_user","2024-04-23 03:42:35","0","0"
"301","00000000301","scope_of_authority","权限范畴","常务, 人事, 财务","109515020000000c","00021502","0","0","system_user","2023-04-18 11:18:00","system_user","2024-04-23 03:42:35","0","0"
"302","00000000302","permission_size","权限大小","一票否决, 主要决策, 参与决策","109515020000000c","00021502","0","0","system_user","2023-04-18 11:18:01","system_user","2024-04-23 03:42:35","0","0"
"303","00000000303","reward","奖励","现金, 股票, 期权","109515020000000c","00021502","0","0","system_user","2023-04-18 11:18:01","system_user","2024-04-23 03:42:35","0","0"
"304","00000000304","start_time","开始时间",,"1095150300000002","00021503","0","0","system_user","2023-04-18 11:18:02","system_user","2024-04-23 03:42:35","0","0"
"305","00000000305","end_time","结束时间",,"1095150300000002","00021503","0","0","system_user","2023-04-18 11:18:03","system_user","2024-04-23 03:42:35","0","0"
"306","00000000306","performance","绩效",,"1095150300000002","00021503","0","0","system_user","2023-04-18 11:18:03","system_user","2024-04-23 03:42:35","0","0"
"307","00000000307","position","岗位","公务员, 医生, 护士, 老师, 律师, 财务, 人力, 政府关系, 工程师, 销售","1095150300000002","00021503","0","0","admin","2023-04-18 11:18:04","admin","2024-04-23 03:42:35","0","0"
"308","00000000308","responsibility","职责",,"1095150300000002","00021503","0","0","system_user","2023-04-18 11:18:04","system_user","2024-04-23 03:42:35","0","0"
"309","00000000309","rank","职级",,"1095150300000002","00021503","0","0","system_user","2023-04-18 11:18:05","system_user","2024-04-23 03:42:35","0","0"
"310","00000000310","reward","酬劳",,"1095150300000002","00021503","0","0","test_user","2023-04-18 11:18:05","test_user","2024-04-23 03:42:35","0","0"
"311","00000000311","entry_mode","入职方式","社会招聘, 校园招聘, 猎头推荐, 内部筛选, 领导推荐","1095150300000002","00021503","0","0","system_user","2023-04-18 11:18:06","system_user","2024-04-23 03:42:35","0","0"
"312","00000000312","nature_of_employment","用工性质","劳动合同, 劳务合同","1095150300000002","00021503","0","0","system_user","2023-04-18 11:18:06","system_user","2024-04-23 03:42:35","0","0"
"313","00000000313","welfare_treatment","福利待遇","五险一金, 餐饮福利, 住房福利","1095150300000002","00021503","0","0","system_user","2023-04-18 11:18:07","system_user","2024-04-23 03:42:35","0","0"
"314","00000000314","reporting_chain","汇报链",,"1095150300000002","00021503","0","0","system_user","2023-04-18 11:18:08","system_user","2024-04-23 03:42:35","0","0"
"315","00000000315","requirement","要求","年龄, 政治面貌, 身体情况, 从业年限, 技术水平","1095150300000002","00021503","0","0","system_user","2023-04-18 11:18:08","system_user","2024-04-23 03:42:35","0","0"
"316","00000000316","start_time","开始时间",,"1095150400000005","00021504","0","0","system_user","2023-04-18 11:18:09","system_user","2024-04-23 03:42:35","0","0"
"317","00000000317","end_time","结束时间",,"1095150400000005","00021504","0","0","system_user","2023-04-18 11:18:09","system_user","2024-04-23 03:42:35","0","0"
"318","00000000318","title","称号",,"1095150400000005","00021504","0","0","system_user","2023-04-18 11:18:10","system_user","2024-04-23 03:42:35","0","0"
"319","00000000319","level","级别","国家级, 省级, 市级, 区级, 校级","1095150400000005","00021504","0","0","system_user","2023-04-18 11:18:10","system_user","2024-04-23 03:42:35","0","0"
"320","00000000320","major_contribution","主要贡献","人才培养, 技术创新, 政府管理, 商业模式创新","1095150400000005","00021504","0","0","system_user","2023-04-18 11:18:11","system_user","2024-04-23 03:42:35","0","0"
"321","00000000321","incentive_mode","激励方式","现金, 股票, 职级晋升, 社会褒奖, 权威头衔","1095150400000005","00021504","0","0","system_user","2023-04-18 11:18:12","system_user","2024-04-23 03:42:35","0","0"
"322","00000000322","selection_method","评选方式","公开投票, 部门提报, 评委会评选","1095150400000005","00021504","0","0","system_user","2023-04-18 11:18:12","system_user","2024-04-23 03:42:35","0","0"
"323","00000000323","start_time","开始时间",,"1095150500000008","00021505","0","0","system_user","2023-04-18 11:18:13","system_user","2024-04-23 03:42:35","0","0"
"324","00000000324","end_time","结束时间",,"1095150500000008","00021505","0","0","system_user","2023-04-18 11:18:13","system_user","2024-04-23 03:42:35","0","0"
"325","00000000325","type","类型","顾问, 志愿者, 独立董事","1095150500000008","00021505","0","0","system_user","2023-04-18 11:18:14","system_user","2024-04-23 03:42:35","0","0"
"326","00000000326","responsibility","职责","政策建议, 参与决策, 专业队伍补充, 日常事务维系","1095150500000008","00021505","0","0","system_user","2023-04-18 11:18:14","system_user","2024-04-23 03:42:35","0","0"
"327","00000000327","requirement","要求","年龄, 政治面貌, 身体情况, 专业技能","1095150500000008","00021505","0","0","system_user","2023-04-18 11:18:15","system_user","2024-04-23 03:42:35","0","0"
"328","00000000328","value_return_mode","价值回报方式","证书, 劳务费, 股权, 无偿","1095150500000008","00021505","0","0","system_user","2023-04-18 11:18:16","system_user","2024-04-23 03:42:35","0","0"
"329","00000000329","working_intensity","工作强度","10小时每天, 不少于6个月每年","1095150500000008","00021505","0","0","system_user","2023-04-18 11:18:16","system_user","2024-04-23 03:42:35","0","0"
"330","00000000330","product_value","产物价值","商机, 销售线索, 新增订单, 产值增长, 人才培养, 量化科技成果","1095150500000008","00021505","0","0","system_user","2023-04-18 11:18:17","system_user","2024-04-23 03:42:35","0","0"
"331","00000000331","recruitment_method","招募方式","线下活动, 线上报名, 主动邀请","1095150500000008","00021505","0","0","system_user","2023-04-18 11:18:17","system_user","2024-04-23 03:42:35","0","0"
"332","00000000332","type","类型","构成单元, 所属子集","1095220100000009","00022201","0","0","system_user","2023-04-18 11:18:18","system_user","2024-04-23 03:42:35","0","0"
"333","00000000333","start_time","开始时间",,"1095220100000009","00022201","0","0","system_user","2023-04-18 11:18:18","system_user","2024-04-23 03:42:35","0","0"
"334","00000000334","end_time","结束时间",,"1095220100000009","00022201","0","0","system_user","2023-04-18 11:18:19","system_user","2024-04-23 03:42:35","0","0"
"335","00000000335","functionality","功能","分流, 供给, 办公","1095220100000009","00022201","0","0","system_user","2023-04-18 11:18:19","system_user","2024-04-23 03:42:35","0","0"
"336","00000000336","evaluation_result","评估结果","合理, 不合理","1095220100000009","00022201","0","0","system_user","2023-04-18 11:18:20","system_user","2024-04-23 03:42:35","0","0"
"337","00000000337","type","类型","串联, 并联, 混联,","109522020000000c","00022202","0","0","system_user","2023-04-18 11:18:21","system_user","2024-04-23 03:42:35","0","0"
"338","00000000338","capacity","容量","行人通行量, 车辆通行量, 航班通行量","109522020000000c","00022202","0","0","system_user","2023-04-18 11:18:21","system_user","2024-04-23 03:42:35","0","0"
"339","00000000339","mode","方式","天桥, 隧道, 接壤","109522020000000c","00022202","0","0","system_user","2023-04-18 11:18:22","system_user","2024-04-23 03:42:35","0","0"
"340","00000000340","start_time","开始时间",,"109522020000000c","00022202","0","0","system_user","2023-04-18 11:18:22","system_user","2024-04-23 03:42:35","0","0"
"341","00000000341","end_time","结束时间",,"109522020000000c","00022202","0","0","system_user","2023-04-18 11:18:23","system_user","2024-04-23 03:42:35","0","0"
"342","00000000342","purpose","目的","通行, 运输","109522020000000c","00022202","0","0","system_user","2023-04-18 11:18:23","system_user","2024-04-23 03:42:35","0","0"
"343","00000000343","evaluation_result","评估结果","通行效率高，安全系数高, 通行效率低，安全系数高","109522020000000c","00022202","0","0","system_user","2023-04-18 11:18:24","system_user","2024-04-23 03:42:35","0","0"
"344","00000000344","type","类型","上下左右，东南西北","1095220300000002","00022203","0","0","zstx","2023-04-18 11:18:24","zstx","2024-04-23 03:42:35","0","0"
"345","00000000345","distance","距离",,"1095220300000002","00022203","0","0","system_user","2023-04-18 11:18:25","system_user","2024-04-23 03:42:35","0","0"
"346","00000000346","bearing","方位","左前方10度, 北偏东15度","1095220300000002","00022203","0","0","system_user","2023-04-18 11:18:26","system_user","2024-04-23 03:42:35","0","0"
"347","00000000347","evaluation_result","评估结果","遮挡程度高, 转乘时间长","1095220300000002","00022203","0","0","system_user","2023-04-18 11:18:26","system_user","2024-04-23 03:42:35","0","0"
"348","00000000348","type","类型","相邻, 相交, 上下, 相离","109524010000000b","00022401","0","0","system_user","2023-04-18 11:18:27","system_user","2024-04-23 03:42:35","0","0"
"349","00000000349","time","时间",,"109524010000000b","00022401","0","0","system_user","2023-04-18 11:18:27","system_user","2024-04-23 03:42:35","0","0"
"350","00000000350","bearing","方位","左前方10度, 北偏东15度","109524010000000b","00022401","0","0","system_user","2023-04-18 11:18:28","system_user","2024-04-23 03:42:35","0","0"
"351","00000000351","distance","距离",,"109524010000000b","00022401","0","0","system_user","2023-04-18 11:18:28","system_user","2024-04-23 03:42:35","0","0"
"352","00000000352","time","时间",,"1095240200000001","00022402","0","0","system_user","2023-04-18 11:18:29","system_user","2024-04-23 03:42:35","1","0"
"353","00000000353","motivation","动因","便利, 指引, 经停","1095240200000001","00022402","0","0","system_user","2023-04-18 11:18:29","system_user","2024-04-23 03:42:35","0","0"
"354","00000000354","type","类型","支援, 包含","1095240200000001","00022402","0","0","system_user","2023-04-18 11:18:30","system_user","2024-04-23 03:42:35","0","0"
"355","00000000355","state","状态","异常驻留, 合理停留, 常驻","1095240200000001","00022402","0","0","system_user","2023-04-18 11:18:31","system_user","2024-04-23 03:42:35","0","0"
"356","00000000356","type","类型","保养维护, 燃料补充","1095240300000004","00022403","0","0","test_user","2023-04-18 11:18:31","test_user","2024-04-23 03:42:35","0","0"
"357","00000000357","time","时间",,"1095240300000004","00022403","0","0","system_user","2023-04-18 11:18:32","system_user","2024-04-23 03:42:35","1","0"
"358","00000000358","price","价格",,"1095240300000004","00022403","0","0","system_user","2023-04-18 11:18:32","system_user","2024-04-23 03:42:35","0","0"
"359","00000000359","start_time","开始时间",,"1095230200000000","00022302","0","0","system_user","2023-04-18 11:18:33","system_user","2024-04-23 03:42:35","1","0"
"360","00000000360","end_time","结束时间",,"1095230200000000","00022302","0","0","system_user","2023-04-18 11:18:33","system_user","2024-04-23 03:42:35","1","0"
"361","00000000361","role","角色","主体, 辅助","1095230200000000","00022302","0","0","system_user","2023-04-18 11:18:34","system_user","2024-04-23 03:42:35","1","0"
"362","00000000362","motivation","动因","自动驾驶, 合法驾驶, 提醒到站","1095230200000000","00022302","0","0","system_user","2023-04-18 11:18:34","system_user","2024-04-23 03:42:35","1","0"
"363","00000000363","mode","方式",,"1095230200000000","00022302","0","0","system_user","2023-04-18 11:18:35","system_user","2024-04-23 03:42:35","1","0"
"364","00000000364","start_time","开始时间",,"1095230300000003","00022303","0","0","system_user","2023-04-18 11:18:36","system_user","2024-04-23 03:42:35","0","0"
"365","00000000365","end_time","结束时间",,"1095230300000003","00022303","0","0","system_user","2023-04-18 11:18:36","system_user","2024-04-23 03:42:35","0","0"
"366","00000000366","result","结果",,"1095230300000003","00022303","0","0","system_user","2023-04-18 11:18:37","system_user","2024-04-23 03:42:35","0","0"
"367","00000000367","type","类型","维护, 破坏","1095230300000003","00022303","0","0","system_user","2023-04-18 11:18:37","system_user","2024-04-23 03:42:35","0","0"
"368","00000000368","degree","程度","高, 中, 低","1095230300000003","00022303","0","0","system_user","2023-04-18 11:18:38","system_user","2024-04-23 03:42:35","0","0"
"369","00000000369","responsible_party","责任方",,"1095230300000003","00022303","0","0","system_user","2023-04-18 11:18:38","system_user","2024-04-23 03:42:35","0","0"
"370","00000000370","type","类型","组件, 子集,","1095330100000000","00023301","0","0","system_user","2023-04-18 11:18:39","system_user","2024-04-23 03:42:35","0","0"
"371","00000000371","functionality","功能","宣传, 提供信息, 树立标杆","1095330100000000","00023301","0","0","system_user","2023-04-18 11:18:39","system_user","2024-04-23 03:42:35","0","0"
"372","00000000372","basis","依据","内容相关, 目标一致","1095330100000000","00023301","0","0","system_user","2023-04-18 11:18:40","system_user","2024-04-23 03:42:35","0","0"
"373","00000000373","evaluation_result","评估结果","正面影响, 负面影响, 中,","1095330100000000","00023301","0","0","system_user","2023-04-18 11:18:41","system_user","2024-04-23 03:42:35","0","0"
"374","00000000374","type","类型","一因一果, 一因多果, 多因一果, 多因多果","1095330200000003","00023302","0","0","system_user","2023-04-18 11:18:41","system_user","2024-04-23 03:42:35","0","0"
"375","00000000375","degree_of_influence","影响程度","高, 中, 低","1095330200000003","00023302","0","0","system_user","2023-04-18 11:18:42","system_user","2024-04-23 03:42:35","0","0"
"376","00000000376","type","类型","前序, 后序, 并行","1095330300000006","00023303","0","0","system_user","2023-04-18 11:18:42","system_user","2024-04-23 03:42:35","0","0"
"377","00000000377","role","角色","主要, 次要","1095330300000006","00023303","0","0","system_user","2023-04-18 11:18:43","system_user","2024-04-23 03:42:35","0","0"
"378","00000000378","correlation","相关性","高, 中, 低","1095330300000006","00023303","0","0","system_user","2023-04-18 11:18:43","system_user","2024-04-23 03:42:35","0","0"
"379","00000000379","start_time","开始时间",,"1095340100000001","00023401","0","0","system_user","2023-04-18 11:18:44","system_user","2024-04-23 03:42:35","0","0"
"380","00000000380","end_time","结束时间",,"1095340100000001","00023401","0","0","system_user","2023-04-18 11:18:44","system_user","2024-04-23 03:42:35","0","0"
"381","00000000381","type","类型","记录, 伴随,","1095340100000001","00023401","0","0","system_user","2023-04-18 11:18:45","system_user","2024-04-23 03:42:35","0","0"
"382","00000000382","influence","影响","人员伤亡, 物件损坏","1095340100000001","00023401","0","0","system_user","2023-04-18 11:18:46","system_user","2024-04-23 03:42:35","0","0"
"383","00000000383","start_time","开始时间",,"1095340200000004","00023402","0","0","system_user","2023-04-18 11:18:46","system_user","2024-04-23 03:42:35","0","0"
"384","00000000384","end_time","结束时间",,"1095340200000004","00023402","0","0","system_user","2023-04-18 11:18:47","system_user","2024-04-23 03:42:35","0","0"
"385","00000000385","importance","重要性","主要, 次要","1095340200000004","00023402","0","0","system_user","2023-04-18 11:18:47","system_user","2024-04-23 03:42:35","0","0"
"386","00000000386","function","作用","执法, 执教, 自动驾驶","1095340200000004","00023402","0","0","system_user","2023-04-18 11:18:48","system_user","2024-04-23 03:42:35","0","0"
"387","00000000387","start_time","开始时间",,"1095340300000007","00023403","0","0","system_user","2023-04-18 11:18:48","system_user","2024-04-23 03:42:35","0","0"
"388","00000000388","end_time","结束时间",,"1095340300000007","00023403","0","0","system_user","2023-04-18 11:18:49","system_user","2024-04-23 03:42:35","0","0"
"389","00000000389","result","结果","损坏, 减排","1095340300000007","00023403","0","0","system_user","2023-04-18 11:18:50","system_user","2024-04-23 03:42:35","0","0"
"390","00000000390","degree","程度","高, 中, 低","1095340300000007","00023403","0","0","system_user","2023-04-18 11:18:50","system_user","2024-04-23 03:42:35","0","0"
"391","00000000391","cause","原因",,"1095340300000007","00023403","0","0","system_user","2023-04-18 11:18:51","system_user","2024-04-23 03:42:35","0","0"
"392","00000000392","mode","方式","直接推进, 间接促进","1095340300000007","00023403","0","0","system_user","2023-04-18 11:18:51","system_user","2024-04-23 03:42:35","0","0"
"393","00000000393","start_time","开始时间",,"1095440100000004","00024401","0","0","system_user","2023-04-18 11:18:52","system_user","2024-04-23 03:42:35","0","0"
"394","00000000394","end_time","结束时间",,"1095440100000004","00024401","0","0","system_user","2023-04-18 11:18:52","system_user","2024-04-23 03:42:35","0","0"
"395","00000000395","type","类型","组件, 子集","1095440100000004","00024401","0","0","system_user","2023-04-18 11:18:53","system_user","2024-04-23 03:42:35","0","0"
"396","00000000396","start_time","开始时间",,"1095440100000004","00024401","0","0","system_user","2023-04-18 11:18:53","system_user","2024-04-23 03:42:35","1","0"
"397","00000000397","end_time","结束时间",,"1095440100000004","00024401","0","0","system_user","2023-04-18 11:18:54","system_user","2024-04-23 03:42:35","1","0"
"398","00000000398","functionality","功能","安全保障, 动力来源, 计算中枢","1095440100000004","00024401","0","0","system_user","2023-04-18 11:18:55","system_user","2024-04-23 03:42:35","0","0"
"399","00000000399","introduction_mode","引入方式","人工组装, 机械组装, 一键安装","1095440100000004","00024401","0","0","system_user","2023-04-18 11:18:55","system_user","2024-04-23 03:42:35","0","0"
"400","00000000400","evaluation_result","评估结果","合规, 不合规","1095440100000004","00024401","0","0","system_user","2023-04-18 11:18:56","system_user","2024-04-23 03:42:35","0","0"
"401","00000000401","start_time","开始时间",,"1095440200000007","00024402","0","0","system_user","2023-04-18 11:18:56","system_user","2024-04-23 03:42:35","0","0"
"402","00000000402","end_time","结束时间",,"1095440200000007","00024402","0","0","system_user","2023-04-18 11:18:57","system_user","2024-04-23 03:42:35","0","0"
"403","00000000403","type","类型","串联, 并联, 混联","1095440200000007","00024402","0","0","system_user","2023-04-18 11:18:57","system_user","2024-04-23 03:42:35","0","0"
"404","00000000404","capacity","容量","数据量, 电流量","1095440200000007","00024402","0","0","system_user","2023-04-18 11:18:58","system_user","2024-04-23 03:42:35","0","0"
"405","00000000405","start_time","开始时间",,"1095440200000007","00024402","0","0","system_user","2023-04-18 11:18:58","system_user","2024-04-23 03:42:35","1","0"
"406","00000000406","end_time","结束时间",,"1095440200000007","00024402","0","0","system_user","2023-04-18 11:18:59","system_user","2024-04-23 03:42:35","1","0"
"407","00000000407","transmission_content","传输内容","电流, 数据","1095440200000007","00024402","0","0","system_user","2023-04-18 11:19:00","system_user","2024-04-23 03:42:35","0","0"
"408","00000000408","purpose","目的","通信, 传输, 牵引","1095440200000007","00024402","0","0","system_user","2023-04-18 11:19:00","system_user","2024-04-23 03:42:35","0","0"
"409","00000000409","evaluation_result","评估结果","合格, 不合格","1095440200000007","00024402","0","0","system_user","2023-04-18 11:19:01","system_user","2024-04-23 03:42:35","0","0"
"410","00000000410","frequency","频次","一秒一次, 一年一次","1095440200000007","00024402","0","0","system_user","2023-04-18 11:19:01","system_user","2024-04-23 03:42:35","0","0"
"411","00000000411","media","媒介","电磁波, 光纤","1095440200000007","00024402","0","0","system_user","2023-04-18 11:19:02","system_user","2024-04-23 03:42:35","0","0"
"412","00000000412","start_time","开始时间",,"109544030000000a","00024403","0","0","system_user","2023-04-18 11:19:02","system_user","2024-04-23 03:42:35","0","0"
"413","00000000413","end_time","结束时间",,"109544030000000a","00024403","0","0","system_user","2023-04-18 11:19:03","system_user","2024-04-23 03:42:35","0","0"
"414","00000000414","type","类型","相邻, 相交, 上下, 相离","109544030000000a","00024403","0","0","system_user","2023-04-18 11:19:03","system_user","2024-04-23 03:42:35","0","0"
"415","00000000415","distance","距离",,"109544030000000a","00024403","0","0","system_user","2023-04-18 11:19:04","system_user","2024-04-23 03:42:35","0","0"
"416","00000000416","bearing","方位","左前方10度, 北偏东15度","109544030000000a","00024403","0","0","system_user","2023-04-18 11:19:05","system_user","2024-04-23 03:42:35","0","0"
"417","00000000417","change_situation","变化情况","相对速度, 相对位置","109544030000000a","00024403","0","0","system_user","2023-04-18 11:19:05","system_user","2024-04-23 03:42:35","0","0"
"418","00000000418","start_time","开始时间",,"1095440400000000","00024404","0","0","system_user","2023-04-18 11:19:06","system_user","2024-04-23 03:42:35","0","0"
"419","00000000419","end_time","结束时间",,"1095440400000000","00024404","0","0","system_user","2023-04-18 11:19:06","system_user","2024-04-23 03:42:35","0","0"
"420","00000000420","type","类型","支撑型, 收纳型","1095440400000000","00024404","0","0","system_user","2023-04-18 11:19:07","system_user","2024-04-23 03:42:35","0","0"
"421","00000000421","load_bearing","承重",,"1095440400000000","00024404","0","0","system_user","2023-04-18 11:19:07","system_user","2024-04-23 03:42:35","0","0"
"422","00000000422","capacity","容量",,"1095440400000000","00024404","0","0","system_user","2023-04-18 11:19:08","system_user","2024-04-23 03:42:35","0","0"
"423","00000000423","relative_position","相对位置","前, 中, 后","1095440400000000","00024404","0","0","system_user","2023-04-18 11:19:08","system_user","2024-04-23 03:42:35","0","0"
"424","00000000424","purpose","目的","运输, 保护","1095440400000000","00024404","0","0","system_user","2023-04-18 11:19:09","system_user","2024-04-23 03:42:35","0","0"
"425","00000000425","evaluation_result","评估结果","合规, 不合规","1095440400000000","00024404","0","0","system_user","2023-04-18 11:19:10","system_user","2024-04-23 03:42:35","0","0"
"426","00000000426","start_time","开始时间",,"1095520100000005","00025201","0","0","system_user","2023-04-18 11:19:10","system_user","2024-04-23 03:42:35","0","0"
"427","00000000427","end_time","结束时间",,"1095520100000005","00025201","0","0","system_user","2023-04-18 11:19:11","system_user","2024-04-23 03:42:35","0","0"
"428","00000000428","type","类型","办工用地, 仓储用地, 生产用地","1095520100000005","00025201","0","0","system_user","2023-04-18 11:19:11","system_user","2024-04-23 03:42:35","0","0"
"429","00000000429","mode_of_payment_of_stationing_expenses","驻扎费用负担方式","自建, 购买, 租赁","1095520100000005","00025201","0","0","system_user","2023-04-18 11:19:12","system_user","2024-04-23 03:42:35","0","0"
"430","00000000430","amount_of_expense","费用金额",,"1095520100000005","00025201","0","0","system_user","2023-04-18 11:19:12","system_user","2024-04-23 03:42:35","0","0"
"431","00000000431","influence","影响","财政收入, 文化输出, 社区服务","1095520100000005","00025201","0","0","system_user","2023-04-18 11:19:13","system_user","2024-04-23 03:42:35","1","0"
"432","00000000432","type","类型","设计规划, 招标建设, 投标建设, 实施建设","1095520200000008","00025202","0","0","system_user","2023-04-18 11:19:13","system_user","2024-04-23 03:42:35","0","0"
"433","00000000433","start_time","开始时间",,"1095520200000008","00025202","0","0","system_user","2023-04-18 11:19:14","system_user","2024-04-23 03:42:35","0","0"
"434","00000000434","end_time","结束时间",,"1095520200000008","00025202","0","0","system_user","2023-04-18 11:19:15","system_user","2024-04-23 03:42:35","0","0"
"435","00000000435","time_limit","工期","5.1-5.6地基, 5.7-5.9建筑外墙, 5.10-5.15水电气, 5.16-5.25软装","1095520200000008","00025202","0","0","system_user","2023-04-18 11:19:15","system_user","2024-04-23 03:42:35","0","0"
"436","00000000436","process","进程","工程进度10%, 工程进度90%","1095520200000008","00025202","0","0","system_user","2023-04-18 11:19:16","system_user","2024-04-23 03:42:35","0","0"
"437","00000000437","motivation","动因","自用, 履行合同, 创造收入","1095520200000008","00025202","0","0","system_user","2023-04-18 11:19:16","system_user","2024-04-23 03:42:35","0","0"
"438","00000000438","evaluation_result","评估结果","效率低, 质量高, 效率高, 质量高","1095520200000008","00025202","0","0","system_user","2023-04-18 11:19:17","system_user","2024-04-23 03:42:35","0","0"
"439","00000000439","cost","成本",,"1095520200000008","00025202","0","0","system_user","2023-04-18 11:19:17","system_user","2024-04-23 03:42:35","0","0"
"440","00000000440","start_time","开始时间",,"109552030000000b","00025203","0","0","system_user","2023-04-18 11:19:18","system_user","2024-04-23 03:42:35","0","0"
"441","00000000441","end_time","结束时间",,"109552030000000b","00025203","0","0","system_user","2023-04-18 11:19:19","system_user","2024-04-23 03:42:35","0","0"
"442","00000000442","source","来源","自身建设, 市场买入, 他人赠与, 奖励获取","109552030000000b","00025203","0","0","system_user","2023-04-18 11:19:19","system_user","2024-04-23 03:42:35","0","0"
"443","00000000443","acquisition_cost","获取成本",,"109552030000000b","00025203","0","0","system_user","2023-04-18 11:19:20","system_user","2024-04-23 03:42:35","0","0"
"444","00000000444","cost_of_ownership","拥有成本",,"109552030000000b","00025203","0","0","system_user","2023-04-18 11:19:20","system_user","2024-04-23 03:42:35","0","0"
"445","00000000445","type","类型","拥有权, 使用权, 经营权","109552030000000b","00025203","0","0","system_user","2023-04-18 11:19:21","system_user","2024-04-23 03:42:35","0","0"
"446","00000000446","use","用途","办工, 生产, 仓储, 出租, 服务","109552030000000b","00025203","0","0","system_user","2023-04-18 11:19:21","system_user","2024-04-23 03:42:35","0","0"
"447","00000000447","evaluation_result","评估结果","合法, 违法","109552030000000b","00025203","0","0","system_user","2023-04-18 11:19:22","system_user","2024-04-23 03:42:35","0","0"
"448","00000000448","start_time","开始时间",,"1095520400000001","00025204","0","0","system_user","2023-04-18 11:19:22","system_user","2024-04-23 03:42:35","0","0"
"449","00000000449","end_time","结束时间",,"1095520400000001","00025204","0","0","system_user","2023-04-18 11:19:23","system_user","2024-04-23 03:42:35","0","0"
"450","00000000450","type","类型","买卖, 赠与, 互易, 遗赠, 出租","1095520400000001","00025204","0","0","system_user","2023-04-18 11:19:23","system_user","2024-04-23 03:42:35","0","0"
"451","00000000451","type_of_right","权利类型","使用权, 拥有权","1095520400000001","00025204","0","0","system_user","2023-04-18 11:19:24","system_user","2024-04-23 03:42:35","0","0"
"452","00000000452","motivation","动因","变现需求, 福利捐赠, 废弃处理","1095520400000001","00025204","0","0","system_user","2023-04-18 11:19:25","system_user","2024-04-23 03:42:35","0","0"
"453","00000000453","evaluation_result","评估结果","合规, 违规","1095520400000001","00025204","0","0","system_user","2023-04-18 11:19:25","system_user","2024-04-23 03:42:35","0","0"
"454","00000000454","process","进程","合同签订中, 权属登记中, 出让完成, 租赁中, 租约到期","1095520400000001","00025204","0","0","system_user","2023-04-18 11:19:26","system_user","2024-04-23 03:42:35","0","0"
"455","00000000455","result","结果","现金, 荣誉","1095520400000001","00025204","0","0","system_user","2023-04-18 11:19:26","system_user","2024-04-23 03:42:35","0","0"
"456","00000000456","mode","方式","拍卖, 招标, 挂牌","1095520400000001","00025204","0","0","system_user","2023-04-18 11:19:27","system_user","2024-04-23 03:42:35","0","0"
"457","00000000457","start_time","开始时间",,"1095520500000004","00025205","0","0","system_user","2023-04-18 11:19:27","system_user","2024-04-23 03:42:35","0","0"
"458","00000000458","end_time","结束时间",,"1095520500000004","00025205","0","0","system_user","2023-04-18 11:19:28","system_user","2024-04-23 03:42:35","0","0"
"459","00000000459","type","类型","直接管理, 间接管理","1095520500000004","00025205","0","0","system_user","2023-04-18 11:19:28","system_user","2024-04-23 03:42:35","0","0"
"460","00000000460","scope_of_authority","权限范畴","使用权限, 操作规范, 状态监管, 质量把关","1095520500000004","00025205","0","0","system_user","2023-04-18 11:19:29","system_user","2024-04-23 03:42:35","0","0"
"461","00000000461","mode","方式","远程监控, 定期抽检, 现场督办, 主动报送","1095520500000004","00025205","0","0","system_user","2023-04-18 11:19:30","system_user","2024-04-23 03:42:35","0","0"
"462","00000000462","tool","工具","摄像头, 移动终端设备, 疫情上报平台, 数字楼宇系统","1095520500000004","00025205","0","0","system_user","2023-04-18 11:19:30","system_user","2024-04-23 03:42:35","0","0"
"463","00000000463","cost","成本",,"1095520500000004","00025205","0","0","system_user","2023-04-18 11:19:31","system_user","2024-04-23 03:42:35","0","0"
"464","00000000464","evaluation_result","评估结果","执行力强，管理水平高, 执行力待提升，管理水平高","1095520500000004","00025205","0","0","system_user","2023-04-18 11:19:31","system_user","2024-04-23 03:42:35","0","0"
"465","00000000465","start_time","开始时间",,"1095520600000007","00025206","0","0","system_user","2023-04-18 11:19:32","system_user","2024-04-23 03:42:35","0","0"
"466","00000000466","end_time","结束时间",,"1095520600000007","00025206","0","0","system_user","2023-04-18 11:19:32","system_user","2024-04-23 03:42:35","0","0"
"467","00000000467","type","类型","生态环境, 公共安全","1095520600000007","00025206","0","0","system_user","2023-04-18 11:19:33","system_user","2024-04-23 03:42:35","0","0"
"468","00000000468","role","角色","建设方, 第三方, 所有方","1095520600000007","00025206","0","0","system_user","2023-04-18 11:19:34","system_user","2024-04-23 03:42:35","0","0"
"469","00000000469","tool","工具","清洁工具, 消杀工具, 执法设备","1095520600000007","00025206","0","0","system_user","2023-04-18 11:19:34","system_user","2024-04-23 03:42:35","0","0"
"470","00000000470","cost","成本",,"1095520600000007","00025206","0","0","system_user","2023-04-18 11:19:35","system_user","2024-04-23 03:42:35","0","0"
"471","00000000471","evaluation_result","评估结果","效率低, 质量高, 服务好, 效率高, 质量高, 服务差","1095520600000007","00025206","0","0","system_user","2023-04-18 11:19:35","system_user","2024-04-23 03:42:35","0","0"
"472","00000000472","frequency","频次","一天一次, 每周一次","1095520600000007","00025206","0","0","system_user","2023-04-18 11:19:36","system_user","2024-04-23 03:42:35","0","0"
"473","00000000473","start_time","开始时间",,"1095530100000006","00025301","0","0","admin","2023-04-18 11:19:36","admin","2024-04-23 03:42:35","0","0"
"474","00000000474","responsibility","职责","发起, 牵头, 执行","1095530100000006","00025301","0","0","system_user","2023-04-18 11:19:37","system_user","2024-04-23 03:42:35","0","0"
"475","00000000475","motivation","动因",,"1095530100000006","00025301","0","0","system_user","2023-04-18 11:19:37","system_user","2024-04-23 03:42:35","0","0"
"476","00000000476","purpose","目的",,"1095530100000006","00025301","0","0","system_user","2023-04-18 11:19:38","system_user","2024-04-23 03:42:35","0","0"
"477","00000000477","behavior","行为","发布公告, 现场指导, 进度推进, 集成总包","1095530100000006","00025301","0","0","system_user","2023-04-18 11:19:39","system_user","2024-04-23 03:42:35","0","0"
"478","00000000478","degree_of_influence","影响程度","高, 中, 低","1095530100000006","00025301","0","0","system_user","2023-04-18 11:19:39","system_user","2024-04-23 03:42:35","0","0"
"479","00000000479","type","类型","经济影响, 社会影响","1095530200000009","00025302","0","0","system_user","2023-04-18 11:19:40","system_user","2024-04-23 03:42:35","0","0"
"480","00000000480","start_time","开始时间",,"1095530200000009","00025302","0","0","system_user","2023-04-18 11:19:40","system_user","2024-04-23 03:42:35","0","0"
"481","00000000481","end_time","结束时间",,"1095530200000009","00025302","0","0","system_user","2023-04-18 11:19:41","system_user","2024-04-23 03:42:35","0","0"
"482","00000000482","result","结果","扩大规模, 变更名称, 财产损失","1095530200000009","00025302","0","0","system_user","2023-04-18 11:19:41","system_user","2024-04-23 03:42:35","0","0"
"483","00000000483","degree","程度","高, 中, 低","1095530200000009","00025302","0","0","system_user","2023-04-18 11:19:42","system_user","2024-04-23 03:42:35","0","0"
"484","00000000484","start_time","开始时间",,"109553030000000c","00025303","0","0","system_user","2023-04-18 11:19:42","system_user","2024-04-23 03:42:35","0","0"
"485","00000000485","end_time","结束时间",,"109553030000000c","00025303","0","0","system_user","2023-04-18 11:19:43","system_user","2024-04-23 03:42:35","0","0"
"486","00000000486","process","流程",,"109553030000000c","00025303","0","0","test_user","2023-04-18 11:19:44","test_user","2024-04-23 03:42:35","0","0"
"487","00000000487","result","结果","罚款, 奖励","109553030000000c","00025303","0","0","system_user","2023-04-18 11:19:44","system_user","2024-04-23 03:42:35","0","0"
"488","00000000488","evaluation_result","评估结果","合规处置, 违规处置","109553030000000c","00025303","0","0","system_user","2023-04-18 11:19:45","system_user","2024-04-23 03:42:35","0","0"
"489","00000000489","state","状态","举报, 移交, 下发, 办结","109553030000000c","00025303","0","0","system_user","2023-04-18 11:19:45","system_user","2024-04-23 03:42:35","0","0"
"490","00000000490","mode","方式","线上, 线下","109553030000000c","00025303","0","0","system_user","2023-04-18 11:19:46","system_user","2024-04-23 03:42:35","0","0"
"491","00000000491","tool","工具","网络舆情, 信息化系统","109553030000000c","00025303","0","0","system_user","2023-04-18 11:19:46","system_user","2024-04-23 03:42:35","0","0"
"492","00000000492","type","类型","合规, 安全","1095530400000002","00025304","0","0","system_user","2023-04-18 11:19:47","system_user","2024-04-23 03:42:35","0","0"
"493","00000000493","start_time","开始时间",,"1095530400000002","00025304","0","0","admin","2023-04-18 11:19:47","admin","2024-04-23 03:42:35","0","0"
"494","00000000494","responsibility","职责",,"1095530400000002","00025304","0","0","system_user","2023-04-18 11:19:48","system_user","2024-04-23 03:42:35","0","0"
"495","00000000495","scope_of_authority","权限范畴","使用权限, 操作规范, 状态监管, 质量把关","1095530400000002","00025304","0","0","system_user","2023-04-18 11:19:49","system_user","2024-04-23 03:42:35","0","0"
"496","00000000496","mode","方式","远程监控, 定期抽检, 现场督办, 主动报送","1095530400000002","00025304","0","0","system_user","2023-04-18 11:19:49","system_user","2024-04-23 03:42:35","0","0"
"497","00000000497","tool","工具","测速仪, 摄像头, 移动app, 线上系统","1095530400000002","00025304","0","0","system_user","2023-04-18 11:19:50","system_user","2024-04-23 03:42:35","0","0"
"498","00000000498","cost","成本",,"1095530400000002","00025304","0","0","system_user","2023-04-18 11:19:50","system_user","2024-04-23 03:42:35","0","0"
"499","00000000499","evaluation","评估","监管效率, 安全稳定","1095530400000002","00025304","0","0","system_user","2023-04-18 11:19:51","system_user","2024-04-23 03:42:35","0","0"
"500","00000000500","start_time","开始时间",,"1095540100000007","00025401","0","0","system_user","2023-04-18 11:19:51","system_user","2024-04-23 03:42:35","0","0"
"501","00000000501","end_time","结束时间",,"1095540100000007","00025401","0","0","system_user","2023-04-18 11:19:52","system_user","2024-04-23 03:42:35","0","0"
"502","00000000502","automation_level","自动化水平","手工, 半自动, 全自动","1095540100000007","00025401","0","0","system_user","2023-04-18 11:19:52","system_user","2024-04-23 03:42:35","0","0"
"503","00000000503","tool","工具","数字机床, 数字孪生设备, 电锯, 雕刻刀, 陶炉","1095540100000007","00025401","0","0","system_user","2023-04-18 11:19:53","system_user","2024-04-23 03:42:35","0","0"
"504","00000000504","target_yield","目标产量",,"1095540100000007","00025401","0","0","system_user","2023-04-18 11:19:54","system_user","2024-04-23 03:42:35","0","0"
"505","00000000505","actual_output","实际产量",,"1095540100000007","00025401","0","0","system_user","2023-04-18 11:19:54","system_user","2024-04-23 03:42:35","0","0"
"506","00000000506","cost","成本",,"1095540100000007","00025401","0","0","system_user","2023-04-18 11:19:55","system_user","2024-04-23 03:42:35","0","0"
"507","00000000507","evaluation_result","评估结果","效率低, 质量高, 效率高, 质量高","1095540100000007","00025401","0","0","system_user","2023-04-18 11:19:55","system_user","2024-04-23 03:42:35","0","0"
"508","00000000508","start_time","开始时间",,"109554020000000a","00025402","0","0","system_user","2023-04-18 11:19:56","system_user","2024-04-23 03:42:35","0","0"
"509","00000000509","end_time","结束时间",,"109554020000000a","00025402","0","0","system_user","2023-04-18 11:19:56","system_user","2024-04-23 03:42:35","0","0"
"510","00000000510","source","来源","自身生产, 市场买入, 他人赠与, 奖励获取, 意外收获","109554020000000a","00025402","0","0","system_user","2023-04-18 11:19:57","system_user","2024-04-23 03:42:35","0","0"
"511","00000000511","acquisition_cost","获取成本",,"109554020000000a","00025402","0","0","system_user","2023-04-18 11:19:57","system_user","2024-04-23 03:42:35","0","0"
"512","00000000512","cost_of_ownership","拥有成本",,"109554020000000a","00025402","0","0","system_user","2023-04-18 11:19:58","system_user","2024-04-23 03:42:35","0","0"
"513","00000000513","use","用途","原料, 生产设备, 办公设备, 医疗用品","109554020000000a","00025402","0","0","system_user","2023-04-18 11:19:59","system_user","2024-04-23 03:42:35","0","0"
"514","00000000514","evaluation_result","评估结果","合法, 违法","109554020000000a","00025402","0","0","system_user","2023-04-18 11:19:59","system_user","2024-04-23 03:42:35","0","0"
"515","00000000515","start_time","开始时间",,"1095540300000000","00025403","0","0","system_user","2023-04-18 11:20:00","system_user","2024-04-23 03:42:35","0","0"
"516","00000000516","end_time","结束时间",,"1095540300000000","00025403","0","0","system_user","2023-04-18 11:20:00","system_user","2024-04-23 03:42:35","0","0"
"517","00000000517","price","价格",,"1095540300000000","00025403","0","0","system_user","2023-04-18 11:20:01","system_user","2024-04-23 03:42:35","0","0"
"518","00000000518","type","类型","动产抵押, 股权出质","1095540300000000","00025403","0","0","system_user","2023-04-18 11:20:01","system_user","2024-04-23 03:42:35","0","0"
"519","00000000519","motivation","动因","变现需求, 福利捐赠, 闲置处理","1095540300000000","00025403","0","0","system_user","2023-04-18 11:20:02","system_user","2024-04-23 03:42:35","0","0"
"520","00000000520","evaluation_result","评估结果","合法, 违法","1095540300000000","00025403","0","0","system_user","2023-04-18 11:20:03","system_user","2024-04-23 03:42:35","0","0"
"521","00000000521","result","结果","金钱, 荣誉","1095540300000000","00025403","0","0","system_user","2023-04-18 11:20:03","system_user","2024-04-23 03:42:35","0","0"
"522","00000000522","mode","方式","拍卖, 招标, 挂牌","1095540300000000","00025403","0","0","system_user","2023-04-18 11:20:04","system_user","2024-04-23 03:42:35","0","0"
"523","00000000523","type_of_right","权利类型","使用权, 拥有权,","1095540300000000","00025403","0","0","system_user","2023-04-18 11:20:04","system_user","2024-04-23 03:42:35","0","0"
"524","00000000524","process","进程","合同签订中, 权属登记中, 租赁中, 租约到期","1095540300000000","00025403","0","0","system_user","2023-04-18 11:20:05","system_user","2024-04-23 03:42:35","0","0"
"525","00000000525","start_time","开始时间",,"1095540400000003","00025404","0","0","system_user","2023-04-18 11:20:05","system_user","2024-04-23 03:42:35","0","0"
"526","00000000526","end_time","结束时间",,"1095540400000003","00025404","0","0","system_user","2023-04-18 11:20:06","system_user","2024-04-23 03:42:35","0","0"
"527","00000000527","type","类型","直接管理, 间接管理","1095540400000003","00025404","0","0","system_user","2023-04-18 11:20:06","system_user","2024-04-23 03:42:35","0","0"
"528","00000000528","authority","权限","使用权限, 操作规范, 状态监管, 质量把关","1095540400000003","00025404","0","0","system_user","2023-04-18 11:20:07","system_user","2024-04-23 03:42:35","0","0"
"529","00000000529","mode","方式","远程监控, 定期抽检, 现场督办, 主动报送","1095540400000003","00025404","0","0","system_user","2023-04-18 11:20:07","system_user","2024-04-23 03:42:35","0","0"
"530","00000000530","tool","工具","测速仪, 摄像头, 移动终端设备","1095540400000003","00025404","0","0","system_user","2023-04-18 11:20:08","system_user","2024-04-23 03:42:35","0","0"
"531","00000000531","cost","成本",,"1095540400000003","00025404","0","0","system_user","2023-04-18 11:20:09","system_user","2024-04-23 03:42:35","0","0"
"532","00000000532","evaluation_result","评估结果","管理效率高, 效果好, 管理效率低, 效果差","1095540400000003","00025404","0","0","system_user","2023-04-18 11:20:09","system_user","2024-04-23 03:42:35","0","0"
"533","00000000533","start_time","开始时间",,"1095540400000003","00025404","0","0","system_user","2023-04-18 11:20:10","system_user","2024-04-23 03:42:35","1","0"
"534","00000000534","end_time","结束时间",,"1095540400000003","00025404","0","0","system_user","2023-04-18 11:20:10","system_user","2024-04-23 03:42:35","1","0"
"535","00000000535","start_time","开始时间",,"1095540500000006","00025405","0","0","system_user","2023-04-18 11:20:11","system_user","2024-04-23 03:42:35","0","0"
"536","00000000536","end_time","结束时间",,"1095540500000006","00025405","0","0","system_user","2023-04-18 11:20:11","system_user","2024-04-23 03:42:35","0","0"
"537","00000000537","type","类型","维护, 维修, 更换","1095540500000006","00025405","0","0","test_user","2023-04-18 11:20:12","test_user","2024-04-23 03:42:35","0","0"
"538","00000000538","range","范围","外观保养, 零件更换, 电路维修","1095540500000006","00025405","0","0","system_user","2023-04-18 11:20:13","system_user","2024-04-23 03:42:35","0","0"
"539","00000000539","role","角色","厂家, 第三方, 所有方","1095540500000006","00025405","0","0","system_user","2023-04-18 11:20:13","system_user","2024-04-23 03:42:35","0","0"
"540","00000000540","tool","工具","清洁工具, 保养工具","1095540500000006","00025405","0","0","system_user","2023-04-18 11:20:14","system_user","2024-04-23 03:42:35","0","0"
"541","00000000541","cost","成本",,"1095540500000006","00025405","0","0","system_user","2023-04-18 11:20:14","system_user","2024-04-23 03:42:35","0","0"
"542","00000000542","evaluation_result","评估结果","效率低, 质量高, 服务好, 效率高, 质量高, 服务差","1095540500000006","00025405","0","0","system_user","2023-04-18 11:20:15","system_user","2024-04-23 03:42:35","0","0"
"543","00000000543","start_time","开始时间",,"1095540600000009","00025406","0","0","system_user","2023-04-18 11:20:15","system_user","2024-04-23 03:42:35","0","0"
"544","00000000544","end_time","结束时间",,"1095540600000009","00025406","0","0","system_user","2023-04-18 11:20:16","system_user","2024-04-23 03:42:35","0","0"
"545","00000000545","creative_type","创意类型","原创型, 改进型, 组合型","1095540600000009","00025406","0","0","system_user","2023-04-18 11:20:16","system_user","2024-04-23 03:42:35","0","0"
"546","00000000546","design_style","设计风格","抽象派, 现代派, 中国风, 简约风","1095540600000009","00025406","0","0","system_user","2023-04-18 11:20:17","system_user","2024-04-23 03:42:35","0","0"
"547","00000000547","responsibility","职责","公开招标, 定向邀请, 民间征集","1095540600000009","00025406","0","0","system_user","2023-04-18 11:20:18","system_user","2024-04-23 03:42:35","0","0"
"548","00000000548","source","来源","公开竞赛, 邀请","1095540600000009","00025406","0","0","system_user","2023-04-18 11:20:18","system_user","2024-04-23 03:42:35","0","0"
"549","00000000549","evaluation_result","评估结果","优秀, 一般, 普通","1095540600000009","00025406","0","0","system_user","2023-04-18 11:20:19","system_user","2024-04-23 03:42:35","0","0"
"550","00000000550","influence","影响","舆论热议, 获取关注度","1095540600000009","00025406","0","0","system_user","2023-04-18 11:20:19","system_user","2024-04-23 03:42:35","0","0"
"551","00000000551","process","进程","预调研, 草图设计, 局部细化, 完善迭代","1095540600000009","00025406","0","0","system_user","2023-04-18 11:20:20","system_user","2024-04-23 03:42:35","0","0"
"552","00000000552","type","类型","生产设备, 办公设备, 授权凭证, 奖励凭证","109554070000000c","00025407","0","0","system_user","2023-04-18 11:20:20","system_user","2024-04-23 03:42:35","0","0"
"553","00000000553","start_time","开始时间",,"109554070000000c","00025407","0","0","system_user","2023-04-18 11:20:21","system_user","2024-04-23 03:42:35","0","0"
"554","00000000554","end_time","结束时间",,"109554070000000c","00025407","0","0","system_user","2023-04-18 11:20:21","system_user","2024-04-23 03:42:35","0","0"
"555","00000000555","motivation","动因","时间效率, 经济成本, 人力节省, 舒适度, 情感因素","109554070000000c","00025407","0","0","system_user","2023-04-18 11:20:22","system_user","2024-04-23 03:42:35","0","0"
"556","00000000556","evaluation_result","评估结果","合规, 违规","109554070000000c","00025407","0","0","system_user","2023-04-18 11:20:23","system_user","2024-04-23 03:42:35","0","0"
"557","00000000557","start_time","开始时间",,"1095550100000008","00025501","0","0","system_user","2023-04-18 11:20:23","system_user","2024-04-23 03:42:35","0","0"
"558","00000000558","end_time","结束时间",,"1095550100000008","00025501","0","0","system_user","2023-04-18 11:20:24","system_user","2024-04-23 03:42:35","0","0"
"559","00000000559","reporting_chain","汇报链","单线汇报, 双线汇报","1095550100000008","00025501","0","0","system_user","2023-04-18 11:20:24","system_user","2024-04-23 03:42:35","0","0"
"560","00000000560","evaluation_result","评估结果","评价反馈优秀, 考核绩效良好","1095550100000008","00025501","0","0","system_user","2023-04-18 11:20:25","system_user","2024-04-23 03:42:35","0","0"
"561","00000000561","start_time","开始时间",,"109555020000000b","00025502","0","0","system_user","2023-04-18 11:20:25","system_user","2024-04-23 03:42:35","0","0"
"562","00000000562","end_time","结束时间",,"109555020000000b","00025502","0","0","system_user","2023-04-18 11:20:26","system_user","2024-04-23 03:42:35","0","0"
"563","00000000563","type","类型","直接上级, 间接上级, 虚线管理, 控股关系","109555020000000b","00025502","0","0","system_user","2023-04-18 11:20:26","system_user","2024-04-23 03:42:35","0","0"
"564","00000000564","reporting_chain","汇报链","单线汇报, 双线汇报","109555020000000b","00025502","0","0","system_user","2023-04-18 11:20:27","system_user","2024-04-23 03:42:35","0","0"
"565","00000000565","scope_of_authority","权限范畴","操作规范, 状态监管, 质量把关","109555020000000b","00025502","0","0","system_user","2023-04-18 11:20:28","system_user","2024-04-23 03:42:35","0","0"
"566","00000000566","mode","方式","远程督办, 定期检查, 现场督办, 主动报送","109555020000000b","00025502","0","0","system_user","2023-04-18 11:20:28","system_user","2024-04-23 03:42:35","0","0"
"567","00000000567","evaluation_result","评估结果","评价反馈优秀, 考核绩效良好","109555020000000b","00025502","0","0","system_user","2023-04-18 11:20:29","system_user","2024-04-23 03:42:35","0","0"
"568","00000000568","start_time","开始时间",,"1095550300000001","00025503","0","0","system_user","2023-04-18 11:20:29","system_user","2024-04-23 03:42:35","0","0"
"569","00000000569","end_time","结束时间",,"1095550300000001","00025503","0","0","system_user","2023-04-18 11:20:30","system_user","2024-04-23 03:42:35","0","0"
"570","00000000570","frequency","频次","每月一次, 每周一次, 不定时间","1095550300000001","00025503","0","0","system_user","2023-04-18 11:20:30","system_user","2024-04-23 03:42:35","0","0"
"571","00000000571","category","范畴","复工复产, 物资生产, 管控政策, 检测要求, 消杀措施","1095550300000001","00025503","0","0","system_user","2023-04-18 11:20:31","system_user","2024-04-23 03:42:35","0","0"
"572","00000000572","mode","方式","政策发布, 定向通知, 定期会晤, 现场指导","1095550300000001","00025503","0","0","system_user","2023-04-18 11:20:31","system_user","2024-04-23 03:42:35","0","0"
"573","00000000573","price","价格",,"1095550300000001","00025503","0","0","system_user","2023-04-18 11:20:32","system_user","2024-04-23 03:42:35","0","0"
"574","00000000574","evaluation_result","评估结果","评价反馈优秀, 考核绩效良好","1095550300000001","00025503","0","0","system_user","2023-04-18 11:20:33","system_user","2024-04-23 03:42:35","0","0"
"575","00000000575","start_time","开始时间",,"1095550400000004","00025504","0","0","system_user","2023-04-18 11:20:33","system_user","2024-04-23 03:42:35","0","0"
"576","00000000576","end_time","结束时间",,"1095550400000004","00025504","0","0","system_user","2023-04-18 11:20:34","system_user","2024-04-23 03:42:35","0","0"
"577","00000000577","type","类型","资源协作, 技术协作, 配合协作, 信息协作","1095550400000004","00025504","0","0","system_user","2023-04-18 11:20:34","system_user","2024-04-23 03:42:35","0","0"
"578","00000000578","division_of_responsibilities","职责分工","生产物资, 技术支持, 制定政策, 提供需求","1095550400000004","00025504","0","0","system_user","2023-04-18 11:20:35","system_user","2024-04-23 03:42:35","0","0"
"579","00000000579","purpose","目的","物资供给, 密接分析, 人员筛查, 数据挖掘","1095550400000004","00025504","0","0","system_user","2023-04-18 11:20:35","system_user","2024-04-23 03:42:35","0","0"
"580","00000000580","mode","方式","人员互派, 预留名额, 政策执行, 需求提报","1095550400000004","00025504","0","0","system_user","2023-04-18 11:20:36","system_user","2024-04-23 03:42:35","0","0"
"581","00000000581","process","进程","90%, 50%, 100%","1095550400000004","00025504","0","0","system_user","2023-04-18 11:20:36","system_user","2024-04-23 03:42:35","0","0"
"582","00000000582","evaluation_result","评估结果","配合默契, 沟通通畅, 协作及时, 态度积极","1095550400000004","00025504","0","0","system_user","2023-04-18 11:20:37","system_user","2024-04-23 03:42:35","0","0"
"583","00000000583","result","结果","营收, 名声","1095550400000004","00025504","0","0","system_user","2023-04-18 11:20:38","system_user","2024-04-23 03:42:35","0","0"
"584","00000000584","start_time","开始时间",,"1095550500000007","00025505","0","0","system_user","2023-04-18 11:20:38","system_user","2024-04-23 03:42:35","0","0"
"585","00000000585","end_time","结束时间",,"1095550500000007","00025505","0","0","system_user","2023-04-18 11:20:39","system_user","2024-04-23 03:42:35","0","0"
"586","00000000586","type","类型","商业竞争, 学术竞争","1095550500000007","00025505","0","0","system_user","2023-04-18 11:20:39","system_user","2024-04-23 03:42:35","0","0"
"587","00000000587","purpose","目的","项目, 客户, 产品","1095550500000007","00025505","0","0","system_user","2023-04-18 11:20:40","system_user","2024-04-23 03:42:35","0","0"
"588","00000000588","field","领域","电子商务, 数字政府","1095550500000007","00025505","0","0","system_user","2023-04-18 11:20:40","system_user","2024-04-23 03:42:35","0","0"
"589","00000000589","mode","方式","价值型, 价格型","1095550500000007","00025505","0","0","system_user","2023-04-18 11:20:41","system_user","2024-04-23 03:42:35","0","0"
"590","00000000590","state","状态","垄断, 僵持, 良性","1095550500000007","00025505","0","0","system_user","2023-04-18 11:20:41","system_user","2024-04-23 03:42:35","0","0"
"593","00000000591","start_time","开始时间",,"109523010000000a","00022301","0","0","system_user","2023-04-25 01:02:00","system_user","2024-04-23 03:42:35","0","0"
"594","00000000592","end_time","结束时间",,"109523010000000a","00022301","0","0","system_user","2023-04-25 01:02:09","system_user","2024-04-23 03:42:35","0","0"
"595","00000000593","relative_location","相对位置",,"109523010000000a","00022301","0","0","system_user","2023-04-25 01:02:14","system_user","2024-04-23 03:42:35","0","0"
"596","00000000594","start_time","开始时间",,"1095240400000007","00022404","0","0","system_user","2023-05-18 14:17:24","system_user","2024-04-23 03:42:35","1","0"
"607","00000000597","end_time","结束时间",,"1095240400000007","00022404","0","0","system_user","2023-05-18 18:36:33","system_user","2024-04-23 03:42:35","1","0"
"608","00000000598","type","类型","主动, 被动","1095240400000007","00022404","0","0","system_user","2023-05-18 18:36:47","system_user","2024-04-23 03:42:35","1","0"
"609","00000000599","mode","方式","远程, 接触","1095240400000007","00022404","0","0","system_user","2023-05-18 18:36:56","system_user","2024-04-23 03:42:35","1","0"
"610","00000000600","motivation","动因","数据获取, 设备操作","1095240400000007","00022404","0","0","system_user","2023-05-18 18:37:07","system_user","2024-04-23 03:42:35","1","0"
"611","00000000601","cost","成本",,"1095240400000007","00022404","0","0","system_user","2023-05-18 18:37:15","system_user","2024-04-23 03:42:35","1","0"
"614","00000000602","user_user_service_id","编号",,"1095110100000005","00021101","1","1","system_user","2023-05-18 20:01:50","system_user","2024-04-23 03:42:35","0","0"
"615","00000000603","user_user_conflict_id","编号",,"1095110200000008","00021102","1","1","system_user","2023-05-18 20:01:50","system_user","2024-04-23 03:42:35","0","0"
"616","00000000604","user_user_management_id","编号",,"109511030000000b","00021103","1","1","system_user","2023-05-18 20:01:50","system_user","2024-04-23 03:42:35","0","0"
"617","00000000605","user_user_collaboration_id","编号",,"1095110400000001","00021104","1","1","system_user","2023-05-18 20:01:50","system_user","2024-04-23 03:42:35","0","0"
"618","00000000606","user_user_guide_id","编号",,"1095110500000004","00021105","1","1","system_user","2023-05-18 20:01:50","system_user","2024-04-23 03:42:35","0","0"
"619","00000000607","user_user_consanguinity_id","编号",,"1095110600000007","00021106","1","1","system_user","2023-05-18 20:01:50","system_user","2024-04-23 03:42:35","0","0"
"620","00000000608","user_user_marriage_id","编号",,"109511070000000a","00021107","1","1","system_user","2023-05-18 20:01:50","system_user","2024-04-23 03:42:35","0","0"
"621","00000000609","user_user_adoption_id","编号",,"1095110800000000","00021108","1","1","system_user","2023-05-18 20:01:50","system_user","2024-04-23 03:42:35","0","0"
"622","00000000610","user_region_resident_id","编号",,"1095120100000006","00021201","1","1","system_user","2023-05-18 20:01:50","system_user","2024-04-23 03:42:35","0","0"
"623","00000000611","user_region_visit_id","编号",,"1095120200000009","00021202","1","1","system_user","2023-05-18 20:01:50","system_user","2024-04-23 03:42:35","0","0"
"624","00000000612","user_region_pass_id","编号",,"109512030000000c","00021203","1","1","system_user","2023-05-18 20:01:50","system_user","2024-04-23 03:42:35","0","0"
"625","00000000613","user_region_construction_id","编号",,"1095120400000002","00021204","1","1","system_user","2023-05-18 20:01:50","system_user","2024-04-23 03:42:35","0","0"
"626","00000000614","user_region_have_id","编号",,"1095120500000005","00021205","1","1","system_user","2023-05-18 20:01:50","system_user","2024-04-23 03:42:35","0","0"
"627","00000000615","user_region_transfer_id","编号",,"1095120600000008","00021206","1","1","system_user","2023-05-18 20:01:50","system_user","2024-04-23 03:42:35","0","0"
"628","00000000616","user_region_management_id","编号",,"109512070000000b","00021207","1","1","system_user","2023-05-18 20:01:50","system_user","2024-04-23 03:42:35","0","0"
"629","00000000617","user_region_maintenance_id","编号",,"1095120800000001","00021208","1","1","system_user","2023-05-18 20:01:50","system_user","2024-04-23 03:42:35","0","0"
"630","00000000618","user_event_manufacture_id","编号",,"1095130100000007","00021301","1","1","system_user","2023-05-18 20:01:50","system_user","2024-04-23 03:42:35","0","0"
"631","00000000619","user_event_participate_id","编号",,"109513020000000a","00021302","1","1","system_user","2023-05-18 20:01:50","system_user","2024-04-23 03:42:35","0","0"
"632","00000000620","user_event_disposal_id","编号",,"1095130300000000","00021303","1","1","system_user","2023-05-18 20:01:50","system_user","2024-04-23 03:42:35","0","0"
"633","00000000621","user_event_monitoring_id","编号",,"1095130400000003","00021304","1","1","system_user","2023-05-18 20:01:50","system_user","2024-04-23 03:42:35","0","0"
"634","00000000622","user_object_design_id","编号",,"1095140100000008","00021401","1","1","system_user","2023-05-18 20:01:50","system_user","2024-04-23 03:42:35","0","0"
"635","00000000623","user_object_manufacture_id","编号",,"109514020000000b","00021402","1","1","system_user","2023-05-18 20:01:50","system_user","2024-04-23 03:42:35","0","0"
"636","00000000624","user_object_use_id","编号",,"1095140300000001","00021403","1","1","system_user","2023-05-18 20:01:50","system_user","2024-04-23 03:42:35","0","0"
"637","00000000625","user_object_have_id","编号",,"1095140400000004","00021404","1","1","system_user","2023-05-18 20:01:50","system_user","2024-04-23 03:42:35","0","0"
"638","00000000626","user_object_transfer_id","编号",,"1095140500000007","00021405","1","1","system_user","2023-05-18 20:01:50","system_user","2024-04-23 03:42:35","0","0"
"639","00000000627","user_object_management_id","编号",,"109514060000000a","00021406","1","1","system_user","2023-05-18 20:01:50","system_user","2024-04-23 03:42:35","0","0"
"640","00000000628","user_object_maintenance_id","编号",,"1095140700000000","00021407","1","1","system_user","2023-05-18 20:01:50","system_user","2024-04-23 03:42:35","0","0"
"641","00000000629","user_object_perception_id","编号",,"1095140800000003","00021408","1","1","system_user","2023-05-18 20:01:50","system_user","2024-04-23 03:42:35","0","0"
"642","00000000630","user_organization_establish_id","编号",,"1095150100000009","00021501","1","1","system_user","2023-05-18 20:01:50","system_user","2024-04-23 03:42:35","0","0"
"643","00000000631","user_organization_management_id","编号",,"109515020000000c","00021502","1","1","system_user","2023-05-18 20:01:50","system_user","2024-04-23 03:42:35","0","0"
"644","00000000632","user_organization_subordinate_id","编号",,"1095150300000002","00021503","1","1","system_user","2023-05-18 20:01:50","system_user","2024-04-23 03:42:35","0","0"
"645","00000000633","user_organization_award_id","编号",,"1095150400000005","00021504","1","1","system_user","2023-05-18 20:01:50","system_user","2024-04-23 03:42:35","0","0"
"646","00000000634","user_organization_service_id","编号",,"1095150500000008","00021505","1","1","system_user","2023-05-18 20:01:50","system_user","2024-04-23 03:42:35","0","0"
"647","00000000635","region_region_subordinate_id","编号",,"1095220100000009","00022201","1","1","system_user","2023-05-18 20:01:50","system_user","2024-04-23 03:42:35","0","0"
"648","00000000636","region_region_connection_id","编号",,"109522020000000c","00022202","1","1","system_user","2023-05-18 20:01:50","system_user","2024-04-23 03:42:35","0","0"
"649","00000000637","region_region_space_id","编号",,"1095220300000002","00022203","1","1","system_user","2023-05-18 20:01:50","system_user","2024-04-23 03:42:35","0","0"
"650","00000000638","region_event_bear_id","编号",,"109523010000000a","00022301","1","1","system_user","2023-05-18 20:01:50","system_user","2024-04-23 03:42:35","0","0"
"651","00000000639","region_event_participate_id","编号",,"1095230200000000","00022302","1","1","system_user","2023-05-18 20:01:50","system_user","2024-04-23 03:42:35","1","0"
"652","00000000640","region_event_affect_id","编号",,"1095230300000003","00022303","1","1","system_user","2023-05-18 20:01:50","system_user","2024-04-23 03:42:35","0","0"
"653","00000000641","region_object_space_id","编号",,"109524010000000b","00022401","1","1","system_user","2023-05-18 20:01:50","system_user","2024-04-23 03:42:35","0","0"
"654","00000000642","region_object_bear_id","编号",,"1095240200000001","00022402","1","1","system_user","2023-05-18 20:01:50","system_user","2024-04-23 03:42:35","0","0"
"655","00000000643","region_object_service_id","编号",,"1095240300000004","00022403","1","1","system_user","2023-05-18 20:01:51","system_user","2024-04-23 03:42:35","0","0"
"656","00000000644","region_object_perception_id","编号",,"1095240400000007","00022404","1","1","system_user","2023-05-18 20:01:51","system_user","2024-04-23 03:42:35","1","0"
"657","00000000645","event_event_subordinate_id","编号",,"1095330100000000","00023301","1","1","system_user","2023-05-18 20:01:51","system_user","2024-04-23 03:42:35","0","0"
"658","00000000646","event_event_causality_id","编号",,"1095330200000003","00023302","1","1","system_user","2023-05-18 20:01:51","system_user","2024-04-23 03:42:35","0","0"
"659","00000000647","event_event_timing_id","编号",,"1095330300000006","00023303","1","1","system_user","2023-05-18 20:01:51","system_user","2024-04-23 03:42:35","0","0"
"660","00000000648","object_event_bear_id","编号",,"1095340100000001","00023401","1","1","system_user","2023-05-18 20:01:51","system_user","2024-04-23 03:42:35","0","0"
"661","00000000649","object_event_auxiliary_id","编号",,"1095340200000004","00023402","1","1","system_user","2023-05-18 20:01:51","system_user","2024-04-23 03:42:35","0","0"
"662","00000000650","object_event_affect_id","编号",,"1095340300000007","00023403","1","1","system_user","2023-05-18 20:01:51","system_user","2024-04-23 03:42:35","0","0"
"663","00000000651","object_object_subordinate_id","编号",,"1095440100000004","00024401","1","1","system_user","2023-05-18 20:01:51","system_user","2024-04-23 03:42:35","0","0"
"664","00000000652","object_object_connection_id","编号",,"1095440200000007","00024402","1","1","system_user","2023-05-18 20:01:51","system_user","2024-04-23 03:42:35","0","0"
"665","00000000653","object_object_space_id","编号",,"109544030000000a","00024403","1","1","system_user","2023-05-18 20:01:51","system_user","2024-04-23 03:42:35","0","0"
"666","00000000654","object_object_bear_id","编号",,"1095440400000000","00024404","1","1","system_user","2023-05-18 20:01:51","system_user","2024-04-23 03:42:35","0","0"
"667","00000000655","organization_region_stationing_id","编号",,"1095520100000005","00025201","1","1","system_user","2023-05-18 20:01:51","system_user","2024-04-23 03:42:35","0","0"
"668","00000000656","organization_region_construction_id","编号",,"1095520200000008","00025202","1","1","system_user","2023-05-18 20:01:51","system_user","2024-04-23 03:42:35","0","0"
"669","00000000657","organization_region_have_id","编号",,"109552030000000b","00025203","1","1","system_user","2023-05-18 20:01:51","system_user","2024-04-23 03:42:35","0","0"
"670","00000000658","organization_region_transfer_id","编号",,"1095520400000001","00025204","1","1","system_user","2023-05-18 20:01:51","system_user","2024-04-23 03:42:35","0","0"
"671","00000000659","organization_region_management_id","编号",,"1095520500000004","00025205","1","1","system_user","2023-05-18 20:01:51","system_user","2024-04-23 03:42:35","0","0"
"672","00000000660","organization_region_maintenance_id","编号",,"1095520600000007","00025206","1","1","system_user","2023-05-18 20:01:51","system_user","2024-04-23 03:42:35","0","0"
"673","00000000661","organization_event_participate_id","编号",,"1095530100000006","00025301","1","1","system_user","2023-05-18 20:01:51","system_user","2024-04-23 03:42:35","0","0"
"674","00000000662","organization_event_affect_id","编号",,"1095530200000009","00025302","1","1","system_user","2023-05-18 20:01:51","system_user","2024-04-23 03:42:35","0","0"
"675","00000000663","organization_event_disposal_id","编号",,"109553030000000c","00025303","1","1","system_user","2023-05-18 20:01:51","system_user","2024-04-23 03:42:35","0","0"
"676","00000000664","organization_event_supervision_id","编号",,"1095530400000002","00025304","1","1","system_user","2023-05-18 20:01:51","system_user","2024-04-23 03:42:35","0","0"
"677","00000000665","organization_object_production_id","编号",,"1095540100000007","00025401","1","1","system_user","2023-05-18 20:01:51","system_user","2024-04-23 03:42:35","0","0"
"678","00000000666","organization_object_have_id","编号",,"109554020000000a","00025402","1","1","system_user","2023-05-18 20:01:51","system_user","2024-04-23 03:42:35","0","0"
"679","00000000667","organization_object_transfer_id","编号",,"1095540300000000","00025403","1","1","system_user","2023-05-18 20:01:51","system_user","2024-04-23 03:42:35","0","0"
"680","00000000668","organization_object_management_id","编号",,"1095540400000003","00025404","1","1","system_user","2023-05-18 20:01:51","system_user","2024-04-23 03:42:35","0","0"
"681","00000000669","organization_object_maintenance_id","编号",,"1095540500000006","00025405","1","1","system_user","2023-05-18 20:01:51","system_user","2024-04-23 03:42:35","0","0"
"682","00000000670","organization_object_design_id","编号",,"1095540600000009","00025406","1","1","system_user","2023-05-18 20:01:51","system_user","2024-04-23 03:42:35","0","0"
"683","00000000671","organization_object_use_id","编号",,"109554070000000c","00025407","1","1","system_user","2023-05-18 20:01:51","system_user","2024-04-23 03:42:35","0","0"
"684","00000000672","organization_organization_subordinate_id","编号",,"1095550100000008","00025501","1","1","system_user","2023-05-18 20:01:51","system_user","2024-04-23 03:42:35","0","0"
"685","00000000673","organization_organization_leader_id","编号",,"109555020000000b","00025502","1","1","system_user","2023-05-18 20:01:51","system_user","2024-04-23 03:42:35","0","0"
"686","00000000674","organization_organization_guide_id","编号",,"1095550300000001","00025503","1","1","system_user","2023-05-18 20:01:51","system_user","2024-04-23 03:42:35","0","0"
"687","00000000675","organization_organization_collaboration_id","编号",,"1095550400000004","00025504","1","1","system_user","2023-05-18 20:01:51","system_user","2024-04-23 03:42:35","0","0"
"688","00000000676","organization_organization_competition_id","编号",,"1095550500000007","00025505","1","1","system_user","2023-05-18 20:01:51","system_user","2024-04-23 03:42:35","0","0"
"689","00000000677","registered_amount","注册金额",,"105505000000000c","00010501","0","0","test_user","2023-06-29 18:49:03","test_user","2024-04-23 03:42:35","0","0"
"690","00000000678","start_time","开始时间",,"1095220400000005","00022204","0","0","test_user","2023-07-04 13:57:09","test_user","2024-04-23 03:42:35","0","0"
"691","00000000679","end_time","结束时间",,"1095220400000005","00022204","0","0","test_user","2023-07-04 13:57:30","test_user","2024-04-23 03:42:35","0","0"
"692","00000000680","type","类型","支撑型、收纳型","1095220400000005","00022204","0","0","test_user","2023-07-04 13:57:59","test_user","2024-04-23 03:42:35","0","0"
"693","00000000681","load_bearing","承重",,"1095220400000005","00022204","0","0","test_user","2023-07-04 13:58:51","test_user","2024-04-23 03:42:35","0","0"
"694","00000000682","capacity","容量",,"1095220400000005","00022204","0","0","test_user","2023-07-04 13:59:39","test_user","2024-04-23 03:42:35","0","0"
"695","00000000683","relative_location","相对位置","前、中、后","1095220400000005","00022204","0","0","test_user","2023-07-04 14:00:18","test_user","2024-04-23 03:42:35","0","0"
"696","00000000684","goal","目的","运输、保护","1095220400000005","00022204","0","0","test_user","2023-07-04 14:01:06","test_user","2024-04-23 03:42:35","0","0"
"697","00000000685","assessment_result","评估结果","合规、不合规","1095220400000005","00022204","0","0","test_user","2023-07-04 14:01:51","test_user","2024-04-23 03:42:35","0","0"
"698","00000000686","start_time","开始时间",,"1095440500000003","00024405","0","0","test_user","2023-07-04 14:02:48","test_user","2024-04-23 03:42:35","0","0"
"699","00000000687","end_time","结束时间",,"1095440500000003","00024405","0","0","test_user","2023-07-04 14:02:57","test_user","2024-04-23 03:42:35","0","0"
"700","00000000688","type","类型","主动、被动","1095440500000003","00024405","0","0","test_user","2023-07-04 14:06:11","test_user","2024-04-23 03:42:35","0","0"
"701","00000000689","method","方式","远程、接触","1095440500000003","00024405","0","0","test_user","2023-07-04 14:06:57","test_user","2024-04-23 03:42:35","0","0"
"702","00000000690","agent","动因","数据获取、设备操作","1095440500000003","00024405","0","0","test_user","2023-07-04 14:07:54","test_user","2024-04-23 03:42:35","0","0"
"703","00000000691","result","结果",,"1095440500000003","00024405","0","0","test_user","2023-07-04 14:08:12","test_user","2024-04-23 03:42:35","0","0"
"704","00000000692","cost","成本",,"1095440500000003","00024405","0","0","test_user","2023-07-04 14:08:35","test_user","2024-04-23 03:42:35","0","0"
"705","00000000693","speciality","特长",,"1055010000000008","00010101","0","0","test_user","2023-07-04 17:53:27","test_user","2024-04-23 03:42:35","0","0"
"709","00000000711","group_id","群体编号","仅实体群组有群体编号，单个实体无群体编号","105100000000000a","0001","1","1","admin","2023-10-19 13:49:25","admin","2024-04-23 03:42:35","0","0"
"710","00000000694","description","描述",,"105504000000000b","00010401","0","0","test_user","2023-10-19 13:49:25","test_user","2024-04-23 03:42:35","0","0"
"711","00000000695","age","年龄",,"1055010000000008","00010101","0","0","test_user","2023-10-19 13:49:25","test_user","2024-04-23 03:42:35","0","0"
"713","00000000698","colour","颜色",,"105504000000000b","00010401","0","0","test_user","2023-10-19 13:49:26","test_user","2024-04-23 03:42:35","0","0"
"714","00000000700","type","类型","人身影响，经济影响，名誉影响","1095130500000006","00021305","0","0","test_user","2023-10-19 13:49:26","test_user","2024-04-23 03:42:35","0","0"
"715","00000000701","start_time","开始时间",,"1095130500000006","00021305","0","0","test_user","2023-10-19 13:49:26","test_user","2024-04-23 03:42:35","0","0"
"716","00000000702","end_time","结束时间",,"1095130500000006","00021305","0","0","test_user","2023-10-19 13:49:26","test_user","2024-04-23 03:42:35","0","0"
"717","00000000703","result","结果","身体残疾, 平安康复, 精神崩溃, 心情舒畅, 名誉损失, 恢复名誉, 财产损失, 财产增殖","1095130500000006","00021305","0","0","test_user","2023-10-19 13:49:26","test_user","2024-04-23 03:42:35","0","0"
"718","00000000704","degree","程度","高, 中, 低","1095130500000006","00021305","0","0","test_user","2023-10-19 13:49:26","test_user","2024-04-23 03:42:35","0","0"
"720","00000000706","state","状态",,"1095120100000006","00021201","0","0","test_user","2023-10-19 13:49:26","test_user","2024-04-23 03:42:35","0","0"
"721","00000000707","type","类型","楼门院长，居民代表，党组成员等；或非特殊人群，高龄老人，独居，空巢，肢体残疾，精神病人，孕妇，婴幼儿，失能老人，重病，透析，重点人等","1055010000000008","00010101","0","0","admin","2023-10-19 13:49:26","admin","2024-04-23 03:42:35","0","0"
"722","00000000709","state","状态",,"1055020000000009","00010201","0","0","test_user","2023-10-19 13:49:26","test_user","2024-04-23 03:42:35","0","0"
"723","00000000710","amount","数量","仅实体群组有数量属性，单个实体无数量属性","105100000000000a","0001","0","0","admin","2023-10-19 13:49:26","admin","2024-04-23 03:42:35","0","0"
"724","00000000713","start_time","开始时间",,"1095130100000007","00021301","0","0","test_user","2023-10-19 13:49:26","test_user","2024-04-23 03:42:35","0","0"
"725","00000000714","end_time","结束时间",,"1095130100000007","00021301","0","0","test_user","2023-10-19 13:49:26","test_user","2024-04-23 03:42:35","0","0"
"726","00000000715","start_time","开始时间",,"109513020000000a","00021302","0","0","test_user","2023-10-19 13:49:26","test_user","2024-04-23 03:42:35","0","0"
"727","00000000716","end_time","结束时间",,"109513020000000a","00021302","0","0","test_user","2023-10-19 13:49:26","test_user","2024-04-23 03:42:35","0","0"
"728","00000000717","start_time","开始时间",,"1095130300000000","00021303","0","0","test_user","2023-10-19 13:49:26","test_user","2024-04-23 03:42:35","0","0"
"729","00000000718","end_time","结束时间",,"1095130300000000","00021303","0","0","test_user","2023-10-19 13:49:26","test_user","2024-04-23 03:42:35","0","0"
"730","00000000719","start_time","开始时间",,"1095130400000003","00021304","0","0","test_user","2023-10-19 13:49:26","test_user","2024-04-23 03:42:35","0","0"
"731","00000000720","end_time","结束时间",,"1095130400000003","00021304","0","0","test_user","2023-10-19 13:49:26","test_user","2024-04-23 03:42:35","0","0"
"732","00000000721","end_time","结束时间",,"1095530100000006","00025301","0","0","test_user","2023-10-19 13:49:26","test_user","2024-04-23 03:42:35","0","0"
"733","00000000722","end_time","结束时间",,"1095530400000002","00025304","0","0","test_user","2023-10-19 13:49:26","test_user","2024-04-23 03:42:35","0","0"
"734","00000000723","start_time","开始时间",,"1095220300000002","00022203","0","0","test_user","2023-10-19 13:49:26","test_user","2024-04-23 03:42:35","0","0"
"735","00000000724","end_time","结束时间",,"1095220300000002","00022203","0","0","test_user","2023-10-19 13:49:26","test_user","2024-04-23 03:42:35","0","0"
"736","00000000725","start_time","开始时间",,"109524010000000b","00022401","0","0","test_user","2023-10-19 13:49:26","test_user","2024-04-23 03:42:35","0","0"
"737","00000000726","end_time","结束时间",,"109524010000000b","00022401","0","0","test_user","2023-10-19 13:49:26","test_user","2024-04-23 03:42:35","0","0"
"738","00000000727","start_time","开始时间",,"1095240200000001","00022402","0","0","test_user","2023-10-19 13:49:26","test_user","2024-04-23 03:42:35","0","0"
"739","00000000728","end_time","结束时间",,"1095240200000001","00022402","0","0","test_user","2023-10-19 13:49:26","test_user","2024-04-23 03:42:35","0","0"
"740","00000000729","start_time","开始时间",,"1095240300000004","00022403","0","0","test_user","2023-10-19 13:49:26","test_user","2024-04-23 03:42:35","0","0"
"741","00000000730","end_time","结束时间",,"1095240300000004","00022403","0","0","test_user","2023-10-19 13:49:26","test_user","2024-04-23 03:42:35","0","0"
"742","00000000731","start_time","开始时间",,"1095330100000000","00023301","0","0","test_user","2023-10-19 13:49:26","test_user","2024-04-23 03:42:35","0","0"
"743","00000000732","end_time","结束时间",,"1095330100000000","00023301","0","0","test_user","2023-10-19 13:49:26","test_user","2024-04-23 03:42:35","0","0"
"744","00000000733","start_time","开始时间",,"1095330200000003","00023302","0","0","test_user","2023-10-19 13:49:26","test_user","2024-04-23 03:42:35","0","0"
"745","00000000734","end_time","结束时间",,"1095330200000003","00023302","0","0","test_user","2023-10-19 13:49:26","test_user","2024-04-23 03:42:35","0","0"
"746","00000000735","start_time","开始时间",,"1095330300000006","00023303","0","0","test_user","2023-10-19 13:49:26","test_user","2024-04-23 03:42:35","0","0"
"747","00000000736","end_time","结束时间",,"1095330300000006","00023303","0","0","test_user","2023-10-19 13:49:26","test_user","2024-04-23 03:42:35","0","0"
"750","00000000699","user_event_affect_id","编号",,"1095130500000006","00021305","1","1","test_user","2023-10-19 14:02:45","test_user","2024-04-23 03:42:35","0","0"
"751","00000000696","supplimental_description","描述",,"1055020000000009","00010201","0","0","test_user","2023-10-19 14:02:45","test_user","2024-04-23 03:42:35","0","0"
"752","00000000705","reason","原因",,"109523010000000a","00022301","0","0","test_user","2023-10-19 14:02:45","test_user","2024-04-23 03:42:35","0","0"
"753","00000000737","longitude","经度",,"1055020000000009","00010201","0","0","test_user","2023-11-03 16:00:01","test_user","2024-04-23 03:42:35","0","0"
"754","00000000738","latitude","纬度",,"1055020000000009","00010201","0","0","test_user","2023-11-03 16:00:01","test_user","2024-04-23 03:42:35","0","0"
"755","00000000739","household_registration","户籍",,"1055010000000008","00010101","0","0","test_user","2023-12-04 16:00:01","test_user","2024-04-23 03:42:35","0","0"
"756","00000000740","medical_history","病史",,"1055010000000008","00010101","0","0","test_user","2023-12-04 16:00:01","test_user","2024-04-23 03:42:35","0","0"
"757","00000000741","age","年龄",,"1055010000000008","00010101","0","0","test_user","2023-12-04 16:00:01","test_user","2024-04-23 03:42:35","1","0"
"758","00000000742","altitude","海拔",,"1055020000000009","00010201","0","0","test_user","2023-12-04 16:00:01","test_user","2024-04-23 03:42:35","0","0"
"759","00000000743","line_string","经纬度序列","适用于线（line string）类型的地址","1055020000000009","00010201","0","0","test_user","2023-12-04 16:00:01","test_user","2024-04-23 03:42:35","0","0"
"760","00000000744","type","类型","直接上级, 间接上级, 控股关系","1095550100000008","00025501","0","0","zstx","2023-12-04 16:00:01","zstx","2024-04-23 03:42:35","0","0"
"761","00000000745","scope_of_authority","权限范畴","操作规范, 状态监管, 质量把关","1095550100000008","00025501","0","0","zstx","2023-12-04 16:00:01","zstx","2024-04-23 03:42:35","0","0"
"762","00000000746","mode","方式","远程督办, 定期检查, 现场督办, 主动报送","1095550100000008","00025501","0","0","zstx","2023-12-04 16:00:01","zstx","2024-04-23 03:42:35","0","0"
"763","00000000747","seniority","工龄",,"1095150300000002","00021503","0","0","test_user","2023-12-04 16:00:01","test_user","2024-04-23 03:42:35","0","0"
"764","00000000756","cost","成本",,"1095530500000005","00025305","0","0","test_user","2023-12-11 16:00:01","test_user","2024-04-23 03:42:35","0","0"
"765","00000000757","start_time","开始时间",,"1095530500000005","00025305","0","0","test_user","2023-12-11 16:00:01","test_user","2024-04-23 03:42:35","0","0"
"766","00000000758","end_time","结束时间",,"1095530500000005","00025305","0","0","test_user","2023-12-11 16:00:01","test_user","2024-04-23 03:42:35","0","0"
"767","00000000759","emergency_level","紧急程度",,"105503000000000a","00010301","0","0","zstx","2023-12-11 16:00:01","zstx","2024-04-23 03:42:35","0","0"
"768","00000000760","importance","重要程度",,"105503000000000a","00010301","0","0","test_user","2023-12-11 16:00:01","test_user","2024-04-23 03:42:35","0","0"
"769","00000000749","organization_event_manufacture_id","编号",,"1095530500000005","00025305","0","0","test_user","2023-12-11 16:00:01","test_user","2024-04-23 03:42:35","0","0"
"770","00000000750","cause","原因",,"1095530500000005","00025305","0","0","test_user","2023-12-11 16:00:01","test_user","2024-04-23 03:42:35","0","0"
"771","00000000751","type","类型",,"1095530500000005","00025305","0","0","test_user","2023-12-11 16:00:01","test_user","2024-04-23 03:42:35","0","0"
"772","00000000752","degree_of_influence","影响程度","高, 中, 低","1095530500000005","00025305","0","0","zstx","2023-12-11 16:00:01","zstx","2024-04-23 03:42:35","0","0"
"773","00000000753","role","角色","发起组织, 策划组织","1095530500000005","00025305","0","0","test_user","2023-12-11 16:00:01","test_user","2024-04-23 03:42:35","0","0"
"774","00000000754","tool","工具",,"1095530500000005","00025305","0","0","test_user","2023-12-11 16:00:01","test_user","2024-04-23 03:42:35","0","0"
"775","00000000755","process","进程","策划, 筹备, 发起","1095530500000005","00025305","0","0","test_user","2023-12-11 16:00:01","test_user","2024-04-23 03:42:35","0","0"
"776","00000000761","condition","条件",,"1095130100000007","00021301","0","0","test_user","2023-12-14 16:00:00","test_user","2024-04-23 03:42:35","0","0"
"777","00000000762","condition","条件",,"1095130300000000","00021303","0","0","test_user","2023-12-14 16:00:00","test_user","2024-04-23 03:42:35","0","0"
"778","00000000763","condition","条件",,"1095130400000003","00021304","0","0","test_user","2023-12-14 16:00:00","test_user","2024-04-23 03:42:35","0","0"
"779","00000000764","condition","条件",,"1095530100000006","00025301","0","0","test_user","2023-12-14 16:00:00","test_user","2024-04-23 03:42:35","0","0"
"780","00000000765","condition","条件",,"109553030000000c","00025303","0","0","test_user","2023-12-14 16:00:00","test_user","2024-04-23 03:42:35","0","0"
"781","00000000766","condition","条件",,"1095530400000002","00025304","0","0","test_user","2023-12-14 16:00:00","test_user","2024-04-23 03:42:35","0","0"
"782","00000000767","condition","条件",,"1095530500000005","00025305","0","0","test_user","2023-12-14 16:00:00","test_user","2024-04-23 03:42:35","0","0"
"783","00000000768","frequency","频次","一天一次, 每周一次","1095110200000008","00021102","0","0","admin","2023-12-26 11:01:14","admin","2024-04-23 03:42:35","0","0"
"784","00000000769","frequency","频次","一天一次, 每周一次","109511030000000b","00021103","0","0","admin","2023-12-26 11:01:14","admin","2024-04-23 03:42:35","0","0"
"785","00000000770","frequency","频次","一天一次, 每周一次","1095110400000001","00021104","0","0","admin","2023-12-26 11:01:14","admin","2024-04-23 03:42:35","0","0"
"786","00000000772","does_it_exist","有无",,"1095110100000005","00021101","0","0","test_user","2023-12-26 16:00:00","test_user","2024-04-23 03:42:35","0","0"
"787","00000000773","does_it_exist","有无",,"1095110200000008","00021102","0","0","test_user","2023-12-26 16:00:00","test_user","2024-04-23 03:42:35","0","0"
"788","00000000774","does_it_exist","有无",,"109511030000000b","00021103","0","0","test_user","2023-12-26 16:00:00","test_user","2024-04-23 03:42:35","0","0"
"789","00000000775","does_it_exist","有无",,"1095110400000001","00021104","0","0","test_user","2023-12-26 16:00:00","test_user","2024-04-23 03:42:35","0","0"
"790","00000000776","does_it_exist","有无",,"1095110500000004","00021105","0","0","test_user","2023-12-26 16:00:00","test_user","2024-04-23 03:42:35","0","0"
"791","00000000777","does_it_exist","有无",,"1095110600000007","00021106","0","0","test_user","2023-12-26 16:00:00","test_user","2024-04-23 03:42:35","0","0"
"792","00000000778","does_it_exist","有无",,"109511070000000a","00021107","0","0","test_user","2023-12-26 16:00:00","test_user","2024-04-23 03:42:35","0","0"
"793","00000000779","does_it_exist","有无",,"1095110800000000","00021108","0","0","test_user","2023-12-26 16:00:00","test_user","2024-04-23 03:42:35","0","0"
"794","00000000780","does_it_exist","有无",,"1095120100000006","00021201","0","0","test_user","2023-12-26 16:00:00","test_user","2024-04-23 03:42:35","0","0"
"795","00000000781","does_it_exist","有无",,"1095120200000009","00021202","0","0","test_user","2023-12-26 16:00:00","test_user","2024-04-23 03:42:35","0","0"
"796","00000000782","does_it_exist","有无",,"109512030000000c","00021203","0","0","test_user","2023-12-26 16:00:00","test_user","2024-04-23 03:42:35","0","0"
"797","00000000783","does_it_exist","有无",,"1095120400000002","00021204","0","0","test_user","2023-12-26 16:00:00","test_user","2024-04-23 03:42:35","0","0"
"798","00000000784","does_it_exist","有无",,"1095120500000005","00021205","0","0","test_user","2023-12-26 16:00:00","test_user","2024-04-23 03:42:35","0","0"
"799","00000000785","does_it_exist","有无",,"109512070000000b","00021207","0","0","test_user","2023-12-26 16:00:00","test_user","2024-04-23 03:42:35","0","0"
"800","00000000786","does_it_exist","有无",,"1095120800000001","00021208","0","0","test_user","2023-12-26 16:00:00","test_user","2024-04-23 03:42:35","0","0"
"801","00000000787","does_it_exist","有无",,"1095130100000007","00021301","0","0","test_user","2023-12-26 16:00:00","test_user","2024-04-23 03:42:35","0","0"
"802","00000000788","does_it_exist","有无",,"109513020000000a","00021302","0","0","test_user","2023-12-26 16:00:00","test_user","2024-04-23 03:42:35","0","0"
"803","00000000789","does_it_exist","有无",,"1095130300000000","00021303","0","0","test_user","2023-12-26 16:00:00","test_user","2024-04-23 03:42:35","0","0"
"804","00000000790","does_it_exist","有无",,"1095130400000003","00021304","0","0","test_user","2023-12-26 16:00:00","test_user","2024-04-23 03:42:35","0","0"
"805","00000000791","does_it_exist","有无",,"1095130500000006","00021305","0","0","test_user","2023-12-26 16:00:00","test_user","2024-04-23 03:42:35","0","0"
"806","00000000792","does_it_exist","有无",,"1095140100000008","00021401","0","0","test_user","2023-12-26 16:00:00","test_user","2024-04-23 03:42:35","0","0"
"807","00000000793","does_it_exist","有无",,"109514020000000b","00021402","0","0","test_user","2023-12-26 16:00:00","test_user","2024-04-23 03:42:35","0","0"
"808","00000000794","does_it_exist","有无",,"1095140300000001","00021403","0","0","test_user","2023-12-26 16:00:00","test_user","2024-04-23 03:42:35","0","0"
"809","00000000795","does_it_exist","有无",,"1095140400000004","00021404","0","0","test_user","2023-12-26 16:00:00","test_user","2024-04-23 03:42:35","0","0"
"810","00000000796","does_it_exist","有无",,"109514060000000a","00021406","0","0","test_user","2023-12-26 16:00:00","test_user","2024-04-23 03:42:35","0","0"
"811","00000000797","does_it_exist","有无",,"1095140700000000","00021407","0","0","test_user","2023-12-26 16:00:00","test_user","2024-04-23 03:42:35","0","0"
"812","00000000798","does_it_exist","有无",,"1095140800000003","00021408","0","0","test_user","2023-12-26 16:00:00","test_user","2024-04-23 03:42:35","0","0"
"813","00000000799","does_it_exist","有无",,"1095150100000009","00021501","0","0","test_user","2023-12-26 16:00:00","test_user","2024-04-23 03:42:35","0","0"
"814","00000000800","does_it_exist","有无",,"109515020000000c","00021502","0","0","test_user","2023-12-26 16:00:00","test_user","2024-04-23 03:42:35","0","0"
"815","00000000801","does_it_exist","有无",,"1095150300000002","00021503","0","0","test_user","2023-12-26 16:00:00","test_user","2024-04-23 03:42:35","0","0"
"816","00000000802","does_it_exist","有无",,"1095150400000005","00021504","0","0","test_user","2023-12-26 16:00:00","test_user","2024-04-23 03:42:35","0","0"
"817","00000000803","does_it_exist","有无",,"1095150500000008","00021505","0","0","test_user","2023-12-26 16:00:00","test_user","2024-04-23 03:42:35","0","0"
"818","00000000804","does_it_exist","有无",,"1095220100000009","00022201","0","0","test_user","2023-12-26 16:00:00","test_user","2024-04-23 03:42:35","0","0"
"819","00000000805","does_it_exist","有无",,"109522020000000c","00022202","0","0","test_user","2023-12-26 16:00:00","test_user","2024-04-23 03:42:35","0","0"
"820","00000000806","does_it_exist","有无",,"1095220300000002","00022203","0","0","test_user","2023-12-26 16:00:00","test_user","2024-04-23 03:42:35","0","0"
"821","00000000807","does_it_exist","有无",,"1095220400000005","00022204","0","0","test_user","2023-12-26 16:00:00","test_user","2024-04-23 03:42:35","0","0"
"822","00000000808","does_it_exist","有无",,"109523010000000a","00022301","0","0","test_user","2023-12-26 16:00:00","test_user","2024-04-23 03:42:35","0","0"
"823","00000000809","does_it_exist","有无",,"1095230300000003","00022303","0","0","test_user","2023-12-26 16:00:00","test_user","2024-04-23 03:42:35","0","0"
"824","00000000810","does_it_exist","有无",,"109524010000000b","00022401","0","0","test_user","2023-12-26 16:00:00","test_user","2024-04-23 03:42:35","0","0"
"825","00000000811","does_it_exist","有无",,"1095240200000001","00022402","0","0","test_user","2023-12-26 16:00:00","test_user","2024-04-23 03:42:35","0","0"
"826","00000000812","does_it_exist","有无",,"1095240300000004","00022403","0","0","test_user","2023-12-26 16:00:00","test_user","2024-04-23 03:42:35","0","0"
"827","00000000813","does_it_exist","有无",,"1095330100000000","00023301","0","0","test_user","2023-12-26 16:00:00","test_user","2024-04-23 03:42:35","0","0"
"828","00000000814","does_it_exist","有无",,"1095330200000003","00023302","0","0","test_user","2023-12-26 16:00:00","test_user","2024-04-23 03:42:35","0","0"
"829","00000000815","does_it_exist","有无",,"1095330300000006","00023303","0","0","test_user","2023-12-26 16:00:00","test_user","2024-04-23 03:42:35","0","0"
"830","00000000816","does_it_exist","有无",,"1095340100000001","00023401","0","0","test_user","2023-12-26 16:00:00","test_user","2024-04-23 03:42:35","0","0"
"831","00000000817","does_it_exist","有无",,"1095340200000004","00023402","0","0","test_user","2023-12-26 16:00:00","test_user","2024-04-23 03:42:35","0","0"
"832","00000000818","does_it_exist","有无",,"1095340300000007","00023403","0","0","test_user","2023-12-26 16:00:00","test_user","2024-04-23 03:42:35","0","0"
"833","00000000819","does_it_exist","有无",,"1095440100000004","00024401","0","0","test_user","2023-12-26 16:00:00","test_user","2024-04-23 03:42:35","0","0"
"834","00000000820","does_it_exist","有无",,"1095440200000007","00024402","0","0","test_user","2023-12-26 16:00:00","test_user","2024-04-23 03:42:35","0","0"
"835","00000000821","does_it_exist","有无",,"109544030000000a","00024403","0","0","test_user","2023-12-26 16:00:00","test_user","2024-04-23 03:42:35","0","0"
"836","00000000822","does_it_exist","有无",,"1095440400000000","00024404","0","0","test_user","2023-12-26 16:00:00","test_user","2024-04-23 03:42:35","0","0"
"837","00000000823","does_it_exist","有无",,"1095440500000003","00024405","0","0","test_user","2023-12-26 16:00:00","test_user","2024-04-23 03:42:35","0","0"
"838","00000000824","does_it_exist","有无",,"1095520100000005","00025201","0","0","test_user","2023-12-26 16:00:00","test_user","2024-04-23 03:42:35","0","0"
"839","00000000825","does_it_exist","有无",,"1095520200000008","00025202","0","0","test_user","2023-12-26 16:00:00","test_user","2024-04-23 03:42:35","0","0"
"840","00000000826","does_it_exist","有无",,"109552030000000b","00025203","0","0","test_user","2023-12-26 16:00:00","test_user","2024-04-23 03:42:35","0","0"
"841","00000000827","does_it_exist","有无",,"1095520500000004","00025205","0","0","test_user","2023-12-26 16:00:00","test_user","2024-04-23 03:42:35","0","0"
"842","00000000828","does_it_exist","有无",,"1095520600000007","00025206","0","0","test_user","2023-12-26 16:00:00","test_user","2024-04-23 03:42:35","0","0"
"843","00000000829","does_it_exist","有无",,"1095530100000006","00025301","0","0","test_user","2023-12-26 16:00:00","test_user","2024-04-23 03:42:35","0","0"
"844","00000000830","does_it_exist","有无",,"1095530200000009","00025302","0","0","test_user","2023-12-26 16:00:00","test_user","2024-04-23 03:42:35","0","0"
"845","00000000831","does_it_exist","有无",,"109553030000000c","00025303","0","0","test_user","2023-12-26 16:00:00","test_user","2024-04-23 03:42:35","0","0"
"846","00000000832","does_it_exist","有无",,"1095530400000002","00025304","0","0","test_user","2023-12-26 16:00:00","test_user","2024-04-23 03:42:35","0","0"
"847","00000000833","does_it_exist","有无",,"1095530500000005","00025305","0","0","test_user","2023-12-26 16:00:00","test_user","2024-04-23 03:42:35","0","0"
"848","00000000834","does_it_exist","有无",,"1095540100000007","00025401","0","0","test_user","2023-12-26 16:00:00","test_user","2024-04-23 03:42:35","0","0"
"849","00000000835","does_it_exist","有无",,"109554020000000a","00025402","0","0","test_user","2023-12-26 16:00:00","test_user","2024-04-23 03:42:35","0","0"
"850","00000000836","does_it_exist","有无",,"1095540400000003","00025404","0","0","test_user","2023-12-26 16:00:00","test_user","2024-04-23 03:42:35","0","0"
"851","00000000837","does_it_exist","有无",,"1095540500000006","00025405","0","0","test_user","2023-12-26 16:00:00","test_user","2024-04-23 03:42:35","0","0"
"852","00000000838","does_it_exist","有无",,"1095540600000009","00025406","0","0","test_user","2023-12-26 16:00:00","test_user","2024-04-23 03:42:35","0","0"
"853","00000000839","does_it_exist","有无",,"109554070000000c","00025407","0","0","test_user","2023-12-26 16:00:00","test_user","2024-04-23 03:42:35","0","0"
"854","00000000840","does_it_exist","有无",,"1095550100000008","00025501","0","0","test_user","2023-12-26 16:00:00","test_user","2024-04-23 03:42:35","0","0"
"855","00000000841","does_it_exist","有无",,"1095550300000001","00025503","0","0","test_user","2023-12-26 16:00:00","test_user","2024-04-23 03:42:35","0","0"
"856","00000000842","does_it_exist","有无",,"1095550400000004","00025504","0","0","test_user","2023-12-26 16:00:00","test_user","2024-04-23 03:42:35","0","0"
"857","00000000843","does_it_exist","有无",,"1095550500000007","00025505","0","0","test_user","2023-12-26 16:00:00","test_user","2024-04-23 03:42:35","0","0"
"858","00000000844","identification_code","识别码",,"1055010000000008","00010101","0","0","test_user","2024-01-17 07:27:42","test_user","2024-04-23 03:42:35","0","0"
"859","00000000845","identification_code","识别码",,"1059010000000005","00010102","0","0","test_user","2024-01-17 07:27:42","test_user","2024-04-23 03:42:35","0","0"
"860","00000000846","identification_code","识别码",,"1055020000000009","00010201","0","0","test_user","2024-01-17 07:27:42","test_user","2024-04-23 03:42:35","0","0"
"861","00000000847","identification_code","识别码",,"1059020000000006","00010202","0","0","test_user","2024-01-17 07:27:42","test_user","2024-04-23 03:42:35","0","0"
"862","00000000848","identification_code","识别码",,"105503000000000a","00010301","0","0","test_user","2024-01-17 07:27:42","test_user","2024-04-23 03:42:35","0","0"
"863","00000000849","identification_code","识别码",,"1059030000000007","00010302","0","0","test_user","2024-01-17 07:27:42","test_user","2024-04-23 03:42:35","0","0"
"864","00000000850","price","价格",,"105504000000000b","00010401","0","0","test_user","2024-01-17 07:27:42","test_user","2024-04-23 03:42:35","0","0"
"865","00000000851","price","价格",,"105504000000000b","00010401","0","0","test_user","2024-01-17 16:00:00","test_user","2024-04-23 03:42:35","0","0"
