"id","entity_code","entity_name","category_code","parent_entity_code","type","version_name","visible","serial_number","create_user","create_time","modify_user","modify_time","del_stat","version_no"
"1","0000000000","实体标准分类","105100000000000a","/","root","standard","0","999","test_user","2023-08-01 13:08:29","test_user","2024-07-05 14:36:05","0","1000000"
"2","1000000000","城市物件","105504000000000b","0000000000","parentNode","standard","0","3","test_user","2023-08-01 13:08:29","admin","2024-07-12 17:33:34","0","1000000"
"3","2000000000","地理要素","1055020000000009","0000000000","parentNode","standard","0","1","test_user","2023-08-01 13:08:29","admin","2024-07-12 17:33:34","0","1000000"
"4","3000000000","企事业单位","105505000000000c","0000000000","parentNode","standard","0","2","test_user","2023-08-01 13:08:29","admin","2024-07-12 17:33:34","0","1000000"
"5","4000000000","城市事件","105503000000000a","0000000000","parentNode","standard","0","0","test_user","2023-08-01 13:08:29","icos","2024-07-12 17:33:34","0","1000000"
"6","5000000000","城市居民","1055010000000008","0000000000","parentNode","standard","0","4","test_user","2023-08-01 13:08:29","icos","2024-07-12 17:33:34","0","1000000"
"7","6000000000","政府通讯录","1055010000000008","0000000000","terminalNode","standard","0","5","test_user","2023-08-01 13:08:29","icos","2024-07-12 17:33:34","0","1000000"
"8","1010000000","传感监测设施","105504000000000b","1000000000","parentNode","standard","0","0","test_user","2023-08-01 13:08:29","admin","2024-07-12 17:33:34","0","1000000"
"9","1020000000","基础设施","105504000000000b","1000000000","parentNode","standard","0","999","test_user","2023-08-01 13:08:29","test_user","2024-07-12 17:33:34","0","1000000"
"10","1030000000","道路设施","105504000000000b","1000000000","parentNode","standard","0","999","test_user","2023-08-01 13:08:29","test_user","2024-07-12 17:33:34","0","1000000"
"11","1040000000","交通工具","105504000000000b","1000000000","parentNode","standard","0","999","test_user","2023-08-01 13:08:29","test_user","2024-07-12 17:33:34","0","1000000"
"12","1050000000","证件牌照","105504000000000b","1000000000","parentNode","standard","0","999","test_user","2023-08-01 13:08:29","test_user","2024-07-12 17:33:34","0","1000000"
"13","1060000000","市容设施","105504000000000b","1000000000","parentNode","standard","0","999","test_user","2023-08-01 13:08:29","test_user","2024-07-12 17:33:34","0","1000000"
"14","1070000000","绿化设施","105504000000000b","1000000000","parentNode","standard","0","999","test_user","2023-08-01 13:08:29","test_user","2024-07-12 17:33:34","0","1000000"
"15","1080000000","服务设施","105504000000000b","1000000000","parentNode","standard","0","999","test_user","2023-08-01 13:08:29","test_user","2024-07-12 17:33:34","0","1000000"
"16","1090000000","家用电器","105504000000000b","1000000000","parentNode","standard","0","999","test_user","2023-08-01 13:08:29","test_user","2024-07-12 17:33:34","0","1000000"
"17","1100000000","数码影音","105504000000000b","1000000000","parentNode","standard","0","999","test_user","2023-08-01 13:08:29","admin","2024-07-12 17:33:34","0","1000000"
"18","1110000000","电脑办公","105504000000000b","1000000000","parentNode","standard","0","999","test_user","2023-08-01 13:08:29","test_user","2024-07-12 17:33:34","0","1000000"
"19","1120000000","家具家居","105504000000000b","1000000000","parentNode","standard","0","999","test_user","2023-08-01 13:08:29","test_user","2024-07-12 17:33:34","0","1000000"
"20","1130000000","医疗用品","105504000000000b","1000000000","parentNode","standard","0","999","test_user","2023-08-01 13:08:29","test_user","2024-07-12 17:33:34","0","1000000"
"21","1140000000","动物","105504000000000b","1000000000","parentNode","standard","0","999","test_user","2023-08-01 13:08:29","test_user","2024-07-12 17:33:34","0","1000000"
"22","1150000000","感知载体设施","105504000000000b","1000000000","parentNode","standard","0","999","test_user","2023-08-01 13:08:29","test_user","2024-07-12 17:33:34","0","1000000"
"23","1160000000","位置定位设施","105504000000000b","1000000000","parentNode","standard","0","999","test_user","2023-08-01 13:08:29","test_user","2024-07-12 17:33:34","0","1000000"
"24","1170000000","视频监控设施","105504000000000b","1000000000","parentNode","standard","0","999","test_user","2023-08-01 13:08:29","test_user","2024-07-12 17:33:34","0","1000000"
"25","1180000000","视频解析设施","105504000000000b","1000000000","parentNode","standard","0","999","test_user","2023-08-01 13:08:29","test_user","2024-07-12 17:33:34","0","1000000"
"26","1010100000","力学量传感器","105504000000000b","1010000000","terminalNode","standard","0","0","test_user","2023-08-01 13:08:29","icos","2024-07-12 17:33:34","0","1000000"
"27","1010200000","热学量传感器","105504000000000b","1010000000","terminalNode","standard","0","1","test_user","2023-08-01 13:08:29","icos","2024-07-12 17:33:34","0","1000000"
"28","1010300000","光学量传感器","105504000000000b","1010000000","terminalNode","standard","0","2","test_user","2023-08-01 13:08:29","icos","2024-07-12 17:33:34","0","1000000"
"29","1010400000","磁学量传感器","105504000000000b","1010000000","terminalNode","standard","0","3","test_user","2023-08-01 13:08:29","icos","2024-07-12 17:33:34","0","1000000"
"30","1010500000","电学量传感器","105504000000000b","1010000000","terminalNode","standard","0","4","test_user","2023-08-01 13:08:29","icos","2024-07-12 17:33:34","0","1000000"
"31","1010600000","声学量传感器","105504000000000b","1010000000","terminalNode","standard","0","5","test_user","2023-08-01 13:08:29","icos","2024-07-12 17:33:34","0","1000000"
"32","1010700000","离子传感器","105504000000000b","1010000000","terminalNode","standard","0","6","test_user","2023-08-01 13:08:29","icos","2024-07-12 17:33:34","0","1000000"
"33","1010800000","气体传感器","105504000000000b","1010000000","terminalNode","standard","0","7","test_user","2023-08-01 13:08:29","icos","2024-07-12 17:33:34","0","1000000"
"34","1010900000","湿度、水分传感器","105504000000000b","1010000000","terminalNode","standard","0","8","test_user","2023-08-01 13:08:29","icos","2024-07-12 17:33:34","0","1000000"
"35","1011000000","射频识别设施","105504000000000b","1010000000","terminalNode","standard","0","9","test_user","2023-08-01 13:08:29","icos","2024-07-12 17:33:34","0","1000000"
"36","1011100000","其他类别传感器","105504000000000b","1010000000","terminalNode","standard","0","10","test_user","2023-08-01 13:08:29","icos","2024-07-12 17:33:34","0","1000000"
"37","1020100000","变压器","105504000000000b","1020000000","terminalNode","standard","0","999","test_user","2023-08-01 13:08:29","test_user","2024-07-12 17:33:34","0","1000000"
"38","1020200000","电线杆","105504000000000b","1020000000","terminalNode","standard","0","999","test_user","2023-08-01 13:08:29","test_user","2024-07-12 17:33:34","0","1000000"
"39","1020300000","消防栓","105504000000000b","1020000000","terminalNode","standard","0","999","test_user","2023-08-01 13:08:29","test_user","2024-07-12 17:33:34","0","1000000"
"40","1030100000","灯杆","105504000000000b","1030000000","terminalNode","standard","0","999","test_user","2023-08-01 13:08:29","test_user","2024-07-12 17:33:34","0","1000000"
"41","1030200000","井盖","105504000000000b","1030000000","terminalNode","standard","0","999","test_user","2023-08-01 13:08:29","test_user","2024-07-12 17:33:34","0","1000000"
"42","1030300000","护栏","105504000000000b","1030000000","terminalNode","standard","0","999","test_user","2023-08-01 13:08:29","test_user","2024-07-12 17:33:34","0","1000000"
"43","1030400000","交通信号灯","105504000000000b","1030000000","terminalNode","standard","0","999","test_user","2023-08-01 13:08:29","test_user","2024-07-12 17:33:34","0","1000000"
"44","1030500000","交通指示牌","105504000000000b","1030000000","terminalNode","standard","0","999","test_user","2023-08-01 13:08:29","test_user","2024-07-12 17:33:34","0","1000000"
"45","1030600000","过街天桥","105504000000000b","1030000000","terminalNode","standard","0","999","test_user","2023-08-01 13:08:29","test_user","2024-07-12 17:33:34","0","1000000"
"46","1030700000","立交桥","105504000000000b","1030000000","terminalNode","standard","0","999","test_user","2023-08-01 13:08:29","test_user","2024-07-12 17:33:34","0","1000000"
"47","1040100000","机动车","105504000000000b","1040000000","terminalNode","standard","0","999","test_user","2023-08-01 13:08:29","test_user","2024-07-12 17:33:34","0","1000000"
"48","1040200000","非机动车","105504000000000b","1040000000","terminalNode","standard","0","999","test_user","2023-08-01 13:08:29","test_user","2024-07-12 17:33:34","0","1000000"
"49","1040300000","铁路动车","105504000000000b","1040000000","terminalNode","standard","0","999","test_user","2023-08-01 13:08:29","test_user","2024-07-12 17:33:34","0","1000000"
"50","1040400000","船舶","105504000000000b","1040000000","terminalNode","standard","0","999","test_user","2023-08-01 13:08:29","test_user","2024-07-12 17:33:34","0","1000000"
"51","1040500000","飞机","105504000000000b","1040000000","terminalNode","standard","0","999","test_user","2023-08-01 13:08:29","test_user","2024-07-12 17:33:34","0","1000000"
"52","1050100000","身份类证照","105504000000000b","1050000000","terminalNode","standard","0","999","test_user","2023-08-01 13:08:29","test_user","2024-07-12 17:33:34","0","1000000"
"53","1050200000","企业经营类证照","105504000000000b","1050000000","terminalNode","standard","0","999","test_user","2023-08-01 13:08:29","test_user","2024-07-12 17:33:34","0","1000000"
"54","1050300000","资产类证照","105504000000000b","1050000000","terminalNode","standard","0","999","test_user","2023-08-01 13:08:29","test_user","2024-07-12 17:33:34","0","1000000"
"55","1050400000","社会福利类证照","105504000000000b","1050000000","terminalNode","standard","0","999","test_user","2023-08-01 13:08:29","test_user","2024-07-12 17:33:34","0","1000000"
"56","1050500000","社会关系类证照","105504000000000b","1050000000","terminalNode","standard","0","999","test_user","2023-08-01 13:08:29","test_user","2024-07-12 17:33:34","0","1000000"
"57","1060100000","垃圾箱","105504000000000b","1060000000","terminalNode","standard","0","999","test_user","2023-08-01 13:08:29","test_user","2024-07-12 17:33:34","0","1000000"
"58","1060200000","广告牌","105504000000000b","1060000000","terminalNode","standard","0","999","test_user","2023-08-01 13:08:29","test_user","2024-07-12 17:33:34","0","1000000"
"59","1060300000","LED屏","105504000000000b","1060000000","terminalNode","standard","0","999","test_user","2023-08-01 13:08:29","test_user","2024-07-12 17:33:34","0","1000000"
"60","1070100000","古树","105504000000000b","1070000000","terminalNode","standard","0","999","test_user","2023-08-01 13:08:29","test_user","2024-07-12 17:33:34","0","1000000"
"61","1070200000","花坛","105504000000000b","1070000000","terminalNode","standard","0","999","test_user","2023-08-01 13:08:29","test_user","2024-07-12 17:33:34","0","1000000"
"62","1070300000","街头座椅","105504000000000b","1070000000","terminalNode","standard","0","999","test_user","2023-08-01 13:08:29","test_user","2024-07-12 17:33:34","0","1000000"
"63","1070400000","喷泉","105504000000000b","1070000000","terminalNode","standard","0","999","test_user","2023-08-01 13:08:29","test_user","2024-07-12 17:33:34","0","1000000"
"64","1070500000","行道树","105504000000000b","1070000000","terminalNode","standard","0","999","test_user","2023-08-01 13:08:29","test_user","2024-07-12 17:33:34","0","1000000"
"65","1070600000","雕塑","105504000000000b","1070000000","terminalNode","standard","0","999","test_user","2023-08-01 13:08:29","test_user","2024-07-12 17:33:34","0","1000000"
"66","1080100000","邮筒","105504000000000b","1080000000","terminalNode","standard","0","999","test_user","2023-08-01 13:08:29","test_user","2024-07-12 17:33:34","0","1000000"
"67","1080200000","电话亭","105504000000000b","1080000000","terminalNode","standard","0","999","test_user","2023-08-01 13:08:29","test_user","2024-07-12 17:33:34","0","1000000"
"68","1080300000","健身设施","105504000000000b","1080000000","terminalNode","standard","0","999","test_user","2023-08-01 13:08:29","test_user","2024-07-12 17:33:34","0","1000000"
"69","1080400000","自动售货机","105504000000000b","1080000000","terminalNode","standard","0","999","test_user","2023-08-01 13:08:29","test_user","2024-07-12 17:33:34","0","1000000"
"70","1090100000","厨房电器","105504000000000b","1090000000","terminalNode","standard","0","999","test_user","2023-08-01 13:08:29","test_user","2024-07-12 17:33:34","0","1000000"
"71","1090200000","视听电器","105504000000000b","1090000000","terminalNode","standard","0","999","test_user","2023-08-01 13:08:29","test_user","2024-07-12 17:33:34","0","1000000"
"72","1090300000","环境电器","105504000000000b","1090000000","terminalNode","standard","0","999","test_user","2023-08-01 13:08:29","test_user","2024-07-12 17:33:34","0","1000000"
"73","1090400000","清洁电器","105504000000000b","1090000000","terminalNode","standard","0","999","test_user","2023-08-01 13:08:29","test_user","2024-07-12 17:33:34","0","1000000"
"74","1100100000","电子教育","105504000000000b","1100000000","terminalNode","standard","0","999","test_user","2023-08-01 13:08:29","admin","2024-07-12 17:33:34","0","1000000"
"75","1100200000","手机配件","105504000000000b","1100000000","terminalNode","standard","0","999","test_user","2023-08-01 13:08:29","test_user","2024-07-12 17:33:34","0","1000000"
"76","1100300000","摄影摄像","105504000000000b","1100000000","terminalNode","standard","0","999","test_user","2023-08-01 13:08:29","test_user","2024-07-12 17:33:34","0","1000000"
"77","1100400000","影音娱乐","105504000000000b","1100000000","terminalNode","standard","0","999","test_user","2023-08-01 13:08:29","test_user","2024-07-12 17:33:34","0","1000000"
"78","1100500000","智能设备","105504000000000b","1100000000","terminalNode","standard","0","999","test_user","2023-08-01 13:08:29","test_user","2024-07-12 17:33:34","0","1000000"
"79","1110100000","电脑整机","105504000000000b","1110000000","terminalNode","standard","0","999","test_user","2023-08-01 13:08:29","test_user","2024-07-12 17:33:34","0","1000000"
"80","1110200000","电脑配件","105504000000000b","1110000000","terminalNode","standard","0","999","test_user","2023-08-01 13:08:29","test_user","2024-07-12 17:33:34","0","1000000"
"81","1110300000","办公设备","105504000000000b","1110000000","terminalNode","standard","0","999","test_user","2023-08-01 13:08:29","test_user","2024-07-12 17:33:34","0","1000000"
"82","1110400000","游戏设备","105504000000000b","1110000000","terminalNode","standard","0","999","test_user","2023-08-01 13:08:29","test_user","2024-07-12 17:33:34","0","1000000"
"83","1120100000","厨具","105504000000000b","1120000000","terminalNode","standard","0","999","test_user","2023-08-01 13:08:29","test_user","2024-07-12 17:33:34","0","1000000"
"84","1120200000","家纺","105504000000000b","1120000000","terminalNode","standard","0","999","test_user","2023-08-01 13:08:29","test_user","2024-07-12 17:33:34","0","1000000"
"85","1120300000","生活日用","105504000000000b","1120000000","terminalNode","standard","0","999","test_user","2023-08-01 13:08:29","test_user","2024-07-12 17:33:34","0","1000000"
"86","1120400000","家装软饰","105504000000000b","1120000000","terminalNode","standard","0","999","test_user","2023-08-01 13:08:29","test_user","2024-07-12 17:33:34","0","1000000"
"87","1120500000","五金电工","105504000000000b","1120000000","terminalNode","standard","0","999","test_user","2023-08-01 13:08:29","test_user","2024-07-12 17:33:34","0","1000000"
"88","1130100000","药品","105504000000000b","1130000000","terminalNode","standard","0","999","test_user","2023-08-01 13:08:29","test_user","2024-07-12 17:33:34","0","1000000"
"89","1130200000","医疗仪器","105504000000000b","1130000000","terminalNode","standard","0","999","test_user","2023-08-01 13:08:29","test_user","2024-07-12 17:33:34","0","1000000"
"90","1130300000","医疗耗材","105504000000000b","1130000000","terminalNode","standard","0","999","test_user","2023-08-01 13:08:29","test_user","2024-07-12 17:33:34","0","1000000"
"91","1140100000","宠物","105504000000000b","1140000000","terminalNode","standard","0","999","test_user","2023-08-01 13:08:29","test_user","2024-07-12 17:33:34","0","1000000"
"92","1140200000","野生动物","105504000000000b","1140000000","terminalNode","standard","0","999","test_user","2023-08-01 13:08:29","test_user","2024-07-12 17:33:34","0","1000000"
"93","1140300000","家禽家畜","105504000000000b","1140000000","terminalNode","standard","0","999","test_user","2023-08-01 13:08:29","test_user","2024-07-12 17:33:34","0","1000000"
"94","1140400000","实验动物","105504000000000b","1140000000","terminalNode","standard","0","999","test_user","2023-08-01 13:08:29","test_user","2024-07-12 17:33:34","0","1000000"
"95","1150100000","箱盒载体","105504000000000b","1150000000","terminalNode","standard","0","999","test_user","2023-08-01 13:08:29","test_user","2024-07-12 17:33:34","0","1000000"
"96","1150200000","井窖载体","105504000000000b","1150000000","terminalNode","standard","0","999","test_user","2023-08-01 13:08:29","test_user","2024-07-12 17:33:34","0","1000000"
"97","1150300000","杆架载体","105504000000000b","1150000000","terminalNode","standard","0","999","test_user","2023-08-01 13:08:29","test_user","2024-07-12 17:33:34","0","1000000"
"98","1160100000","信号接收机","105504000000000b","1160000000","terminalNode","standard","0","999","test_user","2023-08-01 13:08:29","test_user","2024-07-12 17:33:34","0","1000000"
"99","1160200000","基站设施","105504000000000b","1160000000","terminalNode","standard","0","999","test_user","2023-08-01 13:08:29","test_user","2024-07-12 17:33:34","0","1000000"
"100","1160300000","其他定位设施","105504000000000b","1160000000","terminalNode","standard","0","999","test_user","2023-08-01 13:08:29","test_user","2024-07-12 17:33:34","0","1000000"
"101","1170100000","模拟摄像机","105504000000000b","1170000000","terminalNode","standard","0","999","test_user","2023-08-01 13:08:29","test_user","2024-07-12 17:33:34","0","1000000"
"102","1170200000","数字标清摄像机","105504000000000b","1170000000","terminalNode","standard","0","999","test_user","2023-08-01 13:08:29","test_user","2024-07-12 17:33:34","0","1000000"
"103","1170300000","数字高清摄像机","105504000000000b","1170000000","terminalNode","standard","0","999","test_user","2023-08-01 13:08:29","test_user","2024-07-12 17:33:34","0","1000000"
"104","1170400000","人脸智能识别摄像机","105504000000000b","1170000000","terminalNode","standard","0","999","test_user","2023-08-01 13:08:29","test_user","2024-07-12 17:33:34","0","1000000"
"105","1170500000","车辆智能识别摄像机","105504000000000b","1170000000","terminalNode","standard","0","999","test_user","2023-08-01 13:08:29","test_user","2024-07-12 17:33:34","0","1000000"
"106","1170600000","其他智能摄像机","105504000000000b","1170000000","terminalNode","standard","0","999","test_user","2023-08-01 13:08:29","test_user","2024-07-12 17:33:34","0","1000000"
"107","1180100000","边缘视频解析设施","105504000000000b","1180000000","terminalNode","standard","0","999","test_user","2023-08-01 13:08:29","test_user","2024-07-12 17:33:34","0","1000000"
"108","1180200000","视频解析服务器设施","105504000000000b","1180000000","terminalNode","standard","0","999","test_user","2023-08-01 13:08:29","test_user","2024-07-12 17:33:34","0","1000000"
"109","2010000000","建筑设施","1055020000000009","2000000000","parentNode","standard","0","999","test_user","2023-08-01 13:08:29","admin_icos","2024-07-12 17:33:34","0","1000000"
"110","2020000000","水系","1055020000000009","2000000000","parentNode","standard","0","999","test_user","2023-08-01 13:08:29","admin_icos","2024-07-12 17:33:34","0","1000000"
"111","2030000000","区域区划","1055020000000009","2000000000","parentNode","standard","0","999","test_user","2023-08-01 13:08:29","admin_icos","2024-07-12 17:33:34","0","1000000"
"112","2010100000","名胜古迹","1055020000000009","2010000000","terminalNode","standard","0","999","test_user","2023-08-01 13:08:29","admin_icos","2024-07-12 17:33:34","0","1000000"
"113","2010200000","居住建筑","1055020000000009","2010000000","terminalNode","standard","0","999","test_user","2023-08-01 13:08:29","admin_icos","2024-07-12 17:33:34","0","1000000"
"114","2010300000","办公职场","1055020000000009","2010000000","terminalNode","standard","0","999","test_user","2023-08-01 13:08:29","test_user","2024-07-12 17:33:34","0","1000000"
"115","2010400000","交通场站","1055020000000009","2010000000","terminalNode","standard","0","999","test_user","2023-08-01 13:08:29","test_user","2024-07-12 17:33:34","0","1000000"
"116","2010500000","餐饮服务","1055020000000009","2010000000","terminalNode","standard","0","999","test_user","2023-08-01 13:08:29","test_user","2024-07-12 17:33:34","0","1000000"
"117","2010600000","酒店民宿","1055020000000009","2010000000","terminalNode","standard","0","999","test_user","2023-08-01 13:08:29","test_user","2024-07-12 17:33:34","0","1000000"
"118","2010700000","环卫设施","1055020000000009","2010000000","terminalNode","standard","0","999","test_user","2023-08-01 13:08:29","admin_icos","2024-07-12 17:33:34","0","1000000"
"119","2010800000","市民服务","1055020000000009","2010000000","terminalNode","standard","0","999","test_user","2023-08-01 13:08:29","admin_icos","2024-07-12 17:33:34","0","1000000"
"120","2010900000","休闲娱乐","1055020000000009","2010000000","terminalNode","standard","0","999","test_user","2023-08-01 13:08:29","admin_icos","2024-07-12 17:33:34","0","1000000"
"121","2011000000","体育设施","1055020000000009","2010000000","terminalNode","standard","0","999","test_user","2023-08-01 13:08:29","admin_icos","2024-07-12 17:33:34","0","1000000"
"122","2011100000","文化教育","1055020000000009","2010000000","terminalNode","standard","0","999","test_user","2023-08-01 13:08:29","admin_icos","2024-07-12 17:33:34","0","1000000"
"123","2011200000","医疗卫生","1055020000000009","2010000000","terminalNode","standard","0","999","test_user","2023-08-01 13:08:29","test_user","2024-07-12 17:33:34","0","1000000"
"124","2011300000","应急避难","1055020000000009","2010000000","terminalNode","standard","0","999","test_user","2023-08-01 13:08:29","test_user","2024-07-12 17:33:34","0","1000000"
"126","2011500000","宗教建筑","1055020000000009","2010000000","terminalNode","standard","0","999","test_user","2023-08-01 13:08:29","admin_icos","2024-07-12 17:33:34","0","1000000"
"127","2011600000","政务司法","1055020000000009","2010000000","terminalNode","standard","0","999","test_user","2023-08-01 13:08:29","test_user","2024-07-12 17:33:34","0","1000000"
"129","2011800000","科学观测站","1055020000000009","2010000000","terminalNode","standard","0","999","test_user","2023-08-01 13:08:29","admin_icos","2024-07-12 17:33:34","0","1000000"
"130","2011900000","传媒通讯","1055020000000009","2010000000","terminalNode","standard","0","999","test_user","2023-08-01 13:08:29","test_user","2024-07-12 17:33:34","0","1000000"
"131","2012000000","工业设施","1055020000000009","2010000000","terminalNode","standard","0","999","test_user","2023-08-01 13:08:29","admin_icos","2024-07-12 17:33:34","0","1000000"
"134","2012300000","其他建筑设施","1055020000000009","2010000000","terminalNode","standard","0","999","test_user","2023-08-01 13:08:29","admin_icos","2024-07-12 17:33:34","0","1000000"
"135","2020100000","水库","1055020000000009","2020000000","terminalNode","standard","0","0","test_user","2023-08-01 13:08:29","admin_icos","2024-07-12 17:33:34","0","1000000"
"136","2020200000","沟渠","1055020000000009","2020000000","terminalNode","standard","0","1","test_user","2023-08-01 13:08:29","admin_icos","2024-07-12 17:33:34","0","1000000"
"137","2020300000","湖泊","1055020000000009","2020000000","terminalNode","standard","0","2","test_user","2023-08-01 13:08:29","admin_icos","2024-07-12 17:33:34","0","1000000"
"138","2020400000","河流","1055020000000009","2020000000","terminalNode","standard","0","3","test_user","2023-08-01 13:08:29","admin_icos","2024-07-12 17:33:34","0","1000000"
"139","2030100000","功能区块","1055020000000009","2030000000","terminalNode","standard","0","999","test_user","2023-08-01 13:08:29","admin_icos","2024-07-12 17:33:34","0","1000000"
"141","2030300000","行政区划","1055020000000009","2030000000","terminalNode","standard","0","999","test_user","2023-08-01 13:08:29","test_user","2024-07-12 17:33:34","0","1000000"
"142","2030400000","其他区域","1055020000000009","2030000000","terminalNode","standard","0","999","test_user","2023-08-01 13:08:29","admin_icos","2024-07-12 17:33:34","0","1000000"
"147","3010000000","事业单位","105505000000000c","3000000000","terminalNode","standard","0","999","test_user","2023-08-01 13:08:29","test_user","2024-07-12 17:33:34","0","1000000"
"148","3020000000","企业","105505000000000c","3000000000","terminalNode","standard","0","999","test_user","2023-08-01 13:08:29","test_user","2024-07-12 17:33:34","0","1000000"
"149","3030000000","社会服务机构","105505000000000c","3000000000","terminalNode","standard","0","999","test_user","2023-08-01 13:08:29","test_user","2024-07-12 17:33:34","0","1000000"
"150","3040000000","社会团体","105505000000000c","3000000000","terminalNode","standard","0","999","test_user","2023-08-01 13:08:29","test_user","2024-07-12 17:33:34","0","1000000"
"151","3050000000","基金会","105505000000000c","3000000000","terminalNode","standard","0","999","test_user","2023-08-01 13:08:29","test_user","2024-07-12 17:33:34","0","1000000"
"152","3060000000","集体经济组织","105505000000000c","3000000000","terminalNode","standard","0","999","test_user","2023-08-01 13:08:29","test_user","2024-07-12 17:33:34","0","1000000"
"153","5010000000","属地居民","1055010000000008","5000000000","terminalNode","standard","0","999","test_user","2023-08-01 13:08:29","test_user","2024-07-12 17:33:34","0","1000000"
"154","5020000000","组织人员","1055010000000008","5000000000","parentNode","standard","0","999","test_user","2023-08-01 13:08:29","test_user","2024-07-12 17:33:34","0","1000000"
"155","5020100000","事业单位人员","1055010000000008","5020000000","terminalNode","standard","0","999","test_user","2023-08-01 13:08:29","test_user","2024-07-12 17:33:34","0","1000000"
"156","5020200000","企业人员","1055010000000008","5020000000","terminalNode","standard","0","999","test_user","2023-08-01 13:08:29","test_user","2024-07-12 17:33:34","0","1000000"
"157","5020300000","社会服务机构人员","1055010000000008","5020000000","terminalNode","standard","0","999","test_user","2023-08-01 13:08:29","test_user","2024-07-12 17:33:34","0","1000000"
"158","5020400000","社会团体人员","1055010000000008","5020000000","terminalNode","standard","0","999","test_user","2023-08-01 13:08:29","test_user","2024-07-12 17:33:34","0","1000000"
"159","5020500000","基金会人员","1055010000000008","5020000000","terminalNode","standard","0","999","test_user","2023-08-01 13:08:29","test_user","2024-07-12 17:33:34","0","1000000"
"160","5020600000","集体经济组织人员","1055010000000008","5020000000","terminalNode","standard","0","999","test_user","2023-08-01 13:08:29","test_user","2024-07-12 17:33:34","0","1000000"
"161","1190000000","通讯设备","105504000000000b","1000000000","parentNode","standard","0","999","admin","2023-09-05 03:40:07","system_user","2024-07-12 17:33:34","0","1000000"
"162","1190100000","移动电话","105504000000000b","1190000000","terminalNode","standard","0","999","admin","2023-09-05 03:40:37","system_user","2024-07-12 17:33:34","0","1000000"
"163","1190200000","固定电话","105504000000000b","1190000000","terminalNode","standard","0","999","admin","2023-09-05 03:40:45","system_user","2024-07-12 17:33:34","0","1000000"
"164","1190300000","单兵设备","105504000000000b","1190000000","terminalNode","standard","0","999","admin","2023-09-05 03:40:54","system_user","2024-07-12 17:33:34","0","1000000"
"172","0000000000","实体标准分类","0001","/","root","beijing_standard","0","999","admin","2023-11-21 22:43:40","system_user","2023-11-21 22:43:40","0","1000000"
"173","1000000000","城市物件","105504000000000b","0000000000","parentNode","beijing_standard","0","3","admin","2023-11-21 22:43:40","icos","2024-07-12 18:08:10","0","1000000"
"174","2000000000","地理要素","1055020000000009","0000000000","parentNode","beijing_standard","0","1","admin","2023-11-21 22:43:40","icos","2024-07-12 18:08:10","0","1000000"
"175","3000000000","企事业单位","105505000000000c","0000000000","parentNode","beijing_standard","0","0","admin","2023-11-21 22:43:40","icos","2024-07-12 18:08:10","0","1000000"
"176","4000000000","城市事件","105503000000000a","0000000000","parentNode","beijing_standard","0","4","admin","2023-11-21 22:43:40","admin","2024-07-12 18:08:10","0","1000000"
"177","5000000000","城市居民","1055010000000008","0000000000","parentNode","beijing_standard","0","2","admin","2023-11-21 22:43:40","icos","2024-07-12 18:08:10","0","1000000"
"178","6000000000","政府通讯录","1055010000000008","0000000000","terminalNode","beijing_standard","0","5","admin","2023-11-21 22:43:40","system_user","2024-07-12 18:08:10","0","1000000"
"179","1010000000","传感监测设施","105504000000000b","1000000000","parentNode","beijing_standard","0","1","admin","2023-11-21 22:43:40","admin","2024-07-12 18:08:10","0","1000000"
"180","1020000000","基础设施","105504000000000b","1000000000","parentNode","beijing_standard","0","2","admin","2023-11-21 22:43:40","admin","2024-07-12 18:08:10","0","1000000"
"181","1030000000","道路设施","105504000000000b","1000000000","parentNode","beijing_standard","0","999","admin","2023-11-21 22:43:40","system_user","2024-07-12 18:08:10","0","1000000"
"182","1040000000","交通工具","105504000000000b","1000000000","parentNode","beijing_standard","0","999","admin","2023-11-21 22:43:40","system_user","2024-07-12 18:08:10","0","1000000"
"183","1050000000","证件牌照","105504000000000b","1000000000","parentNode","beijing_standard","0","999","admin","2023-11-21 22:43:40","system_user","2024-07-12 18:08:10","0","1000000"
"184","1060000000","市容设施","105504000000000b","1000000000","parentNode","beijing_standard","0","999","admin","2023-11-21 22:43:40","system_user","2024-07-12 18:08:10","0","1000000"
"185","1070000000","绿化设施","105504000000000b","1000000000","parentNode","beijing_standard","0","999","admin","2023-11-21 22:43:40","system_user","2024-07-12 18:08:10","0","1000000"
"186","1080000000","服务设施","105504000000000b","1000000000","parentNode","beijing_standard","0","999","admin","2023-11-21 22:43:40","system_user","2024-07-12 18:08:10","0","1000000"
"187","1090000000","家用电器","105504000000000b","1000000000","parentNode","beijing_standard","0","999","admin","2023-11-21 22:43:40","system_user","2024-07-12 18:08:10","0","1000000"
"188","1100000000","数码影音","105504000000000b","1000000000","parentNode","beijing_standard","0","999","admin","2023-11-21 22:43:40","system_user","2024-07-12 18:08:10","0","1000000"
"189","1110000000","电脑办公","105504000000000b","1000000000","parentNode","beijing_standard","0","999","admin","2023-11-21 22:43:40","system_user","2024-07-12 18:08:10","0","1000000"
"190","1120000000","家具家居","105504000000000b","1000000000","parentNode","beijing_standard","0","999","admin","2023-11-21 22:43:40","system_user","2024-07-12 18:08:10","0","1000000"
"191","1130000000","医疗用品","105504000000000b","1000000000","parentNode","beijing_standard","0","999","admin","2023-11-21 22:43:40","system_user","2024-07-12 18:08:10","0","1000000"
"192","1140000000","动物","105504000000000b","1000000000","parentNode","beijing_standard","0","999","admin","2023-11-21 22:43:40","system_user","2024-07-12 18:08:10","0","1000000"
"193","1150000000","感知载体设施","105504000000000b","1000000000","parentNode","beijing_standard","0","999","admin","2023-11-21 22:43:40","icos","2024-07-12 18:08:10","0","1000000"
"194","1160000000","位置定位设施","105504000000000b","1000000000","parentNode","beijing_standard","1","999","admin","2023-11-21 22:43:40","icos","2024-07-12 18:08:10","0","1000000"
"195","1170000000","视频监控设施","105504000000000b","1000000000","parentNode","beijing_standard","0","999","admin","2023-11-21 22:43:40","icos","2024-07-12 18:08:10","0","1000000"
"196","1180000000","视频解析设施","105504000000000b","1000000000","parentNode","beijing_standard","1","999","admin","2023-11-21 22:43:40","icos","2024-07-12 18:08:10","0","1000000"
"197","1010100000","力学量传感器","105504000000000b","1010000000","terminalNode","beijing_standard","0","0","admin","2023-11-21 22:43:40","icos","2024-07-12 18:08:10","0","1000000"
"198","1010200000","热学量传感器","105504000000000b","1010000000","terminalNode","beijing_standard","0","1","admin","2023-11-21 22:43:40","icos","2024-07-12 18:08:10","0","1000000"
"199","1010300000","光学量传感器","105504000000000b","1010000000","terminalNode","beijing_standard","0","2","admin","2023-11-21 22:43:40","icos","2024-07-12 18:08:10","0","1000000"
"200","1010400000","磁学量传感器","105504000000000b","1010000000","terminalNode","beijing_standard","0","3","admin","2023-11-21 22:43:40","icos","2024-07-12 18:08:10","0","1000000"
"201","1010500000","电学量传感器","105504000000000b","1010000000","terminalNode","beijing_standard","0","4","admin","2023-11-21 22:43:40","icos","2024-07-12 18:08:10","0","1000000"
"202","1010600000","声学量传感器","105504000000000b","1010000000","terminalNode","beijing_standard","0","5","admin","2023-11-21 22:43:40","icos","2024-07-12 18:08:10","0","1000000"
"203","1010700000","离子传感器","105504000000000b","1010000000","terminalNode","beijing_standard","0","6","admin","2023-11-21 22:43:40","icos","2024-07-12 18:08:10","0","1000000"
"204","1010800000","气体传感器","105504000000000b","1010000000","terminalNode","beijing_standard","0","7","admin","2023-11-21 22:43:40","icos","2024-07-12 18:08:10","0","1000000"
"205","1010900000","湿度、水分传感器","105504000000000b","1010000000","terminalNode","beijing_standard","0","8","admin","2023-11-21 22:43:40","icos","2024-07-12 18:08:10","0","1000000"
"206","1011000000","射频识别设施","105504000000000b","1010000000","terminalNode","beijing_standard","0","9","admin","2023-11-21 22:43:40","icos","2024-07-12 18:08:10","0","1000000"
"207","1011100000","其他类别传感器","105504000000000b","1010000000","terminalNode","beijing_standard","0","10","admin","2023-11-21 22:43:40","icos","2024-07-12 18:08:10","0","1000000"
"208","1020100000","变压器","105504000000000b","1020000000","terminalNode","beijing_standard","0","999","admin","2023-11-21 22:43:40","system_user","2024-07-12 18:08:10","0","1000000"
"209","1020200000","电线杆","105504000000000b","1020000000","terminalNode","beijing_standard","0","999","admin","2023-11-21 22:43:40","system_user","2024-07-12 18:08:10","0","1000000"
"210","1020300000","消防栓","105504000000000b","1020000000","terminalNode","beijing_standard","0","999","admin","2023-11-21 22:43:40","system_user","2024-07-12 18:08:10","0","1000000"
"211","1030100000","灯杆","105504000000000b","1030000000","terminalNode","beijing_standard","0","999","admin","2023-11-21 22:43:40","system_user","2024-07-12 18:08:10","0","1000000"
"212","1030200000","井盖","105504000000000b","1030000000","terminalNode","beijing_standard","0","999","admin","2023-11-21 22:43:40","system_user","2024-07-12 18:08:10","0","1000000"
"213","1030300000","护栏","105504000000000b","1030000000","terminalNode","beijing_standard","0","999","admin","2023-11-21 22:43:40","system_user","2024-07-12 18:08:10","0","1000000"
"214","1030400000","交通信号灯","105504000000000b","1030000000","terminalNode","beijing_standard","0","999","admin","2023-11-21 22:43:40","system_user","2024-07-12 18:08:10","0","1000000"
"215","1030500000","交通指示牌","105504000000000b","1030000000","terminalNode","beijing_standard","0","999","admin","2023-11-21 22:43:40","system_user","2024-07-12 18:08:10","0","1000000"
"216","1030600000","过街天桥","105504000000000b","1030000000","terminalNode","beijing_standard","0","999","admin","2023-11-21 22:43:40","system_user","2024-07-12 18:08:10","0","1000000"
"217","1030700000","立交桥","105504000000000b","1030000000","terminalNode","beijing_standard","0","999","admin","2023-11-21 22:43:40","system_user","2024-07-12 18:08:10","0","1000000"
"218","1040100000","机动车","105504000000000b","1040000000","terminalNode","beijing_standard","0","999","admin","2023-11-21 22:43:40","system_user","2024-07-12 18:08:10","0","1000000"
"219","1040200000","非机动车","105504000000000b","1040000000","terminalNode","beijing_standard","0","999","admin","2023-11-21 22:43:40","system_user","2024-07-12 18:08:10","0","1000000"
"220","1040300000","铁路动车","105504000000000b","1040000000","terminalNode","beijing_standard","0","999","admin","2023-11-21 22:43:40","system_user","2024-07-12 18:08:10","0","1000000"
"221","1040400000","船舶","105504000000000b","1040000000","terminalNode","beijing_standard","0","999","admin","2023-11-21 22:43:40","system_user","2024-07-12 18:08:10","0","1000000"
"222","1040500000","飞机","105504000000000b","1040000000","terminalNode","beijing_standard","0","999","admin","2023-11-21 22:43:40","system_user","2024-07-12 18:08:10","0","1000000"
"223","1050100000","身份类证照","105504000000000b","1050000000","terminalNode","beijing_standard","0","999","admin","2023-11-21 22:43:40","system_user","2024-07-12 18:08:10","0","1000000"
"224","1050200000","企业经营类证照","105504000000000b","1050000000","terminalNode","beijing_standard","0","999","admin","2023-11-21 22:43:40","system_user","2024-07-12 18:08:10","0","1000000"
"225","1050300000","资产类证照","105504000000000b","1050000000","terminalNode","beijing_standard","0","999","admin","2023-11-21 22:43:40","system_user","2024-07-12 18:08:10","0","1000000"
"226","1050400000","社会福利类证照","105504000000000b","1050000000","terminalNode","beijing_standard","0","999","admin","2023-11-21 22:43:40","system_user","2024-07-12 18:08:10","0","1000000"
"227","1050500000","社会关系类证照","105504000000000b","1050000000","terminalNode","beijing_standard","0","999","admin","2023-11-21 22:43:40","system_user","2024-07-12 18:08:10","0","1000000"
"228","1060100000","垃圾箱","105504000000000b","1060000000","terminalNode","beijing_standard","0","999","admin","2023-11-21 22:43:40","system_user","2024-07-12 18:08:10","0","1000000"
"229","1060200000","广告牌","105504000000000b","1060000000","terminalNode","beijing_standard","0","999","admin","2023-11-21 22:43:40","system_user","2024-07-12 18:08:10","0","1000000"
"230","1060300000","LED屏","105504000000000b","1060000000","terminalNode","beijing_standard","0","999","admin","2023-11-21 22:43:40","system_user","2024-07-12 18:08:10","0","1000000"
"231","1070100000","古树","105504000000000b","1070000000","terminalNode","beijing_standard","0","999","admin","2023-11-21 22:43:40","system_user","2024-07-12 18:08:10","0","1000000"
"232","1070200000","花坛","105504000000000b","1070000000","terminalNode","beijing_standard","0","999","admin","2023-11-21 22:43:40","system_user","2024-07-12 18:08:10","0","1000000"
"233","1070300000","街头座椅","105504000000000b","1070000000","terminalNode","beijing_standard","0","999","admin","2023-11-21 22:43:40","system_user","2024-07-12 18:08:10","0","1000000"
"234","1070400000","喷泉","105504000000000b","1070000000","terminalNode","beijing_standard","0","999","admin","2023-11-21 22:43:40","system_user","2024-07-12 18:08:10","0","1000000"
"235","1070500000","行道树","105504000000000b","1070000000","terminalNode","beijing_standard","0","999","admin","2023-11-21 22:43:40","system_user","2024-07-12 18:08:10","0","1000000"
"236","1070600000","雕塑","105504000000000b","1070000000","terminalNode","beijing_standard","0","999","admin","2023-11-21 22:43:40","system_user","2024-07-12 18:08:10","0","1000000"
"237","1080100000","邮筒","105504000000000b","1080000000","terminalNode","beijing_standard","0","999","admin","2023-11-21 22:43:40","system_user","2024-07-12 18:08:10","0","1000000"
"238","1080200000","电话亭","105504000000000b","1080000000","terminalNode","beijing_standard","0","999","admin","2023-11-21 22:43:40","system_user","2024-07-12 18:08:10","0","1000000"
"239","1080300000","健身设施","105504000000000b","1080000000","terminalNode","beijing_standard","0","999","admin","2023-11-21 22:43:40","system_user","2024-07-12 18:08:10","0","1000000"
"240","1080400000","自动售货机","105504000000000b","1080000000","terminalNode","beijing_standard","0","999","admin","2023-11-21 22:43:40","system_user","2024-07-12 18:08:10","0","1000000"
"241","1090100000","厨房电器","105504000000000b","1090000000","terminalNode","beijing_standard","0","0","admin","2023-11-21 22:43:40","icos","2024-07-12 18:08:10","0","1000000"
"242","1090200000","视听电器","105504000000000b","1090000000","terminalNode","beijing_standard","0","1","admin","2023-11-21 22:43:40","icos","2024-07-12 18:08:10","0","1000000"
"243","1090300000","环境电器","105504000000000b","1090000000","terminalNode","beijing_standard","0","2","admin","2023-11-21 22:43:40","icos","2024-07-12 18:08:10","0","1000000"
"244","1090400000","清洁电器","105504000000000b","1090000000","terminalNode","beijing_standard","0","3","admin","2023-11-21 22:43:40","icos","2024-07-12 18:08:10","0","1000000"
"245","1100100000","电子教育","105504000000000b","1100000000","terminalNode","beijing_standard","0","999","admin","2023-11-21 22:43:40","system_user","2024-07-12 18:08:10","0","1000000"
"246","1100200000","手机配件","105504000000000b","1100000000","terminalNode","beijing_standard","0","999","admin","2023-11-21 22:43:40","system_user","2024-07-12 18:08:10","0","1000000"
"247","1100300000","摄影摄像","105504000000000b","1100000000","terminalNode","beijing_standard","0","999","admin","2023-11-21 22:43:40","system_user","2024-07-12 18:08:10","0","1000000"
"248","1100400000","影音娱乐","105504000000000b","1100000000","terminalNode","beijing_standard","0","999","admin","2023-11-21 22:43:40","system_user","2024-07-12 18:08:10","0","1000000"
"249","1100500000","智能设备","105504000000000b","1100000000","terminalNode","beijing_standard","0","999","admin","2023-11-21 22:43:40","system_user","2024-07-12 18:08:10","0","1000000"
"250","1110100000","电脑整机","105504000000000b","1110000000","terminalNode","beijing_standard","0","999","admin","2023-11-21 22:43:40","system_user","2024-07-12 18:08:10","0","1000000"
"251","1110200000","电脑配件","105504000000000b","1110000000","terminalNode","beijing_standard","0","999","admin","2023-11-21 22:43:40","system_user","2024-07-12 18:08:10","0","1000000"
"252","1110300000","办公设备","105504000000000b","1110000000","terminalNode","beijing_standard","0","999","admin","2023-11-21 22:43:40","system_user","2024-07-12 18:08:10","0","1000000"
"253","1110400000","游戏设备","105504000000000b","1110000000","terminalNode","beijing_standard","0","999","admin","2023-11-21 22:43:40","system_user","2024-07-12 18:08:10","0","1000000"
"254","1120100000","厨具","105504000000000b","1120000000","terminalNode","beijing_standard","0","999","admin","2023-11-21 22:43:40","system_user","2024-07-12 18:08:10","0","1000000"
"255","1120200000","家纺","105504000000000b","1120000000","terminalNode","beijing_standard","0","999","admin","2023-11-21 22:43:40","system_user","2024-07-12 18:08:10","0","1000000"
"256","1120300000","生活日用","105504000000000b","1120000000","terminalNode","beijing_standard","0","999","admin","2023-11-21 22:43:40","system_user","2024-07-12 18:08:10","0","1000000"
"257","1120400000","家装软饰","105504000000000b","1120000000","terminalNode","beijing_standard","0","999","admin","2023-11-21 22:43:40","system_user","2024-07-12 18:08:10","0","1000000"
"258","1120500000","五金电工","105504000000000b","1120000000","terminalNode","beijing_standard","0","999","admin","2023-11-21 22:43:40","system_user","2024-07-12 18:08:10","0","1000000"
"259","1130100000","药品","105504000000000b","1130000000","terminalNode","beijing_standard","0","999","admin","2023-11-21 22:43:40","system_user","2024-07-12 18:08:10","0","1000000"
"260","1130200000","医疗仪器","105504000000000b","1130000000","terminalNode","beijing_standard","0","999","admin","2023-11-21 22:43:40","system_user","2024-07-12 18:08:10","0","1000000"
"261","1130300000","医疗耗材","105504000000000b","1130000000","terminalNode","beijing_standard","0","999","admin","2023-11-21 22:43:40","system_user","2024-07-12 18:08:10","0","1000000"
"262","1140100000","宠物","105504000000000b","1140000000","terminalNode","beijing_standard","0","999","admin","2023-11-21 22:43:40","system_user","2024-07-12 18:08:10","0","1000000"
"263","1140200000","野生动物","105504000000000b","1140000000","terminalNode","beijing_standard","0","999","admin","2023-11-21 22:43:40","system_user","2024-07-12 18:08:10","0","1000000"
"264","1140300000","家禽家畜","105504000000000b","1140000000","terminalNode","beijing_standard","0","999","admin","2023-11-21 22:43:40","system_user","2024-07-12 18:08:10","0","1000000"
"265","1140400000","实验动物","105504000000000b","1140000000","terminalNode","beijing_standard","0","999","admin","2023-11-21 22:43:40","system_user","2024-07-12 18:08:10","0","1000000"
"266","1150100000","箱盒载体","105504000000000b","1150000000","terminalNode","beijing_standard","0","999","admin","2023-11-21 22:43:40","system_user","2024-07-12 18:08:10","0","1000000"
"267","1150200000","井窖载体","105504000000000b","1150000000","terminalNode","beijing_standard","0","999","admin","2023-11-21 22:43:40","system_user","2024-07-12 18:08:10","0","1000000"
"268","1150300000","杆架载体","105504000000000b","1150000000","terminalNode","beijing_standard","0","999","admin","2023-11-21 22:43:40","system_user","2024-07-12 18:08:10","0","1000000"
"269","1160100000","信号接收机","105504000000000b","1160000000","terminalNode","beijing_standard","0","999","admin","2023-11-21 22:43:40","system_user","2024-07-12 18:08:10","0","1000000"
"270","1160200000","基站设施","105504000000000b","1160000000","terminalNode","beijing_standard","0","999","admin","2023-11-21 22:43:40","system_user","2024-07-12 18:08:10","0","1000000"
"271","1160300000","其他定位设施","105504000000000b","1160000000","terminalNode","beijing_standard","0","999","admin","2023-11-21 22:43:40","system_user","2024-07-12 18:08:10","0","1000000"
"272","1170100000","模拟摄像机","105504000000000b","1170000000","terminalNode","beijing_standard","0","0","admin","2023-11-21 22:43:40","icos","2024-07-12 18:08:10","0","1000000"
"273","1170200000","数字标清摄像机","105504000000000b","1170000000","terminalNode","beijing_standard","0","1","admin","2023-11-21 22:43:40","icos","2024-07-12 18:08:10","0","1000000"
"274","1170300000","数字高清摄像机","105504000000000b","1170000000","terminalNode","beijing_standard","0","2","admin","2023-11-21 22:43:40","icos","2024-07-12 18:08:10","0","1000000"
"275","1170400000","人脸智能识别摄像机","105504000000000b","1170000000","terminalNode","beijing_standard","0","3","admin","2023-11-21 22:43:40","icos","2024-07-12 18:08:10","0","1000000"
"276","1170500000","车辆智能识别摄像机","105504000000000b","1170000000","terminalNode","beijing_standard","0","4","admin","2023-11-21 22:43:40","icos","2024-07-12 18:08:10","0","1000000"
"277","1170600000","其他智能摄像机","105504000000000b","1170000000","terminalNode","beijing_standard","0","5","admin","2023-11-21 22:43:40","icos","2024-07-12 18:08:10","0","1000000"
"278","1180100000","边缘视频解析设施","105504000000000b","1180000000","terminalNode","beijing_standard","0","1","admin","2023-11-21 22:43:40","admin","2024-07-12 18:08:10","0","1000000"
"279","1180200000","视频解析服务器设施","105504000000000b","1180000000","terminalNode","beijing_standard","0","0","admin","2023-11-21 22:43:40","admin","2024-07-12 18:08:10","0","1000000"
"280","2010000000","地点","1055020000000009","2000000000","parentNode","beijing_standard","0","999","admin","2023-11-21 22:43:40","system_user","2024-07-12 18:08:10","0","1000000"
"281","2020000000","线路","1055020000000009","2000000000","parentNode","beijing_standard","0","999","admin","2023-11-21 22:43:40","system_user","2024-07-12 18:08:10","0","1000000"
"282","2030000000","区域","1055020000000009","2000000000","parentNode","beijing_standard","0","999","admin","2023-11-21 22:43:40","system_user","2024-07-12 18:08:10","0","1000000"
"283","2010100000","风景名胜","1055020000000009","2010000000","terminalNode","beijing_standard","0","999","admin","2023-11-21 22:43:40","system_user","2024-07-12 18:08:10","0","1000000"
"284","2010200000","市民居住","1055020000000009","2010000000","terminalNode","beijing_standard","0","999","admin","2023-11-21 22:43:40","system_user","2024-07-12 18:08:10","0","1000000"
"285","2010300000","办公职场","1055020000000009","2010000000","terminalNode","beijing_standard","0","999","admin","2023-11-21 22:43:40","system_user","2024-07-12 18:08:10","0","1000000"
"286","2010400000","交通场站","1055020000000009","2010000000","terminalNode","beijing_standard","0","999","admin","2023-11-21 22:43:40","system_user","2024-07-12 18:08:10","0","1000000"
"287","2010500000","餐饮服务","1055020000000009","2010000000","terminalNode","beijing_standard","0","999","admin","2023-11-21 22:43:40","system_user","2024-07-12 18:08:10","0","1000000"
"288","2010600000","酒店民宿","1055020000000009","2010000000","terminalNode","beijing_standard","0","999","admin","2023-11-21 22:43:40","system_user","2024-07-12 18:08:10","0","1000000"
"289","2010700000","商超购物","1055020000000009","2010000000","terminalNode","beijing_standard","0","999","admin","2023-11-21 22:43:40","system_user","2024-07-12 18:08:10","0","1000000"
"290","2010800000","家政便民","1055020000000009","2010000000","terminalNode","beijing_standard","0","999","admin","2023-11-21 22:43:40","system_user","2024-07-12 18:08:10","0","1000000"
"291","2010900000","文娱休闲","1055020000000009","2010000000","terminalNode","beijing_standard","0","999","admin","2023-11-21 22:43:40","system_user","2024-07-12 18:08:10","0","1000000"
"292","2011000000","运动户外","1055020000000009","2010000000","terminalNode","beijing_standard","0","999","admin","2023-11-21 22:43:40","system_user","2024-07-12 18:08:10","0","1000000"
"293","2011100000","教育培训","1055020000000009","2010000000","terminalNode","beijing_standard","0","999","admin","2023-11-21 22:43:40","system_user","2024-07-12 18:08:10","0","1000000"
"294","2011200000","医疗卫生","1055020000000009","2010000000","terminalNode","beijing_standard","0","999","admin","2023-11-21 22:43:40","system_user","2024-07-12 18:08:10","0","1000000"
"295","2011300000","应急避难","1055020000000009","2010000000","terminalNode","beijing_standard","0","999","admin","2023-11-21 22:43:40","system_user","2024-07-12 18:08:10","0","1000000"
"296","2011400000","金融服务","1055020000000009","2010000000","terminalNode","beijing_standard","0","999","admin","2023-11-21 22:43:40","system_user","2024-07-12 18:08:10","0","1000000"
"297","2011500000","宗教外交","1055020000000009","2010000000","terminalNode","beijing_standard","0","999","admin","2023-11-21 22:43:40","system_user","2024-07-12 18:08:10","0","1000000"
"298","2011600000","政务司法","1055020000000009","2010000000","terminalNode","beijing_standard","0","999","admin","2023-11-21 22:43:40","system_user","2024-07-12 18:08:10","0","1000000"
"299","2011700000","福利机构","1055020000000009","2010000000","terminalNode","beijing_standard","0","999","admin","2023-11-21 22:43:40","system_user","2024-07-12 18:08:10","0","1000000"
"300","2011800000","科研观测","1055020000000009","2010000000","terminalNode","beijing_standard","0","999","admin","2023-11-21 22:43:40","system_user","2024-07-12 18:08:10","0","1000000"
"301","2011900000","传媒通讯","1055020000000009","2010000000","terminalNode","beijing_standard","0","999","admin","2023-11-21 22:43:40","system_user","2024-07-12 18:08:10","0","1000000"
"302","2012000000","物流仓储","1055020000000009","2010000000","terminalNode","beijing_standard","0","999","admin","2023-11-21 22:43:40","system_user","2024-07-12 18:08:10","0","1000000"
"303","2012100000","能源供给","1055020000000009","2010000000","terminalNode","beijing_standard","0","999","admin","2023-11-21 22:43:40","system_user","2024-07-12 18:08:10","0","1000000"
"304","2012200000","生产制造","1055020000000009","2010000000","terminalNode","beijing_standard","0","999","admin","2023-11-21 22:43:40","system_user","2024-07-12 18:08:10","0","1000000"
"305","2012300000","军事管理","1055020000000009","2010000000","terminalNode","beijing_standard","0","999","admin","2023-11-21 22:43:40","system_user","2024-07-12 18:08:10","0","1000000"
"306","2020100000","交通轨道","1055020000000009","2020000000","terminalNode","beijing_standard","0","999","admin","2023-11-21 22:43:40","system_user","2024-07-12 18:08:10","0","1000000"
"307","2020200000","出行线路","1055020000000009","2020000000","terminalNode","beijing_standard","0","999","admin","2023-11-21 22:43:40","system_user","2024-07-12 18:08:10","0","1000000"
"308","2020300000","管网线路","1055020000000009","2020000000","terminalNode","beijing_standard","0","999","admin","2023-11-21 22:43:40","system_user","2024-07-12 18:08:10","0","1000000"
"309","2020400000","线形地貌","1055020000000009","2020000000","terminalNode","beijing_standard","0","999","admin","2023-11-21 22:43:40","system_user","2024-07-12 18:08:10","0","1000000"
"310","2030100000","城市功能区","1055020000000009","2030000000","terminalNode","beijing_standard","0","999","admin","2023-11-21 22:43:40","system_user","2024-07-12 18:08:10","0","1000000"
"311","2030200000","临时管控区","1055020000000009","2030000000","terminalNode","beijing_standard","0","999","admin","2023-11-21 22:43:40","system_user","2024-07-12 18:08:10","0","1000000"
"312","2030300000","行政区划","1055020000000009","2030000000","terminalNode","beijing_standard","0","999","admin","2023-11-21 22:43:40","system_user","2024-07-12 18:08:10","0","1000000"
"313","2030400000","特属专区","1055020000000009","2030000000","terminalNode","beijing_standard","0","999","admin","2023-11-21 22:43:40","system_user","2024-07-12 18:08:10","0","1000000"
"314","2030500000","军事特区","1055020000000009","2030000000","terminalNode","beijing_standard","0","999","admin","2023-11-21 22:43:40","system_user","2024-07-12 18:08:10","0","1000000"
"315","2030600000","生态区域","1055020000000009","2030000000","terminalNode","beijing_standard","0","999","admin","2023-11-21 22:43:40","system_user","2024-07-12 18:08:10","0","1000000"
"316","2030700000","农业生产","1055020000000009","2030000000","terminalNode","beijing_standard","0","999","admin","2023-11-21 22:43:40","system_user","2024-07-12 18:08:10","0","1000000"
"317","2030800000","加工制造","1055020000000009","2030000000","terminalNode","beijing_standard","0","999","admin","2023-11-21 22:43:40","system_user","2024-07-12 18:08:10","0","1000000"
"318","3010000000","事业单位","105505000000000c","3000000000","terminalNode","beijing_standard","0","999","admin","2023-11-21 22:43:40","system_user","2024-07-12 18:08:10","0","1000000"
"319","3020000000","企业","105505000000000c","3000000000","terminalNode","beijing_standard","0","999","admin","2023-11-21 22:43:40","system_user","2024-07-12 18:08:10","0","1000000"
"320","3030000000","社会服务机构","105505000000000c","3000000000","terminalNode","beijing_standard","0","999","admin","2023-11-21 22:43:40","system_user","2024-07-12 18:08:10","0","1000000"
"321","3040000000","社会团体","105505000000000c","3000000000","terminalNode","beijing_standard","0","999","admin","2023-11-21 22:43:40","system_user","2024-07-12 18:08:10","0","1000000"
"322","3050000000","基金会","105505000000000c","3000000000","terminalNode","beijing_standard","0","999","admin","2023-11-21 22:43:40","system_user","2024-07-12 18:08:10","0","1000000"
"323","3060000000","集体经济组织","105505000000000c","3000000000","terminalNode","beijing_standard","0","999","admin","2023-11-21 22:43:40","system_user","2024-07-12 18:08:10","0","1000000"
"324","5010000000","属地居民","1055010000000008","5000000000","terminalNode","beijing_standard","0","999","admin","2023-11-21 22:43:40","system_user","2024-07-12 18:08:10","0","1000000"
"325","5020000000","组织人员","1055010000000008","5000000000","parentNode","beijing_standard","0","999","admin","2023-11-21 22:43:40","system_user","2024-07-12 18:08:10","0","1000000"
"326","5020100000","事业单位人员","1055010000000008","5020000000","terminalNode","beijing_standard","0","999","admin","2023-11-21 22:43:40","system_user","2024-07-12 18:08:10","0","1000000"
"327","5020200000","企业人员","1055010000000008","5020000000","terminalNode","beijing_standard","0","999","admin","2023-11-21 22:43:40","system_user","2024-07-12 18:08:10","0","1000000"
"328","5020300000","社会服务机构人员","1055010000000008","5020000000","terminalNode","beijing_standard","0","999","admin","2023-11-21 22:43:41","system_user","2024-07-12 18:08:10","0","1000000"
"329","5020400000","社会团体人员","1055010000000008","5020000000","terminalNode","beijing_standard","0","999","admin","2023-11-21 22:43:41","system_user","2024-07-12 18:08:10","0","1000000"
"330","5020500000","基金会人员","1055010000000008","5020000000","terminalNode","beijing_standard","0","999","admin","2023-11-21 22:43:41","system_user","2024-07-12 18:08:10","0","1000000"
"331","5020600000","集体经济组织人员","1055010000000008","5020000000","terminalNode","beijing_standard","0","999","admin","2023-11-21 22:43:41","system_user","2024-07-12 18:08:10","0","1000000"
"332","1190000000","通讯设备","105504000000000b","1000000000","parentNode","beijing_standard","0","0","admin","2023-11-21 22:43:41","admin","2024-07-12 18:08:10","0","1000000"
"333","1190100000","移动电话","105504000000000b","1190000000","terminalNode","beijing_standard","0","999","admin","2023-11-21 22:43:41","system_user","2024-07-12 18:08:10","0","1000000"
"334","1190200000","固定电话","105504000000000b","1190000000","terminalNode","beijing_standard","0","999","admin","2023-11-21 22:43:41","system_user","2024-07-12 18:08:10","0","1000000"
"335","1190300000","单兵设备","105504000000000b","1190000000","terminalNode","beijing_standard","0","999","admin","2023-11-21 22:43:41","system_user","2024-07-12 18:08:10","0","1000000"
"336","0000000000","实体标准分类","0001","/","root","datong_standard","0","999","admin","2023-11-21 23:06:46","system_user","2023-11-21 23:06:46","0","1000000"
"337","1000000000","城市物件","105504000000000b","0000000000","parentNode","datong_standard","0","0","admin","2023-11-21 23:06:46","system_user","2024-07-12 18:08:10","0","1000000"
"338","2000000000","地理要素","1055020000000009","0000000000","parentNode","datong_standard","0","1","admin","2023-11-21 23:06:46","system_user","2024-07-12 18:08:10","0","1000000"
"339","3000000000","企事业单位","105505000000000c","0000000000","parentNode","datong_standard","0","2","admin","2023-11-21 23:06:46","system_user","2024-07-12 18:08:10","0","1000000"
"340","4000000000","城市事件","105503000000000a","0000000000","parentNode","datong_standard","0","3","admin","2023-11-21 23:06:46","system_user","2024-07-12 18:08:10","0","1000000"
"341","5000000000","城市居民","1055010000000008","0000000000","parentNode","datong_standard","0","4","admin","2023-11-21 23:06:46","system_user","2024-07-12 18:08:10","0","1000000"
"342","6000000000","政府通讯录","1055010000000008","0000000000","terminalNode","datong_standard","0","5","admin","2023-11-21 23:06:46","system_user","2024-07-12 18:08:10","0","1000000"
"343","1010000000","传感监测设施","105504000000000b","1000000000","parentNode","datong_standard","0","999","admin","2023-11-21 23:06:46","system_user","2024-07-12 18:08:10","0","1000000"
"344","1020000000","基础设施","105504000000000b","1000000000","parentNode","datong_standard","0","999","admin","2023-11-21 23:06:46","system_user","2024-07-12 18:08:10","0","1000000"
"345","1030000000","道路设施","105504000000000b","1000000000","parentNode","datong_standard","0","999","admin","2023-11-21 23:06:46","system_user","2024-07-12 18:08:10","0","1000000"
"346","1040000000","交通工具","105504000000000b","1000000000","parentNode","datong_standard","0","999","admin","2023-11-21 23:06:46","system_user","2024-07-12 18:08:10","0","1000000"
"347","1050000000","证件牌照","105504000000000b","1000000000","parentNode","datong_standard","0","999","admin","2023-11-21 23:06:46","system_user","2024-07-12 18:08:10","0","1000000"
"348","1060000000","市容设施","105504000000000b","1000000000","parentNode","datong_standard","0","999","admin","2023-11-21 23:06:46","system_user","2024-07-12 18:08:10","0","1000000"
"349","1070000000","绿化设施","105504000000000b","1000000000","parentNode","datong_standard","0","999","admin","2023-11-21 23:06:46","system_user","2024-07-12 18:08:10","0","1000000"
"350","1080000000","服务设施","105504000000000b","1000000000","parentNode","datong_standard","0","999","admin","2023-11-21 23:06:46","system_user","2024-07-12 18:08:10","0","1000000"
"351","1090000000","家用电器","105504000000000b","1000000000","parentNode","datong_standard","0","999","admin","2023-11-21 23:06:46","system_user","2024-07-12 18:08:10","0","1000000"
"352","1100000000","数码影音","105504000000000b","1000000000","parentNode","datong_standard","0","999","admin","2023-11-21 23:06:46","system_user","2024-07-12 18:08:10","0","1000000"
"353","1110000000","电脑办公","105504000000000b","1000000000","parentNode","datong_standard","0","999","admin","2023-11-21 23:06:46","system_user","2024-07-12 18:08:10","0","1000000"
"354","1120000000","家具家居","105504000000000b","1000000000","parentNode","datong_standard","0","999","admin","2023-11-21 23:06:46","system_user","2024-07-12 18:08:10","0","1000000"
"355","1130000000","医疗用品","105504000000000b","1000000000","parentNode","datong_standard","0","999","admin","2023-11-21 23:06:46","system_user","2024-07-12 18:08:10","0","1000000"
"356","1140000000","动物","105504000000000b","1000000000","parentNode","datong_standard","0","999","admin","2023-11-21 23:06:46","system_user","2024-07-12 18:08:10","0","1000000"
"357","1150000000","感知载体设施","105504000000000b","1000000000","parentNode","datong_standard","0","999","admin","2023-11-21 23:06:46","system_user","2024-07-12 18:08:10","0","1000000"
"358","1160000000","位置定位设施","105504000000000b","1000000000","parentNode","datong_standard","0","999","admin","2023-11-21 23:06:46","system_user","2024-07-12 18:08:10","0","1000000"
"359","1170000000","视频监控设施","105504000000000b","1000000000","parentNode","datong_standard","0","999","admin","2023-11-21 23:06:46","system_user","2024-07-12 18:08:10","0","1000000"
"360","1180000000","视频解析设施","105504000000000b","1000000000","parentNode","datong_standard","0","999","admin","2023-11-21 23:06:46","system_user","2024-07-12 18:08:10","0","1000000"
"361","1010100000","力学量传感器","105504000000000b","1010000000","terminalNode","datong_standard","0","999","admin","2023-11-21 23:06:46","system_user","2024-07-12 18:08:10","0","1000000"
"362","1010200000","热学量传感器","105504000000000b","1010000000","terminalNode","datong_standard","0","999","admin","2023-11-21 23:06:46","system_user","2024-07-12 18:08:10","0","1000000"
"363","1010300000","光学量传感器","105504000000000b","1010000000","terminalNode","datong_standard","0","999","admin","2023-11-21 23:06:46","system_user","2024-07-12 18:08:10","0","1000000"
"364","1010400000","磁学量传感器","105504000000000b","1010000000","terminalNode","datong_standard","0","999","admin","2023-11-21 23:06:46","system_user","2024-07-12 18:08:10","0","1000000"
"365","1010500000","电学量传感器","105504000000000b","1010000000","terminalNode","datong_standard","0","999","admin","2023-11-21 23:06:46","system_user","2024-07-12 18:08:10","0","1000000"
"366","1010600000","声学量传感器","105504000000000b","1010000000","terminalNode","datong_standard","0","999","admin","2023-11-21 23:06:46","system_user","2024-07-12 18:08:10","0","1000000"
"367","1010700000","离子传感器","105504000000000b","1010000000","terminalNode","datong_standard","0","999","admin","2023-11-21 23:06:46","system_user","2024-07-12 18:08:10","0","1000000"
"368","1010800000","气体传感器","105504000000000b","1010000000","terminalNode","datong_standard","0","999","admin","2023-11-21 23:06:46","system_user","2024-07-12 18:08:10","0","1000000"
"369","1010900000","湿度、水分传感器","105504000000000b","1010000000","terminalNode","datong_standard","0","999","admin","2023-11-21 23:06:46","system_user","2024-07-12 18:08:10","0","1000000"
"370","1011000000","射频识别设施","105504000000000b","1010000000","terminalNode","datong_standard","0","999","admin","2023-11-21 23:06:46","system_user","2024-07-12 18:08:10","0","1000000"
"371","1011100000","其他类别传感器","105504000000000b","1010000000","terminalNode","datong_standard","0","999","admin","2023-11-21 23:06:46","system_user","2024-07-12 18:08:10","0","1000000"
"372","1020100000","变压器","105504000000000b","1020000000","terminalNode","datong_standard","0","999","admin","2023-11-21 23:06:46","system_user","2024-07-12 18:08:10","0","1000000"
"373","1020200000","电线杆","105504000000000b","1020000000","terminalNode","datong_standard","0","999","admin","2023-11-21 23:06:46","system_user","2024-07-12 18:08:10","0","1000000"
"374","1020300000","消防栓","105504000000000b","1020000000","terminalNode","datong_standard","0","999","admin","2023-11-21 23:06:46","system_user","2024-07-12 18:08:10","0","1000000"
"375","1030100000","灯杆","105504000000000b","1030000000","terminalNode","datong_standard","0","0","admin","2023-11-21 23:06:46","admin","2024-07-12 18:08:10","0","1000000"
"376","1030200000","井盖","105504000000000b","1030000000","terminalNode","datong_standard","0","2","admin","2023-11-21 23:06:46","admin","2024-07-12 18:08:10","0","1000000"
"377","1030300000","护栏","105504000000000b","1030000000","terminalNode","datong_standard","0","4","admin","2023-11-21 23:06:46","admin","2024-07-12 18:08:10","0","1000000"
"378","1030400000","交通信号灯","105504000000000b","1030000000","terminalNode","datong_standard","0","3","admin","2023-11-21 23:06:46","admin","2024-07-12 18:08:10","0","1000000"
"379","1030500000","交通指示牌","105504000000000b","1030000000","terminalNode","datong_standard","0","1","admin","2023-11-21 23:06:46","admin","2024-07-12 18:08:10","0","1000000"
"380","1030600000","过街天桥","105504000000000b","1030000000","terminalNode","datong_standard","0","5","admin","2023-11-21 23:06:46","admin","2024-07-12 18:08:10","0","1000000"
"381","1030700000","立交桥","105504000000000b","1030000000","terminalNode","datong_standard","0","6","admin","2023-11-21 23:06:46","admin","2024-07-12 18:08:10","0","1000000"
"382","1040100000","机动车","105504000000000b","1040000000","terminalNode","datong_standard","0","0","admin","2023-11-21 23:06:46","admin","2024-07-12 18:08:10","0","1000000"
"383","1040200000","非机动车","105504000000000b","1040000000","terminalNode","datong_standard","0","1","admin","2023-11-21 23:06:46","admin","2024-07-12 18:08:10","0","1000000"
"384","1040300000","铁路动车","105504000000000b","1040000000","terminalNode","datong_standard","0","2","admin","2023-11-21 23:06:46","admin","2024-07-12 18:08:10","0","1000000"
"385","1040400000","船舶","105504000000000b","1040000000","terminalNode","datong_standard","0","3","admin","2023-11-21 23:06:46","admin","2024-07-12 18:08:10","0","1000000"
"386","1040500000","飞机","105504000000000b","1040000000","terminalNode","datong_standard","0","4","admin","2023-11-21 23:06:46","admin","2024-07-12 18:08:10","0","1000000"
"387","1050100000","身份类证照","105504000000000b","1050000000","terminalNode","datong_standard","0","999","admin","2023-11-21 23:06:46","system_user","2024-07-12 18:08:10","0","1000000"
"388","1050200000","企业经营类证照","105504000000000b","1050000000","terminalNode","datong_standard","0","999","admin","2023-11-21 23:06:46","system_user","2024-07-12 18:08:10","0","1000000"
"389","1050300000","资产类证照","105504000000000b","1050000000","terminalNode","datong_standard","0","999","admin","2023-11-21 23:06:47","system_user","2024-07-12 18:08:10","0","1000000"
"390","1050400000","社会福利类证照","105504000000000b","1050000000","terminalNode","datong_standard","0","999","admin","2023-11-21 23:06:47","system_user","2024-07-12 18:08:10","0","1000000"
"391","1050500000","社会关系类证照","105504000000000b","1050000000","terminalNode","datong_standard","0","999","admin","2023-11-21 23:06:47","system_user","2024-07-12 18:08:10","0","1000000"
"392","1060100000","垃圾箱","105504000000000b","1060000000","terminalNode","datong_standard","0","999","admin","2023-11-21 23:06:47","system_user","2024-07-12 18:08:10","0","1000000"
"393","1060200000","广告牌","105504000000000b","1060000000","terminalNode","datong_standard","0","999","admin","2023-11-21 23:06:47","system_user","2024-07-12 18:08:10","0","1000000"
"394","1060300000","LED屏","105504000000000b","1060000000","terminalNode","datong_standard","0","999","admin","2023-11-21 23:06:47","system_user","2024-07-12 18:08:10","0","1000000"
"395","1070100000","古树","105504000000000b","1070000000","terminalNode","datong_standard","0","999","admin","2023-11-21 23:06:47","system_user","2024-07-12 18:08:10","0","1000000"
"396","1070200000","花坛","105504000000000b","1070000000","terminalNode","datong_standard","0","999","admin","2023-11-21 23:06:47","system_user","2024-07-12 18:08:10","0","1000000"
"397","1070300000","街头座椅","105504000000000b","1070000000","terminalNode","datong_standard","0","999","admin","2023-11-21 23:06:47","system_user","2024-07-12 18:08:10","0","1000000"
"398","1070400000","喷泉","105504000000000b","1070000000","terminalNode","datong_standard","0","999","admin","2023-11-21 23:06:47","system_user","2024-07-12 18:08:10","0","1000000"
"399","1070500000","行道树","105504000000000b","1070000000","terminalNode","datong_standard","0","999","admin","2023-11-21 23:06:47","system_user","2024-07-12 18:08:10","0","1000000"
"400","1070600000","雕塑","105504000000000b","1070000000","terminalNode","datong_standard","0","999","admin","2023-11-21 23:06:47","system_user","2024-07-12 18:08:10","0","1000000"
"401","1080100000","邮筒","105504000000000b","1080000000","terminalNode","datong_standard","0","999","admin","2023-11-21 23:06:47","system_user","2024-07-12 18:08:10","0","1000000"
"402","1080200000","电话亭","105504000000000b","1080000000","terminalNode","datong_standard","0","999","admin","2023-11-21 23:06:47","system_user","2024-07-12 18:08:10","0","1000000"
"403","1080300000","健身设施","105504000000000b","1080000000","terminalNode","datong_standard","0","999","admin","2023-11-21 23:06:47","system_user","2024-07-12 18:08:10","0","1000000"
"404","1080400000","自动售货机","105504000000000b","1080000000","terminalNode","datong_standard","0","999","admin","2023-11-21 23:06:47","system_user","2024-07-12 18:08:10","0","1000000"
"405","1090100000","厨房电器","105504000000000b","1090000000","terminalNode","datong_standard","0","999","admin","2023-11-21 23:06:47","system_user","2024-07-12 18:08:10","0","1000000"
"406","1090200000","视听电器","105504000000000b","1090000000","terminalNode","datong_standard","0","999","admin","2023-11-21 23:06:47","system_user","2024-07-12 18:08:10","0","1000000"
"407","1090300000","环境电器","105504000000000b","1090000000","terminalNode","datong_standard","0","999","admin","2023-11-21 23:06:47","system_user","2024-07-12 18:08:10","0","1000000"
"408","1090400000","清洁电器","105504000000000b","1090000000","terminalNode","datong_standard","0","999","admin","2023-11-21 23:06:47","system_user","2024-07-12 18:08:10","0","1000000"
"409","1100100000","电子教育","105504000000000b","1100000000","terminalNode","datong_standard","0","999","admin","2023-11-21 23:06:47","system_user","2024-07-12 18:08:10","0","1000000"
"410","1100200000","手机配件","105504000000000b","1100000000","terminalNode","datong_standard","0","999","admin","2023-11-21 23:06:47","system_user","2024-07-12 18:08:10","0","1000000"
"411","1100300000","摄影摄像","105504000000000b","1100000000","terminalNode","datong_standard","0","999","admin","2023-11-21 23:06:47","system_user","2024-07-12 18:08:10","0","1000000"
"412","1100400000","影音娱乐","105504000000000b","1100000000","terminalNode","datong_standard","0","999","admin","2023-11-21 23:06:47","system_user","2024-07-12 18:08:10","0","1000000"
"413","1100500000","智能设备","105504000000000b","1100000000","terminalNode","datong_standard","0","999","admin","2023-11-21 23:06:47","system_user","2024-07-12 18:08:10","0","1000000"
"414","1110100000","电脑整机","105504000000000b","1110000000","terminalNode","datong_standard","0","999","admin","2023-11-21 23:06:47","system_user","2024-07-12 18:08:10","0","1000000"
"415","1110200000","电脑配件","105504000000000b","1110000000","terminalNode","datong_standard","0","999","admin","2023-11-21 23:06:47","system_user","2024-07-12 18:08:10","0","1000000"
"416","1110300000","办公设备","105504000000000b","1110000000","terminalNode","datong_standard","0","999","admin","2023-11-21 23:06:47","system_user","2024-07-12 18:08:10","0","1000000"
"417","1110400000","游戏设备","105504000000000b","1110000000","terminalNode","datong_standard","0","999","admin","2023-11-21 23:06:47","system_user","2024-07-12 18:08:10","0","1000000"
"418","1120100000","厨具","105504000000000b","1120000000","terminalNode","datong_standard","0","999","admin","2023-11-21 23:06:47","system_user","2024-07-12 18:08:10","0","1000000"
"419","1120200000","家纺","105504000000000b","1120000000","terminalNode","datong_standard","0","999","admin","2023-11-21 23:06:47","system_user","2024-07-12 18:08:10","0","1000000"
"420","1120300000","生活日用","105504000000000b","1120000000","terminalNode","datong_standard","0","999","admin","2023-11-21 23:06:47","system_user","2024-07-12 18:08:10","0","1000000"
"421","1120400000","家装软饰","105504000000000b","1120000000","terminalNode","datong_standard","0","999","admin","2023-11-21 23:06:47","system_user","2024-07-12 18:08:10","0","1000000"
"422","1120500000","五金电工","105504000000000b","1120000000","terminalNode","datong_standard","0","999","admin","2023-11-21 23:06:47","system_user","2024-07-12 18:08:10","0","1000000"
"423","1130100000","药品","105504000000000b","1130000000","terminalNode","datong_standard","0","999","admin","2023-11-21 23:06:47","system_user","2024-07-12 18:08:10","0","1000000"
"424","1130200000","医疗仪器","105504000000000b","1130000000","terminalNode","datong_standard","0","999","admin","2023-11-21 23:06:47","system_user","2024-07-12 18:08:10","0","1000000"
"425","1130300000","医疗耗材","105504000000000b","1130000000","terminalNode","datong_standard","0","999","admin","2023-11-21 23:06:47","system_user","2024-07-12 18:08:10","0","1000000"
"426","1140100000","宠物","105504000000000b","1140000000","terminalNode","datong_standard","0","999","admin","2023-11-21 23:06:47","system_user","2024-07-12 18:08:10","0","1000000"
"427","1140200000","野生动物","105504000000000b","1140000000","terminalNode","datong_standard","0","999","admin","2023-11-21 23:06:47","system_user","2024-07-12 18:08:10","0","1000000"
"428","1140300000","家禽家畜","105504000000000b","1140000000","terminalNode","datong_standard","0","999","admin","2023-11-21 23:06:47","system_user","2024-07-12 18:08:10","0","1000000"
"429","1140400000","实验动物","105504000000000b","1140000000","terminalNode","datong_standard","0","999","admin","2023-11-21 23:06:47","system_user","2024-07-12 18:08:10","0","1000000"
"430","1150100000","箱盒载体","105504000000000b","1150000000","terminalNode","datong_standard","0","999","admin","2023-11-21 23:06:47","system_user","2024-07-12 18:08:10","0","1000000"
"431","1150200000","井窖载体","105504000000000b","1150000000","terminalNode","datong_standard","0","999","admin","2023-11-21 23:06:47","system_user","2024-07-12 18:08:10","0","1000000"
"432","1150300000","杆架载体","105504000000000b","1150000000","terminalNode","datong_standard","0","999","admin","2023-11-21 23:06:47","system_user","2024-07-12 18:08:10","0","1000000"
"433","1160100000","信号接收机","105504000000000b","1160000000","terminalNode","datong_standard","0","999","admin","2023-11-21 23:06:47","system_user","2024-07-12 18:08:10","0","1000000"
"434","1160200000","基站设施","105504000000000b","1160000000","terminalNode","datong_standard","0","999","admin","2023-11-21 23:06:47","system_user","2024-07-12 18:08:10","0","1000000"
"435","1160300000","其他定位设施","105504000000000b","1160000000","terminalNode","datong_standard","0","999","admin","2023-11-21 23:06:47","system_user","2024-07-12 18:08:10","0","1000000"
"436","1170100000","模拟摄像机","105504000000000b","1170000000","terminalNode","datong_standard","0","999","admin","2023-11-21 23:06:47","system_user","2024-07-12 18:08:10","0","1000000"
"437","1170200000","数字标清摄像机","105504000000000b","1170000000","terminalNode","datong_standard","0","999","admin","2023-11-21 23:06:47","system_user","2024-07-12 18:08:10","0","1000000"
"438","1170300000","数字高清摄像机","105504000000000b","1170000000","terminalNode","datong_standard","0","999","admin","2023-11-21 23:06:47","system_user","2024-07-12 18:08:10","0","1000000"
"439","1170400000","人脸智能识别摄像机","105504000000000b","1170000000","terminalNode","datong_standard","0","999","admin","2023-11-21 23:06:47","system_user","2024-07-12 18:08:10","0","1000000"
"440","1170500000","车辆智能识别摄像机","105504000000000b","1170000000","terminalNode","datong_standard","0","999","admin","2023-11-21 23:06:47","system_user","2024-07-12 18:08:10","0","1000000"
"441","1170600000","其他智能摄像机","105504000000000b","1170000000","terminalNode","datong_standard","0","999","admin","2023-11-21 23:06:47","system_user","2024-07-12 18:08:10","0","1000000"
"442","1180100000","边缘视频解析设施","105504000000000b","1180000000","terminalNode","datong_standard","0","999","admin","2023-11-21 23:06:47","system_user","2024-07-12 18:08:10","0","1000000"
"443","1180200000","视频解析服务器设施","105504000000000b","1180000000","terminalNode","datong_standard","0","999","admin","2023-11-21 23:06:47","system_user","2024-07-12 18:08:10","0","1000000"
"444","2010000000","地点","1055020000000009","2000000000","parentNode","datong_standard","0","999","admin","2023-11-21 23:06:47","system_user","2024-07-12 18:08:10","0","1000000"
"445","2020000000","线路","1055020000000009","2000000000","parentNode","datong_standard","0","999","admin","2023-11-21 23:06:47","system_user","2024-07-12 18:08:10","0","1000000"
"446","2030000000","区域","1055020000000009","2000000000","parentNode","datong_standard","0","999","admin","2023-11-21 23:06:47","system_user","2024-07-12 18:08:10","0","1000000"
"447","2010100000","风景名胜","1055020000000009","2010000000","terminalNode","datong_standard","0","999","admin","2023-11-21 23:06:47","system_user","2024-07-12 18:08:10","0","1000000"
"448","2010200000","市民居住","1055020000000009","2010000000","terminalNode","datong_standard","0","999","admin","2023-11-21 23:06:47","system_user","2024-07-12 18:08:10","0","1000000"
"449","2010300000","办公职场","1055020000000009","2010000000","terminalNode","datong_standard","0","999","admin","2023-11-21 23:06:47","system_user","2024-07-12 18:08:10","0","1000000"
"450","2010400000","交通场站","1055020000000009","2010000000","terminalNode","datong_standard","0","999","admin","2023-11-21 23:06:47","system_user","2024-07-12 18:08:10","0","1000000"
"451","2010500000","餐饮服务","1055020000000009","2010000000","terminalNode","datong_standard","0","999","admin","2023-11-21 23:06:47","system_user","2024-07-12 18:08:10","0","1000000"
"452","2010600000","酒店民宿","1055020000000009","2010000000","terminalNode","datong_standard","0","999","admin","2023-11-21 23:06:47","system_user","2024-07-12 18:08:10","0","1000000"
"453","2010700000","商超购物","1055020000000009","2010000000","terminalNode","datong_standard","0","999","admin","2023-11-21 23:06:47","system_user","2024-07-12 18:08:10","0","1000000"
"454","2010800000","家政便民","1055020000000009","2010000000","terminalNode","datong_standard","0","999","admin","2023-11-21 23:06:47","system_user","2024-07-12 18:08:10","0","1000000"
"455","2010900000","文娱休闲","1055020000000009","2010000000","terminalNode","datong_standard","0","999","admin","2023-11-21 23:06:47","system_user","2024-07-12 18:08:10","0","1000000"
"456","2011000000","运动户外","1055020000000009","2010000000","terminalNode","datong_standard","0","999","admin","2023-11-21 23:06:47","system_user","2024-07-12 18:08:10","0","1000000"
"457","2011100000","教育培训","1055020000000009","2010000000","terminalNode","datong_standard","0","999","admin","2023-11-21 23:06:47","system_user","2024-07-12 18:08:10","0","1000000"
"458","2011200000","医疗卫生","1055020000000009","2010000000","terminalNode","datong_standard","0","999","admin","2023-11-21 23:06:47","system_user","2024-07-12 18:08:10","0","1000000"
"459","2011300000","应急避难","1055020000000009","2010000000","terminalNode","datong_standard","0","999","admin","2023-11-21 23:06:47","system_user","2024-07-12 18:08:10","0","1000000"
"460","2011400000","金融服务","1055020000000009","2010000000","terminalNode","datong_standard","0","999","admin","2023-11-21 23:06:47","system_user","2024-07-12 18:08:10","0","1000000"
"461","2011500000","宗教外交","1055020000000009","2010000000","terminalNode","datong_standard","0","999","admin","2023-11-21 23:06:47","system_user","2024-07-12 18:08:10","0","1000000"
"462","2011600000","政务司法","1055020000000009","2010000000","terminalNode","datong_standard","0","999","admin","2023-11-21 23:06:47","system_user","2024-07-12 18:08:10","0","1000000"
"463","2011700000","福利机构","1055020000000009","2010000000","terminalNode","datong_standard","0","999","admin","2023-11-21 23:06:47","system_user","2024-07-12 18:08:10","0","1000000"
"464","2011800000","科研观测","1055020000000009","2010000000","terminalNode","datong_standard","0","999","admin","2023-11-21 23:06:47","system_user","2024-07-12 18:08:10","0","1000000"
"465","2011900000","传媒通讯","1055020000000009","2010000000","terminalNode","datong_standard","0","999","admin","2023-11-21 23:06:47","system_user","2024-07-12 18:08:10","0","1000000"
"466","2012000000","物流仓储","1055020000000009","2010000000","terminalNode","datong_standard","0","999","admin","2023-11-21 23:06:47","system_user","2024-07-12 18:08:10","0","1000000"
"467","2012100000","能源供给","1055020000000009","2010000000","terminalNode","datong_standard","0","999","admin","2023-11-21 23:06:47","system_user","2024-07-12 18:08:10","0","1000000"
"468","2012200000","生产制造","1055020000000009","2010000000","terminalNode","datong_standard","0","999","admin","2023-11-21 23:06:47","system_user","2024-07-12 18:08:10","0","1000000"
"469","2012300000","军事管理","1055020000000009","2010000000","terminalNode","datong_standard","0","999","admin","2023-11-21 23:06:47","system_user","2024-07-12 18:08:10","0","1000000"
"470","2020100000","交通轨道","1055020000000009","2020000000","terminalNode","datong_standard","0","999","admin","2023-11-21 23:06:47","system_user","2024-07-12 18:08:10","0","1000000"
"471","2020200000","出行线路","1055020000000009","2020000000","terminalNode","datong_standard","0","999","admin","2023-11-21 23:06:47","system_user","2024-07-12 18:08:10","0","1000000"
"472","2020300000","管网线路","1055020000000009","2020000000","terminalNode","datong_standard","0","999","admin","2023-11-21 23:06:47","system_user","2024-07-12 18:08:10","0","1000000"
"473","2020400000","线形地貌","1055020000000009","2020000000","terminalNode","datong_standard","0","999","admin","2023-11-21 23:06:47","system_user","2024-07-12 18:08:10","0","1000000"
"474","2030100000","城市功能区","1055020000000009","2030000000","terminalNode","datong_standard","0","999","admin","2023-11-21 23:06:47","system_user","2024-07-12 18:08:10","0","1000000"
"475","2030200000","临时管控区","1055020000000009","2030000000","terminalNode","datong_standard","0","999","admin","2023-11-21 23:06:47","system_user","2024-07-12 18:08:10","0","1000000"
"476","2030300000","行政区划","1055020000000009","2030000000","terminalNode","datong_standard","0","999","admin","2023-11-21 23:06:47","system_user","2024-07-12 18:08:10","0","1000000"
"477","2030400000","特属专区","1055020000000009","2030000000","terminalNode","datong_standard","0","999","admin","2023-11-21 23:06:47","system_user","2024-07-12 18:08:10","0","1000000"
"478","2030500000","军事特区","1055020000000009","2030000000","terminalNode","datong_standard","0","999","admin","2023-11-21 23:06:47","system_user","2024-07-12 18:08:10","0","1000000"
"479","2030600000","生态区域","1055020000000009","2030000000","terminalNode","datong_standard","0","999","admin","2023-11-21 23:06:47","system_user","2024-07-12 18:08:10","0","1000000"
"480","2030700000","农业生产","1055020000000009","2030000000","terminalNode","datong_standard","0","999","admin","2023-11-21 23:06:47","system_user","2024-07-12 18:08:10","0","1000000"
"481","2030800000","加工制造","1055020000000009","2030000000","terminalNode","datong_standard","0","999","admin","2023-11-21 23:06:47","system_user","2024-07-12 18:08:10","0","1000000"
"482","3010000000","事业单位","105505000000000c","3000000000","terminalNode","datong_standard","0","999","admin","2023-11-21 23:06:47","system_user","2024-07-12 18:08:10","0","1000000"
"483","3020000000","企业","105505000000000c","3000000000","terminalNode","datong_standard","0","999","admin","2023-11-21 23:06:47","system_user","2024-07-12 18:08:10","0","1000000"
"484","3030000000","社会服务机构","105505000000000c","3000000000","terminalNode","datong_standard","0","999","admin","2023-11-21 23:06:47","system_user","2024-07-12 18:08:10","0","1000000"
"485","3040000000","社会团体","105505000000000c","3000000000","terminalNode","datong_standard","0","999","admin","2023-11-21 23:06:47","system_user","2024-07-12 18:08:10","0","1000000"
"486","3050000000","基金会","105505000000000c","3000000000","terminalNode","datong_standard","0","999","admin","2023-11-21 23:06:47","system_user","2024-07-12 18:08:10","0","1000000"
"487","3060000000","集体经济组织","105505000000000c","3000000000","terminalNode","datong_standard","0","999","admin","2023-11-21 23:06:47","system_user","2024-07-12 18:08:10","0","1000000"
"488","5010000000","属地居民","1055010000000008","5000000000","terminalNode","datong_standard","0","999","admin","2023-11-21 23:06:47","system_user","2024-07-12 18:08:10","0","1000000"
"489","5020000000","组织人员","1055010000000008","5000000000","parentNode","datong_standard","0","999","admin","2023-11-21 23:06:47","system_user","2024-07-12 18:08:10","0","1000000"
"490","5020100000","事业单位人员","1055010000000008","5020000000","terminalNode","datong_standard","0","999","admin","2023-11-21 23:06:47","system_user","2024-07-12 18:08:10","0","1000000"
"491","5020200000","企业人员","1055010000000008","5020000000","terminalNode","datong_standard","0","999","admin","2023-11-21 23:06:47","system_user","2024-07-12 18:08:10","0","1000000"
"492","5020300000","社会服务机构人员","1055010000000008","5020000000","terminalNode","datong_standard","0","999","admin","2023-11-21 23:06:47","system_user","2024-07-12 18:08:10","0","1000000"
"493","5020400000","社会团体人员","1055010000000008","5020000000","terminalNode","datong_standard","0","999","admin","2023-11-21 23:06:47","system_user","2024-07-12 18:08:10","0","1000000"
"494","5020500000","基金会人员","1055010000000008","5020000000","terminalNode","datong_standard","0","999","admin","2023-11-21 23:06:47","system_user","2024-07-12 18:08:10","0","1000000"
"495","5020600000","集体经济组织人员","1055010000000008","5020000000","terminalNode","datong_standard","0","999","admin","2023-11-21 23:06:47","system_user","2024-07-12 18:08:10","0","1000000"
"496","1190000000","通讯设备","105504000000000b","1000000000","parentNode","datong_standard","0","999","admin","2023-11-21 23:06:47","system_user","2024-07-12 18:08:10","0","1000000"
"497","1190100000","移动电话","105504000000000b","1190000000","terminalNode","datong_standard","0","999","admin","2023-11-21 23:06:47","system_user","2024-07-12 18:08:10","0","1000000"
"498","1190200000","固定电话","105504000000000b","1190000000","terminalNode","datong_standard","0","999","admin","2023-11-21 23:06:47","system_user","2024-07-12 18:08:10","0","1000000"
"499","1190300000","单兵设备","105504000000000b","1190000000","terminalNode","datong_standard","0","999","admin","2023-11-21 23:06:47","system_user","2024-07-12 18:08:10","0","1000000"
"500","0000000000","实体标准分类","0001","/","root","xinyu_standard","0","999","admin","2023-11-21 23:07:03","system_user","2023-11-21 23:07:03","0","1000000"
"501","1000000000","城市物件","105504000000000b","0000000000","parentNode","xinyu_standard","0","0","admin","2023-11-21 23:07:03","system_user","2024-07-12 18:08:10","0","1000000"
"502","2000000000","地理要素","1055020000000009","0000000000","parentNode","xinyu_standard","0","1","admin","2023-11-21 23:07:03","system_user","2024-07-12 18:08:10","0","1000000"
"503","3000000000","企事业单位","105505000000000c","0000000000","parentNode","xinyu_standard","0","2","admin","2023-11-21 23:07:03","system_user","2024-07-12 18:08:10","0","1000000"
"504","4000000000","城市事件","105503000000000a","0000000000","parentNode","xinyu_standard","0","3","admin","2023-11-21 23:07:03","system_user","2024-07-12 18:08:10","0","1000000"
"505","5000000000","城市居民","1055010000000008","0000000000","parentNode","xinyu_standard","0","4","admin","2023-11-21 23:07:03","system_user","2024-07-12 18:08:10","0","1000000"
"506","6000000000","政府通讯录","1055010000000008","0000000000","terminalNode","xinyu_standard","0","5","admin","2023-11-21 23:07:03","system_user","2024-07-12 18:08:10","0","1000000"
"507","1010000000","传感监测设施","105504000000000b","1000000000","parentNode","xinyu_standard","0","999","admin","2023-11-21 23:07:03","system_user","2024-07-12 18:08:10","0","1000000"
"508","1020000000","基础设施","105504000000000b","1000000000","parentNode","xinyu_standard","0","999","admin","2023-11-21 23:07:03","system_user","2024-07-12 18:08:10","0","1000000"
"509","1030000000","道路设施","105504000000000b","1000000000","parentNode","xinyu_standard","0","999","admin","2023-11-21 23:07:03","system_user","2024-07-12 18:08:10","0","1000000"
"510","1040000000","交通工具","105504000000000b","1000000000","parentNode","xinyu_standard","0","999","admin","2023-11-21 23:07:03","system_user","2024-07-12 18:08:10","0","1000000"
"511","1050000000","证件牌照","105504000000000b","1000000000","parentNode","xinyu_standard","0","999","admin","2023-11-21 23:07:03","system_user","2024-07-12 18:08:10","0","1000000"
"512","1060000000","市容设施","105504000000000b","1000000000","parentNode","xinyu_standard","0","999","admin","2023-11-21 23:07:03","system_user","2024-07-12 18:08:10","0","1000000"
"513","1070000000","绿化设施","105504000000000b","1000000000","parentNode","xinyu_standard","0","999","admin","2023-11-21 23:07:03","system_user","2024-07-12 18:08:10","0","1000000"
"514","1080000000","服务设施","105504000000000b","1000000000","parentNode","xinyu_standard","0","999","admin","2023-11-21 23:07:03","system_user","2024-07-12 18:08:10","0","1000000"
"515","1090000000","家用电器","105504000000000b","1000000000","parentNode","xinyu_standard","0","999","admin","2023-11-21 23:07:03","system_user","2024-07-12 18:08:10","0","1000000"
"516","1100000000","数码影音","105504000000000b","1000000000","parentNode","xinyu_standard","0","999","admin","2023-11-21 23:07:03","system_user","2024-07-12 18:08:10","0","1000000"
"517","1110000000","电脑办公","105504000000000b","1000000000","parentNode","xinyu_standard","0","999","admin","2023-11-21 23:07:03","system_user","2024-07-12 18:08:10","0","1000000"
"518","1120000000","家具家居","105504000000000b","1000000000","parentNode","xinyu_standard","0","999","admin","2023-11-21 23:07:03","system_user","2024-07-12 18:08:10","0","1000000"
"519","1130000000","医疗用品","105504000000000b","1000000000","parentNode","xinyu_standard","0","999","admin","2023-11-21 23:07:03","system_user","2024-07-12 18:08:10","0","1000000"
"520","1140000000","动物","105504000000000b","1000000000","parentNode","xinyu_standard","0","999","admin","2023-11-21 23:07:03","system_user","2024-07-12 18:08:10","0","1000000"
"521","1150000000","感知载体设施","105504000000000b","1000000000","parentNode","xinyu_standard","0","999","admin","2023-11-21 23:07:03","system_user","2024-07-12 18:08:10","0","1000000"
"522","1160000000","位置定位设施","105504000000000b","1000000000","parentNode","xinyu_standard","0","999","admin","2023-11-21 23:07:03","system_user","2024-07-12 18:08:10","0","1000000"
"523","1170000000","视频监控设施","105504000000000b","1000000000","parentNode","xinyu_standard","0","999","admin","2023-11-21 23:07:03","system_user","2024-07-12 18:08:10","0","1000000"
"524","1180000000","视频解析设施","105504000000000b","1000000000","parentNode","xinyu_standard","0","999","admin","2023-11-21 23:07:03","system_user","2024-07-12 18:08:10","0","1000000"
"525","1010100000","力学量传感器","105504000000000b","1010000000","terminalNode","xinyu_standard","0","999","admin","2023-11-21 23:07:03","system_user","2024-07-12 18:08:10","0","1000000"
"526","1010200000","热学量传感器","105504000000000b","1010000000","terminalNode","xinyu_standard","0","999","admin","2023-11-21 23:07:03","system_user","2024-07-12 18:08:10","0","1000000"
"527","1010300000","光学量传感器","105504000000000b","1010000000","terminalNode","xinyu_standard","0","999","admin","2023-11-21 23:07:03","system_user","2024-07-12 18:08:10","0","1000000"
"528","1010400000","磁学量传感器","105504000000000b","1010000000","terminalNode","xinyu_standard","0","999","admin","2023-11-21 23:07:03","system_user","2024-07-12 18:08:10","0","1000000"
"529","1010500000","电学量传感器","105504000000000b","1010000000","terminalNode","xinyu_standard","0","999","admin","2023-11-21 23:07:03","system_user","2024-07-12 18:08:10","0","1000000"
"530","1010600000","声学量传感器","105504000000000b","1010000000","terminalNode","xinyu_standard","0","999","admin","2023-11-21 23:07:03","system_user","2024-07-12 18:08:10","0","1000000"
"531","1010700000","离子传感器","105504000000000b","1010000000","terminalNode","xinyu_standard","0","999","admin","2023-11-21 23:07:03","system_user","2024-07-12 18:08:10","0","1000000"
"532","1010800000","气体传感器","105504000000000b","1010000000","terminalNode","xinyu_standard","0","999","admin","2023-11-21 23:07:03","system_user","2024-07-12 18:08:10","0","1000000"
"533","1010900000","湿度、水分传感器","105504000000000b","1010000000","terminalNode","xinyu_standard","0","999","admin","2023-11-21 23:07:03","system_user","2024-07-12 18:08:10","0","1000000"
"534","1011000000","射频识别设施","105504000000000b","1010000000","terminalNode","xinyu_standard","0","999","admin","2023-11-21 23:07:03","system_user","2024-07-12 18:08:10","0","1000000"
"535","1011100000","其他类别传感器","105504000000000b","1010000000","terminalNode","xinyu_standard","0","999","admin","2023-11-21 23:07:03","system_user","2024-07-12 18:08:10","0","1000000"
"536","1020100000","变压器","105504000000000b","1020000000","terminalNode","xinyu_standard","0","0","admin","2023-11-21 23:07:03","admin","2024-07-12 18:08:10","0","1000000"
"537","1020200000","电线杆","105504000000000b","1020000000","terminalNode","xinyu_standard","0","1","admin","2023-11-21 23:07:03","admin","2024-07-12 18:08:10","0","1000000"
"538","1020300000","消防栓","105504000000000b","1020000000","terminalNode","xinyu_standard","0","2","admin","2023-11-21 23:07:03","admin","2024-07-12 18:08:10","0","1000000"
"539","1030100000","灯杆","105504000000000b","1030000000","terminalNode","xinyu_standard","0","999","admin","2023-11-21 23:07:03","system_user","2024-07-12 18:08:10","0","1000000"
"540","1030200000","井盖","105504000000000b","1030000000","terminalNode","xinyu_standard","0","999","admin","2023-11-21 23:07:03","system_user","2024-07-12 18:08:10","0","1000000"
"541","1030300000","护栏","105504000000000b","1030000000","terminalNode","xinyu_standard","0","999","admin","2023-11-21 23:07:03","system_user","2024-07-12 18:08:10","0","1000000"
"542","1030400000","交通信号灯","105504000000000b","1030000000","terminalNode","xinyu_standard","0","999","admin","2023-11-21 23:07:03","system_user","2024-07-12 18:08:10","0","1000000"
"543","1030500000","交通指示牌","105504000000000b","1030000000","terminalNode","xinyu_standard","0","999","admin","2023-11-21 23:07:03","system_user","2024-07-12 18:08:10","0","1000000"
"544","1030600000","过街天桥","105504000000000b","1030000000","terminalNode","xinyu_standard","0","999","admin","2023-11-21 23:07:03","system_user","2024-07-12 18:08:10","0","1000000"
"545","1030700000","立交桥","105504000000000b","1030000000","terminalNode","xinyu_standard","0","999","admin","2023-11-21 23:07:03","system_user","2024-07-12 18:08:10","0","1000000"
"546","1040100000","机动车","105504000000000b","1040000000","terminalNode","xinyu_standard","0","999","admin","2023-11-21 23:07:03","system_user","2024-07-12 18:08:10","0","1000000"
"547","1040200000","非机动车","105504000000000b","1040000000","terminalNode","xinyu_standard","0","999","admin","2023-11-21 23:07:03","system_user","2024-07-12 18:08:10","0","1000000"
"548","1040300000","铁路动车","105504000000000b","1040000000","terminalNode","xinyu_standard","0","999","admin","2023-11-21 23:07:03","system_user","2024-07-12 18:08:10","0","1000000"
"549","1040400000","船舶","105504000000000b","1040000000","terminalNode","xinyu_standard","0","999","admin","2023-11-21 23:07:03","system_user","2024-07-12 18:08:10","0","1000000"
"550","1040500000","飞机","105504000000000b","1040000000","terminalNode","xinyu_standard","0","999","admin","2023-11-21 23:07:03","system_user","2024-07-12 18:08:10","0","1000000"
"551","1050100000","身份类证照","105504000000000b","1050000000","terminalNode","xinyu_standard","0","999","admin","2023-11-21 23:07:03","system_user","2024-07-12 18:08:10","0","1000000"
"552","1050200000","企业经营类证照","105504000000000b","1050000000","terminalNode","xinyu_standard","0","999","admin","2023-11-21 23:07:03","system_user","2024-07-12 18:08:10","0","1000000"
"553","1050300000","资产类证照","105504000000000b","1050000000","terminalNode","xinyu_standard","0","999","admin","2023-11-21 23:07:03","system_user","2024-07-12 18:08:10","0","1000000"
"554","1050400000","社会福利类证照","105504000000000b","1050000000","terminalNode","xinyu_standard","0","999","admin","2023-11-21 23:07:03","system_user","2024-07-12 18:08:10","0","1000000"
"555","1050500000","社会关系类证照","105504000000000b","1050000000","terminalNode","xinyu_standard","0","999","admin","2023-11-21 23:07:03","system_user","2024-07-12 18:08:10","0","1000000"
"556","1060100000","垃圾箱","105504000000000b","1060000000","terminalNode","xinyu_standard","0","999","admin","2023-11-21 23:07:03","system_user","2024-07-12 18:08:10","0","1000000"
"557","1060200000","广告牌","105504000000000b","1060000000","terminalNode","xinyu_standard","0","999","admin","2023-11-21 23:07:03","system_user","2024-07-12 18:08:10","0","1000000"
"558","1060300000","LED屏","105504000000000b","1060000000","terminalNode","xinyu_standard","0","999","admin","2023-11-21 23:07:03","system_user","2024-07-12 18:08:10","0","1000000"
"559","1070100000","古树","105504000000000b","1070000000","terminalNode","xinyu_standard","0","999","admin","2023-11-21 23:07:03","system_user","2024-07-12 18:08:10","0","1000000"
"560","1070200000","花坛","105504000000000b","1070000000","terminalNode","xinyu_standard","0","999","admin","2023-11-21 23:07:03","system_user","2024-07-12 18:08:10","0","1000000"
"561","1070300000","街头座椅","105504000000000b","1070000000","terminalNode","xinyu_standard","0","999","admin","2023-11-21 23:07:03","system_user","2024-07-12 18:08:10","0","1000000"
"562","1070400000","喷泉","105504000000000b","1070000000","terminalNode","xinyu_standard","0","999","admin","2023-11-21 23:07:03","system_user","2024-07-12 18:08:10","0","1000000"
"563","1070500000","行道树","105504000000000b","1070000000","terminalNode","xinyu_standard","0","999","admin","2023-11-21 23:07:03","system_user","2024-07-12 18:08:10","0","1000000"
"564","1070600000","雕塑","105504000000000b","1070000000","terminalNode","xinyu_standard","0","999","admin","2023-11-21 23:07:03","system_user","2024-07-12 18:08:10","0","1000000"
"565","1080100000","邮筒","105504000000000b","1080000000","terminalNode","xinyu_standard","0","999","admin","2023-11-21 23:07:03","system_user","2024-07-12 18:08:10","0","1000000"
"566","1080200000","电话亭","105504000000000b","1080000000","terminalNode","xinyu_standard","0","999","admin","2023-11-21 23:07:03","system_user","2024-07-12 18:08:10","0","1000000"
"567","1080300000","健身设施","105504000000000b","1080000000","terminalNode","xinyu_standard","0","999","admin","2023-11-21 23:07:03","system_user","2024-07-12 18:08:10","0","1000000"
"568","1080400000","自动售货机","105504000000000b","1080000000","terminalNode","xinyu_standard","0","999","admin","2023-11-21 23:07:03","system_user","2024-07-12 18:08:10","0","1000000"
"569","1090100000","厨房电器","105504000000000b","1090000000","terminalNode","xinyu_standard","0","999","admin","2023-11-21 23:07:03","system_user","2024-07-12 18:08:10","0","1000000"
"570","1090200000","视听电器","105504000000000b","1090000000","terminalNode","xinyu_standard","0","999","admin","2023-11-21 23:07:03","system_user","2024-07-12 18:08:10","0","1000000"
"571","1090300000","环境电器","105504000000000b","1090000000","terminalNode","xinyu_standard","0","999","admin","2023-11-21 23:07:03","system_user","2024-07-12 18:08:10","0","1000000"
"572","1090400000","清洁电器","105504000000000b","1090000000","terminalNode","xinyu_standard","0","999","admin","2023-11-21 23:07:03","system_user","2024-07-12 18:08:10","0","1000000"
"573","1100100000","电子教育","105504000000000b","1100000000","terminalNode","xinyu_standard","0","999","admin","2023-11-21 23:07:03","system_user","2024-07-12 18:08:10","0","1000000"
"574","1100200000","手机配件","105504000000000b","1100000000","terminalNode","xinyu_standard","0","999","admin","2023-11-21 23:07:03","system_user","2024-07-12 18:08:10","0","1000000"
"575","1100300000","摄影摄像","105504000000000b","1100000000","terminalNode","xinyu_standard","0","999","admin","2023-11-21 23:07:03","system_user","2024-07-12 18:08:10","0","1000000"
"576","1100400000","影音娱乐","105504000000000b","1100000000","terminalNode","xinyu_standard","0","999","admin","2023-11-21 23:07:03","system_user","2024-07-12 18:08:10","0","1000000"
"577","1100500000","智能设备","105504000000000b","1100000000","terminalNode","xinyu_standard","0","999","admin","2023-11-21 23:07:03","system_user","2024-07-12 18:08:10","0","1000000"
"578","1110100000","电脑整机","105504000000000b","1110000000","terminalNode","xinyu_standard","0","999","admin","2023-11-21 23:07:03","system_user","2024-07-12 18:08:10","0","1000000"
"579","1110200000","电脑配件","105504000000000b","1110000000","terminalNode","xinyu_standard","0","999","admin","2023-11-21 23:07:03","system_user","2024-07-12 18:08:10","0","1000000"
"580","1110300000","办公设备","105504000000000b","1110000000","terminalNode","xinyu_standard","0","999","admin","2023-11-21 23:07:03","system_user","2024-07-12 18:08:10","0","1000000"
"581","1110400000","游戏设备","105504000000000b","1110000000","terminalNode","xinyu_standard","0","999","admin","2023-11-21 23:07:03","system_user","2024-07-12 18:08:10","0","1000000"
"582","1120100000","厨具","105504000000000b","1120000000","terminalNode","xinyu_standard","0","999","admin","2023-11-21 23:07:03","system_user","2024-07-12 18:08:10","0","1000000"
"583","1120200000","家纺","105504000000000b","1120000000","terminalNode","xinyu_standard","0","999","admin","2023-11-21 23:07:03","system_user","2024-07-12 18:08:10","0","1000000"
"584","1120300000","生活日用","105504000000000b","1120000000","terminalNode","xinyu_standard","0","999","admin","2023-11-21 23:07:03","system_user","2024-07-12 18:08:10","0","1000000"
"585","1120400000","家装软饰","105504000000000b","1120000000","terminalNode","xinyu_standard","0","999","admin","2023-11-21 23:07:03","system_user","2024-07-12 18:08:10","0","1000000"
"586","1120500000","五金电工","105504000000000b","1120000000","terminalNode","xinyu_standard","0","999","admin","2023-11-21 23:07:03","system_user","2024-07-12 18:08:10","0","1000000"
"587","1130100000","药品","105504000000000b","1130000000","terminalNode","xinyu_standard","0","999","admin","2023-11-21 23:07:03","system_user","2024-07-12 18:08:10","0","1000000"
"588","1130200000","医疗仪器","105504000000000b","1130000000","terminalNode","xinyu_standard","0","999","admin","2023-11-21 23:07:03","system_user","2024-07-12 18:08:10","0","1000000"
"589","1130300000","医疗耗材","105504000000000b","1130000000","terminalNode","xinyu_standard","0","999","admin","2023-11-21 23:07:03","system_user","2024-07-12 18:08:10","0","1000000"
"590","1140100000","宠物","105504000000000b","1140000000","terminalNode","xinyu_standard","0","999","admin","2023-11-21 23:07:03","system_user","2024-07-12 18:08:10","0","1000000"
"591","1140200000","野生动物","105504000000000b","1140000000","terminalNode","xinyu_standard","0","999","admin","2023-11-21 23:07:03","system_user","2024-07-12 18:08:10","0","1000000"
"592","1140300000","家禽家畜","105504000000000b","1140000000","terminalNode","xinyu_standard","0","999","admin","2023-11-21 23:07:03","system_user","2024-07-12 18:08:10","0","1000000"
"593","1140400000","实验动物","105504000000000b","1140000000","terminalNode","xinyu_standard","0","999","admin","2023-11-21 23:07:03","system_user","2024-07-12 18:08:10","0","1000000"
"594","1150100000","箱盒载体","105504000000000b","1150000000","terminalNode","xinyu_standard","0","999","admin","2023-11-21 23:07:03","system_user","2024-07-12 18:08:10","0","1000000"
"595","1150200000","井窖载体","105504000000000b","1150000000","terminalNode","xinyu_standard","0","999","admin","2023-11-21 23:07:03","system_user","2024-07-12 18:08:10","0","1000000"
"596","1150300000","杆架载体","105504000000000b","1150000000","terminalNode","xinyu_standard","0","999","admin","2023-11-21 23:07:03","system_user","2024-07-12 18:08:10","0","1000000"
"597","1160100000","信号接收机","105504000000000b","1160000000","terminalNode","xinyu_standard","0","999","admin","2023-11-21 23:07:03","system_user","2024-07-12 18:08:10","0","1000000"
"598","1160200000","基站设施","105504000000000b","1160000000","terminalNode","xinyu_standard","0","999","admin","2023-11-21 23:07:03","system_user","2024-07-12 18:08:10","0","1000000"
"599","1160300000","其他定位设施","105504000000000b","1160000000","terminalNode","xinyu_standard","0","999","admin","2023-11-21 23:07:03","system_user","2024-07-12 18:08:10","0","1000000"
"600","1170100000","模拟摄像机","105504000000000b","1170000000","terminalNode","xinyu_standard","0","999","admin","2023-11-21 23:07:03","system_user","2024-07-12 18:08:10","0","1000000"
"601","1170200000","数字标清摄像机","105504000000000b","1170000000","terminalNode","xinyu_standard","0","999","admin","2023-11-21 23:07:03","system_user","2024-07-12 18:08:10","0","1000000"
"602","1170300000","数字高清摄像机","105504000000000b","1170000000","terminalNode","xinyu_standard","0","999","admin","2023-11-21 23:07:03","system_user","2024-07-12 18:08:10","0","1000000"
"603","1170400000","人脸智能识别摄像机","105504000000000b","1170000000","terminalNode","xinyu_standard","0","999","admin","2023-11-21 23:07:03","system_user","2024-07-12 18:08:10","0","1000000"
"604","1170500000","车辆智能识别摄像机","105504000000000b","1170000000","terminalNode","xinyu_standard","0","999","admin","2023-11-21 23:07:03","system_user","2024-07-12 18:08:10","0","1000000"
"605","1170600000","其他智能摄像机","105504000000000b","1170000000","terminalNode","xinyu_standard","0","999","admin","2023-11-21 23:07:03","system_user","2024-07-12 18:08:10","0","1000000"
"606","1180100000","边缘视频解析设施","105504000000000b","1180000000","terminalNode","xinyu_standard","0","999","admin","2023-11-21 23:07:03","system_user","2024-07-12 18:08:10","0","1000000"
"607","1180200000","视频解析服务器设施","105504000000000b","1180000000","terminalNode","xinyu_standard","0","999","admin","2023-11-21 23:07:03","system_user","2024-07-12 18:08:10","0","1000000"
"608","2010000000","地点","1055020000000009","2000000000","parentNode","xinyu_standard","0","999","admin","2023-11-21 23:07:03","system_user","2024-07-12 18:08:10","0","1000000"
"609","2020000000","线路","1055020000000009","2000000000","parentNode","xinyu_standard","0","999","admin","2023-11-21 23:07:03","system_user","2024-07-12 18:08:10","0","1000000"
"610","2030000000","区域","1055020000000009","2000000000","parentNode","xinyu_standard","0","999","admin","2023-11-21 23:07:03","system_user","2024-07-12 18:08:10","0","1000000"
"611","2010100000","风景名胜","1055020000000009","2010000000","terminalNode","xinyu_standard","0","999","admin","2023-11-21 23:07:03","system_user","2024-07-12 18:08:10","0","1000000"
"612","2010200000","市民居住","1055020000000009","2010000000","terminalNode","xinyu_standard","0","999","admin","2023-11-21 23:07:03","system_user","2024-07-12 18:08:10","0","1000000"
"613","2010300000","办公职场","1055020000000009","2010000000","terminalNode","xinyu_standard","0","999","admin","2023-11-21 23:07:03","system_user","2024-07-12 18:08:10","0","1000000"
"614","2010400000","交通场站","1055020000000009","2010000000","terminalNode","xinyu_standard","0","999","admin","2023-11-21 23:07:03","system_user","2024-07-12 18:08:10","0","1000000"
"615","2010500000","餐饮服务","1055020000000009","2010000000","terminalNode","xinyu_standard","0","999","admin","2023-11-21 23:07:03","system_user","2024-07-12 18:08:10","0","1000000"
"616","2010600000","酒店民宿","1055020000000009","2010000000","terminalNode","xinyu_standard","0","999","admin","2023-11-21 23:07:03","system_user","2024-07-12 18:08:10","0","1000000"
"617","2010700000","商超购物","1055020000000009","2010000000","terminalNode","xinyu_standard","0","999","admin","2023-11-21 23:07:03","system_user","2024-07-12 18:08:10","0","1000000"
"618","2010800000","家政便民","1055020000000009","2010000000","terminalNode","xinyu_standard","0","999","admin","2023-11-21 23:07:03","system_user","2024-07-12 18:08:10","0","1000000"
"619","2010900000","文娱休闲","1055020000000009","2010000000","terminalNode","xinyu_standard","0","999","admin","2023-11-21 23:07:03","system_user","2024-07-12 18:08:10","0","1000000"
"620","2011000000","运动户外","1055020000000009","2010000000","terminalNode","xinyu_standard","0","999","admin","2023-11-21 23:07:03","system_user","2024-07-12 18:08:10","0","1000000"
"621","2011100000","教育培训","1055020000000009","2010000000","terminalNode","xinyu_standard","0","999","admin","2023-11-21 23:07:03","system_user","2024-07-12 18:08:10","0","1000000"
"622","2011200000","医疗卫生","1055020000000009","2010000000","terminalNode","xinyu_standard","0","999","admin","2023-11-21 23:07:03","system_user","2024-07-12 18:08:10","0","1000000"
"623","2011300000","应急避难","1055020000000009","2010000000","terminalNode","xinyu_standard","0","999","admin","2023-11-21 23:07:03","system_user","2024-07-12 18:08:10","0","1000000"
"624","2011400000","金融服务","1055020000000009","2010000000","terminalNode","xinyu_standard","0","999","admin","2023-11-21 23:07:03","system_user","2024-07-12 18:08:10","0","1000000"
"625","2011500000","宗教外交","1055020000000009","2010000000","terminalNode","xinyu_standard","0","999","admin","2023-11-21 23:07:03","system_user","2024-07-12 18:08:10","0","1000000"
"626","2011600000","政务司法","1055020000000009","2010000000","terminalNode","xinyu_standard","0","999","admin","2023-11-21 23:07:03","system_user","2024-07-12 18:08:10","0","1000000"
"627","2011700000","福利机构","1055020000000009","2010000000","terminalNode","xinyu_standard","0","999","admin","2023-11-21 23:07:03","system_user","2024-07-12 18:08:10","0","1000000"
"628","2011800000","科研观测","1055020000000009","2010000000","terminalNode","xinyu_standard","0","999","admin","2023-11-21 23:07:03","system_user","2024-07-12 18:08:10","0","1000000"
"629","2011900000","传媒通讯","1055020000000009","2010000000","terminalNode","xinyu_standard","0","999","admin","2023-11-21 23:07:03","system_user","2024-07-12 18:08:10","0","1000000"
"630","2012000000","物流仓储","1055020000000009","2010000000","terminalNode","xinyu_standard","0","999","admin","2023-11-21 23:07:03","system_user","2024-07-12 18:08:10","0","1000000"
"631","2012100000","能源供给","1055020000000009","2010000000","terminalNode","xinyu_standard","0","999","admin","2023-11-21 23:07:03","system_user","2024-07-12 18:08:10","0","1000000"
"632","2012200000","生产制造","1055020000000009","2010000000","terminalNode","xinyu_standard","0","999","admin","2023-11-21 23:07:03","system_user","2024-07-12 18:08:10","0","1000000"
"633","2012300000","军事管理","1055020000000009","2010000000","terminalNode","xinyu_standard","0","999","admin","2023-11-21 23:07:03","system_user","2024-07-12 18:08:10","0","1000000"
"634","2020100000","交通轨道","1055020000000009","2020000000","terminalNode","xinyu_standard","0","999","admin","2023-11-21 23:07:03","system_user","2024-07-12 18:08:10","0","1000000"
"635","2020200000","出行线路","1055020000000009","2020000000","terminalNode","xinyu_standard","0","999","admin","2023-11-21 23:07:03","system_user","2024-07-12 18:08:10","0","1000000"
"636","2020300000","管网线路","1055020000000009","2020000000","terminalNode","xinyu_standard","0","999","admin","2023-11-21 23:07:03","system_user","2024-07-12 18:08:10","0","1000000"
"637","2020400000","线形地貌","1055020000000009","2020000000","terminalNode","xinyu_standard","0","999","admin","2023-11-21 23:07:03","system_user","2024-07-12 18:08:10","0","1000000"
"638","2030100000","城市功能区","1055020000000009","2030000000","terminalNode","xinyu_standard","0","999","admin","2023-11-21 23:07:03","system_user","2024-07-12 18:08:10","0","1000000"
"639","2030200000","临时管控区","1055020000000009","2030000000","terminalNode","xinyu_standard","0","999","admin","2023-11-21 23:07:03","system_user","2024-07-12 18:08:10","0","1000000"
"640","2030300000","行政区划","1055020000000009","2030000000","terminalNode","xinyu_standard","0","999","admin","2023-11-21 23:07:03","system_user","2024-07-12 18:08:10","0","1000000"
"641","2030400000","特属专区","1055020000000009","2030000000","terminalNode","xinyu_standard","0","999","admin","2023-11-21 23:07:03","system_user","2024-07-12 18:08:10","0","1000000"
"642","2030500000","军事特区","1055020000000009","2030000000","terminalNode","xinyu_standard","0","999","admin","2023-11-21 23:07:03","system_user","2024-07-12 18:08:10","0","1000000"
"643","2030600000","生态区域","1055020000000009","2030000000","terminalNode","xinyu_standard","0","999","admin","2023-11-21 23:07:03","system_user","2024-07-12 18:08:10","0","1000000"
"644","2030700000","农业生产","1055020000000009","2030000000","terminalNode","xinyu_standard","0","999","admin","2023-11-21 23:07:03","system_user","2024-07-12 18:08:10","0","1000000"
"645","2030800000","加工制造","1055020000000009","2030000000","terminalNode","xinyu_standard","0","999","admin","2023-11-21 23:07:03","system_user","2024-07-12 18:08:10","0","1000000"
"646","3010000000","事业单位","105505000000000c","3000000000","terminalNode","xinyu_standard","0","999","admin","2023-11-21 23:07:03","system_user","2024-07-12 18:08:10","0","1000000"
"647","3020000000","企业","105505000000000c","3000000000","terminalNode","xinyu_standard","0","999","admin","2023-11-21 23:07:03","system_user","2024-07-12 18:08:10","0","1000000"
"648","3030000000","社会服务机构","105505000000000c","3000000000","terminalNode","xinyu_standard","0","999","admin","2023-11-21 23:07:03","system_user","2024-07-12 18:08:10","0","1000000"
"649","3040000000","社会团体","105505000000000c","3000000000","terminalNode","xinyu_standard","0","999","admin","2023-11-21 23:07:03","system_user","2024-07-12 18:08:10","0","1000000"
"650","3050000000","基金会","105505000000000c","3000000000","terminalNode","xinyu_standard","0","999","admin","2023-11-21 23:07:03","system_user","2024-07-12 18:08:10","0","1000000"
"651","3060000000","集体经济组织","105505000000000c","3000000000","terminalNode","xinyu_standard","0","999","admin","2023-11-21 23:07:03","system_user","2024-07-12 18:08:10","0","1000000"
"652","5010000000","属地居民","1055010000000008","5000000000","terminalNode","xinyu_standard","0","999","admin","2023-11-21 23:07:03","system_user","2024-07-12 18:08:10","0","1000000"
"653","5020000000","组织人员","1055010000000008","5000000000","parentNode","xinyu_standard","0","999","admin","2023-11-21 23:07:03","system_user","2024-07-12 18:08:10","0","1000000"
"654","5020100000","事业单位人员","1055010000000008","5020000000","terminalNode","xinyu_standard","0","999","admin","2023-11-21 23:07:03","system_user","2024-07-12 18:08:10","0","1000000"
"655","5020200000","企业人员","1055010000000008","5020000000","terminalNode","xinyu_standard","0","999","admin","2023-11-21 23:07:03","system_user","2024-07-12 18:08:10","0","1000000"
"656","5020300000","社会服务机构人员","1055010000000008","5020000000","terminalNode","xinyu_standard","0","999","admin","2023-11-21 23:07:03","system_user","2024-07-12 18:08:10","0","1000000"
"657","5020400000","社会团体人员","1055010000000008","5020000000","terminalNode","xinyu_standard","0","999","admin","2023-11-21 23:07:03","system_user","2024-07-12 18:08:10","0","1000000"
"658","5020500000","基金会人员","1055010000000008","5020000000","terminalNode","xinyu_standard","0","999","admin","2023-11-21 23:07:03","system_user","2024-07-12 18:08:10","0","1000000"
"659","5020600000","集体经济组织人员","1055010000000008","5020000000","terminalNode","xinyu_standard","0","999","admin","2023-11-21 23:07:03","system_user","2024-07-12 18:08:10","0","1000000"
"660","1190000000","通讯设备","105504000000000b","1000000000","parentNode","xinyu_standard","0","999","admin","2023-11-21 23:07:03","system_user","2024-07-12 18:08:10","0","1000000"
"661","1190100000","移动电话","105504000000000b","1190000000","terminalNode","xinyu_standard","0","999","admin","2023-11-21 23:07:03","system_user","2024-07-12 18:08:10","0","1000000"
"662","1190200000","固定电话","105504000000000b","1190000000","terminalNode","xinyu_standard","0","999","admin","2023-11-21 23:07:03","system_user","2024-07-12 18:08:10","0","1000000"
"663","1190300000","单兵设备","105504000000000b","1190000000","terminalNode","xinyu_standard","0","999","admin","2023-11-21 23:07:03","system_user","2024-07-12 18:08:10","0","1000000"
"664","1040100000_datong","testtest","105504000000000b","1040000000","terminalNode","datong_nonstandard","0","5","admin","2023-12-12 23:16:59","admin","2024-07-12 18:08:10","1","1000001"
"665","1170301000_beijing","卡口枪机","105504000000000b","1170300000","terminalNode","beijing_nonstandard","0","0","icos","2023-12-13 23:38:08","icos","2024-07-12 18:08:10","1","1000001"
"666","1000000000_beijing","统一标识码分类","105504000000000b","0000000000","parentNode","beijing_nonstandard","0","6","icos","2023-12-13 23:39:19","icos","2024-07-12 18:08:10","1","1000002"
"667","1170302000_beijing","枪机","105504000000000b","1170300000","terminalNode","beijing_nonstandard","0","1","icos","2023-12-13 23:52:09","icos","2024-07-12 18:08:10","1","1000003"
"668","1170303000_beijing","球机","105504000000000b","1170300000","terminalNode","beijing_nonstandard","0","2","icos","2023-12-13 23:52:20","icos","2024-07-12 18:08:10","1","1000004"
"669","1170304000_beijing","人脸枪机","105504000000000b","1170300000","terminalNode","beijing_nonstandard","0","3","icos","2023-12-13 23:52:31","icos","2024-07-12 18:08:10","1","1000005"
"670","1150101000_beijing","智慧综合箱","105504000000000b","1150100000","terminalNode","beijing_nonstandard","0","999","icos","2023-12-13 23:54:41","system_user","2024-07-12 18:08:10","1","1000006"
"671","1150301000_beijing","落地箱","105504000000000b","1150300000","terminalNode","beijing_nonstandard","0","999","icos","2023-12-13 23:55:17","system_user","2024-07-12 18:08:10","1","1000007"
"672","1150302000_beijing","多功能综合杆","105504000000000b","1150300000","terminalNode","beijing_nonstandard","0","999","icos","2023-12-13 23:55:26","system_user","2024-07-12 18:08:10","1","1000008"
"673","1010201000_beijing","智能综合网关","105504000000000b","1010200000","terminalNode","beijing_nonstandard","0","999","icos","2023-12-13 23:56:36","system_user","2024-07-12 18:08:10","1","1000009"
"674","1011101000_beijing","井盖位移传感器","105504000000000b","1011100000","terminalNode","beijing_nonstandard","0","999","icos","2023-12-13 23:57:06","system_user","2024-07-12 18:08:10","1","1000010"
"675","1010101000_beijing","test","105504000000000b","1010100000","terminalNode","beijing_nonstandard","0","999","admin","2023-12-14 00:02:20","admin","2024-07-12 18:08:10","1","1000011"
"677","1011200000","test","105504000000000b","1010000000","terminalNode","beijing_standard","0","999","admin","2023-12-14 00:11:27","admin","2024-07-12 18:08:10","1","1000001"
"678","1011200000","test","105504000000000b","1010000000","terminalNode","datong_standard","0","999","admin","2023-12-14 00:11:27","admin","2024-07-12 18:08:10","1","1000001"
"679","1011200000","test","105504000000000b","1010000000","terminalNode","xinyu_standard","0","999","admin","2023-12-14 00:11:27","admin","2024-07-12 18:08:10","1","1000001"
"680","1010000000_beijing","test","1055010000000008","1000000000_beijing","terminalNode","beijing_nonstandard","0","999","admin","2023-12-15 00:16:18","admin","2024-07-12 18:08:10","1","1000011"
"681","0000000000","实体标准分类","0001","/","root","test_standard","0","999","admin","2023-12-15 00:44:41","system_user","2023-12-15 00:44:41","0","1000000"
"682","1000000000","城市物件","105504000000000b","0000000000","parentNode","test_standard","0","3","admin","2023-12-15 00:44:41","system_user","2024-07-12 18:08:10","0","1000000"
"683","2000000000","地理要素","1055020000000009","0000000000","parentNode","test_standard","0","1","admin","2023-12-15 00:44:41","system_user","2024-07-12 18:08:10","0","1000000"
"684","3000000000","企事业单位","105505000000000c","0000000000","parentNode","test_standard","0","2","admin","2023-12-15 00:44:41","system_user","2024-07-12 18:08:10","0","1000000"
"685","4000000000","事件","105503000000000a","0000000000","parentNode","test_standard","0","0","admin","2023-12-15 00:44:41","system_user","2024-07-12 18:08:10","0","1000000"
"686","5000000000","城市居民","1055010000000008","0000000000","parentNode","test_standard","0","4","admin","2023-12-15 00:44:41","system_user","2024-07-12 18:08:10","0","1000000"
"687","6000000000","政府通讯录","1055010000000008","0000000000","parentNode","test_standard","0","5","admin","2023-12-15 00:44:41","system_user","2024-07-12 18:08:10","0","1000000"
"688","1010000000","传感监测设施","105504000000000b","1000000000","parentNode","test_standard","0","0","admin","2023-12-15 00:44:41","system_user","2024-07-12 18:08:10","0","1000000"
"689","1020000000","基础设施","105504000000000b","1000000000","parentNode","test_standard","0","999","admin","2023-12-15 00:44:41","system_user","2024-07-12 18:08:10","0","1000000"
"690","1030000000","道路设施","105504000000000b","1000000000","parentNode","test_standard","0","999","admin","2023-12-15 00:44:41","system_user","2024-07-12 18:08:10","0","1000000"
"691","1040000000","交通工具","105504000000000b","1000000000","parentNode","test_standard","0","999","admin","2023-12-15 00:44:41","system_user","2024-07-12 18:08:10","0","1000000"
"692","1050000000","证件牌照","105504000000000b","1000000000","parentNode","test_standard","0","999","admin","2023-12-15 00:44:41","system_user","2024-07-12 18:08:10","0","1000000"
"693","1060000000","市容设施","105504000000000b","1000000000","parentNode","test_standard","0","999","admin","2023-12-15 00:44:41","system_user","2024-07-12 18:08:10","0","1000000"
"694","1070000000","绿化设施","105504000000000b","1000000000","parentNode","test_standard","0","999","admin","2023-12-15 00:44:41","system_user","2024-07-12 18:08:10","0","1000000"
"695","1080000000","服务设施","105504000000000b","1000000000","parentNode","test_standard","0","999","admin","2023-12-15 00:44:41","system_user","2024-07-12 18:08:10","0","1000000"
"696","1090000000","家用电器","105504000000000b","1000000000","parentNode","test_standard","0","999","admin","2023-12-15 00:44:41","system_user","2024-07-12 18:08:10","0","1000000"
"697","1100000000","数码影音","105504000000000b","1000000000","parentNode","test_standard","0","999","admin","2023-12-15 00:44:41","system_user","2024-07-12 18:08:10","0","1000000"
"698","1110000000","电脑办公","105504000000000b","1000000000","parentNode","test_standard","0","999","admin","2023-12-15 00:44:41","system_user","2024-07-12 18:08:10","0","1000000"
"699","1120000000","家具家居","105504000000000b","1000000000","parentNode","test_standard","0","999","admin","2023-12-15 00:44:41","system_user","2024-07-12 18:08:10","0","1000000"
"700","1130000000","医疗用品","105504000000000b","1000000000","parentNode","test_standard","0","999","admin","2023-12-15 00:44:41","system_user","2024-07-12 18:08:10","0","1000000"
"701","1140000000","动物","105504000000000b","1000000000","parentNode","test_standard","0","999","admin","2023-12-15 00:44:41","system_user","2024-07-12 18:08:10","0","1000000"
"702","1150000000","感知载体设施","105504000000000b","1000000000","parentNode","test_standard","0","999","admin","2023-12-15 00:44:41","system_user","2024-07-12 18:08:10","0","1000000"
"703","1160000000","位置定位设施","105504000000000b","1000000000","parentNode","test_standard","0","999","admin","2023-12-15 00:44:41","system_user","2024-07-12 18:08:10","0","1000000"
"704","1170000000","视频监控设施","105504000000000b","1000000000","parentNode","test_standard","0","999","admin","2023-12-15 00:44:41","system_user","2024-07-12 18:08:10","0","1000000"
"705","1180000000","视频解析设施","105504000000000b","1000000000","parentNode","test_standard","0","999","admin","2023-12-15 00:44:41","system_user","2024-07-12 18:08:10","0","1000000"
"706","1010100000","力学量传感器","105504000000000b","1010000000","terminalNode","test_standard","0","0","admin","2023-12-15 00:44:41","system_user","2024-07-12 18:08:10","0","1000000"
"707","1010200000","热学量传感器","105504000000000b","1010000000","terminalNode","test_standard","0","1","admin","2023-12-15 00:44:41","system_user","2024-07-12 18:08:10","0","1000000"
"708","1010300000","光学量传感器","105504000000000b","1010000000","terminalNode","test_standard","0","2","admin","2023-12-15 00:44:41","system_user","2024-07-12 18:08:10","0","1000000"
"709","1010400000","磁学量传感器","105504000000000b","1010000000","terminalNode","test_standard","0","3","admin","2023-12-15 00:44:41","system_user","2024-07-12 18:08:10","0","1000000"
"710","1010500000","电学量传感器","105504000000000b","1010000000","terminalNode","test_standard","0","4","admin","2023-12-15 00:44:41","system_user","2024-07-12 18:08:10","0","1000000"
"711","1010600000","声学量传感器","105504000000000b","1010000000","terminalNode","test_standard","0","5","admin","2023-12-15 00:44:41","system_user","2024-07-12 18:08:10","0","1000000"
"712","1010700000","离子传感器","105504000000000b","1010000000","terminalNode","test_standard","0","6","admin","2023-12-15 00:44:41","system_user","2024-07-12 18:08:10","0","1000000"
"713","1010800000","气体传感器","105504000000000b","1010000000","terminalNode","test_standard","0","7","admin","2023-12-15 00:44:41","system_user","2024-07-12 18:08:10","0","1000000"
"714","1010900000","湿度、水分传感器","105504000000000b","1010000000","terminalNode","test_standard","0","8","admin","2023-12-15 00:44:41","system_user","2024-07-12 18:08:10","0","1000000"
"715","1011000000","射频识别设施","105504000000000b","1010000000","terminalNode","test_standard","0","9","admin","2023-12-15 00:44:41","system_user","2024-07-12 18:08:10","0","1000000"
"716","1011100000","其他类别传感器","105504000000000b","1010000000","terminalNode","test_standard","0","10","admin","2023-12-15 00:44:41","system_user","2024-07-12 18:08:10","0","1000000"
"717","1020100000","变压器","105504000000000b","1020000000","terminalNode","test_standard","0","999","admin","2023-12-15 00:44:41","system_user","2024-07-12 18:08:10","0","1000000"
"718","1020200000","电线杆","105504000000000b","1020000000","terminalNode","test_standard","0","999","admin","2023-12-15 00:44:41","system_user","2024-07-12 18:08:10","0","1000000"
"719","1020300000","消防栓","105504000000000b","1020000000","terminalNode","test_standard","0","999","admin","2023-12-15 00:44:41","system_user","2024-07-12 18:08:10","0","1000000"
"720","1030100000","灯杆","105504000000000b","1030000000","terminalNode","test_standard","0","999","admin","2023-12-15 00:44:41","system_user","2024-07-12 18:08:10","0","1000000"
"721","1030200000","井盖","105504000000000b","1030000000","terminalNode","test_standard","0","999","admin","2023-12-15 00:44:41","system_user","2024-07-12 18:08:10","0","1000000"
"722","1030300000","护栏","105504000000000b","1030000000","terminalNode","test_standard","0","999","admin","2023-12-15 00:44:41","system_user","2024-07-12 18:08:10","0","1000000"
"723","1030400000","交通信号灯","105504000000000b","1030000000","terminalNode","test_standard","0","999","admin","2023-12-15 00:44:41","system_user","2024-07-12 18:08:10","0","1000000"
"724","1030500000","交通指示牌","105504000000000b","1030000000","terminalNode","test_standard","0","999","admin","2023-12-15 00:44:41","system_user","2024-07-12 18:08:10","0","1000000"
"725","1030600000","过街天桥","105504000000000b","1030000000","terminalNode","test_standard","0","999","admin","2023-12-15 00:44:41","system_user","2024-07-12 18:08:10","0","1000000"
"726","1030700000","立交桥","105504000000000b","1030000000","terminalNode","test_standard","0","999","admin","2023-12-15 00:44:41","system_user","2024-07-12 18:08:10","0","1000000"
"727","1040100000","机动车","105504000000000b","1040000000","terminalNode","test_standard","0","999","admin","2023-12-15 00:44:41","system_user","2024-07-12 18:08:10","0","1000000"
"728","1040200000","非机动车","105504000000000b","1040000000","terminalNode","test_standard","0","999","admin","2023-12-15 00:44:41","system_user","2024-07-12 18:08:10","0","1000000"
"729","1040300000","铁路动车","105504000000000b","1040000000","terminalNode","test_standard","0","999","admin","2023-12-15 00:44:41","system_user","2024-07-12 18:08:10","0","1000000"
"730","1040400000","船舶","105504000000000b","1040000000","terminalNode","test_standard","0","999","admin","2023-12-15 00:44:41","system_user","2024-07-12 18:08:10","0","1000000"
"731","1040500000","飞机","105504000000000b","1040000000","terminalNode","test_standard","0","999","admin","2023-12-15 00:44:41","system_user","2024-07-12 18:08:10","0","1000000"
"732","1050100000","身份类证照","105504000000000b","1050000000","terminalNode","test_standard","0","999","admin","2023-12-15 00:44:41","system_user","2024-07-12 18:08:10","0","1000000"
"733","1050200000","企业经营类证照","105504000000000b","1050000000","terminalNode","test_standard","0","999","admin","2023-12-15 00:44:41","system_user","2024-07-12 18:08:10","0","1000000"
"734","1050300000","资产类证照","105504000000000b","1050000000","terminalNode","test_standard","0","999","admin","2023-12-15 00:44:41","system_user","2024-07-12 18:08:10","0","1000000"
"735","1050400000","社会福利类证照","105504000000000b","1050000000","terminalNode","test_standard","0","999","admin","2023-12-15 00:44:41","system_user","2024-07-12 18:08:10","0","1000000"
"736","1050500000","社会关系类证照","105504000000000b","1050000000","terminalNode","test_standard","0","999","admin","2023-12-15 00:44:41","system_user","2024-07-12 18:08:10","0","1000000"
"737","1060100000","垃圾箱","105504000000000b","1060000000","terminalNode","test_standard","0","999","admin","2023-12-15 00:44:41","system_user","2024-07-12 18:08:10","0","1000000"
"738","1060200000","广告牌","105504000000000b","1060000000","terminalNode","test_standard","0","999","admin","2023-12-15 00:44:41","system_user","2024-07-12 18:08:10","0","1000000"
"739","1060300000","LED屏","105504000000000b","1060000000","terminalNode","test_standard","0","999","admin","2023-12-15 00:44:41","system_user","2024-07-12 18:08:10","0","1000000"
"740","1070100000","古树","105504000000000b","1070000000","terminalNode","test_standard","0","999","admin","2023-12-15 00:44:41","system_user","2024-07-12 18:08:10","0","1000000"
"741","1070200000","花坛","105504000000000b","1070000000","terminalNode","test_standard","0","999","admin","2023-12-15 00:44:41","system_user","2024-07-12 18:08:10","0","1000000"
"742","1070300000","街头座椅","105504000000000b","1070000000","terminalNode","test_standard","0","999","admin","2023-12-15 00:44:41","system_user","2024-07-12 18:08:10","0","1000000"
"743","1070400000","喷泉","105504000000000b","1070000000","terminalNode","test_standard","0","999","admin","2023-12-15 00:44:41","system_user","2024-07-12 18:08:10","0","1000000"
"744","1070500000","行道树","105504000000000b","1070000000","terminalNode","test_standard","0","999","admin","2023-12-15 00:44:41","system_user","2024-07-12 18:08:10","0","1000000"
"745","1070600000","雕塑","105504000000000b","1070000000","terminalNode","test_standard","0","999","admin","2023-12-15 00:44:41","system_user","2024-07-12 18:08:10","0","1000000"
"746","1080100000","邮筒","105504000000000b","1080000000","terminalNode","test_standard","0","999","admin","2023-12-15 00:44:41","system_user","2024-07-12 18:08:10","0","1000000"
"747","1080200000","电话亭","105504000000000b","1080000000","terminalNode","test_standard","0","999","admin","2023-12-15 00:44:41","system_user","2024-07-12 18:08:10","0","1000000"
"748","1080300000","健身设施","105504000000000b","1080000000","terminalNode","test_standard","0","999","admin","2023-12-15 00:44:41","system_user","2024-07-12 18:08:10","0","1000000"
"749","1080400000","自动售货机","105504000000000b","1080000000","terminalNode","test_standard","0","999","admin","2023-12-15 00:44:41","system_user","2024-07-12 18:08:10","0","1000000"
"750","1090100000","厨房电器","105504000000000b","1090000000","terminalNode","test_standard","0","999","admin","2023-12-15 00:44:41","system_user","2024-07-12 18:08:10","0","1000000"
"751","1090200000","视听电器","105504000000000b","1090000000","terminalNode","test_standard","0","999","admin","2023-12-15 00:44:41","system_user","2024-07-12 18:08:10","0","1000000"
"752","1090300000","环境电器","105504000000000b","1090000000","terminalNode","test_standard","0","999","admin","2023-12-15 00:44:41","system_user","2024-07-12 18:08:10","0","1000000"
"753","1090400000","清洁电器","105504000000000b","1090000000","terminalNode","test_standard","0","999","admin","2023-12-15 00:44:41","system_user","2024-07-12 18:08:10","0","1000000"
"754","1100100000","电子教育","105504000000000b","1100000000","terminalNode","test_standard","0","999","admin","2023-12-15 00:44:41","system_user","2024-07-12 18:08:10","0","1000000"
"755","1100200000","手机配件","105504000000000b","1100000000","terminalNode","test_standard","0","999","admin","2023-12-15 00:44:41","system_user","2024-07-12 18:08:10","0","1000000"
"756","1100300000","摄影摄像","105504000000000b","1100000000","terminalNode","test_standard","0","999","admin","2023-12-15 00:44:41","system_user","2024-07-12 18:08:10","0","1000000"
"757","1100400000","影音娱乐","105504000000000b","1100000000","terminalNode","test_standard","0","999","admin","2023-12-15 00:44:41","system_user","2024-07-12 18:08:10","0","1000000"
"758","1100500000","智能设备","105504000000000b","1100000000","terminalNode","test_standard","0","999","admin","2023-12-15 00:44:41","system_user","2024-07-12 18:08:10","0","1000000"
"759","1110100000","电脑整机","105504000000000b","1110000000","terminalNode","test_standard","0","999","admin","2023-12-15 00:44:41","system_user","2024-07-12 18:08:10","0","1000000"
"760","1110200000","电脑配件","105504000000000b","1110000000","terminalNode","test_standard","0","999","admin","2023-12-15 00:44:41","system_user","2024-07-12 18:08:10","0","1000000"
"761","1110300000","办公设备","105504000000000b","1110000000","terminalNode","test_standard","0","999","admin","2023-12-15 00:44:41","system_user","2024-07-12 18:08:10","0","1000000"
"762","1110400000","游戏设备","105504000000000b","1110000000","terminalNode","test_standard","0","999","admin","2023-12-15 00:44:41","system_user","2024-07-12 18:08:10","0","1000000"
"763","1120100000","厨具","105504000000000b","1120000000","terminalNode","test_standard","0","999","admin","2023-12-15 00:44:41","system_user","2024-07-12 18:08:10","0","1000000"
"764","1120200000","家纺","105504000000000b","1120000000","terminalNode","test_standard","0","999","admin","2023-12-15 00:44:41","system_user","2024-07-12 18:08:10","0","1000000"
"765","1120300000","生活日用","105504000000000b","1120000000","terminalNode","test_standard","0","999","admin","2023-12-15 00:44:41","system_user","2024-07-12 18:08:10","0","1000000"
"766","1120400000","家装软饰","105504000000000b","1120000000","terminalNode","test_standard","0","999","admin","2023-12-15 00:44:41","system_user","2024-07-12 18:08:10","0","1000000"
"767","1120500000","五金电工","105504000000000b","1120000000","terminalNode","test_standard","0","999","admin","2023-12-15 00:44:41","system_user","2024-07-12 18:08:10","0","1000000"
"768","1130100000","药品","105504000000000b","1130000000","terminalNode","test_standard","0","999","admin","2023-12-15 00:44:41","system_user","2024-07-12 18:08:10","0","1000000"
"769","1130200000","医疗仪器","105504000000000b","1130000000","terminalNode","test_standard","0","999","admin","2023-12-15 00:44:41","system_user","2024-07-12 18:08:10","0","1000000"
"770","1130300000","医疗耗材","105504000000000b","1130000000","terminalNode","test_standard","0","999","admin","2023-12-15 00:44:41","system_user","2024-07-12 18:08:10","0","1000000"
"771","1140100000","宠物","105504000000000b","1140000000","terminalNode","test_standard","0","999","admin","2023-12-15 00:44:41","system_user","2024-07-12 18:08:10","0","1000000"
"772","1140200000","野生动物","105504000000000b","1140000000","terminalNode","test_standard","0","999","admin","2023-12-15 00:44:41","system_user","2024-07-12 18:08:10","0","1000000"
"773","1140300000","家禽家畜","105504000000000b","1140000000","terminalNode","test_standard","0","999","admin","2023-12-15 00:44:41","system_user","2024-07-12 18:08:10","0","1000000"
"774","1140400000","实验动物","105504000000000b","1140000000","terminalNode","test_standard","0","999","admin","2023-12-15 00:44:41","system_user","2024-07-12 18:08:10","0","1000000"
"775","1150100000","箱盒载体","105504000000000b","1150000000","terminalNode","test_standard","0","999","admin","2023-12-15 00:44:41","system_user","2024-07-12 18:08:10","0","1000000"
"776","1150200000","井窖载体","105504000000000b","1150000000","terminalNode","test_standard","0","999","admin","2023-12-15 00:44:41","system_user","2024-07-12 18:08:10","0","1000000"
"777","1150300000","杆架载体","105504000000000b","1150000000","terminalNode","test_standard","0","999","admin","2023-12-15 00:44:41","system_user","2024-07-12 18:08:10","0","1000000"
"778","1160100000","信号接收机","105504000000000b","1160000000","terminalNode","test_standard","0","999","admin","2023-12-15 00:44:41","system_user","2024-07-12 18:08:10","0","1000000"
"779","1160200000","基站设施","105504000000000b","1160000000","terminalNode","test_standard","0","999","admin","2023-12-15 00:44:41","system_user","2024-07-12 18:08:10","0","1000000"
"780","1160300000","其他定位设施","105504000000000b","1160000000","terminalNode","test_standard","0","999","admin","2023-12-15 00:44:41","system_user","2024-07-12 18:08:10","0","1000000"
"781","1170100000","模拟摄像机","105504000000000b","1170000000","terminalNode","test_standard","0","999","admin","2023-12-15 00:44:41","system_user","2024-07-12 18:08:10","0","1000000"
"782","1170200000","数字标清摄像机","105504000000000b","1170000000","terminalNode","test_standard","0","999","admin","2023-12-15 00:44:41","system_user","2024-07-12 18:08:10","0","1000000"
"783","1170300000","数字高清摄像机","105504000000000b","1170000000","terminalNode","test_standard","0","999","admin","2023-12-15 00:44:41","system_user","2024-07-12 18:08:10","0","1000000"
"784","1170400000","人脸智能识别摄像机","105504000000000b","1170000000","terminalNode","test_standard","0","999","admin","2023-12-15 00:44:41","system_user","2024-07-12 18:08:10","0","1000000"
"785","1170500000","车辆智能识别摄像机","105504000000000b","1170000000","terminalNode","test_standard","0","999","admin","2023-12-15 00:44:41","system_user","2024-07-12 18:08:10","0","1000000"
"786","1170600000","其他智能摄像机","105504000000000b","1170000000","terminalNode","test_standard","0","999","admin","2023-12-15 00:44:41","system_user","2024-07-12 18:08:10","0","1000000"
"787","1180100000","边缘视频解析设施","105504000000000b","1180000000","terminalNode","test_standard","0","999","admin","2023-12-15 00:44:41","system_user","2024-07-12 18:08:10","0","1000000"
"788","1180200000","视频解析服务器设施","105504000000000b","1180000000","terminalNode","test_standard","0","999","admin","2023-12-15 00:44:41","system_user","2024-07-12 18:08:10","0","1000000"
"789","2010000000","地点","1055020000000009","2000000000","parentNode","test_standard","0","999","admin","2023-12-15 00:44:41","system_user","2024-07-12 18:08:10","0","1000000"
"790","2020000000","线路","1055020000000009","2000000000","parentNode","test_standard","0","999","admin","2023-12-15 00:44:41","system_user","2024-07-12 18:08:10","0","1000000"
"791","2030000000","区域","1055020000000009","2000000000","parentNode","test_standard","0","999","admin","2023-12-15 00:44:41","system_user","2024-07-12 18:08:10","0","1000000"
"792","2010100000","风景名胜","1055020000000009","2010000000","terminalNode","test_standard","0","999","admin","2023-12-15 00:44:41","system_user","2024-07-12 18:08:10","0","1000000"
"793","2010200000","市民居住","1055020000000009","2010000000","terminalNode","test_standard","0","999","admin","2023-12-15 00:44:41","system_user","2024-07-12 18:08:10","0","1000000"
"794","2010300000","办公职场","1055020000000009","2010000000","terminalNode","test_standard","0","999","admin","2023-12-15 00:44:41","system_user","2024-07-12 18:08:10","0","1000000"
"795","2010400000","交通场站","1055020000000009","2010000000","terminalNode","test_standard","0","999","admin","2023-12-15 00:44:41","system_user","2024-07-12 18:08:10","0","1000000"
"796","2010500000","餐饮服务","1055020000000009","2010000000","terminalNode","test_standard","0","999","admin","2023-12-15 00:44:41","system_user","2024-07-12 18:08:10","0","1000000"
"797","2010600000","酒店民宿","1055020000000009","2010000000","terminalNode","test_standard","0","999","admin","2023-12-15 00:44:41","system_user","2024-07-12 18:08:10","0","1000000"
"798","2010700000","商超购物","1055020000000009","2010000000","terminalNode","test_standard","0","999","admin","2023-12-15 00:44:41","system_user","2024-07-12 18:08:10","0","1000000"
"799","2010800000","家政便民","1055020000000009","2010000000","terminalNode","test_standard","0","999","admin","2023-12-15 00:44:41","system_user","2024-07-12 18:08:10","0","1000000"
"800","2010900000","文娱休闲","1055020000000009","2010000000","terminalNode","test_standard","0","999","admin","2023-12-15 00:44:41","system_user","2024-07-12 18:08:10","0","1000000"
"801","2011000000","运动户外","1055020000000009","2010000000","terminalNode","test_standard","0","999","admin","2023-12-15 00:44:41","system_user","2024-07-12 18:08:10","0","1000000"
"802","2011100000","教育培训","1055020000000009","2010000000","terminalNode","test_standard","0","999","admin","2023-12-15 00:44:41","system_user","2024-07-12 18:08:10","0","1000000"
"803","2011200000","医疗卫生","1055020000000009","2010000000","terminalNode","test_standard","0","999","admin","2023-12-15 00:44:41","system_user","2024-07-12 18:08:10","0","1000000"
"804","2011300000","应急避难","1055020000000009","2010000000","terminalNode","test_standard","0","999","admin","2023-12-15 00:44:41","system_user","2024-07-12 18:08:10","0","1000000"
"805","2011400000","金融服务","1055020000000009","2010000000","terminalNode","test_standard","0","999","admin","2023-12-15 00:44:41","system_user","2024-07-12 18:08:10","0","1000000"
"806","2011500000","宗教外交","1055020000000009","2010000000","terminalNode","test_standard","0","999","admin","2023-12-15 00:44:41","system_user","2024-07-12 18:08:10","0","1000000"
"807","2011600000","政务司法","1055020000000009","2010000000","terminalNode","test_standard","0","999","admin","2023-12-15 00:44:41","system_user","2024-07-12 18:08:10","0","1000000"
"808","2011700000","福利机构","1055020000000009","2010000000","terminalNode","test_standard","0","999","admin","2023-12-15 00:44:41","system_user","2024-07-12 18:08:10","0","1000000"
"809","2011800000","科研观测","1055020000000009","2010000000","terminalNode","test_standard","0","999","admin","2023-12-15 00:44:41","system_user","2024-07-12 18:08:10","0","1000000"
"810","2011900000","传媒通讯","1055020000000009","2010000000","terminalNode","test_standard","0","999","admin","2023-12-15 00:44:41","system_user","2024-07-12 18:08:10","0","1000000"
"811","2012000000","物流仓储","1055020000000009","2010000000","terminalNode","test_standard","0","999","admin","2023-12-15 00:44:41","system_user","2024-07-12 18:08:10","0","1000000"
"812","2012100000","能源供给","1055020000000009","2010000000","terminalNode","test_standard","0","999","admin","2023-12-15 00:44:41","system_user","2024-07-12 18:08:10","0","1000000"
"813","2012200000","生产制造","1055020000000009","2010000000","terminalNode","test_standard","0","999","admin","2023-12-15 00:44:41","system_user","2024-07-12 18:08:10","0","1000000"
"814","2012300000","军事管理","1055020000000009","2010000000","terminalNode","test_standard","0","999","admin","2023-12-15 00:44:41","system_user","2024-07-12 18:08:10","0","1000000"
"815","2020100000","交通轨道","1055020000000009","2020000000","terminalNode","test_standard","0","999","admin","2023-12-15 00:44:41","system_user","2024-07-12 18:08:10","0","1000000"
"816","2020200000","出行线路","1055020000000009","2020000000","terminalNode","test_standard","0","999","admin","2023-12-15 00:44:41","system_user","2024-07-12 18:08:10","0","1000000"
"817","2020300000","管网线路","1055020000000009","2020000000","terminalNode","test_standard","0","999","admin","2023-12-15 00:44:41","system_user","2024-07-12 18:08:10","0","1000000"
"818","2020400000","线形地貌","1055020000000009","2020000000","terminalNode","test_standard","0","999","admin","2023-12-15 00:44:41","system_user","2024-07-12 18:08:10","0","1000000"
"819","2030100000","城市功能区","1055020000000009","2030000000","terminalNode","test_standard","0","999","admin","2023-12-15 00:44:41","system_user","2024-07-12 18:08:10","0","1000000"
"820","2030200000","临时管控区","1055020000000009","2030000000","terminalNode","test_standard","0","999","admin","2023-12-15 00:44:41","system_user","2024-07-12 18:08:10","0","1000000"
"821","2030300000","行政区划","1055020000000009","2030000000","terminalNode","test_standard","0","999","admin","2023-12-15 00:44:41","system_user","2024-07-12 18:08:10","0","1000000"
"822","2030400000","特属专区","1055020000000009","2030000000","terminalNode","test_standard","0","999","admin","2023-12-15 00:44:41","system_user","2024-07-12 18:08:10","0","1000000"
"823","2030500000","军事特区","1055020000000009","2030000000","terminalNode","test_standard","0","999","admin","2023-12-15 00:44:41","system_user","2024-07-12 18:08:10","0","1000000"
"824","2030600000","生态区域","1055020000000009","2030000000","terminalNode","test_standard","0","999","admin","2023-12-15 00:44:41","system_user","2024-07-12 18:08:10","0","1000000"
"825","2030700000","农业生产","1055020000000009","2030000000","terminalNode","test_standard","0","999","admin","2023-12-15 00:44:41","system_user","2024-07-12 18:08:10","0","1000000"
"826","2030800000","加工制造","1055020000000009","2030000000","terminalNode","test_standard","0","999","admin","2023-12-15 00:44:41","system_user","2024-07-12 18:08:10","0","1000000"
"827","3010000000","事业单位","105505000000000c","3000000000","terminalNode","test_standard","0","999","admin","2023-12-15 00:44:41","system_user","2024-07-12 18:08:10","0","1000000"
"828","3020000000","企业","105505000000000c","3000000000","terminalNode","test_standard","0","999","admin","2023-12-15 00:44:41","system_user","2024-07-12 18:08:10","0","1000000"
"829","3030000000","社会服务机构","105505000000000c","3000000000","terminalNode","test_standard","0","999","admin","2023-12-15 00:44:41","system_user","2024-07-12 18:08:10","0","1000000"
"830","3040000000","社会团体","105505000000000c","3000000000","terminalNode","test_standard","0","999","admin","2023-12-15 00:44:41","system_user","2024-07-12 18:08:10","0","1000000"
"831","3050000000","基金会","105505000000000c","3000000000","terminalNode","test_standard","0","999","admin","2023-12-15 00:44:41","system_user","2024-07-12 18:08:10","0","1000000"
"832","3060000000","集体经济组织","105505000000000c","3000000000","terminalNode","test_standard","0","999","admin","2023-12-15 00:44:41","system_user","2024-07-12 18:08:10","0","1000000"
"833","5010000000","属地居民","1055010000000008","5000000000","terminalNode","test_standard","0","999","admin","2023-12-15 00:44:41","system_user","2024-07-12 18:08:10","0","1000000"
"834","5020000000","组织人员","1055010000000008","5000000000","parentNode","test_standard","0","999","admin","2023-12-15 00:44:41","system_user","2024-07-12 18:08:10","0","1000000"
"835","5020100000","事业单位人员","1055010000000008","5020000000","terminalNode","test_standard","0","999","admin","2023-12-15 00:44:41","system_user","2024-07-12 18:08:10","0","1000000"
"836","5020200000","企业人员","1055010000000008","5020000000","terminalNode","test_standard","0","999","admin","2023-12-15 00:44:41","system_user","2024-07-12 18:08:10","0","1000000"
"837","5020300000","社会服务机构人员","1055010000000008","5020000000","terminalNode","test_standard","0","999","admin","2023-12-15 00:44:41","system_user","2024-07-12 18:08:10","0","1000000"
"838","5020400000","社会团体人员","1055010000000008","5020000000","terminalNode","test_standard","0","999","admin","2023-12-15 00:44:41","system_user","2024-07-12 18:08:10","0","1000000"
"839","5020500000","基金会人员","1055010000000008","5020000000","terminalNode","test_standard","0","999","admin","2023-12-15 00:44:41","system_user","2024-07-12 18:08:10","0","1000000"
"840","5020600000","集体经济组织人员","1055010000000008","5020000000","terminalNode","test_standard","0","999","admin","2023-12-15 00:44:41","system_user","2024-07-12 18:08:10","0","1000000"
"841","1190000000","通讯设备","105504000000000b","1000000000","parentNode","test_standard","0","999","admin","2023-12-15 00:44:41","system_user","2024-07-12 18:08:10","0","1000000"
"842","1190100000","移动电话","105504000000000b","1190000000","terminalNode","test_standard","0","999","admin","2023-12-15 00:44:41","system_user","2024-07-12 18:08:10","0","1000000"
"843","1190200000","固定电话","105504000000000b","1190000000","terminalNode","test_standard","0","999","admin","2023-12-15 00:44:41","system_user","2024-07-12 18:08:10","0","1000000"
"844","1190300000","单兵设备","105504000000000b","1190000000","terminalNode","test_standard","0","999","admin","2023-12-15 00:44:41","system_user","2024-07-12 18:08:10","0","1000000"
"845","1000000000_test","test","105504000000000b","0000000000","terminalNode","test_nonstandard","0","999","admin","2023-12-15 00:44:58","system_user","2024-07-12 18:08:10","0","1000001"
"846","1010000000_test","test","105504000000000b","1000000000_test","terminalNode","test_nonstandard","0","999","admin","2023-12-15 00:45:06","admin","2024-07-12 18:08:10","0","1000002"
"847","2000000000_beijing","感知体系","105504000000000b","0000000000","parentNode","beijing_nonstandard","0","999","icos","2023-12-15 03:45:35","icos","2024-07-12 18:08:10","1","1000011"
"848","2010000000_beijing","感知载体设施","105504000000000b","2000000000_beijing","parentNode","beijing_nonstandard","0","999","icos","2023-12-15 03:45:53","icos","2024-07-12 18:08:10","1","1000012"
"849","2020000000_beijing","传感监测设施","105504000000000b","2000000000_beijing","parentNode","beijing_nonstandard","0","999","icos","2023-12-15 03:46:03","icos","2024-07-12 18:08:10","1","1000013"
"850","2030000000_beijing","位置定位设施","105504000000000b","2000000000_beijing","parentNode","beijing_nonstandard","0","999","icos","2023-12-15 03:46:13","icos","2024-07-12 18:08:10","1","1000014"
"851","2040000000_beijing","视频监控设施","105504000000000b","2000000000_beijing","parentNode","beijing_nonstandard","0","999","icos","2023-12-15 03:46:33","icos","2024-07-12 18:08:10","1","1000015"
"852","2050000000_beijing","视频解析设施","105504000000000b","2000000000_beijing","parentNode","beijing_nonstandard","0","999","icos","2023-12-15 03:46:44","icos","2024-07-12 18:08:10","1","1000016"
"853","2010100000_beijing","箱盒载体类","105504000000000b","2010000000_beijing","parentNode","beijing_nonstandard","0","0","icos","2023-12-15 03:46:57","icos","2024-07-12 18:08:10","1","1000017"
"854","2010200000_beijing","井容载体类","105504000000000b","2010000000_beijing","parentNode","beijing_nonstandard","0","999","icos","2023-12-15 03:47:19","icos","2024-07-12 18:08:10","1","1000018"
"855","2010300000_beijing","杆架载体类","105504000000000b","2010000000_beijing","parentNode","beijing_nonstandard","0","1","icos","2023-12-15 03:47:27","icos","2024-07-12 18:08:10","1","1000019"
"856","2010101000_beijing","智慧综合箱","105504000000000b","2010100000_beijing","terminalNode","beijing_nonstandard","0","0","icos","2023-12-15 03:47:49","icos","2024-07-12 18:08:10","1","1000020"
"857","2020100000_beijing","力学量传感器","105504000000000b","2020000000_beijing","parentNode","beijing_nonstandard","0","999","icos","2023-12-15 03:48:07","system_user","2024-07-12 18:08:10","1","1000021"
"858","2020200000_beijing","热学量传感器","105504000000000b","2020000000_beijing","parentNode","beijing_nonstandard","0","999","icos","2023-12-15 03:48:16","system_user","2024-07-12 18:08:10","1","1000022"
"859","2020300000_beijing","光学量传感器","105504000000000b","2020000000_beijing","parentNode","beijing_nonstandard","0","999","icos","2023-12-15 03:48:24","system_user","2024-07-12 18:08:10","1","1000023"
"860","2020400000_beijing","磁学量传感器","105504000000000b","2020000000_beijing","parentNode","beijing_nonstandard","0","999","icos","2023-12-15 03:48:34","system_user","2024-07-12 18:08:10","1","1000024"
"861","2020500000_beijing","电学量传感器","105504000000000b","2020000000_beijing","parentNode","beijing_nonstandard","0","999","icos","2023-12-15 03:48:44","system_user","2024-07-12 18:08:10","1","1000025"
"862","2020600000_beijing","声学量传感器","105504000000000b","2020000000_beijing","parentNode","beijing_nonstandard","0","999","icos","2023-12-15 03:48:52","system_user","2024-07-12 18:08:10","1","1000026"
"863","2020700000_beijing","离子传感器","105504000000000b","2020000000_beijing","parentNode","beijing_nonstandard","0","999","icos","2023-12-15 03:49:01","system_user","2024-07-12 18:08:10","1","1000027"
"864","2020800000_beijing","气体传感器","105504000000000b","2020000000_beijing","parentNode","beijing_nonstandard","0","999","icos","2023-12-15 03:49:09","system_user","2024-07-12 18:08:10","1","1000028"
"865","2020900000_beijing","湿度、水分传感器","105504000000000b","2020000000_beijing","terminalNode","beijing_nonstandard","0","999","icos","2023-12-15 03:49:19","system_user","2024-07-12 18:08:10","1","1000029"
"866","2010301000_beijing","落地箱","105504000000000b","2010300000_beijing","terminalNode","beijing_nonstandard","0","999","icos","2023-12-15 03:50:24","system_user","2024-07-12 18:08:10","1","1000030"
"867","2010302000_beijing","多功能综合杆","105504000000000b","2010300000_beijing","terminalNode","beijing_nonstandard","0","999","icos","2023-12-15 03:50:32","system_user","2024-07-12 18:08:10","1","1000031"
"868","2040100000_beijing","数字高清摄像机","105504000000000b","2040000000_beijing","parentNode","beijing_nonstandard","0","999","icos","2023-12-15 03:50:59","system_user","2024-07-12 18:08:10","1","1000032"
"869","2040101000_beijing","卡口枪机","105504000000000b","2040100000_beijing","terminalNode","beijing_nonstandard","0","999","icos","2023-12-15 03:51:13","icos","2024-07-12 18:08:10","1","1000033"
"870","2040102000_beijing","枪机","105504000000000b","2040100000_beijing","terminalNode","beijing_nonstandard","0","999","icos","2023-12-15 03:51:22","icos","2024-07-12 18:08:10","1","1000034"
"871","2040103000_beijing","球机","105504000000000b","2040100000_beijing","terminalNode","beijing_nonstandard","0","999","icos","2023-12-15 03:51:31","icos","2024-07-12 18:08:10","1","1000035"
"872","2040104000_beijing","人脸枪机","105504000000000b","2040100000_beijing","terminalNode","beijing_nonstandard","0","999","icos","2023-12-15 03:51:39","icos","2024-07-12 18:08:10","1","1000036"
"873","1020000000_beijing","其他市政设施","105504000000000b","1000000000_beijing","parentNode","beijing_nonstandard","0","999","icos","2023-12-15 03:55:00","icos","2024-07-12 18:08:10","1","1000037"
"874","1020100000_beijing","其他城市部件","105504000000000b","1020000000_beijing","parentNode","beijing_nonstandard","0","999","icos","2023-12-15 03:55:14","icos","2024-07-12 18:08:10","1","1000038"
"875","1020101000_beijing","设备箱体 ","105504000000000b","1020100000_beijing","terminalNode","beijing_nonstandard","0","999","icos","2023-12-15 03:55:34","system_user","2024-07-12 18:08:10","1","1000039"
"876","1020102000_beijing","路灯","105504000000000b","1020100000_beijing","terminalNode","beijing_nonstandard","0","999","icos","2023-12-15 03:55:42","system_user","2024-07-12 18:08:10","1","1000040"
"877","1020103000_beijing","井盖","105504000000000b","1020100000_beijing","terminalNode","beijing_nonstandard","0","999","icos","2023-12-15 03:55:50","system_user","2024-07-12 18:08:10","1","1000041"
"878","1020200000_beijing","物联感知设施","105504000000000b","1020000000_beijing","parentNode","beijing_nonstandard","0","999","icos","2023-12-15 03:56:11","icos","2024-07-12 18:08:10","1","1000042"
"879","1020201000_beijing","摄像头","105504000000000b","1020200000_beijing","terminalNode","beijing_nonstandard","0","999","icos","2023-12-15 03:56:23","system_user","2024-07-12 18:08:10","1","1000043"
"880","1020202000_beijing","水务传感器","105504000000000b","1020200000_beijing","terminalNode","beijing_nonstandard","0","999","icos","2023-12-15 03:56:31","system_user","2024-07-12 18:08:10","1","1000044"
"881","1010000000_beijing","视频监控设施","105504000000000b","1000000000","parentNode","beijing_nonstandard","1","999","icos","2023-12-16 01:52:34","icos","2024-07-12 18:08:10","1","1000045"
"882","1010100000_beijing","数字高清摄像机","105504000000000b","1010000000_beijing","parentNode","beijing_nonstandard","0","999","icos","2023-12-16 01:52:52","system_user","2024-07-12 18:08:10","1","1000046"
"883","1010101000_beijing","卡口枪机","105504000000000b","1010100000_beijing","terminalNode","beijing_nonstandard","0","999","icos","2023-12-16 01:53:23","system_user","2024-07-12 18:08:10","1","1000047"
"884","1010102000_beijing","枪机","105504000000000b","1010100000_beijing","terminalNode","beijing_nonstandard","0","999","icos","2023-12-16 01:53:31","system_user","2024-07-12 18:08:10","1","1000048"
"885","1010103000_beijing","球机","105504000000000b","1010100000_beijing","terminalNode","beijing_nonstandard","0","999","icos","2023-12-16 01:53:40","system_user","2024-07-12 18:08:10","1","1000049"
"886","1010104000_beijing","人脸枪机","105504000000000b","1010100000_beijing","terminalNode","beijing_nonstandard","0","999","icos","2023-12-16 01:53:57","system_user","2024-07-12 18:08:10","1","1000050"
"887","1030000000_beijing","感知载体设施","105504000000000b","1000000000","parentNode","beijing_nonstandard","1","999","icos","2023-12-16 01:54:13","icos","2024-07-12 18:08:10","1","1000051"
"888","1030300000_beijing","箱盒载体类","105504000000000b","1030000000_beijing","parentNode","beijing_nonstandard","0","999","icos","2023-12-16 01:54:32","system_user","2024-07-12 18:08:10","1","1000052"
"889","1030400000_beijing","杆架载体类","105504000000000b","1030000000_beijing","parentNode","beijing_nonstandard","0","999","icos","2023-12-16 01:55:10","system_user","2024-07-12 18:08:10","1","1000053"
"890","1030301000_beijing","智慧综合箱","105504000000000b","1030300000_beijing","terminalNode","beijing_nonstandard","0","999","icos","2023-12-16 01:55:38","system_user","2024-07-12 18:08:10","1","1000054"
"891","1030401000_beijing","多功能综合杆","105504000000000b","1030400000_beijing","terminalNode","beijing_nonstandard","0","999","icos","2023-12-16 01:56:04","system_user","2024-07-12 18:08:10","1","1000055"
"892","1030402000_beijing","落地箱","105504000000000b","1030400000_beijing","terminalNode","beijing_nonstandard","0","999","icos","2023-12-16 01:56:23","system_user","2024-07-12 18:08:10","1","1000056"
"893","0000000000","实体标准分类","0001","/","root","pre_release_standard","0","999","admin","2023-12-17 23:34:49","system_user","2023-12-17 23:34:49","0","1000000"
"894","1000000000","城市物件","105504000000000b","0000000000","parentNode","pre_release_standard","0","3","admin","2023-12-17 23:34:49","system_user","2024-07-12 18:08:10","0","1000000"
"895","2000000000","地理要素","1055020000000009","0000000000","parentNode","pre_release_standard","0","1","admin","2023-12-17 23:34:49","system_user","2024-07-12 18:08:10","0","1000000"
"896","3000000000","企事业单位","105505000000000c","0000000000","parentNode","pre_release_standard","0","2","admin","2023-12-17 23:34:49","system_user","2024-07-12 18:08:10","0","1000000"
"897","4000000000","城市事件","105503000000000a","0000000000","parentNode","pre_release_standard","0","0","admin","2023-12-17 23:34:49","icos","2024-07-12 18:08:10","0","1000000"
"898","5000000000","城市居民","1055010000000008","0000000000","parentNode","pre_release_standard","0","4","admin","2023-12-17 23:34:49","system_user","2024-07-12 18:08:10","0","1000000"
"899","6000000000","政府通讯录","1055010000000008","0000000000","terminalNode","pre_release_standard","0","5","admin","2023-12-17 23:34:49","icos","2024-07-12 18:08:10","0","1000000"
"900","1010000000","传感监测设施","105504000000000b","1000000000","parentNode","pre_release_standard","0","0","admin","2023-12-17 23:34:49","system_user","2024-07-12 18:08:10","0","1000000"
"901","1020000000","基础设施","105504000000000b","1000000000","parentNode","pre_release_standard","0","999","admin","2023-12-17 23:34:49","system_user","2024-07-12 18:08:10","0","1000000"
"902","1030000000","道路设施","105504000000000b","1000000000","parentNode","pre_release_standard","0","999","admin","2023-12-17 23:34:49","system_user","2024-07-12 18:08:10","0","1000000"
"903","1040000000","交通工具","105504000000000b","1000000000","parentNode","pre_release_standard","0","999","admin","2023-12-17 23:34:49","system_user","2024-07-12 18:08:10","0","1000000"
"904","1050000000","证件牌照","105504000000000b","1000000000","parentNode","pre_release_standard","0","999","admin","2023-12-17 23:34:49","system_user","2024-07-12 18:08:10","0","1000000"
"905","1060000000","市容设施","105504000000000b","1000000000","parentNode","pre_release_standard","0","999","admin","2023-12-17 23:34:49","system_user","2024-07-12 18:08:10","0","1000000"
"906","1070000000","绿化设施","105504000000000b","1000000000","parentNode","pre_release_standard","0","999","admin","2023-12-17 23:34:49","system_user","2024-07-12 18:08:10","0","1000000"
"907","1080000000","服务设施","105504000000000b","1000000000","parentNode","pre_release_standard","0","999","admin","2023-12-17 23:34:49","system_user","2024-07-12 18:08:10","0","1000000"
"908","1090000000","家用电器","105504000000000b","1000000000","parentNode","pre_release_standard","0","999","admin","2023-12-17 23:34:49","system_user","2024-07-12 18:08:10","0","1000000"
"909","1100000000","数码影音","105504000000000b","1000000000","parentNode","pre_release_standard","0","999","admin","2023-12-17 23:34:49","system_user","2024-07-12 18:08:10","0","1000000"
"910","1110000000","电脑办公","105504000000000b","1000000000","parentNode","pre_release_standard","0","999","admin","2023-12-17 23:34:49","system_user","2024-07-12 18:08:10","0","1000000"
"911","1120000000","家具家居","105504000000000b","1000000000","parentNode","pre_release_standard","0","999","admin","2023-12-17 23:34:49","system_user","2024-07-12 18:08:10","0","1000000"
"912","1130000000","医疗用品","105504000000000b","1000000000","parentNode","pre_release_standard","0","999","admin","2023-12-17 23:34:49","system_user","2024-07-12 18:08:10","0","1000000"
"913","1140000000","动物","105504000000000b","1000000000","parentNode","pre_release_standard","0","999","admin","2023-12-17 23:34:49","system_user","2024-07-12 18:08:10","0","1000000"
"914","1150000000","感知载体设施","105504000000000b","1000000000","parentNode","pre_release_standard","0","999","admin","2023-12-17 23:34:49","system_user","2024-07-12 18:08:10","0","1000000"
"915","1160000000","位置定位设施","105504000000000b","1000000000","parentNode","pre_release_standard","0","999","admin","2023-12-17 23:34:49","system_user","2024-07-12 18:08:10","0","1000000"
"916","1170000000","视频监控设施","105504000000000b","1000000000","parentNode","pre_release_standard","0","999","admin","2023-12-17 23:34:49","icos","2024-07-12 18:08:10","0","1000000"
"917","1180000000","视频解析设施","105504000000000b","1000000000","parentNode","pre_release_standard","0","999","admin","2023-12-17 23:34:49","system_user","2024-07-12 18:08:10","0","1000000"
"918","1010100000","力学量传感器","105504000000000b","1010000000","terminalNode","pre_release_standard","0","0","admin","2023-12-17 23:34:49","system_user","2024-07-12 18:08:10","0","1000000"
"919","1010200000","热学量传感器","105504000000000b","1010000000","terminalNode","pre_release_standard","0","1","admin","2023-12-17 23:34:49","system_user","2024-07-12 18:08:10","0","1000000"
"920","1010300000","光学量传感器","105504000000000b","1010000000","terminalNode","pre_release_standard","0","2","admin","2023-12-17 23:34:49","system_user","2024-07-12 18:08:10","0","1000000"
"921","1010400000","磁学量传感器","105504000000000b","1010000000","terminalNode","pre_release_standard","0","3","admin","2023-12-17 23:34:49","system_user","2024-07-12 18:08:10","0","1000000"
"922","1010500000","电学量传感器","105504000000000b","1010000000","terminalNode","pre_release_standard","0","4","admin","2023-12-17 23:34:49","system_user","2024-07-12 18:08:10","0","1000000"
"923","1010600000","声学量传感器","105504000000000b","1010000000","terminalNode","pre_release_standard","0","5","admin","2023-12-17 23:34:49","system_user","2024-07-12 18:08:10","0","1000000"
"924","1010700000","离子传感器","105504000000000b","1010000000","terminalNode","pre_release_standard","0","6","admin","2023-12-17 23:34:49","system_user","2024-07-12 18:08:10","0","1000000"
"925","1010800000","气体传感器","105504000000000b","1010000000","terminalNode","pre_release_standard","0","7","admin","2023-12-17 23:34:49","system_user","2024-07-12 18:08:10","0","1000000"
"926","1010900000","湿度、水分传感器","105504000000000b","1010000000","terminalNode","pre_release_standard","0","8","admin","2023-12-17 23:34:49","system_user","2024-07-12 18:08:10","0","1000000"
"927","1011000000","射频识别设施","105504000000000b","1010000000","terminalNode","pre_release_standard","0","9","admin","2023-12-17 23:34:49","system_user","2024-07-12 18:08:10","0","1000000"
"928","1011100000","其他类别传感器","105504000000000b","1010000000","terminalNode","pre_release_standard","0","10","admin","2023-12-17 23:34:49","system_user","2024-07-12 18:08:10","0","1000000"
"929","1020100000","变压器","105504000000000b","1020000000","terminalNode","pre_release_standard","0","999","admin","2023-12-17 23:34:49","system_user","2024-07-12 18:08:10","0","1000000"
"930","1020200000","电线杆","105504000000000b","1020000000","terminalNode","pre_release_standard","0","999","admin","2023-12-17 23:34:49","system_user","2024-07-12 18:08:10","0","1000000"
"931","1020300000","消防栓","105504000000000b","1020000000","terminalNode","pre_release_standard","0","999","admin","2023-12-17 23:34:49","system_user","2024-07-12 18:08:10","0","1000000"
"932","1030100000","灯杆","105504000000000b","1030000000","terminalNode","pre_release_standard","0","999","admin","2023-12-17 23:34:49","system_user","2024-07-12 18:08:10","0","1000000"
"933","1030200000","井盖","105504000000000b","1030000000","terminalNode","pre_release_standard","0","999","admin","2023-12-17 23:34:49","system_user","2024-07-12 18:08:10","0","1000000"
"934","1030300000","护栏","105504000000000b","1030000000","terminalNode","pre_release_standard","0","999","admin","2023-12-17 23:34:49","system_user","2024-07-12 18:08:10","0","1000000"
"935","1030400000","交通信号灯","105504000000000b","1030000000","terminalNode","pre_release_standard","0","999","admin","2023-12-17 23:34:49","system_user","2024-07-12 18:08:10","0","1000000"
"936","1030500000","交通指示牌","105504000000000b","1030000000","terminalNode","pre_release_standard","0","999","admin","2023-12-17 23:34:49","system_user","2024-07-12 18:08:10","0","1000000"
"937","1030600000","过街天桥","105504000000000b","1030000000","terminalNode","pre_release_standard","0","999","admin","2023-12-17 23:34:49","system_user","2024-07-12 18:08:10","0","1000000"
"938","1030700000","立交桥","105504000000000b","1030000000","terminalNode","pre_release_standard","0","999","admin","2023-12-17 23:34:49","system_user","2024-07-12 18:08:10","0","1000000"
"939","1040100000","机动车","105504000000000b","1040000000","terminalNode","pre_release_standard","0","999","admin","2023-12-17 23:34:49","system_user","2024-07-12 18:08:10","0","1000000"
"940","1040200000","非机动车","105504000000000b","1040000000","terminalNode","pre_release_standard","0","999","admin","2023-12-17 23:34:49","system_user","2024-07-12 18:08:10","0","1000000"
"941","1040300000","铁路动车","105504000000000b","1040000000","terminalNode","pre_release_standard","0","999","admin","2023-12-17 23:34:49","system_user","2024-07-12 18:08:10","0","1000000"
"942","1040400000","船舶","105504000000000b","1040000000","terminalNode","pre_release_standard","0","999","admin","2023-12-17 23:34:49","system_user","2024-07-12 18:08:10","0","1000000"
"943","1040500000","飞机","105504000000000b","1040000000","terminalNode","pre_release_standard","0","999","admin","2023-12-17 23:34:49","system_user","2024-07-12 18:08:10","0","1000000"
"944","1050100000","身份类证照","105504000000000b","1050000000","terminalNode","pre_release_standard","0","999","admin","2023-12-17 23:34:49","system_user","2024-07-12 18:08:10","0","1000000"
"945","1050200000","企业经营类证照","105504000000000b","1050000000","terminalNode","pre_release_standard","0","999","admin","2023-12-17 23:34:49","system_user","2024-07-12 18:08:10","0","1000000"
"946","1050300000","资产类证照","105504000000000b","1050000000","terminalNode","pre_release_standard","0","999","admin","2023-12-17 23:34:49","system_user","2024-07-12 18:08:10","0","1000000"
"947","1050400000","社会福利类证照","105504000000000b","1050000000","terminalNode","pre_release_standard","0","999","admin","2023-12-17 23:34:49","system_user","2024-07-12 18:08:10","0","1000000"
"948","1050500000","社会关系类证照","105504000000000b","1050000000","terminalNode","pre_release_standard","0","999","admin","2023-12-17 23:34:49","system_user","2024-07-12 18:08:10","0","1000000"
"949","1060100000","垃圾箱","105504000000000b","1060000000","terminalNode","pre_release_standard","0","999","admin","2023-12-17 23:34:49","system_user","2024-07-12 18:08:10","0","1000000"
"950","1060200000","广告牌","105504000000000b","1060000000","terminalNode","pre_release_standard","0","999","admin","2023-12-17 23:34:49","system_user","2024-07-12 18:08:10","0","1000000"
"951","1060300000","LED屏","105504000000000b","1060000000","terminalNode","pre_release_standard","0","999","admin","2023-12-17 23:34:49","system_user","2024-07-12 18:08:10","0","1000000"
"952","1070100000","古树","105504000000000b","1070000000","terminalNode","pre_release_standard","0","999","admin","2023-12-17 23:34:49","system_user","2024-07-12 18:08:10","0","1000000"
"953","1070200000","花坛","105504000000000b","1070000000","terminalNode","pre_release_standard","0","999","admin","2023-12-17 23:34:49","system_user","2024-07-12 18:08:10","0","1000000"
"954","1070300000","街头座椅","105504000000000b","1070000000","terminalNode","pre_release_standard","0","999","admin","2023-12-17 23:34:49","system_user","2024-07-12 18:08:10","0","1000000"
"955","1070400000","喷泉","105504000000000b","1070000000","terminalNode","pre_release_standard","0","999","admin","2023-12-17 23:34:49","system_user","2024-07-12 18:08:10","0","1000000"
"956","1070500000","行道树","105504000000000b","1070000000","terminalNode","pre_release_standard","0","999","admin","2023-12-17 23:34:49","system_user","2024-07-12 18:08:10","0","1000000"
"957","1070600000","雕塑","105504000000000b","1070000000","terminalNode","pre_release_standard","0","999","admin","2023-12-17 23:34:49","system_user","2024-07-12 18:08:10","0","1000000"
"958","1080100000","邮筒","105504000000000b","1080000000","terminalNode","pre_release_standard","0","999","admin","2023-12-17 23:34:49","system_user","2024-07-12 18:08:10","0","1000000"
"959","1080200000","电话亭","105504000000000b","1080000000","terminalNode","pre_release_standard","0","999","admin","2023-12-17 23:34:49","system_user","2024-07-12 18:08:10","0","1000000"
"960","1080300000","健身设施","105504000000000b","1080000000","terminalNode","pre_release_standard","0","999","admin","2023-12-17 23:34:49","system_user","2024-07-12 18:08:10","0","1000000"
"961","1080400000","自动售货机","105504000000000b","1080000000","terminalNode","pre_release_standard","0","999","admin","2023-12-17 23:34:49","system_user","2024-07-12 18:08:10","0","1000000"
"962","1090100000","厨房电器","105504000000000b","1090000000","terminalNode","pre_release_standard","0","999","admin","2023-12-17 23:34:49","system_user","2024-07-12 18:08:10","0","1000000"
"963","1090200000","视听电器","105504000000000b","1090000000","terminalNode","pre_release_standard","0","999","admin","2023-12-17 23:34:49","system_user","2024-07-12 18:08:10","0","1000000"
"964","1090300000","环境电器","105504000000000b","1090000000","terminalNode","pre_release_standard","0","999","admin","2023-12-17 23:34:49","system_user","2024-07-12 18:08:10","0","1000000"
"965","1090400000","清洁电器","105504000000000b","1090000000","terminalNode","pre_release_standard","0","999","admin","2023-12-17 23:34:49","system_user","2024-07-12 18:08:10","0","1000000"
"966","1100100000","电子教育","105504000000000b","1100000000","terminalNode","pre_release_standard","0","999","admin","2023-12-17 23:34:49","system_user","2024-07-12 18:08:10","0","1000000"
"967","1100200000","手机配件","105504000000000b","1100000000","terminalNode","pre_release_standard","0","999","admin","2023-12-17 23:34:49","system_user","2024-07-12 18:08:10","0","1000000"
"968","1100300000","摄影摄像","105504000000000b","1100000000","terminalNode","pre_release_standard","0","999","admin","2023-12-17 23:34:49","system_user","2024-07-12 18:08:10","0","1000000"
"969","1100400000","影音娱乐","105504000000000b","1100000000","terminalNode","pre_release_standard","0","999","admin","2023-12-17 23:34:49","system_user","2024-07-12 18:08:10","0","1000000"
"970","1100500000","智能设备","105504000000000b","1100000000","terminalNode","pre_release_standard","0","999","admin","2023-12-17 23:34:49","system_user","2024-07-12 18:08:10","0","1000000"
"971","1110100000","电脑整机","105504000000000b","1110000000","terminalNode","pre_release_standard","0","999","admin","2023-12-17 23:34:49","system_user","2024-07-12 18:08:10","0","1000000"
"972","1110200000","电脑配件","105504000000000b","1110000000","terminalNode","pre_release_standard","0","999","admin","2023-12-17 23:34:49","system_user","2024-07-12 18:08:10","0","1000000"
"973","1110300000","办公设备","105504000000000b","1110000000","terminalNode","pre_release_standard","0","999","admin","2023-12-17 23:34:49","system_user","2024-07-12 18:08:10","0","1000000"
"974","1110400000","游戏设备","105504000000000b","1110000000","terminalNode","pre_release_standard","0","999","admin","2023-12-17 23:34:49","system_user","2024-07-12 18:08:10","0","1000000"
"975","1120100000","厨具","105504000000000b","1120000000","terminalNode","pre_release_standard","0","999","admin","2023-12-17 23:34:49","system_user","2024-07-12 18:08:10","0","1000000"
"976","1120200000","家纺","105504000000000b","1120000000","terminalNode","pre_release_standard","0","999","admin","2023-12-17 23:34:49","system_user","2024-07-12 18:08:10","0","1000000"
"977","1120300000","生活日用","105504000000000b","1120000000","terminalNode","pre_release_standard","0","999","admin","2023-12-17 23:34:49","system_user","2024-07-12 18:08:10","0","1000000"
"978","1120400000","家装软饰","105504000000000b","1120000000","terminalNode","pre_release_standard","0","999","admin","2023-12-17 23:34:49","system_user","2024-07-12 18:08:10","0","1000000"
"979","1120500000","五金电工","105504000000000b","1120000000","terminalNode","pre_release_standard","0","999","admin","2023-12-17 23:34:49","system_user","2024-07-12 18:08:10","0","1000000"
"980","1130100000","药品","105504000000000b","1130000000","terminalNode","pre_release_standard","0","999","admin","2023-12-17 23:34:49","system_user","2024-07-12 18:08:10","0","1000000"
"981","1130200000","医疗仪器","105504000000000b","1130000000","terminalNode","pre_release_standard","0","999","admin","2023-12-17 23:34:49","system_user","2024-07-12 18:08:10","0","1000000"
"982","1130300000","医疗耗材","105504000000000b","1130000000","terminalNode","pre_release_standard","0","999","admin","2023-12-17 23:34:49","system_user","2024-07-12 18:08:10","0","1000000"
"983","1140100000","宠物","105504000000000b","1140000000","terminalNode","pre_release_standard","0","999","admin","2023-12-17 23:34:49","system_user","2024-07-12 18:08:10","0","1000000"
"984","1140200000","野生动物","105504000000000b","1140000000","terminalNode","pre_release_standard","0","999","admin","2023-12-17 23:34:49","system_user","2024-07-12 18:08:10","0","1000000"
"985","1140300000","家禽家畜","105504000000000b","1140000000","terminalNode","pre_release_standard","0","999","admin","2023-12-17 23:34:49","system_user","2024-07-12 18:08:10","0","1000000"
"986","1140400000","实验动物","105504000000000b","1140000000","terminalNode","pre_release_standard","0","999","admin","2023-12-17 23:34:49","system_user","2024-07-12 18:08:10","0","1000000"
"987","1150100000","箱盒载体","105504000000000b","1150000000","terminalNode","pre_release_standard","0","999","admin","2023-12-17 23:34:49","system_user","2024-07-12 18:08:10","0","1000000"
"988","1150200000","井窖载体","105504000000000b","1150000000","terminalNode","pre_release_standard","0","999","admin","2023-12-17 23:34:49","system_user","2024-07-12 18:08:10","0","1000000"
"989","1150300000","杆架载体","105504000000000b","1150000000","terminalNode","pre_release_standard","0","999","admin","2023-12-17 23:34:49","system_user","2024-07-12 18:08:10","0","1000000"
"990","1160100000","信号接收机","105504000000000b","1160000000","terminalNode","pre_release_standard","0","999","admin","2023-12-17 23:34:49","system_user","2024-07-12 18:08:10","0","1000000"
"991","1160200000","基站设施","105504000000000b","1160000000","terminalNode","pre_release_standard","0","999","admin","2023-12-17 23:34:49","system_user","2024-07-12 18:08:10","0","1000000"
"992","1160300000","其他定位设施","105504000000000b","1160000000","terminalNode","pre_release_standard","0","999","admin","2023-12-17 23:34:49","system_user","2024-07-12 18:08:10","0","1000000"
"993","1170100000","模拟摄像机","105504000000000b","1170000000","terminalNode","pre_release_standard","0","999","admin","2023-12-17 23:34:49","system_user","2024-07-12 18:08:10","0","1000000"
"994","1170200000","数字标清摄像机","105504000000000b","1170000000","terminalNode","pre_release_standard","0","999","admin","2023-12-17 23:34:49","system_user","2024-07-12 18:08:10","0","1000000"
"995","1170300000","数字高清摄像机","105504000000000b","1170000000","terminalNode","pre_release_standard","0","999","admin","2023-12-17 23:34:49","system_user","2024-07-12 18:08:10","0","1000000"
"996","1170400000","人脸智能识别摄像机","105504000000000b","1170000000","terminalNode","pre_release_standard","0","999","admin","2023-12-17 23:34:49","system_user","2024-07-12 18:08:10","0","1000000"
"997","1170500000","车辆智能识别摄像机","105504000000000b","1170000000","terminalNode","pre_release_standard","0","999","admin","2023-12-17 23:34:49","system_user","2024-07-12 18:08:10","0","1000000"
"998","1170600000","其他智能摄像机","105504000000000b","1170000000","terminalNode","pre_release_standard","0","999","admin","2023-12-17 23:34:49","system_user","2024-07-12 18:08:10","0","1000000"
"999","1180100000","边缘视频解析设施","105504000000000b","1180000000","terminalNode","pre_release_standard","0","999","admin","2023-12-17 23:34:49","system_user","2024-07-12 18:08:10","0","1000000"
"1000","1180200000","视频解析服务器设施","105504000000000b","1180000000","terminalNode","pre_release_standard","0","999","admin","2023-12-17 23:34:49","system_user","2024-07-12 18:08:10","0","1000000"
"1001","2010000000","地点","1055020000000009","2000000000","parentNode","pre_release_standard","0","999","admin","2023-12-17 23:34:49","system_user","2024-07-12 18:08:10","0","1000000"
"1002","2020000000","线路","1055020000000009","2000000000","parentNode","pre_release_standard","0","999","admin","2023-12-17 23:34:49","system_user","2024-07-12 18:08:10","0","1000000"
"1003","2030000000","区域","1055020000000009","2000000000","parentNode","pre_release_standard","0","999","admin","2023-12-17 23:34:49","system_user","2024-07-12 18:08:10","0","1000000"
"1004","2010100000","风景名胜","1055020000000009","2010000000","terminalNode","pre_release_standard","0","999","admin","2023-12-17 23:34:49","system_user","2024-07-12 18:08:10","0","1000000"
"1005","2010200000","市民居住","1055020000000009","2010000000","terminalNode","pre_release_standard","0","999","admin","2023-12-17 23:34:49","system_user","2024-07-12 18:08:10","0","1000000"
"1006","2010300000","办公职场","1055020000000009","2010000000","terminalNode","pre_release_standard","0","999","admin","2023-12-17 23:34:49","system_user","2024-07-12 18:08:10","0","1000000"
"1007","2010400000","交通场站","1055020000000009","2010000000","terminalNode","pre_release_standard","0","999","admin","2023-12-17 23:34:49","system_user","2024-07-12 18:08:10","0","1000000"
"1008","2010500000","餐饮服务","1055020000000009","2010000000","terminalNode","pre_release_standard","0","999","admin","2023-12-17 23:34:49","system_user","2024-07-12 18:08:10","0","1000000"
"1009","2010600000","酒店民宿","1055020000000009","2010000000","terminalNode","pre_release_standard","0","999","admin","2023-12-17 23:34:49","system_user","2024-07-12 18:08:10","0","1000000"
"1010","2010700000","商超购物","1055020000000009","2010000000","terminalNode","pre_release_standard","0","999","admin","2023-12-17 23:34:49","system_user","2024-07-12 18:08:10","0","1000000"
"1011","2010800000","家政便民","1055020000000009","2010000000","terminalNode","pre_release_standard","0","999","admin","2023-12-17 23:34:49","system_user","2024-07-12 18:08:10","0","1000000"
"1012","2010900000","文娱休闲","1055020000000009","2010000000","terminalNode","pre_release_standard","0","999","admin","2023-12-17 23:34:49","system_user","2024-07-12 18:08:10","0","1000000"
"1013","2011000000","运动户外","1055020000000009","2010000000","terminalNode","pre_release_standard","0","999","admin","2023-12-17 23:34:49","system_user","2024-07-12 18:08:10","0","1000000"
"1014","2011100000","教育培训","1055020000000009","2010000000","terminalNode","pre_release_standard","0","999","admin","2023-12-17 23:34:49","system_user","2024-07-12 18:08:10","0","1000000"
"1015","2011200000","医疗卫生","1055020000000009","2010000000","terminalNode","pre_release_standard","0","999","admin","2023-12-17 23:34:49","system_user","2024-07-12 18:08:10","0","1000000"
"1016","2011300000","应急避难","1055020000000009","2010000000","terminalNode","pre_release_standard","0","999","admin","2023-12-17 23:34:49","system_user","2024-07-12 18:08:10","0","1000000"
"1017","2011400000","金融服务","1055020000000009","2010000000","terminalNode","pre_release_standard","0","999","admin","2023-12-17 23:34:49","system_user","2024-07-12 18:08:10","0","1000000"
"1018","2011500000","宗教外交","1055020000000009","2010000000","terminalNode","pre_release_standard","0","999","admin","2023-12-17 23:34:49","system_user","2024-07-12 18:08:10","0","1000000"
"1019","2011600000","政务司法","1055020000000009","2010000000","terminalNode","pre_release_standard","0","999","admin","2023-12-17 23:34:49","system_user","2024-07-12 18:08:10","0","1000000"
"1020","2011700000","福利机构","1055020000000009","2010000000","terminalNode","pre_release_standard","0","999","admin","2023-12-17 23:34:49","system_user","2024-07-12 18:08:10","0","1000000"
"1021","2011800000","科研观测","1055020000000009","2010000000","terminalNode","pre_release_standard","0","999","admin","2023-12-17 23:34:49","system_user","2024-07-12 18:08:10","0","1000000"
"1022","2011900000","传媒通讯","1055020000000009","2010000000","terminalNode","pre_release_standard","0","999","admin","2023-12-17 23:34:49","system_user","2024-07-12 18:08:10","0","1000000"
"1023","2012000000","物流仓储","1055020000000009","2010000000","terminalNode","pre_release_standard","0","999","admin","2023-12-17 23:34:49","system_user","2024-07-12 18:08:10","0","1000000"
"1024","2012100000","能源供给","1055020000000009","2010000000","terminalNode","pre_release_standard","0","999","admin","2023-12-17 23:34:49","system_user","2024-07-12 18:08:10","0","1000000"
"1025","2012200000","生产制造","1055020000000009","2010000000","terminalNode","pre_release_standard","0","999","admin","2023-12-17 23:34:49","system_user","2024-07-12 18:08:10","0","1000000"
"1026","2012300000","军事管理","1055020000000009","2010000000","terminalNode","pre_release_standard","0","999","admin","2023-12-17 23:34:49","system_user","2024-07-12 18:08:10","0","1000000"
"1027","2020100000","交通轨道","1055020000000009","2020000000","terminalNode","pre_release_standard","0","999","admin","2023-12-17 23:34:49","system_user","2024-07-12 18:08:10","0","1000000"
"1028","2020200000","出行线路","1055020000000009","2020000000","terminalNode","pre_release_standard","0","999","admin","2023-12-17 23:34:49","system_user","2024-07-12 18:08:10","0","1000000"
"1029","2020300000","管网线路","1055020000000009","2020000000","terminalNode","pre_release_standard","0","999","admin","2023-12-17 23:34:49","system_user","2024-07-12 18:08:10","0","1000000"
"1030","2020400000","线形地貌","1055020000000009","2020000000","terminalNode","pre_release_standard","0","999","admin","2023-12-17 23:34:49","system_user","2024-07-12 18:08:10","0","1000000"
"1031","2030100000","城市功能区","1055020000000009","2030000000","terminalNode","pre_release_standard","0","999","admin","2023-12-17 23:34:49","system_user","2024-07-12 18:08:10","0","1000000"
"1032","2030200000","临时管控区","1055020000000009","2030000000","terminalNode","pre_release_standard","0","999","admin","2023-12-17 23:34:49","system_user","2024-07-12 18:08:10","0","1000000"
"1033","2030300000","行政区划","1055020000000009","2030000000","terminalNode","pre_release_standard","0","999","admin","2023-12-17 23:34:49","system_user","2024-07-12 18:08:10","0","1000000"
"1034","2030400000","特属专区","1055020000000009","2030000000","terminalNode","pre_release_standard","0","999","admin","2023-12-17 23:34:49","system_user","2024-07-12 18:08:10","0","1000000"
"1035","2030500000","军事特区","1055020000000009","2030000000","terminalNode","pre_release_standard","0","999","admin","2023-12-17 23:34:49","system_user","2024-07-12 18:08:10","0","1000000"
"1036","2030600000","生态区域","1055020000000009","2030000000","terminalNode","pre_release_standard","0","999","admin","2023-12-17 23:34:49","system_user","2024-07-12 18:08:10","0","1000000"
"1037","2030700000","农业生产","1055020000000009","2030000000","terminalNode","pre_release_standard","0","999","admin","2023-12-17 23:34:49","system_user","2024-07-12 18:08:10","0","1000000"
"1038","2030800000","加工制造","1055020000000009","2030000000","terminalNode","pre_release_standard","0","999","admin","2023-12-17 23:34:49","system_user","2024-07-12 18:08:10","0","1000000"
"1039","3010000000","事业单位","105505000000000c","3000000000","terminalNode","pre_release_standard","0","999","admin","2023-12-17 23:34:49","system_user","2024-07-12 18:08:10","0","1000000"
"1040","3020000000","企业","105505000000000c","3000000000","terminalNode","pre_release_standard","0","999","admin","2023-12-17 23:34:49","system_user","2024-07-12 18:08:10","0","1000000"
"1041","3030000000","社会服务机构","105505000000000c","3000000000","terminalNode","pre_release_standard","0","999","admin","2023-12-17 23:34:49","system_user","2024-07-12 18:08:10","0","1000000"
"1042","3040000000","社会团体","105505000000000c","3000000000","terminalNode","pre_release_standard","0","999","admin","2023-12-17 23:34:49","system_user","2024-07-12 18:08:10","0","1000000"
"1043","3050000000","基金会","105505000000000c","3000000000","terminalNode","pre_release_standard","0","999","admin","2023-12-17 23:34:49","system_user","2024-07-12 18:08:10","0","1000000"
"1044","3060000000","集体经济组织","105505000000000c","3000000000","terminalNode","pre_release_standard","0","999","admin","2023-12-17 23:34:49","system_user","2024-07-12 18:08:10","0","1000000"
"1045","5010000000","属地居民","1055010000000008","5000000000","terminalNode","pre_release_standard","0","999","admin","2023-12-17 23:34:49","system_user","2024-07-12 18:08:10","0","1000000"
"1046","5020000000","组织人员","1055010000000008","5000000000","parentNode","pre_release_standard","0","999","admin","2023-12-17 23:34:49","system_user","2024-07-12 18:08:10","0","1000000"
"1047","5020100000","事业单位人员","1055010000000008","5020000000","terminalNode","pre_release_standard","0","999","admin","2023-12-17 23:34:49","system_user","2024-07-12 18:08:10","0","1000000"
"1048","5020200000","企业人员","1055010000000008","5020000000","terminalNode","pre_release_standard","0","999","admin","2023-12-17 23:34:49","system_user","2024-07-12 18:08:10","0","1000000"
"1049","5020300000","社会服务机构人员","1055010000000008","5020000000","terminalNode","pre_release_standard","0","999","admin","2023-12-17 23:34:49","system_user","2024-07-12 18:08:10","0","1000000"
"1050","5020400000","社会团体人员","1055010000000008","5020000000","terminalNode","pre_release_standard","0","999","admin","2023-12-17 23:34:49","system_user","2024-07-12 18:08:10","0","1000000"
"1051","5020500000","基金会人员","1055010000000008","5020000000","terminalNode","pre_release_standard","0","999","admin","2023-12-17 23:34:49","system_user","2024-07-12 18:08:10","0","1000000"
"1052","5020600000","集体经济组织人员","1055010000000008","5020000000","terminalNode","pre_release_standard","0","999","admin","2023-12-17 23:34:49","system_user","2024-07-12 18:08:10","0","1000000"
"1053","1190000000","通讯设备","105504000000000b","1000000000","parentNode","pre_release_standard","0","1","admin","2023-12-17 23:34:49","icos","2024-07-12 18:08:10","0","1000000"
"1054","1190100000","移动电话","105504000000000b","1190000000","terminalNode","pre_release_standard","0","999","admin","2023-12-17 23:34:49","system_user","2024-07-12 18:08:10","0","1000000"
"1055","1190200000","固定电话","105504000000000b","1190000000","terminalNode","pre_release_standard","0","999","admin","2023-12-17 23:34:49","system_user","2024-07-12 18:08:10","0","1000000"
"1056","1190300000","单兵设备","105504000000000b","1190000000","terminalNode","pre_release_standard","0","999","admin","2023-12-17 23:34:49","system_user","2024-07-12 18:08:10","0","1000000"
"1057","1020000000_pre_release","视频监控设施","105504000000000b","1000000000","parentNode","pre_release_nonstandard","0","999","icos","2023-12-17 23:54:37","icos","2024-07-12 18:08:10","1","1000001"
"1058","1020100000_pre_release","数字高清摄像机","105504000000000b","1020000000_pre_release","parentNode","pre_release_nonstandard","0","999","icos","2023-12-17 23:54:48","system_user","2024-07-12 18:08:10","0","1000002"
"1059","1020101000_pre_release","卡口枪机","105504000000000b","1020100000_pre_release","terminalNode","pre_release_nonstandard","0","999","icos","2023-12-17 23:55:04","system_user","2024-07-12 18:08:10","0","1000003"
"1060","1020102000_pre_release","枪机","105504000000000b","1020100000_pre_release","terminalNode","pre_release_nonstandard","0","999","icos","2023-12-17 23:55:12","system_user","2024-07-12 18:08:10","0","1000004"
"1061","1020103000_pre_release","球机","105504000000000b","1020100000_pre_release","terminalNode","pre_release_nonstandard","0","999","icos","2023-12-17 23:55:20","system_user","2024-07-12 18:08:10","0","1000005"
"1062","1020104000_pre_release","人脸枪机","105504000000000b","1020100000_pre_release","terminalNode","pre_release_nonstandard","0","999","icos","2023-12-17 23:55:28","system_user","2024-07-12 18:08:10","0","1000006"
"1063","1000000000_pre_release","城市码","105504000000000b","0000000000","parentNode","pre_release_nonstandard","1","6","icos","2023-12-17 23:55:59","icos","2024-07-12 18:08:10","1","1000007"
"1064","1010000000_pre_release","其他市政设施","105504000000000b","1000000000_pre_release","parentNode","pre_release_nonstandard","0","999","icos","2023-12-17 23:56:09","system_user","2024-07-12 18:08:10","0","1000008"
"1065","1010200000_pre_release","其他城市部件","105504000000000b","1010000000_pre_release","parentNode","pre_release_nonstandard","1","999","icos","2023-12-17 23:56:21","icos","2024-07-12 18:08:10","0","1000009"
"1066","1010201000_pre_release","设备箱体 ","105504000000000b","1010200000_pre_release","terminalNode","pre_release_nonstandard","0","999","icos","2023-12-17 23:56:34","system_user","2024-07-12 18:08:10","0","1000010"
"1067","1010202000_pre_release","路灯","105504000000000b","1010200000_pre_release","terminalNode","pre_release_nonstandard","0","999","icos","2023-12-17 23:56:41","system_user","2024-07-12 18:08:10","0","1000011"
"1068","1010203000_pre_release","井盖","105504000000000b","1010200000_pre_release","terminalNode","pre_release_nonstandard","0","999","icos","2023-12-17 23:56:49","system_user","2024-07-12 18:08:10","0","1000012"
"1069","1010300000_pre_release","物联感知设施","105504000000000b","1010000000_pre_release","parentNode","pre_release_nonstandard","1","999","icos","2023-12-17 23:57:03","icos","2024-07-12 18:08:10","0","1000013"
"1070","1010301000_pre_release","摄像头","105504000000000b","1010300000_pre_release","terminalNode","pre_release_nonstandard","0","999","icos","2023-12-17 23:57:15","system_user","2024-07-12 18:08:10","0","1000014"
"1071","1010302000_pre_release","水务传感器","105504000000000b","1010300000_pre_release","terminalNode","pre_release_nonstandard","0","999","icos","2023-12-17 23:57:24","system_user","2024-07-12 18:08:10","0","1000015"
"1073","7000000000","政府组织","105505000000000c","0000000000","terminalNode","beijing_standard","0","999","icos","2024-01-08 09:00:51","icos","2024-07-12 18:08:10","1","1010000"
"1074","7000000000","政府组织","105505000000000c","0000000000","terminalNode","datong_standard","0","999","icos","2024-01-08 09:00:51","icos","2024-07-12 18:08:10","1","1010000"
"1075","7000000000","政府组织","105505000000000c","0000000000","terminalNode","xinyu_standard","0","999","icos","2024-01-08 09:00:51","icos","2024-07-12 18:08:10","1","1010000"
"1076","7000000000","政府组织","105505000000000c","0000000000","terminalNode","pre_release_standard","0","999","icos","2024-01-08 09:00:51","icos","2024-07-12 18:08:10","1","1010000"
"1078","4010000000","事件","105503000000000a","4000000000","terminalNode","beijing_standard","0","999","icos","2024-01-08 09:01:32","icos","2024-07-12 18:08:10","1","1020000"
"1079","4010000000","事件","105503000000000a","4000000000","terminalNode","datong_standard","0","999","icos","2024-01-08 09:01:32","icos","2024-07-12 18:08:10","1","1020000"
"1080","4010000000","事件","105503000000000a","4000000000","terminalNode","xinyu_standard","0","999","icos","2024-01-08 09:01:32","icos","2024-07-12 18:08:10","1","1020000"
"1081","4010000000","事件","105503000000000a","4000000000","terminalNode","pre_release_standard","0","999","icos","2024-01-08 09:01:32","icos","2024-07-12 18:08:10","1","1020000"
"1083","4020000000","事项","105503000000000a","4000000000","terminalNode","beijing_standard","0","999","icos","2024-01-08 09:02:04","icos","2024-07-12 18:08:10","1","1030000"
"1084","4020000000","事项","105503000000000a","4000000000","terminalNode","datong_standard","0","999","icos","2024-01-08 09:02:04","icos","2024-07-12 18:08:10","1","1030000"
"1085","4020000000","事项","105503000000000a","4000000000","terminalNode","xinyu_standard","0","999","icos","2024-01-08 09:02:04","icos","2024-07-12 18:08:10","1","1030000"
"1086","4020000000","事项","105503000000000a","4000000000","terminalNode","pre_release_standard","0","999","icos","2024-01-08 09:02:04","icos","2024-07-12 18:08:10","1","1030000"
"1088","4030000000","任务","105503000000000a","4000000000","terminalNode","beijing_standard","0","999","icos","2024-01-08 09:02:12","icos","2024-07-12 18:08:10","1","1040000"
"1089","4030000000","任务","105503000000000a","4000000000","terminalNode","datong_standard","0","999","icos","2024-01-08 09:02:12","icos","2024-07-12 18:08:10","1","1040000"
"1090","4030000000","任务","105503000000000a","4000000000","terminalNode","xinyu_standard","0","999","icos","2024-01-08 09:02:12","icos","2024-07-12 18:08:10","1","1040000"
"1091","4030000000","任务","105503000000000a","4000000000","terminalNode","pre_release_standard","0","999","icos","2024-01-08 09:02:12","icos","2024-07-12 18:08:10","1","1040000"
"1093","4040000000","风险","105503000000000a","4000000000","terminalNode","beijing_standard","0","999","icos","2024-01-08 09:02:19","icos","2024-07-12 18:08:10","1","1050000"
"1094","4040000000","风险","105503000000000a","4000000000","terminalNode","datong_standard","0","999","icos","2024-01-08 09:02:19","icos","2024-07-12 18:08:10","1","1050000"
"1095","4040000000","风险","105503000000000a","4000000000","terminalNode","xinyu_standard","0","999","icos","2024-01-08 09:02:19","icos","2024-07-12 18:08:10","1","1050000"
"1096","4040000000","风险","105503000000000a","4000000000","terminalNode","pre_release_standard","0","999","icos","2024-01-08 09:02:19","icos","2024-07-12 18:08:10","1","1050000"
"1097","2000000000_pre_release","政府组织","105505000000000c","0000000000","terminalNode","pre_release_nonstandard","0","7","icos","2024-01-08 09:03:36","icos","2024-07-12 18:08:10","1","1010015"
"1098","4010000000_pre_release","事件","105503000000000a","4000000000","terminalNode","pre_release_nonstandard","0","0","icos","2024-01-08 09:06:55","icos","2024-07-12 18:08:10","1","1020015"
"1099","4020000000_pre_release","事项","105503000000000a","4000000000","terminalNode","pre_release_nonstandard","0","1","icos","2024-01-08 09:07:02","icos","2024-07-12 18:08:10","1","1030015"
"1100","4030000000_pre_release","任务","105503000000000a","4000000000","terminalNode","pre_release_nonstandard","0","2","icos","2024-01-08 09:07:09","icos","2024-07-12 18:08:10","1","1040015"
"1101","4040000000_pre_release","风险","105503000000000a","4000000000","terminalNode","pre_release_nonstandard","0","3","icos","2024-01-08 09:07:14","icos","2024-07-12 18:08:10","1","1050015"
"1102","3000000000_pre_release","政府通讯录","1055010000000008","0000000000","terminalNode","pre_release_nonstandard","0","8","icos","2024-01-08 09:12:12","icos","2024-07-12 18:08:10","1","1060015"
"1103","4000000000_pre_release","城市事件","105503000000000a","0000000000","parentNode","pre_release_nonstandard","0","9","icos","2024-01-17 06:41:19","icos","2024-07-12 18:08:10","1","1060016"
"1104","4010000000_pre_release","事件","105503000000000a","4000000000_pre_release","terminalNode","pre_release_nonstandard","0","999","icos","2024-01-17 06:41:36","system_user","2024-07-12 18:08:10","0","1060017"
"1105","4020000000_pre_release","事项","105503000000000a","4000000000_pre_release","terminalNode","pre_release_nonstandard","0","999","icos","2024-01-17 06:41:42","system_user","2024-07-12 18:08:10","0","1060018"
"1106","4030000000_pre_release","任务","105503000000000a","4000000000_pre_release","terminalNode","pre_release_nonstandard","0","999","icos","2024-01-17 06:41:48","system_user","2024-07-12 18:08:10","0","1060019"
"1107","4040000000_pre_release","风险 ","105503000000000a","4000000000_pre_release","terminalNode","pre_release_nonstandard","0","999","icos","2024-01-17 06:41:53","system_user","2024-07-12 18:08:10","0","1060020"
"1108","3010000000_beijing","组织机构","105505000000000c","3000000000","parentNode","beijing_nonstandard","0","999","icos","2024-01-17 09:32:47","icos","2024-07-12 18:08:10","1","1000057"
"1109","3000000000_beijing","组织机构","105505000000000c","0000000000","parentNode","beijing_nonstandard","0","999","icos","2024-01-17 09:35:36","icos","2024-07-12 18:08:10","1","1000057"
"1110","3010000000_beijing","企事业单位","105505000000000c","3000000000_beijing","parentNode","beijing_nonstandard","0","0","icos","2024-01-17 09:35:54","icos","2024-07-12 18:08:10","1","1000058"
"1111","3020000000_beijing","政府组织","105505000000000c","3000000000_beijing","terminalNode","beijing_nonstandard","0","1","icos","2024-01-17 09:37:00","icos","2024-07-12 18:08:10","1","1000059"
"1112","3010100000_beijing"," 事业单位","105505000000000c","3010000000","terminalNode","beijing_nonstandard","0","999","icos","2024-01-17 09:43:29","icos","2024-07-12 18:08:10","1","1000060"
"1113","3010200000_beijing","企业","105505000000000c","3010000000","terminalNode","beijing_nonstandard","0","999","icos","2024-01-17 09:48:00","icos","2024-07-12 18:08:10","1","1000061"
"1114","3010100000_beijing","事业单位","105505000000000c","3010000000_beijing","terminalNode","beijing_nonstandard","0","999","icos","2024-01-17 09:49:08","system_user","2024-07-12 18:08:10","1","1000060"
"1115","3010200000_beijing","企业","105505000000000c","3010000000_beijing","terminalNode","beijing_nonstandard","0","999","icos","2024-01-17 09:49:18","system_user","2024-07-12 18:08:10","1","1000061"
"1116","3010300000_beijing"," 社会服务机构","105505000000000c","3010000000_beijing","terminalNode","beijing_nonstandard","0","999","icos","2024-01-17 09:49:23","system_user","2024-07-12 18:08:10","1","1000062"
"1117","3030000000_beijing"," 社会团体","105505000000000c","3000000000_beijing","terminalNode","beijing_nonstandard","0","2","icos","2024-01-17 09:49:42","icos","2024-07-12 18:08:10","1","1000063"
"1118","3040000000_beijing","基金会","105505000000000c","3000000000_beijing","terminalNode","beijing_nonstandard","0","3","icos","2024-01-17 09:49:48","icos","2024-07-12 18:08:10","1","1000064"
"1119","3050000000_beijing"," 集体经济组织","105505000000000c","3000000000_beijing","terminalNode","beijing_nonstandard","0","4","icos","2024-01-17 10:05:25","icos","2024-07-12 18:08:10","1","1000065"
"1120","5000000000_pre_release","组织机构","105505000000000c","0000000000","terminalNode","pre_release_nonstandard","0","999","icos","2024-01-17 10:19:32","icos","2024-07-12 18:08:10","1","1060021"
"1121","5010000000_pre_release","企事业单位","105505000000000c","5000000000_pre_release","parentNode","pre_release_nonstandard","0","999","icos","2024-01-17 10:20:02","icos","2024-07-12 18:08:10","0","1060022"
"1122","5020000000_pre_release","政府组织","105505000000000c","5000000000_pre_release","terminalNode","pre_release_nonstandard","0","999","icos","2024-01-17 10:20:09","system_user","2024-07-12 18:08:10","0","1060023"
"1123","5010100000_pre_release","事业单位","105505000000000c","5010000000_pre_release","terminalNode","pre_release_nonstandard","0","999","icos","2024-01-17 10:20:40","system_user","2024-07-12 18:08:10","0","1060024"
"1124","5010200000_pre_release","企业","105505000000000c","5010000000_pre_release","terminalNode","pre_release_nonstandard","0","999","icos","2024-01-17 10:20:46","system_user","2024-07-12 18:08:10","0","1060025"
"1126","8000000000","政府组织","105505000000000c","0000000000","terminalNode","beijing_standard","0","999","icos","2024-01-24 03:23:30","icos","2024-07-12 18:08:10","1","1000001"
"1127","8000000000","政府组织","105505000000000c","0000000000","terminalNode","datong_standard","0","999","icos","2024-01-24 03:23:30","icos","2024-07-12 18:08:10","1","1000001"
"1128","8000000000","政府组织","105505000000000c","0000000000","terminalNode","xinyu_standard","0","999","icos","2024-01-24 03:23:30","icos","2024-07-12 18:08:10","1","1000001"
"1129","8000000000","政府组织","105505000000000c","0000000000","terminalNode","pre_release_standard","0","999","icos","2024-01-24 03:23:30","icos","2024-07-12 18:08:10","1","1000001"
"1130","9000000000","政府组织","105505000000000c","0000000000","terminalNode","standard","0","999","icos","2024-01-24 11:25:52","system_user","2024-07-12 17:33:34","0","1010000"
"1131","9000000000","政府组织","105505000000000c","0000000000","terminalNode","beijing_standard","0","999","icos","2024-01-24 03:25:52","system_user","2024-07-12 18:08:10","0","1010000"
"1132","9000000000","政府组织","105505000000000c","0000000000","terminalNode","datong_standard","0","999","icos","2024-01-24 03:25:52","system_user","2024-07-12 18:08:10","0","1010000"
"1133","9000000000","政府组织","105505000000000c","0000000000","terminalNode","xinyu_standard","0","999","icos","2024-01-24 03:25:52","system_user","2024-07-12 18:08:10","0","1010000"
"1134","9000000000","政府组织","105505000000000c","0000000000","terminalNode","pre_release_standard","0","999","icos","2024-01-24 03:25:52","system_user","2024-07-12 18:08:10","0","1010000"
"1135","4050000000","事件","105503000000000a","4000000000","terminalNode","standard","0","999","icos","2024-01-24 11:30:12","system_user","2024-07-12 17:33:34","0","1010001"
"1136","4050000000","事件","105503000000000a","4000000000","terminalNode","beijing_standard","0","999","icos","2024-01-24 03:30:13","system_user","2024-07-12 18:08:10","0","1010001"
"1137","4050000000","事件","105503000000000a","4000000000","terminalNode","datong_standard","0","999","icos","2024-01-24 03:30:13","system_user","2024-07-12 18:08:10","0","1010001"
"1138","4050000000","事件","105503000000000a","4000000000","terminalNode","xinyu_standard","0","999","icos","2024-01-24 03:30:13","system_user","2024-07-12 18:08:10","0","1010001"
"1139","4050000000","事件","105503000000000a","4000000000","terminalNode","pre_release_standard","0","999","icos","2024-01-24 03:30:13","system_user","2024-07-12 18:08:10","0","1010001"
"1140","4060000000","事项","105503000000000a","4000000000","terminalNode","standard","0","999","icos","2024-01-24 11:30:24","system_user","2024-07-12 17:33:34","0","1010002"
"1141","4060000000","事项","105503000000000a","4000000000","terminalNode","beijing_standard","0","999","icos","2024-01-24 03:30:24","system_user","2024-07-12 18:08:10","0","1010002"
"1142","4060000000","事项","105503000000000a","4000000000","terminalNode","datong_standard","0","999","icos","2024-01-24 03:30:24","system_user","2024-07-12 18:08:10","0","1010002"
"1143","4060000000","事项","105503000000000a","4000000000","terminalNode","xinyu_standard","0","999","icos","2024-01-24 03:30:24","system_user","2024-07-12 18:08:10","0","1010002"
"1144","4060000000","事项","105503000000000a","4000000000","terminalNode","pre_release_standard","0","999","icos","2024-01-24 03:30:24","system_user","2024-07-12 18:08:10","0","1010002"
"1145","4070000000","任务","105503000000000a","4000000000","terminalNode","standard","0","999","icos","2024-01-24 11:30:31","system_user","2024-07-12 17:33:34","0","1010003"
"1146","4070000000","任务","105503000000000a","4000000000","terminalNode","beijing_standard","0","999","icos","2024-01-24 03:30:31","system_user","2024-07-12 18:08:10","0","1010003"
"1147","4070000000","任务","105503000000000a","4000000000","terminalNode","datong_standard","0","999","icos","2024-01-24 03:30:31","system_user","2024-07-12 18:08:10","0","1010003"
"1148","4070000000","任务","105503000000000a","4000000000","terminalNode","xinyu_standard","0","999","icos","2024-01-24 03:30:31","system_user","2024-07-12 18:08:10","0","1010003"
"1149","4070000000","任务","105503000000000a","4000000000","terminalNode","pre_release_standard","0","999","icos","2024-01-24 03:30:31","system_user","2024-07-12 18:08:10","0","1010003"
"1150","4080000000","风险","105503000000000a","4000000000","terminalNode","standard","0","999","icos","2024-01-24 11:30:38","system_user","2024-07-12 17:33:34","0","1010004"
"1151","4080000000","风险","105503000000000a","4000000000","terminalNode","beijing_standard","0","999","icos","2024-01-24 03:30:38","system_user","2024-07-12 18:08:10","0","1010004"
"1152","4080000000","风险","105503000000000a","4000000000","terminalNode","datong_standard","0","999","icos","2024-01-24 03:30:38","system_user","2024-07-12 18:08:10","0","1010004"
"1153","4080000000","风险","105503000000000a","4000000000","terminalNode","xinyu_standard","0","999","icos","2024-01-24 03:30:38","system_user","2024-07-12 18:08:10","0","1010004"
"1154","4080000000","风险","105503000000000a","4000000000","terminalNode","pre_release_standard","0","999","icos","2024-01-24 03:30:38","system_user","2024-07-12 18:08:10","0","1010004"
"1155","a000000000","测试实体分类","1055010000000008","0000000000","parentNode","pre_release_nonstandard","0","999","admin","2024-04-02 10:23:38","icos","2024-07-12 18:08:10","1","1060026"
"1156","a0a0000000","测试实体类型","1055010000000008","a000000000","terminalNode","pre_release_nonstandard","0","999","admin","2024-04-02 10:24:00","icos","2024-07-12 18:08:10","1","1060027"
"1157","a0b0000000","测试实体类型2","1055010000000008","a000000000","terminalNode","pre_release_nonstandard","0","999","admin","2024-04-02 10:24:21","icos","2024-07-12 18:08:10","1","1060028"
"1158","1010a00000","传感检测测试子分类","105504000000000b","1010000000","parentNode","pre_release_nonstandard","0","999","admin","2024-04-02 12:33:36","icos","2024-07-12 18:08:10","1","1060029"
"1159","101050a000","电学量测试子分类","105504000000000b","1010500000","terminalNode","pre_release_nonstandard","0","999","admin","2024-04-02 12:34:12","icos","2024-07-12 18:08:10","1","1060030"
"1160","1170a00000","视频监控子分类","105504000000000b","1170000000","terminalNode","pre_release_nonstandard","0","999","admin","2024-04-02 12:35:45","icos","2024-07-12 18:08:10","1","1060031"
"1161","2020500000","水利设施","1055020000000009","2020000000","terminalNode","standard","0","4","admin_icos","2024-07-11 17:32:36","admin_icos","2024-07-12 17:33:34","0","1010005"
"1166","2020600000","其他水系要素","1055020000000009","2020000000","terminalNode","standard","0","5","admin_icos","2024-07-11 17:33:07","admin_icos","2024-07-12 17:33:34","0","1010006"
"1171","2040000000","管线","1055020000000009","2000000000","parentNode","standard","0","999","admin_icos","2024-07-11 17:33:55","system_user","2024-07-12 17:33:34","0","1010007"
"1176","2040100000","能源管线","1055020000000009","2040000000","terminalNode","standard","0","999","admin_icos","2024-07-11 17:34:12","system_user","2024-07-12 17:33:34","0","1010008"
"1181","2040200000","通信线路","1055020000000009","2040000000","terminalNode","standard","0","999","admin_icos","2024-07-11 17:34:21","system_user","2024-07-12 17:33:34","0","1010009"
