"id","tag_code","tag_name","parent_tag_code","type","description","visible","serial_number","create_user","create_time","modify_user","modify_time","del_stat","version_no"
"1","0","政府职能标签",NULL,"root",,"0",NULL,"system_user","2024-06-05 09:46:59","system_user","2024-06-19 08:02:35","0","0"
"1528","1001","政府办公","0","parentNode",,NULL,"0","system_user","2024-11-11 14:40:05","yanshan","2024-11-11 14:40:05","0","0"
"1529","1000001","日常工作管理","1001","terminalNode","协助政府领导处理政府日常工作，发挥统筹协调、参谋助手、督促检查、服务保障等职能作用。",NULL,NULL,"system_user","2024-11-11 14:40:05","xiexinyu","2024-11-11 14:40:05","0","0"
"1530","1000002","会议筹备","1001","terminalNode","负责政府会议的筹备、组织和服务保障工作。",NULL,NULL,"system_user","2024-11-11 14:40:05","xiexinyu","2024-11-11 14:40:05","0","0"
"1531","1000003","公文起草审核","1001","terminalNode","协助政府领导组织起草或审核以政府、政府办公厅名义印发的公文。",NULL,NULL,"system_user","2024-11-11 14:40:05","xiexinyu","2024-11-11 14:40:05","0","0"
"1532","1000004","文件审查","1001","terminalNode","研究审核政府各部门、各从属机构向政府报送的请示、报告等公文，提出拟办意见，报请政府领导批阅。",NULL,NULL,"system_user","2024-11-11 14:40:05","xiexinyu","2024-11-11 14:40:05","0","0"
"1533","1000005","文电处理","1001","terminalNode","承办国务院、国务院办公厅以及国务院各部委、各直属机构、其他省区政府和其他机构发送政府的文电。",NULL,NULL,"system_user","2024-11-11 14:40:05","xiexinyu","2024-11-11 14:40:05","0","0"
"1534","1000006","值班管理","1001","terminalNode","负责政府总值班工作，协助安排政府领导开展调研工作和参加重要政务活动。",NULL,NULL,"system_user","2024-11-11 14:40:05","xiexinyu","2024-11-11 14:40:05","0","0"
"1535","1000007","督查工作","1001","terminalNode","负责政府督查工作，督促检查党中央、国务院重大决策、重要工作部署贯彻落实情况，督办落实政府决策部署、重点工作、重要会议决定事项、重要文件以及领导指示批示和交办事项。综合协调政府部门和区政府的督促检查工作。",NULL,NULL,"system_user","2024-11-11 14:40:05","xiexinyu","2024-11-11 14:40:05","0","0"
"1536","1000008","绩效管理","1001","terminalNode","负责行政机关和区政府绩效管理、绩效考评工作。",NULL,NULL,"system_user","2024-11-11 14:40:05","xiexinyu","2024-11-11 14:40:05","0","0"
"1537","1000009","信息与舆情提供","1001","terminalNode","负责为领导提供重要信息及社会舆情。",NULL,NULL,"system_user","2024-11-11 14:40:05","xiexinyu","2024-11-11 14:40:05","0","0"
"1538","1000010","联系人大政协","1001","terminalNode","负责联系人大、政协有关工作。",NULL,NULL,"system_user","2024-11-11 14:40:05","xiexinyu","2024-11-11 14:40:05","0","0"
"1539","1000011","综合协调","1001","terminalNode","负责服务中央和国家机关、部队、中央在本地企事业单位的综合协调工作。",NULL,NULL,"system_user","2024-11-11 14:40:05","xiexinyu","2024-11-11 14:40:05","0","0"
"1540","1002","发改","0","parentNode",,NULL,"1","system_user","2024-11-11 14:40:05","xiexinyu","2024-11-12 08:08:29","0","0"
"1541","1000012","发展战略制定","1002","terminalNode","拟订并组织实施国民经济和社会发展战略、中长期规划和年度计划。",NULL,NULL,"system_user","2024-11-11 14:40:05","xiexinyu","2024-11-11 14:40:05","0","0"
"1542","1000013","规划体系建设","1002","terminalNode","牵头组织统一规划体系建设。负责专项规划、区域规划、空间规划与地区发展规划的统筹衔接。",NULL,NULL,"system_user","2024-11-11 14:40:05","xiexinyu","2024-11-11 14:40:05","0","0"
"1543","1000014","法规草案起草","1002","terminalNode","起草国民经济和社会发展、经济体制改革和对外开放的有关地方性法规草案、政府规章草案。",NULL,NULL,"system_user","2024-11-11 14:40:05","xiexinyu","2024-11-11 14:40:05","0","0"
"1544","1000015","经济体系目标制定","1002","terminalNode","提出加快建设现代化经济体系、推动高质量发展的总体目标、重大任务以及有关政策。",NULL,NULL,"system_user","2024-11-11 14:40:05","xiexinyu","2024-11-11 14:40:05","0","0"
"1545","1000016","重大工程评估督导","1002","terminalNode","组织开展重大规划、重大政策、重大工程等评估督导，提出有关调整建议。",NULL,NULL,"system_user","2024-11-11 14:40:05","xiexinyu","2024-11-11 14:40:05","0","0"
"1546","1000017","经济调控建议","1002","terminalNode","统筹提出国民经济和社会发展主要目标，监测预警经济和社会发展态势趋势，提出调控政策建议。",NULL,NULL,"system_user","2024-11-11 14:40:05","xiexinyu","2024-11-11 14:40:05","0","0"
"1547","1000018","价格政策制定","1002","terminalNode","拟订并组织实施有关价格政策，按权限组织制定、调整重要商品、服务价格和收费标准。",NULL,NULL,"system_user","2024-11-11 14:40:05","xiexinyu","2024-11-11 14:40:05","0","0"
"1548","1000019","经济体制改革协调","1002","terminalNode","指导推进和综合协调本市经济体制改革有关工作，提出有关改革建议。",NULL,NULL,"system_user","2024-11-11 14:40:05","xiexinyu","2024-11-11 14:40:05","0","0"
"1549","1000020","营商环境优化","1002","terminalNode","牵头推进优化营商环境工作，拟订并组织实施优化营商环境规划、计划和方案。",NULL,NULL,"system_user","2024-11-11 14:40:05","xiexinyu","2024-11-11 14:40:05","0","0"
"1550","1000021","外资政策制定","1002","terminalNode","提出利用外资和境外投资的战略、规划、总量平衡和结构优化政策。",NULL,NULL,"system_user","2024-11-11 14:40:05","xiexinyu","2024-11-11 14:40:05","0","0"
"1551","1000022","固定资产投资管理","1002","terminalNode","负责投资综合管理，拟订全社会固定资产投资总规模、结构调控目标和政策。",NULL,NULL,"system_user","2024-11-11 14:40:05","xiexinyu","2024-11-11 14:40:05","0","0"
"1552","1000023","区域协调发展","1002","terminalNode","落实区域协调发展战略、新型城镇化战略和重大政策，组织拟订有关区域规划和政策。",NULL,NULL,"system_user","2024-11-11 14:40:05","xiexinyu","2024-11-11 14:40:05","0","0"
"1553","1000024","产业政策制定","1002","terminalNode","组织拟订综合性产业政策，协调一二三产业发展重大问题并统筹衔接有关发展规划和重大政策。",NULL,NULL,"system_user","2024-11-11 14:40:05","xiexinyu","2024-11-11 14:40:05","0","0"
"1554","1000025","创新驱动发展","1002","terminalNode","推动实施创新驱动发展战略，统筹推进创新发展、高技术产业和战略性新兴产业发展。",NULL,NULL,"system_user","2024-11-11 14:40:05","xiexinyu","2024-11-11 14:40:05","0","0"
"1555","1000026","经济安全评估","1002","terminalNode","跟踪研判涉及经济安全风险隐患，提出有关工作建议。",NULL,NULL,"system_user","2024-11-11 14:40:05","xiexinyu","2024-11-11 14:40:05","0","0"
"1556","1000027","社会与经济协调","1002","terminalNode","负责社会发展与国民经济发展的政策衔接，协调有关重大问题。",NULL,NULL,"system_user","2024-11-11 14:40:05","xiexinyu","2024-11-11 14:40:05","0","0"
"1557","1000028","可持续发展战略","1002","terminalNode","推进实施可持续发展战略，综合协调和组织实施碳达峰碳中和工作。",NULL,NULL,"system_user","2024-11-11 14:40:05","xiexinyu","2024-11-11 14:40:05","0","0"
"1558","1000029","国防经济协调","1002","terminalNode","组织拟订推进经济建设与国防建设协调发展的战略和规划，协调有关重大问题。",NULL,NULL,"system_user","2024-11-11 14:40:05","xiexinyu","2024-11-11 14:40:05","0","0"
"1559","1000030","粮食储备管理","1002","terminalNode","管理粮食和物资储备局（简称粮食和储备局）。",NULL,NULL,"system_user","2024-11-11 14:40:05","xiexinyu","2024-11-11 14:40:05","0","0"
"1560","1003","教育","0","parentNode",,NULL,"2","system_user","2024-11-11 14:40:05","xiexinyu","2024-11-11 14:40:05","0","0"
"1561","1000031","教育法制建设","1003","terminalNode","贯彻落实国家关于教育方面的法律法规、规章和政策，推进依法治教，起草本市相关的地方性法规草案、政府规章草案。",NULL,NULL,"system_user","2024-11-11 14:40:05","xiexinyu","2024-11-11 14:40:05","0","0"
"1562","1000032","教育规划编制","1003","terminalNode","组织编制教育事业发展规划，会同有关部门编制教育设施专项规划，并组织实施。",NULL,NULL,"system_user","2024-11-11 14:40:05","xiexinyu","2024-11-11 14:40:05","0","0"
"1563","1000033","教育统筹管理","1003","terminalNode","统筹、协调和指导教育工作。统一管理学前教育、基础教育、中等职业教育、高等教育及其他各类教育事业。",NULL,NULL,"system_user","2024-11-11 14:40:05","xiexinyu","2024-11-11 14:40:05","0","0"
"1564","1000034","教育公平促进","1003","terminalNode","负责推进义务教育均衡发展和促进教育公平。",NULL,NULL,"system_user","2024-11-11 14:40:05","xiexinyu","2024-11-11 14:40:05","0","0"
"1565","1000035","教育标准体系建设","1003","terminalNode","负责建立各级各类教育相关标准体系并组织实施。",NULL,NULL,"system_user","2024-11-11 14:40:05","xiexinyu","2024-11-11 14:40:05","0","0"
"1566","1000036","社会信用体系建设","1003","terminalNode","负责教育系统社会信用体系建设。",NULL,NULL,"system_user","2024-11-11 14:40:05","xiexinyu","2024-11-11 14:40:05","0","0"
"1567","1000037","综合教育改革","1003","terminalNode","指导本市教育系统及农村、企业、社区的综合教育改革工作。",NULL,NULL,"system_user","2024-11-11 14:40:05","xiexinyu","2024-11-11 14:40:05","0","0"
"1568","1000038","终身学习体系建设","1003","terminalNode","统筹、协调和指导学习型社会、终身学习服务体系建设工作。",NULL,NULL,"system_user","2024-11-11 14:40:05","xiexinyu","2024-11-11 14:40:05","0","0"
"1569","1000039","教育机构审批","1003","terminalNode","负责审核、审批国家机构外的社会组织或个人举办的学校及教育机构的设置、变更和终止，并履行监管职责。",NULL,NULL,"system_user","2024-11-11 14:40:05","xiexinyu","2024-11-11 14:40:05","0","0"
"1570","1000040","教材审定","1003","terminalNode","组织编写中等及中等以下教育学校的教材，审定基础教育地方教材。",NULL,NULL,"system_user","2024-11-11 14:40:05","xiexinyu","2024-11-11 14:40:05","0","0"
"1571","1000041","考试招生管理","1003","terminalNode","研究考试招生改革工作，负责招生考试与评价制度改革政策的制定和考试的组织管理工作。",NULL,NULL,"system_user","2024-11-11 14:40:05","xiexinyu","2024-11-11 14:40:05","0","0"
"1572","1000042","学生就业指导","1003","terminalNode","参与拟订高等学校毕业生就业政策并组织实施，指导大学生就业创业和征兵工作。",NULL,NULL,"system_user","2024-11-11 14:40:05","xiexinyu","2024-11-11 14:40:05","0","0"
"1573","1000043","思想政治与德育","1003","terminalNode","管理、指导基础教育学校思想政治工作、德育工作，指导体育、卫生、艺术、劳动、国防教育。",NULL,NULL,"system_user","2024-11-11 14:40:05","xiexinyu","2024-11-11 14:40:05","0","0"
"1574","1000044","科研与创新平台","1003","terminalNode","规划、指导高等学校的科研和科技创新平台的发展建设。",NULL,NULL,"system_user","2024-11-11 14:40:05","xiexinyu","2024-11-11 14:40:05","0","0"
"1575","1000045","教育督导","1003","terminalNode","统筹规划、组织实施教育督导工作，制定督导与评估的规章制度。",NULL,NULL,"system_user","2024-11-11 14:40:05","xiexinyu","2024-11-11 14:40:05","0","0"
"1576","1000046","质量监测评估","1003","terminalNode","负责各类教育发展状况、质量的监测和办学水平的督导评估。",NULL,NULL,"system_user","2024-11-11 14:40:05","xiexinyu","2024-11-11 14:40:05","0","0"
"1577","1000047","教师队伍建设","1003","terminalNode","主管教师工作，指导教师队伍建设，统筹师德师风建设，负责教师资格认定。",NULL,NULL,"system_user","2024-11-11 14:40:05","xiexinyu","2024-11-11 14:40:05","0","0"
"1578","1000048","教育经费管理","1003","terminalNode","负责教育经费筹措、基本建设投资的政策制定和教育经费管理。",NULL,NULL,"system_user","2024-11-11 14:40:05","xiexinyu","2024-11-11 14:40:05","0","0"
"1579","1000049","学校后勤管理","1003","terminalNode","规划、指导学校后勤和后勤改革工作，维护校园秩序。",NULL,NULL,"system_user","2024-11-11 14:40:05","xiexinyu","2024-11-11 14:40:05","0","0"
"1580","1000050","国际教育合作","1003","terminalNode","负责教育系统国际合作、对港澳台地区的教育交流与合作，及中外合作办学管理。",NULL,NULL,"system_user","2024-11-11 14:40:05","xiexinyu","2024-11-11 14:40:05","0","0"
"1581","1000051","教育科研与技术发展","1003","terminalNode","规划、指导教育科学研究、教学研究和教育现代信息技术发展。",NULL,NULL,"system_user","2024-11-11 14:40:05","xiexinyu","2024-11-11 14:40:05","0","0"
"1582","1000052","安全管理","1003","terminalNode","负责教育系统的安全管理工作，对教委组织活动的安全工作承担主体责任。",NULL,NULL,"system_user","2024-11-11 14:40:05","xiexinyu","2024-11-11 14:40:05","0","0"
"1583","1004","科技","0","parentNode",,NULL,"3","system_user","2024-11-11 14:40:05","xiexinyu","2024-11-12 07:52:31","0","0"
"1584","1000053","创新驱动战略实施","1004","terminalNode","贯彻落实国家创新驱动发展战略和科技工作的法律法规、规章和政策，起草相关地方性法规草案、政府规章草案，组织拟订相关政策措施并组织实施。",NULL,NULL,"system_user","2024-11-11 14:40:05","xiexinyu","2024-11-11 14:40:05","0","0"
"1585","1000054","国际科技创新中心建设","1004","terminalNode","牵头推进国际科技创新中心建设。承担推进科技创新中心建设办公室秘书处职能，组织拟订相关工作方案及年度计划，并开展监督落实。",NULL,NULL,"system_user","2024-11-11 14:40:06","xiexinyu","2024-11-11 14:40:06","0","0"
"1586","1000055","创新体系与科研机构管理","1004","terminalNode","统筹推进创新体系建设和科技体制改革，指导科研机构改革发展，负责新型研发机构的筹建、管理及服务。",NULL,NULL,"system_user","2024-11-11 14:40:06","xiexinyu","2024-11-11 14:40:06","0","0"
"1587","1000056","科技军民融合","1004","terminalNode","承担推进科技军民融合发展相关工作。",NULL,NULL,"system_user","2024-11-11 14:40:06","xiexinyu","2024-11-11 14:40:06","0","0"
"1588","1000057","科技发展决策咨询","1004","terminalNode","推进重大科技决策咨询制度建设，提出科技发展战略建议和科技发展布局。",NULL,NULL,"system_user","2024-11-11 14:40:06","xiexinyu","2024-11-11 14:40:06","0","0"
"1589","1000058","基础研究协调","1004","terminalNode","拟订基础研究规划、政策并组织实施，组织协调基础研究和应用基础研究。",NULL,NULL,"system_user","2024-11-11 14:40:06","xiexinyu","2024-11-11 14:40:06","0","0"
"1590","1000059","科技资源共享","1004","terminalNode","推进科研条件保障建设和科技资源开放共享。",NULL,NULL,"system_user","2024-11-11 14:40:06","xiexinyu","2024-11-11 14:40:06","0","0"
"1591","1000060","技术研发攻关","1004","terminalNode","统筹推进关键共性技术、前沿引领技术、现代工程技术、颠覆性技术研发和创新，组织重大技术攻关和成果应用示范。",NULL,NULL,"system_user","2024-11-11 14:40:06","xiexinyu","2024-11-11 14:40:06","0","0"
"1592","1000061","科技管理与资源配置","1004","terminalNode","负责科技管理工作，建立科技管理平台和科研项目资金协调、评估、监管机制。",NULL,NULL,"system_user","2024-11-11 14:40:06","xiexinyu","2024-11-11 14:40:06","0","0"
"1593","1000062","高新技术产业化","1004","terminalNode","组织拟订高新技术发展及产业化、科技服务业、科技促进城市发展的规划、政策及措施。",NULL,NULL,"system_user","2024-11-11 14:40:06","xiexinyu","2024-11-11 14:40:06","0","0"
"1594","1000063","技术转移与成果转化","1004","terminalNode","牵头技术转移体系建设，拟订科技成果转移转化的政策措施并组织实施。",NULL,NULL,"system_user","2024-11-11 14:40:06","xiexinyu","2024-11-11 14:40:06","0","0"
"1595","1000064","科技项目与奖励管理","1004","terminalNode","拟订科技项目管理的政策措施，负责科学技术奖励组织实施及自然科学基金管理。",NULL,NULL,"system_user","2024-11-11 14:40:06","xiexinyu","2024-11-11 14:40:06","0","0"
"1596","1000065","科研诚信建设","1004","terminalNode","负责科技监督评价体系建设，统筹开展科研诚信建设工作。",NULL,NULL,"system_user","2024-11-11 14:40:06","xiexinyu","2024-11-11 14:40:06","0","0"
"1597","1000066","外国专家引进","1004","terminalNode","负责引进国外智力工作，建立外国顶尖科学家及其团队吸引机制。",NULL,NULL,"system_user","2024-11-11 14:40:06","xiexinyu","2024-11-11 14:40:06","0","0"
"1598","1000067","科技人才队伍建设","1004","terminalNode","拟订科技人才队伍建设规划，推动高端科技创新人才队伍建设。",NULL,NULL,"system_user","2024-11-11 14:40:06","xiexinyu","2024-11-11 14:40:06","0","0"
"1599","1000068","科技合作与交流","1004","terminalNode","统筹推进与各省区市的科技领域交流合作、科技协作和支援合作工作。",NULL,NULL,"system_user","2024-11-11 14:40:06","xiexinyu","2024-11-11 14:40:06","0","0"
"1600","1000069","国际科技合作","1004","terminalNode","拟订科技对外交流与创新能力开放合作的规划，组织开展国际科技合作。",NULL,NULL,"system_user","2024-11-11 14:40:06","xiexinyu","2024-11-11 14:40:06","0","0"
"1601","1000070","科技园区管理","1004","terminalNode","负责科技园区发展建设工作，承担统筹、规划、组织、协调、服务国家自主创新示范区建设。",NULL,NULL,"system_user","2024-11-11 14:40:06","xiexinyu","2024-11-11 14:40:06","0","0"
"1602","1000071","高新技术产业开发区促进","1004","terminalNode","组织落实国家促进高新技术产业开发区发展的政策措施。",NULL,NULL,"system_user","2024-11-11 14:40:06","xiexinyu","2024-11-11 14:40:06","0","0"
"1603","1000072","园区空间布局管理","1004","terminalNode","参与编制科技园区有关空间规划，优化空间布局和创新创业载体建设。",NULL,NULL,"system_user","2024-11-11 14:40:06","xiexinyu","2024-11-11 14:40:06","0","0"
"1604","1005","经济信息","0","parentNode",,NULL,"4","system_user","2024-11-11 14:40:06","xiexinyu","2024-11-11 14:40:06","0","0"
"1605","1000073","法规草案起草","1005","terminalNode","起草本市相关地方性法规草案、政府规章草案，并组织实施。",NULL,NULL,"system_user","2024-11-11 14:40:06","xiexinyu","2024-11-11 14:40:06","0","0"
"1606","1000074","产业规划制定","1005","terminalNode","研究拟订并组织实施工业、软件和信息服务业发展规划和产业政策。",NULL,NULL,"system_user","2024-11-11 14:40:06","xiexinyu","2024-11-11 14:40:06","0","0"
"1607","1000075","产业布局优化","1005","terminalNode","推进产业布局调整和产业结构优化升级。",NULL,NULL,"system_user","2024-11-11 14:40:06","xiexinyu","2024-11-11 14:40:06","0","0"
"1608","1000076","产业运行监测","1005","terminalNode","监测分析工业、软件和信息服务业、信息化的运行态势，统计并发布相关信息。",NULL,NULL,"system_user","2024-11-11 14:40:06","xiexinyu","2024-11-11 14:40:06","0","0"
"1609","1000077","政策建议提供","1005","terminalNode","协调解决产业运行和发展中的有关问题，并提出政策建议。",NULL,NULL,"system_user","2024-11-11 14:40:06","xiexinyu","2024-11-11 14:40:06","0","0"
"1610","1000078","投资项目管理","1005","terminalNode","核准、备案和上报规划内和年度计划内工业和信息化领域固定资产投资项目。会同有关部门研究提出工业、软件和信息服务业方面利用外资和境外投资的重点领域和促进政策。",NULL,NULL,"system_user","2024-11-11 14:40:06","xiexinyu","2024-11-13 02:53:01","0","0"
"1611","1000079","外资与境外投资政策","1005","terminalNode","提出工业、软件和信息服务业方面利用外资和境外投资的重点领域和促进政策。",NULL,NULL,"system_user","2024-11-11 14:40:06","xiexinyu","2024-11-11 14:40:06","1","0"
"1612","1000080","技术创新指导","1005","terminalNode","指导工业、软件和信息服务业、信息化技术创新和技术进步，推进企业技术改造。",NULL,NULL,"system_user","2024-11-11 14:40:06","xiexinyu","2024-11-11 14:40:06","0","0"
"1613","1000081","科技专项管理","1005","terminalNode","组织实施工业、软件和信息服务业、信息化科技重大专项，推进科研成果产业化。指导相关行业质量管理工作。",NULL,NULL,"system_user","2024-11-11 14:40:06","xiexinyu","2024-11-13 02:54:00","0","0"
"1614","1000082","质量管理指导","1005","terminalNode","指导相关行业质量管理工作。",NULL,NULL,"system_user","2024-11-11 14:40:06","xiexinyu","2024-11-11 14:40:06","1","0"
"1615","1000083","新兴产业规划","1005","terminalNode","拟订高技术制造业、软件和信息服务业、新兴产业的规划、实施方案、政策及行业标准。",NULL,NULL,"system_user","2024-11-11 14:40:06","xiexinyu","2024-11-11 14:40:06","0","0"
"1616","1000084","装备制造业协调","1005","terminalNode","承担装备制造业组织协调，推进重大技术装备发展、自主创新和国产化。",NULL,NULL,"system_user","2024-11-11 14:40:06","xiexinyu","2024-11-11 14:40:06","0","0"
"1617","1000085","节能与清洁生产","1005","terminalNode","拟订并组织实施工业、软件和信息服务业的能源节约和资源综合利用、清洁生产政策。",NULL,NULL,"system_user","2024-11-11 14:40:06","xiexinyu","2024-11-11 14:40:06","0","0"
"1618","1000086","中小企业发展指导","1005","terminalNode","指导和促进中小企业发展，建立和完善中小企业服务体系。",NULL,NULL,"system_user","2024-11-11 14:40:06","xiexinyu","2024-11-11 14:40:06","0","0"
"1619","1000087","工业开发区管理","1005","terminalNode","指导和协调工业开发区的建设与发展，促进工业产业基地建设。",NULL,NULL,"system_user","2024-11-11 14:40:06","xiexinyu","2024-11-11 14:40:06","0","0"
"1620","1000088","信息化基础设施规划","1005","terminalNode","统筹协调信息化基础设施的规划和管理，促进网络融合。",NULL,NULL,"system_user","2024-11-11 14:40:06","xiexinyu","2024-11-11 14:40:06","0","0"
"1621","1000089","信用体系建设","1005","terminalNode","统筹协调社会信用体系建设。",NULL,NULL,"system_user","2024-11-11 14:40:06","xiexinyu","2024-11-11 14:40:06","0","0"
"1622","1000090","安全生产管理","1005","terminalNode","指导工业、软件和信息服务业安全生产管理，制定并实施网络与信息安全规划。",NULL,NULL,"system_user","2024-11-11 14:40:06","xiexinyu","2024-11-11 14:40:06","0","0"
"1623","1000091","无线电管理","1005","terminalNode","负责无线电频率资源和无线电台站的规划与管理，维护空中电波秩序。",NULL,NULL,"system_user","2024-11-11 14:40:06","xiexinyu","2024-11-11 14:40:06","0","0"
"1624","1000092","军工产业协调","1005","terminalNode","组织协调武器装备科研生产，推进军民融合与航空航天产业发展。",NULL,NULL,"system_user","2024-11-11 14:40:06","xiexinyu","2024-11-11 14:40:06","0","0"
"1625","1000093","国际合作与交流","1005","terminalNode","开展工业、软件和信息服务业领域对外合作与交流。",NULL,NULL,"system_user","2024-11-11 14:40:06","xiexinyu","2024-11-11 14:40:06","0","0"
"1626","1000094","人才资源配置","1005","terminalNode","负责工业、软件和信息服务业领域人力资源合理配置，组织人才培训。",NULL,NULL,"system_user","2024-11-11 14:40:06","xiexinyu","2024-11-11 14:40:06","0","0"
"1627","1006","民族宗教","0","parentNode",,NULL,"5","system_user","2024-11-11 14:40:06","xiexinyu","2024-11-11 14:40:06","0","0"
"1628","1000095","民族宗教调研","1006","terminalNode","组织开展民族宗教问题的调查研究工作，起草相关地方性法规草案、政府规章草案，提出有关民族宗教工作的政策建议。",NULL,NULL,"system_user","2024-11-11 14:40:06","xiexinyu","2024-11-11 14:40:06","0","0"
"1629","1000096","政策落实检查","1006","terminalNode","督促检查民族宗教工作的政策措施落实情况，负责民族宗教法律法规和政策的宣传教育工作。",NULL,NULL,"system_user","2024-11-11 14:40:06","xiexinyu","2024-11-11 14:40:06","0","0"
"1630","1000097","民族事业发展推动","1006","terminalNode","参与拟订民族经济、文化、教育等专项规划，协助有关部门推动民族事业发展。",NULL,NULL,"system_user","2024-11-11 14:40:06","xiexinyu","2024-11-11 14:40:06","0","0"
"1631","1000098","民族文化活动协调","1006","terminalNode","配合有关部门承办重大民族文化、体育活动，协调开展少数民族古籍整理工作。",NULL,NULL,"system_user","2024-11-11 14:40:06","xiexinyu","2024-11-11 14:40:06","0","0"
"1632","1000099","民族团结创建","1006","terminalNode","开展民族团结进步创建活动，依法保护少数民族公民的合法权益，协调民族关系。",NULL,NULL,"system_user","2024-11-11 14:40:06","xiexinyu","2024-11-11 14:40:06","0","0"
"1633","1000100","民族事务服务体系","1006","terminalNode","协调推动有关部门履行民族工作相关职责，建立民族事务服务体系。",NULL,NULL,"system_user","2024-11-11 14:40:06","xiexinyu","2024-11-11 14:40:06","0","0"
"1634","1000101","少数民族经济支持","1006","terminalNode","配合有关部门推动民族乡村经济、清真食品行业和民族特需商品定点生产企业发展。",NULL,NULL,"system_user","2024-11-11 14:40:06","xiexinyu","2024-11-11 14:40:06","0","0"
"1635","1000102","民族经济研究","1006","terminalNode","开展民族乡村、清真食品行业经济发展状况分析研究工作。",NULL,NULL,"system_user","2024-11-11 14:40:06","xiexinyu","2024-11-11 14:40:06","0","0"
"1636","1000103","宗教事务管理","1006","terminalNode","依法管理宗教事务，保护公民宗教信仰自由和正常的宗教活动，维护宗教界合法权益。",NULL,NULL,"system_user","2024-11-11 14:40:06","xiexinyu","2024-11-11 14:40:06","0","0"
"1637","1000104","宗教中国化引导","1006","terminalNode","引导各宗教坚持中国化方向，发挥宗教界人士和信教群众在经济社会发展中的积极作用。",NULL,NULL,"system_user","2024-11-11 14:40:06","xiexinyu","2024-11-11 14:40:06","0","0"
"1638","1000105","宗教团体活动指导","1006","terminalNode","指导宗教团体依法依章开展活动，支持宗教团体加强自身建设。",NULL,NULL,"system_user","2024-11-11 14:40:06","xiexinyu","2024-11-11 14:40:06","0","0"
"1639","1000106","宗教院校管理","1006","terminalNode","指导宗教团体举办宗教院校。",NULL,NULL,"system_user","2024-11-11 14:40:06","xiexinyu","2024-11-11 14:40:06","0","0"
"1640","1000107","宗教外事管理","1006","terminalNode","负责宗教外事方面的有关工作。",NULL,NULL,"system_user","2024-11-11 14:40:06","xiexinyu","2024-11-11 14:40:06","0","0"
"1641","1000108","民族宗教干部培训","1006","terminalNode","负责培训民族宗教工作干部，协助有关部门承担少数民族干部培养、选拔和使用工作。",NULL,NULL,"system_user","2024-11-11 14:40:06","xiexinyu","2024-11-11 14:40:06","0","0"
"1642","1000109","突发事件处理","1006","terminalNode","配合有关部门处理涉及民族宗教方面的突发事件。",NULL,NULL,"system_user","2024-11-11 14:40:06","xiexinyu","2024-11-11 14:40:06","0","0"
"1643","1007","司法","0","parentNode",,NULL,"6","system_user","2024-11-11 14:40:06","xiexinyu","2024-11-11 14:40:06","0","0"
"1644","1000110","依法治市政策研究","1007","terminalNode","承担全面依法治市重大问题的政策研究，协调提出依法治市规划建议，负责决策部署督察工作。",NULL,NULL,"system_user","2024-11-11 14:40:06","xiexinyu","2024-11-11 14:40:06","0","0"
"1645","1000111","立法统筹规划","1007","terminalNode","承担统筹规划立法工作的责任，提出立法规划和年度立法工作计划建议，监督立法计划的落实情况。",NULL,NULL,"system_user","2024-11-11 14:40:06","xiexinyu","2024-11-11 14:40:06","0","0"
"1646","1000112","法规规章起草","1007","terminalNode","负责起草或组织起草有关地方性法规、政府规章草案，承办部门报送的法规规章草案审查工作。",NULL,NULL,"system_user","2024-11-11 14:40:06","xiexinyu","2024-11-11 14:40:06","0","0"
"1647","1000113","立法协调与评估","1007","terminalNode","负责立法协调，承办政府规章的解释、立法后评估，及政府规章清理和编纂工作。",NULL,NULL,"system_user","2024-11-11 14:40:06","xiexinyu","2024-11-11 14:40:06","0","0"
"1648","1000114","规范性文件合法性审核","1007","terminalNode","审核以政府名义制发的规范性文件，承担区政府和市政府部门制定的规范性文件备案审查。",NULL,NULL,"system_user","2024-11-11 14:40:06","xiexinyu","2024-11-11 14:40:06","0","0"
"1649","1000115","法治政府建设","1007","terminalNode","承担统筹推进法治政府建设，监督依法行政工作，综合协调行政执法和行政复议。",NULL,NULL,"system_user","2024-11-11 14:40:06","xiexinyu","2024-11-11 14:40:06","0","0"
"1650","1000116","行政诉讼应诉代理","1007","terminalNode","负责政府行政诉讼的应诉代理工作及国务院裁决的行政复议案件相关工作。",NULL,NULL,"system_user","2024-11-11 14:40:06","xiexinyu","2024-11-11 14:40:06","0","0"
"1651","1000117","法治社会建设","1007","terminalNode","统筹规划法治社会建设，组织普法宣传，指导依法治理和法治创建工作。",NULL,NULL,"system_user","2024-11-11 14:40:06","xiexinyu","2024-11-11 14:40:06","0","0"
"1652","1000118","调解与人民参与法治","1007","terminalNode","指导调解工作和人民陪审员、监督员选任管理，推进司法所建设。",NULL,NULL,"system_user","2024-11-11 14:40:06","xiexinyu","2024-11-11 14:40:06","0","0"
"1653","1000119","社区矫正与安置帮教","1007","terminalNode","指导、监督社区矫正工作和刑满释放人员安置帮教工作。",NULL,NULL,"system_user","2024-11-11 14:40:06","xiexinyu","2024-11-11 14:40:06","0","0"
"1654","1000120","公共法律服务规划","1007","terminalNode","拟订公共法律服务体系建设规划，统筹城乡、区域法律服务资源。",NULL,NULL,"system_user","2024-11-11 14:40:06","xiexinyu","2024-11-11 14:40:06","0","0"
"1655","1000121","法律服务管理","1007","terminalNode","指导律师、法律援助、司法鉴定、公证、仲裁等法律服务的管理工作。",NULL,NULL,"system_user","2024-11-11 14:40:06","xiexinyu","2024-11-11 14:40:06","0","0"
"1656","1000122","法律职业资格考试","1007","terminalNode","负责组织国家统一法律职业资格考试的考务工作。",NULL,NULL,"system_user","2024-11-11 14:40:06","xiexinyu","2024-11-11 14:40:06","0","0"
"1657","1000123","警务装备管理","1007","terminalNode","指导本系统枪支、弹药、服装、警车等管理工作。",NULL,NULL,"system_user","2024-11-11 14:40:06","xiexinyu","2024-11-11 14:40:06","0","0"
"1658","1000124","法治人才队伍建设","1007","terminalNode","规划、协调、指导本市法治人才队伍建设，监督本系统队伍建设和警务管理。",NULL,NULL,"system_user","2024-11-11 14:40:06","xiexinyu","2024-11-11 14:40:06","0","0"
"1659","1000125","监狱管理","1007","terminalNode","管理监狱管理局和戒毒管理局。",NULL,NULL,"system_user","2024-11-11 14:40:06","xiexinyu","2024-11-11 14:40:06","0","0"
"1660","1008","财政","0","parentNode",,NULL,"7","system_user","2024-11-11 14:40:06","xiexinyu","2024-11-11 14:40:06","0","0"
"1661","1000126","财政法规贯彻落实","1008","terminalNode","贯彻落实国家关于财政、财务、会计管理的法律法规、规章和政策并监督执行。起草相关地方性法规草案、政府规章草案。",NULL,NULL,"system_user","2024-11-11 14:40:06","xiexinyu","2024-11-11 14:40:06","0","0"
"1662","1000127","财政发展规划制定","1008","terminalNode","拟订财政发展规划、政策和改革方案并组织实施。分析预测收入形势，参与制定重大经济政策，提出运用财税政策对经济运行实施调控和综合平衡财力的建议。拟订并执行市与区、国家与企业的分配政策，完善鼓励公益事业发展的财税政策。",NULL,NULL,"system_user","2024-11-11 14:40:06","xiexinyu","2024-11-11 14:40:06","0","0"
"1663","1000128","市级财政收支管理","1008","terminalNode","负责管理各项财政收支。编制年度预决算草案并组织执行。组织制定经费开支标准、定额，审核批复部门（单位）的年度预决算。受政府委托，向人民代表大会及其常务委员会报告财政预算、执行和决算等情况。完善转移支付制度。负责政府预决算公开。负责办理和监督市级财政的经济发展支出、市级政府性投资项目的财政拨款，参与拟订基建投资有关政策，制定基建财务管理制度。承担预算评审管理工作。",NULL,NULL,"system_user","2024-11-11 14:40:06","xiexinyu","2024-11-11 14:40:06","0","0"
"1664","1000129","税收政策制定","1008","terminalNode","负责组织起草有关税收地方性法规草案、政府规章草案及实施办法和税收政策调整方案。提出关税和进口税收政策的建议，参与制定关税政策的相关研究工作。",NULL,NULL,"system_user","2024-11-11 14:40:06","xiexinyu","2024-11-11 14:40:06","0","0"
"1665","1000130","非税收入管理","1008","terminalNode","按分工负责政府非税收入管理。负责政府性基金管理，按规定管理行政事业性收费。管理财政票据。制定彩票管理有关办法，监管彩票市场，按规定管理彩票资金。",NULL,NULL,"system_user","2024-11-11 14:40:06","xiexinyu","2024-11-11 14:40:06","0","0"
"1666","1000131","国库管理","1008","terminalNode","组织制定国库管理制度、国库集中收付制度，指导和监督本市国库业务，负责国库现金管理的有关工作。制定政府财务报告编制办法并组织实施。",NULL,NULL,"system_user","2024-11-11 14:40:06","xiexinyu","2024-11-11 14:40:06","0","0"
"1667","1000132","政府采购管理","1008","terminalNode","拟订政府采购政策制度并监督管理。承担部门行政执法用车、特种专业技术用车定编工作。",NULL,NULL,"system_user","2024-11-11 14:40:06","xiexinyu","2024-11-11 14:40:06","0","0"
"1668","1000133","债务管理","1008","terminalNode","贯彻执行政府国内债务管理制度和政策。依法制定政府债务管理制度和办法。编制政府债余额限额计划。依法依规拟订政府防范债务风险的措施。管理外国政府和国际金融组织对本地的贷款业务。对金融机构实施财务监管。",NULL,NULL,"system_user","2024-11-11 14:40:06","xiexinyu","2024-11-11 14:40:06","0","0"
"1669","1000134","国有资产管理","1008","terminalNode","牵头编制国有资产管理情况报告。根据政府授权，集中统一履行本市国有金融资本出资人职责。拟订行政事业单位国有资产管理规章制度并组织实施，制定需要全市统一规定的开支标准和支出政策。",NULL,NULL,"system_user","2024-11-11 14:40:06","xiexinyu","2024-11-11 14:40:06","0","0"
"1670","1000135","国有资本预算管理","1008","terminalNode","负责审核并汇总编制全市国有资本经营预决算草案，制定国有资本经营预算的制度和办法，收取市级企业国有资本收益。组织实施企业财务制度，参与拟订企业国有资产管理相关制度。负责财政预算内行政事业单位和社会团体的非贸易外汇的管理。",NULL,NULL,"system_user","2024-11-11 14:40:06","xiexinyu","2024-11-11 14:40:06","0","0"
"1671","1000136","社会保险基金管理","1008","terminalNode","负责审核并汇总编制全市社会保险基金预决算草案，会同有关部门拟订有关资金（基金）的财务管理制度，承担社会保险基金财政监管工作，承担社会保障基金管理有关工作。",NULL,NULL,"system_user","2024-11-11 14:40:06","xiexinyu","2024-11-11 14:40:06","0","0"
"1672","1000137","会计工作管理","1008","terminalNode","负责管理本市会计工作，监督和规范会计行为，执行国家统一的会计制度，指导和监督注册会计师和会计师事务所的业务，指导和管理社会审计。依法管理资产评估有关工作。",NULL,NULL,"system_user","2024-11-11 14:40:06","xiexinyu","2024-11-11 14:40:06","0","0"
"1673","1000138","预算绩效管理","1008","terminalNode","负责全面实施预算绩效管理工作，研究完善本市财政支出绩效评价制度和评价体系。反映财政收支管理中的重大问题。提出加强财政管理的政策性建议。",NULL,NULL,"system_user","2024-11-11 14:40:06","xiexinyu","2024-11-11 14:40:06","0","0"
"1674","1009","人社","0","parentNode",,NULL,"8","system_user","2024-11-11 14:40:06","xiexinyu","2024-11-12 07:53:47","0","0"
"1675","1000139","人力资源法规贯彻落实","1009","terminalNode","贯彻落实国家关于人力资源和社会保障方面的法律法规、规章和政策，起草本市相关地方性法规草案、政府规章草案。拟订人力资源和社会保障事业发展规划，并组织实施和监督检查。",NULL,NULL,"system_user","2024-11-11 14:40:06","xiexinyu","2024-11-11 14:40:06","0","0"
"1676","1000140","人力资源市场发展规划","1009","terminalNode","拟订本市人力资源市场发展规划和人力资源流动政策并组织实施，建立统一规范的人力资源市场并依法管理，促进人力资源合理流动、有效配置。",NULL,NULL,"system_user","2024-11-11 14:40:06","xiexinyu","2024-11-11 14:40:06","0","0"
"1677","1000141","就业促进","1009","terminalNode","负责本市促进就业工作。拟订统筹城乡就业发展规划，完善公共就业服务体系，会同有关部门研究拟订促进就业创业政策，制定就业困难群体就业援助政策，组织拟订公益性岗位开发管理政策。",NULL,NULL,"system_user","2024-11-11 14:40:06","xiexinyu","2024-11-11 14:40:06","0","0"
"1678","1000142","职业资格制度管理","1009","terminalNode","拟订并落实职业资格制度和职业技能等级评价相关政策，统筹建立面向城乡劳动者的职业培训制度。",NULL,NULL,"system_user","2024-11-11 14:40:06","xiexinyu","2024-11-11 14:40:06","0","0"
"1679","1000143","高校毕业生就业政策","1009","terminalNode","牵头拟订高校毕业生就业政策，会同有关部门拟订技能人才培养和激励政策。",NULL,NULL,"system_user","2024-11-11 14:40:06","xiexinyu","2024-11-11 14:40:06","0","0"
"1680","1000144","社会保障体系建设","1009","terminalNode","统筹建立覆盖城乡的养老、失业、工伤社会保障体系。拟订本市城乡社会保险及补充保险政策和标准并组织实施。",NULL,NULL,"system_user","2024-11-11 14:40:06","xiexinyu","2024-11-11 14:40:06","0","0"
"1681","1000145","社会保险基金管理","1009","terminalNode","会同有关部门拟订社会保险及补充保险基金管理和监督制度，参与拟订本市社会保障基金投资政策。",NULL,NULL,"system_user","2024-11-11 14:40:06","xiexinyu","2024-11-11 14:40:06","0","0"
"1682","1000146","就业和社保基金预警","1009","terminalNode","负责本市就业、失业、社会保险基金预测预警和信息引导，拟订应对预案，实施预防、调节和控制。",NULL,NULL,"system_user","2024-11-11 14:40:06","xiexinyu","2024-11-11 14:40:06","0","0"
"1683","1000147","事业单位工资福利管理","1009","terminalNode","负责事业单位人员工资、福利的综合管理和分配制度改革工作。",NULL,NULL,"system_user","2024-11-11 14:40:06","xiexinyu","2024-11-11 14:40:06","0","0"
"1684","1000148","事业单位离退休政策","1009","terminalNode","拟订事业单位人员离退休等政策并组织实施。",NULL,NULL,"system_user","2024-11-11 14:40:06","xiexinyu","2024-11-11 14:40:06","0","0"
"1685","1000149","人事制度改革","1009","terminalNode","会同有关部门指导本市事业单位人事制度改革，拟订事业单位人员管理政策。",NULL,NULL,"system_user","2024-11-11 14:40:06","xiexinyu","2024-11-11 14:40:06","0","0"
"1686","1000150","专业技术人员管理","1009","terminalNode","拟订专业技术人员管理和继续教育政策，牵头推进深化职称制度改革工作。",NULL,NULL,"system_user","2024-11-11 14:40:06","xiexinyu","2024-11-11 14:40:06","0","0"
"1687","1000151","积分落户管理","1009","terminalNode","研究拟订积分落户管理实施细则和操作规范并组织落实。",NULL,NULL,"system_user","2024-11-11 14:40:06","xiexinyu","2024-11-11 14:40:06","0","0"
"1688","1000152","外国人就业管理","1009","terminalNode","拟订外国人在本地就业的政策、规划和管理办法并指导实施。",NULL,NULL,"system_user","2024-11-11 14:40:06","xiexinyu","2024-11-11 14:40:06","0","0"
"1689","1000153","农民工权益维护","1009","terminalNode","会同有关部门拟订本市农民工工作综合性政策和规划，推动落实农民工相关政策，协调解决重点难点问题，维护农民工合法权益。",NULL,NULL,"system_user","2024-11-11 14:40:06","xiexinyu","2024-11-11 14:40:06","0","0"
"1690","1000154","劳动关系协调","1009","terminalNode","统筹拟订本市劳动关系政策和劳动人事争议调解仲裁制度，完善劳动关系协调机制。",NULL,NULL,"system_user","2024-11-11 14:40:06","xiexinyu","2024-11-11 14:40:06","0","0"
"1691","1000155","工资收入分配调控","1009","terminalNode","拟订企业职工工资收入分配宏观调控政策。",NULL,NULL,"system_user","2024-11-11 14:40:06","xiexinyu","2024-11-11 14:40:06","0","0"
"1692","1000156","特殊劳动保护政策","1009","terminalNode","拟订消除非法使用童工政策、女工和未成年工特殊劳动保护政策。",NULL,NULL,"system_user","2024-11-11 14:40:06","xiexinyu","2024-11-11 14:40:06","0","0"
"1693","1000157","劳动保障监察","1009","terminalNode","组织实施劳动保障监察，协调劳动者维权工作，依法查处相关重大案件。",NULL,NULL,"system_user","2024-11-11 14:40:06","xiexinyu","2024-11-11 14:40:06","0","0"
"1694","1000158","社会保障卡管理","1009","terminalNode","统筹全市社会保障卡的发行、运用和管理工作。",NULL,NULL,"system_user","2024-11-11 14:40:06","xiexinyu","2024-11-11 14:40:06","0","0"
"1695","1000159","医保政策协作","1009","terminalNode","与市医保局建立工作机制，做好信息共享和政策衔接。",NULL,NULL,"system_user","2024-11-11 14:40:06","xiexinyu","2024-11-11 14:40:06","0","0"
"1696","1010","规划与自然资源","0","parentNode",,NULL,"9","system_user","2024-11-11 14:40:06","xiexinyu","2024-11-11 14:40:06","0","0"
"1697","1000160","自然资源资产管理","1010","terminalNode","履行本市全民所有土地、矿产、森林、湿地、水等自然资源资产所有者职责和所有国土空间用途管制职责。",NULL,NULL,"system_user","2024-11-11 14:40:06","xiexinyu","2024-11-11 14:40:06","0","0"
"1698","1000161","法规政策落实","1010","terminalNode","贯彻落实国家关于自然资源和国土空间规划及测绘、勘察设计管理等方面的法律法规、规章和政策，起草相关地方性法规、政府规章草案，制定相关管理规范和技术标准并监督检查执行情况。",NULL,NULL,"system_user","2024-11-11 14:40:06","xiexinyu","2024-11-11 14:40:06","0","0"
"1699","1000162","空间规划体系建立","1010","terminalNode","负责建立本市空间规划体系。推进主体功能区战略和制度，组织编制国土空间规划和专项规划。",NULL,NULL,"system_user","2024-11-11 14:40:06","xiexinyu","2024-11-11 14:40:06","0","0"
"1700","1000163","生态保护控制线划定","1010","terminalNode","组织划定生态保护红线、永久基本农田、城镇开发边界等控制线，构建节约资源和保护环境的生产、生活、生态空间布局。",NULL,NULL,"system_user","2024-11-11 14:40:06","xiexinyu","2024-11-11 14:40:06","0","0"
"1701","1000164","国土空间用途管制","1010","terminalNode","负责本市国土空间用途管制。建立健全国土空间用途管制制度，研究拟订城乡规划政策并监督实施。",NULL,NULL,"system_user","2024-11-11 14:40:06","xiexinyu","2024-11-11 14:40:06","0","0"
"1702","1000165","自然资源调查监测","1010","terminalNode","负责本市自然资源调查监测评价。制定自然资源调查监测评价的指标体系和统计标准，建立统一规范的自然资源调查监测评价制度。",NULL,NULL,"system_user","2024-11-11 14:40:06","xiexinyu","2024-11-11 14:40:06","0","0"
"1703","1000166","确权登记","1010","terminalNode","负责本市自然资源统一确权登记工作。制定各类自然资源和不动产统一确权登记、权籍调查、不动产测绘等制度和规范。",NULL,NULL,"system_user","2024-11-11 14:40:06","xiexinyu","2024-11-11 14:40:06","0","0"
"1704","1000167","自然资源资产有偿使用","1010","terminalNode","负责本市自然资源资产有偿使用工作，建立全民所有自然资源资产统计制度，负责资产核算和收益收缴。",NULL,NULL,"system_user","2024-11-11 14:40:06","xiexinyu","2024-11-11 14:40:06","0","0"
"1705","1000168","开发利用","1010","terminalNode","负责本市自然资源的合理开发利用，制定开发利用标准并组织实施，建立价格体系。",NULL,NULL,"system_user","2024-11-11 14:40:06","xiexinyu","2024-11-11 14:40:06","0","0"
"1706","1000169","生态修复","1010","terminalNode","负责统筹本市国土空间生态修复，牵头实施有关生态修复工程。",NULL,NULL,"system_user","2024-11-11 14:40:06","xiexinyu","2024-11-11 14:40:06","0","0"
"1707","1000170","耕地保护","1010","terminalNode","负责组织实施最严格的耕地保护制度，负责耕地数量、质量、生态保护。",NULL,NULL,"system_user","2024-11-11 14:40:06","xiexinyu","2024-11-11 14:40:06","0","0"
"1708","1000171","地质灾害防治","1010","terminalNode","负责本市地质灾害预防和治理，组织编制防治规划和防护标准并指导实施。",NULL,NULL,"system_user","2024-11-11 14:40:06","xiexinyu","2024-11-11 14:40:06","0","0"
"1709","1000172","地质勘查和矿产管理","1010","terminalNode","负责本市地质勘查和矿产资源管理工作，监督矿产资源合理利用和保护。",NULL,NULL,"system_user","2024-11-11 14:40:06","xiexinyu","2024-11-11 14:40:06","0","0"
"1710","1000173","勘察设计和测绘管理","1010","terminalNode","负责本市勘察设计和测绘地理信息管理工作，监督管理行业资质和市场秩序。",NULL,NULL,"system_user","2024-11-11 14:40:06","xiexinyu","2024-11-11 14:40:06","0","0"
"1711","1000174","自然资源科技发展","1010","terminalNode","推动本市自然资源领域科技发展，制定并实施科技创新发展规划。",NULL,NULL,"system_user","2024-11-11 14:40:06","xiexinyu","2024-11-11 14:40:06","0","0"
"1712","1000175","首都规划建设委员会工作","1010","terminalNode","承担首都规划建设委员会和历史文化名城保护委员会的具体工作。",NULL,NULL,"system_user","2024-11-11 14:40:06","xiexinyu","2024-11-11 14:40:06","0","0"
"1713","1000176","规划督察","1010","terminalNode","负责本市自然资源和国土空间规划管理的督察工作，依法查处违法案件。",NULL,NULL,"system_user","2024-11-11 14:40:06","xiexinyu","2024-11-11 14:40:06","0","0"
"1714","1011","生态环境","0","parentNode",,NULL,"10","system_user","2024-11-11 14:40:06","xiexinyu","2024-11-11 14:40:06","0","0"
"1715","1000177","生态环境制度建立","1011","terminalNode","负责建立健全本市生态环境基本制度。贯彻落实国家关于生态环境方面的法律法规、规章和政策。",NULL,NULL,"system_user","2024-11-11 14:40:06","xiexinyu","2024-11-11 14:40:06","0","0"
"1716","1000178","生态环境政策规划","1011","terminalNode","起草本市相关地方性法规草案、政府规章草案，会同有关部门拟订生态环境政策、规划并组织实施。",NULL,NULL,"system_user","2024-11-11 14:40:06","xiexinyu","2024-11-11 14:40:06","0","0"
"1717","1000179","污染物排放标准制定","1011","terminalNode","组织拟订地方污染物排放标准和生态环境质量标准，制定生态环境技术规范。",NULL,NULL,"system_user","2024-11-11 14:40:06","xiexinyu","2024-11-11 14:40:06","0","0"
"1718","1000180","重大生态问题协调","1011","terminalNode","负责本市重大生态环境问题的统筹协调和监督管理，参与突发生态环境事件的应急处置和预警工作。",NULL,NULL,"system_user","2024-11-11 14:40:06","xiexinyu","2024-11-11 14:40:06","0","0"
"1719","1000181","污染减排监督管理","1011","terminalNode","负责监督管理本市污染减排目标的落实，组织制定主要污染物排放总量控制计划并监督实施。",NULL,NULL,"system_user","2024-11-11 14:40:06","xiexinyu","2024-11-11 14:40:06","0","0"
"1720","1000182","污染防治监督","1011","terminalNode","负责本市环境污染防治的监督管理，制定并监督实施污染防治管理制度。",NULL,NULL,"system_user","2024-11-11 14:40:06","xiexinyu","2024-11-11 14:40:06","0","0"
"1721","1000183","生态保护修复","1011","terminalNode","指导协调和监督本市生态保护修复工作，监督自然资源开发利用活动的生态环境影响。",NULL,NULL,"system_user","2024-11-11 14:40:06","xiexinyu","2024-11-11 14:40:06","0","0"
"1722","1000184","生物多样性保护","1011","terminalNode","监督野生动植物保护、湿地生态环境保护，协调生物多样性保护工作。",NULL,NULL,"system_user","2024-11-11 14:40:06","xiexinyu","2024-11-11 14:40:06","0","0"
"1723","1000185","辐射安全管理","1011","terminalNode","负责本市辐射安全的监督管理，拟订辐射安全政策、标准，参与核事故应急处理。",NULL,NULL,"system_user","2024-11-11 14:40:06","xiexinyu","2024-11-11 14:40:06","0","0"
"1724","1000186","生态环境准入管理","1011","terminalNode","负责本市生态环境准入的监督管理，对重大政策和开发计划进行环境影响评价。",NULL,NULL,"system_user","2024-11-11 14:40:06","xiexinyu","2024-11-11 14:40:06","0","0"
"1725","1000187","环境监测与信息发布","1011","terminalNode","负责本市生态环境监测和信息发布工作，组织建设和管理生态环境监测网。",NULL,NULL,"system_user","2024-11-11 14:40:06","xiexinyu","2024-11-11 14:40:06","0","0"
"1726","1000188","气候变化应对","1011","terminalNode","开展本市应对气候变化工作，负责综合协调和组织落实清洁发展机制等工作。",NULL,NULL,"system_user","2024-11-11 14:40:06","xiexinyu","2024-11-11 14:40:06","0","0"
"1727","1000189","生态环境保护督察","1011","terminalNode","组织开展本市生态环境保护督察工作，建立健全生态环境保护督察制度。",NULL,NULL,"system_user","2024-11-11 14:40:06","xiexinyu","2024-11-11 14:40:06","0","0"
"1728","1000190","生态环境宣传教育","1011","terminalNode","组织指导和协调本市生态环境保护宣传教育工作，推动公众参与生态环境保护。",NULL,NULL,"system_user","2024-11-11 14:40:06","xiexinyu","2024-11-11 14:40:06","0","0"
"1729","1000191","科技合作交流","1011","terminalNode","开展本市生态环境科技和国际合作交流工作，推动科研成果和技术应用。",NULL,NULL,"system_user","2024-11-11 14:40:06","xiexinyu","2024-11-11 14:40:06","0","0"
"1730","1000192","监督执法","1011","terminalNode","负责组织开展生态环境监督执法。",NULL,NULL,"system_user","2024-11-11 14:40:06","xiexinyu","2024-11-11 14:40:06","0","0"
"1731","1000193","区域生态环境监督","1011","terminalNode","负责指导、监督检查各区生态环境工作。",NULL,NULL,"system_user","2024-11-11 14:40:06","xiexinyu","2024-11-11 14:40:06","0","0"
"1732","1000194","水污染防治协调","1011","terminalNode","负责本市水污染防治的监督管理，统筹协调流域水环境保护工作。",NULL,NULL,"system_user","2024-11-11 14:40:06","xiexinyu","2024-11-11 14:40:06","0","0"
"1733","1012","住建","0","parentNode",,NULL,"11","system_user","2024-11-11 14:40:06","xiexinyu","2024-11-12 07:53:59","0","0"
"1734","1000195","法律法规贯彻落实","1012","terminalNode","贯彻落实国家关于住房和城乡建设方面的法律法规、规章和政策，研究起草本市相关地方性法规草案、政府规章草案并组织实施。",NULL,NULL,"system_user","2024-11-11 14:40:06","xiexinyu","2024-11-11 14:40:06","0","0"
"1735","1000196","住房保障管理","1012","terminalNode","负责保障本市城镇低收入家庭住房工作。建立和完善住房保障管理制度。",NULL,NULL,"system_user","2024-11-11 14:40:06","xiexinyu","2024-11-11 14:40:06","0","0"
"1736","1000197","住房规划制定","1012","terminalNode","研究拟订住房保障、古迹风貌保护和危旧房改造的中长期规划、年度计划和政策并组织实施。",NULL,NULL,"system_user","2024-11-11 14:40:06","xiexinyu","2024-11-11 14:40:06","0","0"
"1737","1000198","棚户区改造政策","1012","terminalNode","研究制定棚户区改造政策。负责保障性住房的建设和房源分配的协调、管理工作。",NULL,NULL,"system_user","2024-11-11 14:40:06","xiexinyu","2024-11-11 14:40:06","0","0"
"1738","1000199","住房制度改革","1012","terminalNode","负责推进本市住房制度改革工作。研究拟订住房制度改革相关政策。",NULL,NULL,"system_user","2024-11-11 14:40:06","xiexinyu","2024-11-11 14:40:06","0","0"
"1739","1000200","工程建设管理","1012","terminalNode","负责本市工程建设管理工作，重点工程项目建设的协调、监管以及征收拆迁的协调工作。",NULL,NULL,"system_user","2024-11-11 14:40:06","xiexinyu","2024-11-11 14:40:06","0","0"
"1740","1000201","建筑市场监督管理","1012","terminalNode","负责本市建筑市场监督管理、规范市场秩序、推动建筑行业发展工作。",NULL,NULL,"system_user","2024-11-11 14:40:06","xiexinyu","2024-11-11 14:40:06","0","0"
"1741","1000202","建设工程质量监管","1012","terminalNode","负责本市建设工程质量和施工安全监管工作，制定建设工程质量和安全生产的规章制度并组织实施。",NULL,NULL,"system_user","2024-11-11 14:40:06","xiexinyu","2024-11-11 14:40:06","0","0"
"1742","1000203","村镇建筑工程管理","1012","terminalNode","负责指导本市村镇建筑工程建设工作，组织指导农村危房改造、抗震节能农宅建设工作。",NULL,NULL,"system_user","2024-11-11 14:40:06","xiexinyu","2024-11-11 14:40:06","0","0"
"1743","1000204","建筑节能推广","1012","terminalNode","负责促进本市建筑节能和行业科技发展工作，推进住房和城乡建设科技进步和成果转化。",NULL,NULL,"system_user","2024-11-11 14:40:06","xiexinyu","2024-11-11 14:40:06","0","0"
"1744","1000205","房地产市场监督管理","1012","terminalNode","负责本市房地产市场监督管理、规范市场秩序、促进房地产业发展工作。",NULL,NULL,"system_user","2024-11-11 14:40:06","xiexinyu","2024-11-11 14:40:06","0","0"
"1745","1000206","房屋管理","1012","terminalNode","负责本市房屋管理工作，研究制定房屋征收拆迁规划与年度计划，负责物业服务的监督管理。",NULL,NULL,"system_user","2024-11-11 14:40:06","xiexinyu","2024-11-11 14:40:06","0","0"
"1746","1000207","人才建设规划","1012","terminalNode","组织制定本市住房和城乡建设领域人才建设规划并指导实施，负责建筑业与房地产业各类人员职业资格管理及执业注册管理。",NULL,NULL,"system_user","2024-11-11 14:40:06","xiexinyu","2024-11-11 14:40:06","0","0"
"1747","1000208","租购并举体系完善","1012","terminalNode","市住房城乡建设委应当进一步强化住房保障职能，加快完善租购并举的住房保障体系。",NULL,NULL,"system_user","2024-11-11 14:40:06","xiexinyu","2024-11-11 14:40:06","0","0"
"1748","1000209","交通基础设施职责分工","1012","terminalNode","负责城市道路、交通枢纽场站建筑工程的施工许可、工程竣工验收备案、质量安全监督等工作。",NULL,NULL,"system_user","2024-11-11 14:40:06","xiexinyu","2024-11-11 14:40:06","0","0"
"1749","1013","城市管理","0","parentNode",,NULL,"12","system_user","2024-11-11 14:40:06","xiexinyu","2024-11-11 14:40:06","0","0"
"1750","1000210","政策执行","1013","terminalNode","贯彻执行党中央、国务院及市委、市政府关于环境建设和城市管理的重要决定。",NULL,NULL,"system_user","2024-11-11 14:40:06","xiexinyu","2024-11-11 14:40:06","0","0"
"1751","1000211","规划审议","1013","terminalNode","研究审议城市环境建设、城市管理的规划、计划、总体方案和重大政策措施。",NULL,NULL,"system_user","2024-11-11 14:40:06","xiexinyu","2024-11-11 14:40:06","0","0"
"1752","1000212","环境建设统筹协调","1013","terminalNode","统筹协调城市环境建设、城市管理方面的重大事项，统筹衔接相关规划、建设、管理、执法流程。",NULL,NULL,"system_user","2024-11-11 14:40:06","xiexinyu","2024-11-11 14:40:06","0","0"
"1753","1000213","中央单位环境建设协调","1013","terminalNode","统筹协调本市与中央单位、部队的环境建设工作。",NULL,NULL,"system_user","2024-11-11 14:40:06","xiexinyu","2024-11-11 14:40:06","0","0"
"1754","1000214","监督考核制度建立","1013","terminalNode","建立完善城市环境建设、城市管理的监督、考核制度体系和共治共管、共建共享的协调协同机制。",NULL,NULL,"system_user","2024-11-11 14:40:06","xiexinyu","2024-11-11 14:40:06","0","0"
"1755","1000215","落实检查考核","1013","terminalNode","督促、检查、考核城市环境建设、城市管理工作落实情况，协调解决遇到的重大问题。",NULL,NULL,"system_user","2024-11-11 14:40:06","xiexinyu","2024-11-11 14:40:06","0","0"
"1756","1014","交通","0","parentNode",,NULL,"13","system_user","2024-11-11 14:40:06","xiexinyu","2024-11-11 14:40:06","0","0"
"1757","1000216","交通法律法规落实","1014","terminalNode","贯彻落实国家关于交通运输方面的法律法规、规章和政策，起草本市相关地方性法规草案、政府规章草案和政策措施，并组织实施。",NULL,NULL,"system_user","2024-11-11 14:40:06","xiexinyu","2024-11-11 14:40:06","0","0"
"1758","1000217","交通运输战略规划","1014","terminalNode","拟订交通运输发展战略，对交通运输行业改革与发展中的重大问题进行调查研究，并提出对策建议。",NULL,NULL,"system_user","2024-11-11 14:40:06","xiexinyu","2024-11-11 14:40:06","0","0"
"1759","1000218","交通基础设施规划","1014","terminalNode","组织编制本市交通基础设施建设和交通运输行业的中长期发展规划。参与编制综合交通规划、交通专项规划等工作。",NULL,NULL,"system_user","2024-11-11 14:40:06","xiexinyu","2024-11-11 14:40:06","0","0"
"1760","1000219","大型城建项目交通评价","1014","terminalNode","负责大型城建项目交通影响评价的审核，市管道路建设项目规划设计方案中交通内容的审查。",NULL,NULL,"system_user","2024-11-11 14:40:06","xiexinyu","2024-11-11 14:40:06","0","0"
"1761","1000220","交通设施年度计划","1014","terminalNode","编制市级交通基础设施建设项目前期工作建议计划和年度建设建议计划，并监督管理。",NULL,NULL,"system_user","2024-11-11 14:40:06","xiexinyu","2024-11-11 14:40:06","0","0"
"1762","1000221","区域交通一体化","1014","terminalNode","负责推进区域交通一体化协同发展，组织重点交通运输服务保障方案并监督实施。",NULL,NULL,"system_user","2024-11-11 14:40:06","xiexinyu","2024-11-11 14:40:06","0","0"
"1763","1000222","交通基础设施监督管理","1014","terminalNode","负责本市交通基础设施的监督管理，公路建设市场和道路、水路运输市场监督管理。",NULL,NULL,"system_user","2024-11-11 14:40:06","xiexinyu","2024-11-11 14:40:06","0","0"
"1764","1000223","交通运输安全管理","1014","terminalNode","负责本市交通基础设施和交通运输行业安全生产的监督管理，应急方面的组织协调。",NULL,NULL,"system_user","2024-11-11 14:40:06","xiexinyu","2024-11-11 14:40:06","0","0"
"1765","1000224","交通综合治理","1014","terminalNode","组织协调本市交通综合治理工作，统筹停车管理和互联网租赁自行车行业管理。",NULL,NULL,"system_user","2024-11-11 14:40:06","xiexinyu","2024-11-11 14:40:06","0","0"
"1766","1000225","海事工作管理","1014","terminalNode","负责本市地方海事工作。",NULL,NULL,"system_user","2024-11-11 14:40:06","xiexinyu","2024-11-11 14:40:06","0","0"
"1767","1000226","智能交通发展","1014","terminalNode","制定本市交通运输科技和智能交通发展规划，推动智能交通系统建设。",NULL,NULL,"system_user","2024-11-11 14:40:06","xiexinyu","2024-11-11 14:40:06","0","0"
"1768","1000227","交通宣传教育","1014","terminalNode","负责本市交通运输行业的宣传教育工作，组织交通运输行业精神文明建设。",NULL,NULL,"system_user","2024-11-11 14:40:06","xiexinyu","2024-11-11 14:40:06","0","0"
"1769","1000228","交通运输综合执法","1014","terminalNode","指导本市交通运输综合执法工作。",NULL,NULL,"system_user","2024-11-11 14:40:06","xiexinyu","2024-11-11 14:40:06","0","0"
"1770","1000229","各区交通协调","1014","terminalNode","指导、协调和监督各区的交通运输工作。",NULL,NULL,"system_user","2024-11-11 14:40:06","xiexinyu","2024-11-11 14:40:06","0","0"
"1771","1000230","国防动员交通战备","1014","terminalNode","承担国防动员委员会交通战备办公室工作。",NULL,NULL,"system_user","2024-11-11 14:40:06","xiexinyu","2024-11-11 14:40:06","0","0"
"1772","1000231","综合交通体系建设","1014","terminalNode","推进综合交通体系建设，促进交通与城市协调发展，加快形成安全、便捷、高效、绿色、经济的综合交通体系。",NULL,NULL,"system_user","2024-11-11 14:40:06","xiexinyu","2024-11-11 14:40:06","0","0"
"1773","1000232","区域交通一体化推进","1014","terminalNode","推进区域交通一体化。",NULL,NULL,"system_user","2024-11-11 14:40:06","xiexinyu","2024-11-11 14:40:06","0","0"
"1774","1000233","城市交通管理优化","1014","terminalNode","标本兼治做好城市交通管理，构建步行和自行车网络体系，推广大数据等新技术。",NULL,NULL,"system_user","2024-11-11 14:40:06","xiexinyu","2024-11-11 14:40:06","0","0"
"1775","1015","水务","0","parentNode",,NULL,"14","system_user","2024-11-11 14:40:06","xiexinyu","2024-11-11 14:40:06","0","0"
"1776","1000234","水资源开发利用","1015","terminalNode","负责保障本市水资源的合理开发利用。贯彻落实国家关于水务工作的法律法规、规章、政策和战略规划。",NULL,NULL,"system_user","2024-11-11 14:40:06","xiexinyu","2024-11-11 14:40:06","0","0"
"1777","1000235","水资源保护","1015","terminalNode","组织开展本市水资源保护工作。指导饮用水水源保护有关工作，组织开展地下水开发利用和地下水资源管理保护以及地下水超采区综合治理。",NULL,NULL,"system_user","2024-11-11 14:40:07","xiexinyu","2024-11-11 14:40:07","0","0"
"1778","1000236","水文工作管理","1015","terminalNode","负责本市水文工作，实施水文水资源监测、水文站网建设和管理，对地表水和地下水实施监测。",NULL,NULL,"system_user","2024-11-11 14:40:07","xiexinyu","2024-11-11 14:40:07","0","0"
"1779","1000237","水资源调度","1015","terminalNode","负责本市生活、生产经营和生态环境用水的统筹和保障，组织实施最严格水资源管理制度。",NULL,NULL,"system_user","2024-11-11 14:40:07","xiexinyu","2024-11-11 14:40:07","0","0"
"1780","1000238","水务工程建设","1015","terminalNode","按规定制定本市水务工程建设有关制度并组织实施，承担水务领域固定资产投资项目的组织实施和监督管理工作。",NULL,NULL,"system_user","2024-11-11 14:40:07","xiexinyu","2024-11-11 14:40:07","0","0"
"1781","1000239","供水排水管理","1015","terminalNode","负责本市供水、排水行业的监督管理，组织实施排水许可制度。",NULL,NULL,"system_user","2024-11-11 14:40:07","xiexinyu","2024-11-11 14:40:07","0","0"
"1782","1000240","节约用水","1015","terminalNode","负责本市节约用水工作，拟订节约用水政策并监督实施，推动节水型社会建设工作。",NULL,NULL,"system_user","2024-11-11 14:40:07","xiexinyu","2024-11-11 14:40:07","0","0"
"1783","1000241","海绵城市建设","1015","terminalNode","组织开展本市海绵城市建设工作，制定海绵城市建设相关技术标准，统筹推进海绵城市建设。",NULL,NULL,"system_user","2024-11-11 14:40:07","xiexinyu","2024-11-11 14:40:07","0","0"
"1784","1000242","水务工程监督","1015","terminalNode","指导监督本市水务工程建设与运行管理，监督水利工程建设的安全和质量。",NULL,NULL,"system_user","2024-11-11 14:40:07","xiexinyu","2024-11-11 14:40:07","0","0"
"1785","1000243","水利设施管理","1015","terminalNode","指导本市水利设施、水域及其岸线的管理、保护与综合利用。",NULL,NULL,"system_user","2024-11-11 14:40:07","xiexinyu","2024-11-11 14:40:07","0","0"
"1786","1000244","水土保持和水生态保护","1015","terminalNode","负责本市水土保持和水生态保护修复工作，拟订相关规划并监督实施。",NULL,NULL,"system_user","2024-11-11 14:40:07","xiexinyu","2024-11-11 14:40:07","0","0"
"1787","1000245","河长制","1015","terminalNode","负责本市河长制工作，拟订推进河长制工作的政策建议和工作任务，组织开展督查、考核。",NULL,NULL,"system_user","2024-11-11 14:40:07","xiexinyu","2024-11-11 14:40:07","0","0"
"1788","1000246","水库移民政策实施","1015","terminalNode","指导监督本市水库移民后期扶持政策的实施，协调推进水务区域合作、对口支援与协作工作。",NULL,NULL,"system_user","2024-11-11 14:40:07","xiexinyu","2024-11-11 14:40:07","0","0"
"1789","1000247","水事执法","1015","terminalNode","负责本市重大涉水违法事件的查处，协调和仲裁跨区水事纠纷，指导水政监察和水行政执法。",NULL,NULL,"system_user","2024-11-11 14:40:07","xiexinyu","2024-11-11 14:40:07","0","0"
"1790","1000248","水务安全生产","1015","terminalNode","依法依规负责本市水务行业安全生产和水务工程的安全监管工作。",NULL,NULL,"system_user","2024-11-11 14:40:07","xiexinyu","2024-11-11 14:40:07","0","0"
"1791","1000249","水务科技与信息化","1015","terminalNode","负责开展本市水务科技和信息化工作，拟订水务行业的技术标准，组织重大水务科技项目的研发。",NULL,NULL,"system_user","2024-11-11 14:40:07","xiexinyu","2024-11-11 14:40:07","0","0"
"1792","1000250","防洪抗旱","1015","terminalNode","负责落实本市综合防灾减灾规划，组织编制洪水干旱灾害防治规划和防护标准并指导实施。",NULL,NULL,"system_user","2024-11-11 14:40:07","xiexinyu","2024-11-11 14:40:07","0","0"
"1793","1000251","水资源综合管理","1015","terminalNode","负责水资源的统一配置调度和监督管理，组织实施取水许可和水影响评价。",NULL,NULL,"system_user","2024-11-11 14:40:07","xiexinyu","2024-11-11 14:40:07","0","0"
"1794","1000252","水务资金管理","1015","terminalNode","负责提出水务领域固定资产投资规模、方向、项目安排建议，承担水务领域固定资产投资项目的组织实施和监督管理工作。参与水务资金的使用管理。配合有关部门提出有关水务方面的经济调节政策、措施。",NULL,NULL,"system_user","2024-11-11 14:40:07","xiexinyu","2024-11-11 14:40:07","0","0"
"1795","1000253","农民安全饮水","1015","terminalNode","指导农民安全饮水工作。",NULL,NULL,"system_user","2024-11-11 14:40:07","xiexinyu","2024-11-11 14:40:07","0","0"
"1796","1000254","河湖治理与保护","1015","terminalNode","指导河湖治理和保护，指导河湖水生态保护与修复、河湖水系连通工作。",NULL,NULL,"system_user","2024-11-11 14:40:07","xiexinyu","2024-11-11 14:40:07","0","0"
"1797","1000255","湿地保护","1015","terminalNode","依法承担水库、湖泊、河流等管理范围内湿地保护管理工作。",NULL,NULL,"system_user","2024-11-11 14:40:07","xiexinyu","2024-11-11 14:40:07","0","0"
"1798","1000256","水务国际合作","1015","terminalNode","组织开展水务国际合作与交流。",NULL,NULL,"system_user","2024-11-11 14:40:07","xiexinyu","2024-11-11 14:40:07","0","0"
"1799","1000257","洪水抗旱应急预案","1015","terminalNode","组织编制防御洪水抗御旱灾调度及应急水量调度方案并组织实施，承担防御洪水和城市内涝应急抢险的技术支撑工作。",NULL,NULL,"system_user","2024-11-11 14:40:07","xiexinyu","2024-11-11 14:40:07","0","0"
"1800","1000258","水污染防治协调","1015","terminalNode","与市生态环境局建立水污染防治协调机制，加强工作衔接，形成监管合力。",NULL,NULL,"system_user","2024-11-11 14:40:07","xiexinyu","2024-11-11 14:40:07","0","0"
"1801","1000259","灾害应急管理","1015","terminalNode","与市应急局建立健全自然灾害防救的应急救援、信息共享和监测预警机制，形成防救合力。",NULL,NULL,"system_user","2024-11-11 14:40:07","xiexinyu","2024-11-11 14:40:07","0","0"
"1802","1000260","水资源合理利用","1015","terminalNode","市水务局应切实加强水资源合理利用、优化配置和节约保护，严格控制用水总量，提高用水效率。",NULL,NULL,"system_user","2024-11-11 14:40:07","xiexinyu","2024-11-11 14:40:07","0","0"
"1803","1000261","地下水保护管理","1015","terminalNode","加强地下水开发利用、管理保护，维护河湖健康美丽。",NULL,NULL,"system_user","2024-11-11 14:40:07","xiexinyu","2024-11-11 14:40:07","0","0"
"1804","1000262","水环境治理","1015","terminalNode","加强本市河湖水系水环境治理和水生态修复，落实城市修补和生态修复要求。",NULL,NULL,"system_user","2024-11-11 14:40:07","xiexinyu","2024-11-11 14:40:07","0","0"
"1805","1000263","城乡供排水保障","1015","terminalNode","完善城乡供排水服务保障体系，加强海绵城市建设。",NULL,NULL,"system_user","2024-11-11 14:40:07","xiexinyu","2024-11-11 14:40:07","0","0"
"1806","1000264","可持续用水保障","1015","terminalNode","保障合理用水需求和水资源的可持续利用，为经济社会发展提供水安全保障。",NULL,NULL,"system_user","2024-11-11 14:40:07","xiexinyu","2024-11-11 14:40:07","0","0"
"1807","1000265","水资源保护规划分工","1015","terminalNode","市水务局负责制定水资源保护规划，依法指导监督饮用水水源保护和水生态保护工作。",NULL,NULL,"system_user","2024-11-11 14:40:07","xiexinyu","2024-11-11 14:40:07","0","0"
"1808","1000266","地下水保护与监测","1015","terminalNode","组织开展地下水资源保护、水土流失防治和水生态修复，组织实施地下水监测工作。",NULL,NULL,"system_user","2024-11-11 14:40:07","xiexinyu","2024-11-11 14:40:07","0","0"
"1809","1000267","污水处理与再生","1015","terminalNode","组织建设城乡污水处理和再生水设施，推进城镇雨污分流工程建设，完善污水收集系统。",NULL,NULL,"system_user","2024-11-11 14:40:07","xiexinyu","2024-11-11 14:40:07","0","0"
"1810","1000268","排水设施管理","1015","terminalNode","依法加强对城镇排水与污水处理设施运营情况的监督管理和绩效考核。",NULL,NULL,"system_user","2024-11-11 14:40:07","xiexinyu","2024-11-11 14:40:07","0","0"
"1811","1000269","水污染防治协调机制","1015","terminalNode","建立健全水污染防治协调机制，加强市水务局与市生态环境局的工作衔接，形成监管合力。",NULL,NULL,"system_user","2024-11-11 14:40:07","xiexinyu","2024-11-11 14:40:07","0","0"
"1812","1000270","洪水干旱防治规划","1015","terminalNode","负责落实综合防灾减灾规划，组织编制洪水干旱灾害和城市内涝防治规划、防护标准并指导实施。",NULL,NULL,"system_user","2024-11-11 14:40:07","xiexinyu","2024-11-11 14:40:07","0","0"
"1813","1000271","水情旱情监测预警","1015","terminalNode","承担水情旱情监测预警工作，编制防御洪水抗旱调度方案并组织实施。",NULL,NULL,"system_user","2024-11-11 14:40:07","xiexinyu","2024-11-11 14:40:07","0","0"
"1814","1000272","自然灾害应急协调","1015","terminalNode","市应急局负责组织编制综合防灾减灾规划，指导协调相关部门水旱灾害防治工作。",NULL,NULL,"system_user","2024-11-11 14:40:07","xiexinyu","2024-11-11 14:40:07","0","0"
"1815","1000273","应急救援机制","1015","terminalNode","市水务局与市应急局要建立健全自然灾害防救的应急救援、信息共享和监测预警机制，形成防救合力。",NULL,NULL,"system_user","2024-11-11 14:40:07","xiexinyu","2024-11-11 14:40:07","0","0"
"1816","1016","农村农业","0","parentNode",,NULL,"15","system_user","2024-11-11 14:40:07","xiexinyu","2024-11-11 14:40:07","0","0"
"1817","1000274","农业法规政策执行","1016","terminalNode","贯彻执行国家关于“三农”工作的发展战略、中长期规划、重大政策及有关法律法规规章。",NULL,NULL,"system_user","2024-11-11 14:40:07","xiexinyu","2024-11-11 14:40:07","0","0"
"1818","1000275","农业农村法规起草","1016","terminalNode","组织起草本市农业农村有关地方性法规草案、政府规章草案，组织制定相关政策并协调实施。",NULL,NULL,"system_user","2024-11-11 14:40:07","xiexinyu","2024-11-11 14:40:07","0","0"
"1819","1000276","农村社会事业发展","1016","terminalNode","统筹推动发展本市农村社会事业、农村公共服务、农村文化、农村基础设施。",NULL,NULL,"system_user","2024-11-11 14:40:07","xiexinyu","2024-11-11 14:40:07","0","0"
"1820","1000277","农村人居环境改善","1016","terminalNode","牵头组织改善农村人居环境相关工作。",NULL,NULL,"system_user","2024-11-11 14:40:07","xiexinyu","2024-11-11 14:40:07","0","0"
"1821","1000278","村镇建设规划","1016","terminalNode","参与编制、修订村镇建设规划，协调推进村镇建设。",NULL,NULL,"system_user","2024-11-11 14:40:07","xiexinyu","2024-11-11 14:40:07","0","0"
"1822","1000279","农村合作经济管理","1016","terminalNode","负责指导本市农村合作经济经营管理工作。",NULL,NULL,"system_user","2024-11-11 14:40:07","xiexinyu","2024-11-11 14:40:07","0","0"
"1823","1000280","农民承包地管理","1016","terminalNode","负责农民承包地、农村宅基地改革并指导相关管理工作。",NULL,NULL,"system_user","2024-11-11 14:40:07","xiexinyu","2024-11-11 14:40:07","0","0"
"1824","1000281","集体产权制度改革","1016","terminalNode","负责农村集体产权制度改革，指导农村集体经济组织发展和集体资产管理工作。",NULL,NULL,"system_user","2024-11-11 14:40:07","xiexinyu","2024-11-11 14:40:07","0","0"
"1825","1000282","农产品产业发展","1016","terminalNode","指导本市乡村特色产业、农产品加工业和休闲农业发展工作。",NULL,NULL,"system_user","2024-11-11 14:40:07","xiexinyu","2024-11-11 14:40:07","0","0"
"1826","1000283","农业现代化体系构建","1016","terminalNode","组织构建本市现代农业产业体系、生产体系、经营体系。",NULL,NULL,"system_user","2024-11-11 14:40:07","xiexinyu","2024-11-11 14:40:07","0","0"
"1827","1000284","农产品质量安全监管","1016","terminalNode","负责本市食用农产品从种植养殖环节到进入批发、零售市场或者生产加工企业前质量安全监督管理。",NULL,NULL,"system_user","2024-11-11 14:40:07","xiexinyu","2024-11-11 14:40:07","0","0"
"1828","1000285","农业资源保护","1016","terminalNode","指导本市基本农田、渔业水域以及农业生物物种资源保护与管理工作。",NULL,NULL,"system_user","2024-11-11 14:40:07","xiexinyu","2024-11-11 14:40:07","0","0"
"1829","1000286","农业投入品管理","1016","terminalNode","负责本市有关农业生产资料和农业投入品的监督管理。",NULL,NULL,"system_user","2024-11-11 14:40:07","xiexinyu","2024-11-11 14:40:07","0","0"
"1830","1000287","农业防灾减灾","1016","terminalNode","负责本市农业防灾减灾、农作物重大病虫害防治工作。",NULL,NULL,"system_user","2024-11-11 14:40:07","xiexinyu","2024-11-11 14:40:07","0","0"
"1831","1000288","农业投资管理","1016","terminalNode","负责本市农业投资管理，提出农业投融资体制机制改革建议。",NULL,NULL,"system_user","2024-11-11 14:40:07","xiexinyu","2024-11-11 14:40:07","0","0"
"1832","1000289","农业科技创新","1016","terminalNode","推动本市农业科技体制改革和农业科技创新体系建设。",NULL,NULL,"system_user","2024-11-11 14:40:07","xiexinyu","2024-11-11 14:40:07","0","0"
"1833","1000290","山区发展规划","1016","terminalNode","研究拟订本市山区发展规划和年度指导性计划。",NULL,NULL,"system_user","2024-11-11 14:40:07","xiexinyu","2024-11-11 14:40:07","0","0"
"1834","1000291","乡村振兴战略实施","1016","terminalNode","统筹实施乡村振兴战略，深化农业供给侧结构性改革。",NULL,NULL,"system_user","2024-11-11 14:40:07","xiexinyu","2024-11-11 14:40:07","0","0"
"1835","1000292","农产品质量安全管理分工","1016","terminalNode","市农业农村局负责食用农产品从种植养殖环节到进入批发、零售市场或者生产加工企业前的质量安全监督管理。",NULL,NULL,"system_user","2024-11-11 14:40:07","xiexinyu","2024-11-11 14:40:07","0","0"
"1836","1000293","简政放权","1016","terminalNode","深入推进简政放权，加强对行业内交叉重复以及性质相同、用途相近的农业投资项目的统筹整合，最大限度缩小项目审批范围，进一步下放审批权限，加强事中事后监管。",NULL,NULL,"system_user","2024-11-11 14:40:07","xiexinyu","2024-11-11 14:40:07","0","0"
"1837","1000294","支农政策效益提升","1016","terminalNode","切实提升国家和本市支农政策效果和资金使用效益。",NULL,NULL,"system_user","2024-11-11 14:40:07","xiexinyu","2024-11-11 14:40:07","0","0"
"1838","1000295","食用农产品质量监督","1016","terminalNode","市农业农村局负责食用农产品从种植养殖环节到进入批发、零售市场或者生产加工企业前的质量安全监督管理。",NULL,NULL,"system_user","2024-11-11 14:40:07","xiexinyu","2024-11-11 14:40:07","0","0"
"1839","1000296","疫病防控与屠宰管理","1016","terminalNode","市农业农村局负责动植物疫病防控、畜禽屠宰环节、生鲜乳收购环节质量安全的监督管理。",NULL,NULL,"system_user","2024-11-11 14:40:07","xiexinyu","2024-11-11 14:40:07","0","0"
"1840","1000297","食品安全协作","1016","terminalNode","与市场监督管理局两部门要建立食品安全产地准出、市场准入和追溯机制，加强协调配合和工作衔接，形成监管合力。",NULL,NULL,"system_user","2024-11-11 14:40:07","xiexinyu","2024-11-11 14:40:07","0","0"
"1841","1017","商务","0","parentNode",,NULL,"16","system_user","2024-11-11 14:40:07","xiexinyu","2024-11-11 14:40:07","0","0"
"1842","1000298","法规政策起草","1017","terminalNode","起草本市相关地方性法规草案、政府规章草案，研究内外贸易、外商投资、对外经济合作和口岸工作的发展战略，提出中长期发展规划及年度计划并组织实施。",NULL,NULL,"system_user","2024-11-11 14:40:07","xiexinyu","2024-11-11 14:40:07","0","0"
"1843","1000299","流通产业结构调整","1017","terminalNode","负责推进本市流通产业结构调整，指导流通企业改革，促进商贸服务业和社区商业发展。",NULL,NULL,"system_user","2024-11-11 14:40:07","xiexinyu","2024-11-11 14:40:07","0","0"
"1844","1000300","城乡市场发展","1017","terminalNode","促进本市城乡市场发展，组织编制本市商品流通和生活性服务业重点设施的布局规划并组织实施。",NULL,NULL,"system_user","2024-11-11 14:40:07","xiexinyu","2024-11-11 14:40:07","0","0"
"1845","1000301","消费促进工作","1017","terminalNode","负责本市消费促进工作，研究制定促消费政策措施并组织实施，指导各区开展促消费工作。",NULL,NULL,"system_user","2024-11-11 14:40:07","xiexinyu","2024-11-11 14:40:07","0","0"
"1846","1000302","流通秩序规范","1017","terminalNode","承担本市整顿和规范流通秩序工作的责任，提出提升商业服务质量和规范流通秩序的政策建议。",NULL,NULL,"system_user","2024-11-11 14:40:07","xiexinyu","2024-11-11 14:40:07","0","0"
"1847","1000303","消费品市场调控","1017","terminalNode","承担本市重要消费品市场调控和有关重要生产资料流通管理的责任，建立市场供应应急管理机制。",NULL,NULL,"system_user","2024-11-11 14:40:07","xiexinyu","2024-11-11 14:40:07","0","0"
"1848","1000304","商务服务业发展","1017","terminalNode","统筹推进本市商务服务业发展，组织编制商务服务业发展规划并组织实施。",NULL,NULL,"system_user","2024-11-11 14:40:07","xiexinyu","2024-11-11 14:40:07","0","0"
"1849","1000305","货物进出口管理","1017","terminalNode","负责本市货物进出口相关管理工作，拟订促进外贸发展规划并组织实施。",NULL,NULL,"system_user","2024-11-11 14:40:07","xiexinyu","2024-11-11 14:40:07","0","0"
"1850","1000306","技术贸易管理","1017","terminalNode","负责本市技术贸易工作，执行国家对外技术贸易、进出口管制的贸易政策，推进进出口贸易标准化工作。",NULL,NULL,"system_user","2024-11-11 14:40:07","xiexinyu","2024-11-11 14:40:07","0","0"
"1851","1000307","服务贸易发展","1017","terminalNode","牵头拟订本市服务贸易发展规划并开展相关工作，推动服务贸易公共服务平台建设。",NULL,NULL,"system_user","2024-11-11 14:40:07","xiexinyu","2024-11-11 14:40:07","0","0"
"1852","1000308","知识产权保护","1017","terminalNode","协助承担本市与对外贸易有关的知识产权保护工作，负责涉及本市的世界贸易组织事务的综合协调。",NULL,NULL,"system_user","2024-11-11 14:40:07","xiexinyu","2024-11-11 14:40:07","0","0"
"1853","1000309","外商投资管理","1017","terminalNode","负责本市外商投资相关管理及投资促进工作，依法负责外商投资企业设立、变更及审批工作。",NULL,NULL,"system_user","2024-11-11 14:40:07","xiexinyu","2024-11-11 14:40:07","0","0"
"1854","1000310","对外经济合作","1017","terminalNode","负责本市对外经济合作工作，研究提出对外经济合作发展的政策措施。",NULL,NULL,"system_user","2024-11-11 14:40:07","xiexinyu","2024-11-11 14:40:07","0","0"
"1855","1000311","安全生产管理","1017","terminalNode","负责依法指导、协调商务领域安全生产管理工作，对成品油流通等方面的安全工作承担管理责任。",NULL,NULL,"system_user","2024-11-11 14:40:07","xiexinyu","2024-11-11 14:40:07","0","0"
"1856","1000312","口岸综合管理","1017","terminalNode","起草本市关于口岸工作方面的法规草案，负责口岸综合协调管理和通关便利化工作。",NULL,NULL,"system_user","2024-11-11 14:40:07","xiexinyu","2024-11-11 14:40:07","0","0"
"1857","1000313","商业服务业人才培养","1017","terminalNode","负责本市商业服务业人才工作的宏观管理，推动商业服务业人才队伍建设及老字号传承人才培养工作。",NULL,NULL,"system_user","2024-11-11 14:40:07","xiexinyu","2024-11-11 14:40:07","0","0"
"1858","1000314","职能转变","1017","terminalNode","市商务局要加强、优化、转变商务领域管理和服务职能，减少微观管理和具体审批事项，加强事中事后监管。",NULL,NULL,"system_user","2024-11-11 14:40:07","xiexinyu","2024-11-11 14:40:07","0","0"
"1859","1000315","药品流通职责分工","1017","terminalNode","市商务局负责拟订药品流通发展规划和政策；市药监局在药品监督管理中配合执行药品流通规划和政策。",NULL,NULL,"system_user","2024-11-11 14:40:07","xiexinyu","2024-11-11 14:40:07","0","0"
"1860","1018","文旅","0","parentNode",,NULL,"17","system_user","2024-11-11 14:40:07","xiexinyu","2024-11-12 07:52:39","0","0"
"1861","1000316","政策法规贯彻","1018","terminalNode","贯彻落实国家文化和旅游工作法律法规、规章和政策。研究拟订本市文化和旅游政策措施。",NULL,NULL,"system_user","2024-11-11 14:40:07","xiexinyu","2024-11-11 14:40:07","0","0"
"1862","1000317","文化旅游法规起草","1018","terminalNode","起草文化和旅游方面地方性法规草案、政府规章草案，依法监督检查执行情况。",NULL,NULL,"system_user","2024-11-11 14:40:07","xiexinyu","2024-11-11 14:40:07","0","0"
"1863","1000318","文化产业旅游业规划","1018","terminalNode","统筹规划本市文化事业、文化产业和旅游业发展，拟订发展规划并组织实施。",NULL,NULL,"system_user","2024-11-11 14:40:07","xiexinyu","2024-11-11 14:40:07","0","0"
"1864","1000319","文化旅游融合发展","1018","terminalNode","推进文化和旅游融合发展，推进文化和旅游体制机制改革。",NULL,NULL,"system_user","2024-11-11 14:40:07","xiexinyu","2024-11-11 14:40:07","0","0"
"1865","1000320","重大文化活动管理","1018","terminalNode","管理本市重大文化活动，指导重点及基层文化设施建设和旅游设施建设。",NULL,NULL,"system_user","2024-11-11 14:40:07","xiexinyu","2024-11-11 14:40:07","0","0"
"1866","1000321","旅游对外宣传推广","1018","terminalNode","参与国家旅游整体形象的对外宣传和重大推广活动，组织本市旅游对外宣传和推广活动。",NULL,NULL,"system_user","2024-11-11 14:40:07","xiexinyu","2024-11-11 14:40:07","0","0"
"1867","1000322","文艺事业指导","1018","terminalNode","指导、管理本市文艺事业，指导艺术创作与生产，推动各门类艺术、各艺术品种发展。",NULL,NULL,"system_user","2024-11-11 14:40:07","xiexinyu","2024-11-11 14:40:07","0","0"
"1868","1000323","公共文化服务体系建设","1018","terminalNode","负责本市公共文化事业发展，推进公共文化服务体系建设和旅游公共服务体系建设。",NULL,NULL,"system_user","2024-11-11 14:40:07","xiexinyu","2024-11-11 14:40:07","0","0"
"1869","1000324","文化和旅游科技创新","1018","terminalNode","指导、推进本市文化和旅游科技创新发展，推进文化和旅游业信息化、标准化建设。",NULL,NULL,"system_user","2024-11-11 14:40:07","xiexinyu","2024-11-11 14:40:07","0","0"
"1870","1000325","非物质文化遗产保护","1018","terminalNode","负责本市非物质文化遗产保护、保存，推动非物质文化遗产的保护、传承、传播和发展。",NULL,NULL,"system_user","2024-11-11 14:40:07","xiexinyu","2024-11-11 14:40:07","0","0"
"1871","1000326","文化旅游资源管理","1018","terminalNode","统筹规划本市文化产业和旅游业，组织实施文化和旅游资源普查、挖掘、保护和利用工作。",NULL,NULL,"system_user","2024-11-11 14:40:07","xiexinyu","2024-11-11 14:40:07","0","0"
"1872","1000327","文化旅游市场监管","1018","terminalNode","指导本市文化和旅游市场发展，负责对文化和旅游市场经营进行行业监管，推进文化和旅游业信用体系建设。",NULL,NULL,"system_user","2024-11-11 14:40:07","xiexinyu","2024-11-11 14:40:07","0","0"
"1873","1000328","文化市场综合执法","1018","terminalNode","协助市委宣传部门指导本市文化市场综合执法，组织查处全市性、跨区域文化、文物等市场的违法行为。",NULL,NULL,"system_user","2024-11-11 14:40:07","xiexinyu","2024-11-11 14:40:07","0","0"
"1874","1000329","文化旅游对外交流","1018","terminalNode","指导、管理本市文化和旅游对外及对港澳台交流、合作和宣传、推广工作。",NULL,NULL,"system_user","2024-11-11 14:40:07","xiexinyu","2024-11-11 14:40:07","0","0"
"1875","1019","卫健","0","parentNode",,NULL,"18","system_user","2024-11-11 14:40:07","xiexinyu","2024-11-12 08:08:47","0","0"
"1876","1000330","法规政策起草","1019","terminalNode","负责起草卫生健康相关地方性法规草案、政府规章草案。",NULL,NULL,"system_user","2024-11-11 14:40:07","xiexinyu","2024-11-11 14:40:07","0","0"
"1877","1000331","卫生资源规划","1019","terminalNode","统筹规划和协调本地区卫生健康服务资源配置，拟订并组织实施区域卫生健康发展规划。",NULL,NULL,"system_user","2024-11-11 14:40:07","xiexinyu","2024-11-11 14:40:07","0","0"
"1878","1000332","卫生信息化统计","1019","terminalNode","协调推进卫生健康信息化和统计工作。",NULL,NULL,"system_user","2024-11-11 14:40:07","xiexinyu","2024-11-11 14:40:07","0","0"
"1879","1000333","医药卫生体制改革","1019","terminalNode","负责组织协调推进医药卫生体制改革工作，研究拟订医药卫生体制改革规划、政策、实施方案及相关配套措施。",NULL,NULL,"system_user","2024-11-11 14:40:07","xiexinyu","2024-11-11 14:40:07","0","0"
"1880","1000334","疾病预防控制","1019","terminalNode","负责疾病预防控制工作，拟订疾病预防控制规划、免疫规划，并组织实施。",NULL,NULL,"system_user","2024-11-11 14:40:07","xiexinyu","2024-11-11 14:40:07","0","0"
"1881","1000335","卫生应急体系建设","1019","terminalNode","负责本市卫生应急体系建设和管理，制定卫生应急和紧急医学救援预案。",NULL,NULL,"system_user","2024-11-11 14:40:07","xiexinyu","2024-11-11 14:40:07","0","0"
"1882","1000336","老年健康服务体系","1019","terminalNode","组织协调落实国家和本市关于应对人口老龄化政策措施，负责推进老年健康服务体系建设和医养结合工作。",NULL,NULL,"system_user","2024-11-11 14:40:07","xiexinyu","2024-11-11 14:40:07","0","0"
"1883","1000337","药物政策实施","1019","terminalNode","负责本市贯彻实施国家药物政策和国家基本药物制度工作，开展药品使用监测、评价和短缺药品预警。",NULL,NULL,"system_user","2024-11-11 14:40:07","xiexinyu","2024-11-11 14:40:07","0","0"
"1884","1000338","公共卫生监督管理","1019","terminalNode","负责本市职责范围内的职业卫生、放射卫生、环境卫生等公共卫生的监督管理。",NULL,NULL,"system_user","2024-11-11 14:40:07","xiexinyu","2024-11-11 14:40:07","0","0"
"1885","1000339","医疗行业监督管理","1019","terminalNode","负责本市医疗卫生行业监督管理，制定医疗机构、服务、质量、安全等管理规范，并监督实施。",NULL,NULL,"system_user","2024-11-11 14:40:07","xiexinyu","2024-11-11 14:40:07","0","0"
"1886","1000340","计划生育管理","1019","terminalNode","负责本市计划生育管理和服务工作，组织监测本市出生人口动态。",NULL,NULL,"system_user","2024-11-11 14:40:07","xiexinyu","2024-11-11 14:40:07","0","0"
"1887","1000341","基层卫生服务","1019","terminalNode","拟订并组织实施本市基层卫生、妇幼卫生、老年卫生等政策措施，推进公共卫生均等化。",NULL,NULL,"system_user","2024-11-11 14:40:07","xiexinyu","2024-11-11 14:40:07","0","0"
"1888","1000342","干部医疗保健","1019","terminalNode","负责本市保健对象、市区部门干部的医疗保健管理工作。",NULL,NULL,"system_user","2024-11-11 14:40:07","xiexinyu","2024-11-11 14:40:07","0","0"
"1889","1000343","中医管理","1019","terminalNode","管理本市中医管理局，代管市老龄协会，归口管理市医院管理中心。",NULL,NULL,"system_user","2024-11-11 14:40:07","xiexinyu","2024-11-11 14:40:07","0","0"
"1890","1000344","疾病预防与老龄化应对","1019","terminalNode","注重预防为主和健康促进，加强重大疾病预防和人口老龄化应对，健全健康服务体系。",NULL,NULL,"system_user","2024-11-11 14:40:07","xiexinyu","2024-11-11 14:40:07","0","0"
"1891","1000345","医药卫生体制改革深化","1019","terminalNode","协调推进深化医药卫生体制改革，加大公立医院改革力度，推动卫生健康服务多元化。",NULL,NULL,"system_user","2024-11-11 14:40:07","xiexinyu","2024-11-11 14:40:07","0","0"
"1892","1000346","人口监测与政策分工","1019","terminalNode","负责开展本市人口监测预警，研究提出与生育相关的人口政策建议。",NULL,NULL,"system_user","2024-11-11 14:40:07","xiexinyu","2024-11-11 14:40:07","0","0"
"1893","1000347","老龄健康分工","1019","terminalNode","负责协调推进老龄事业发展，承担老年疾病防治、老年医疗照护等工作。",NULL,NULL,"system_user","2024-11-11 14:40:07","xiexinyu","2024-11-11 14:40:07","0","0"
"1894","1000348","食品安全分工","1019","terminalNode","负责食品安全风险评估工作，制定、实施食品安全风险监测计划。",NULL,NULL,"system_user","2024-11-11 14:40:07","xiexinyu","2024-11-11 14:40:07","0","0"
"1895","1000349","医疗保障分工","1019","terminalNode","在医疗、医保、医药方面加强制度衔接，建立沟通协商机制，推进改革。",NULL,NULL,"system_user","2024-11-11 14:40:07","xiexinyu","2024-11-11 14:40:07","0","0"
"1896","1000350","药品不良反应监测分工","1019","terminalNode","会同市药监局建立重大药品不良反应通报机制和联合处置机制。",NULL,NULL,"system_user","2024-11-11 14:40:07","xiexinyu","2024-11-11 14:40:07","0","0"
"1897","1020","退役军人事务","0","parentNode",,NULL,"19","system_user","2024-11-11 14:40:07","xiexinyu","2024-11-11 14:40:07","0","0"
"1898","1000351","退役军人政策制定","1020","terminalNode","拟订本市退役军人思想政治、管理保障和安置优抚等工作政策措施并组织实施。",NULL,NULL,"system_user","2024-11-11 14:40:07","xiexinyu","2024-11-11 14:40:07","0","0"
"1899","1000352","退役军人安置服务","1020","terminalNode","负责本市军队转业干部、复员干部、离休退休干部、退役士兵和无军籍退休退职职工的移交安置工作。",NULL,NULL,"system_user","2024-11-11 14:40:07","xiexinyu","2024-11-11 14:40:07","0","0"
"1900","1000353","就业服务管理","1020","terminalNode","负责自主择业、就业退役军人服务管理工作。",NULL,NULL,"system_user","2024-11-11 14:40:07","xiexinyu","2024-11-11 14:40:07","0","0"
"1901","1000354","退役军人教育培训","1020","terminalNode","负责本市退役军人教育培训工作，协调扶持退役军人和随军随调家属就业创业。",NULL,NULL,"system_user","2024-11-11 14:40:07","xiexinyu","2024-11-11 14:40:07","0","0"
"1902","1000355","特殊保障政策","1020","terminalNode","会同有关部门制定本市退役军人特殊保障政策措施并组织实施。",NULL,NULL,"system_user","2024-11-11 14:40:07","xiexinyu","2024-11-11 14:40:07","0","0"
"1903","1000356","住房医疗保障","1020","terminalNode","组织落实移交本市的退役军人和无军籍退职职工的住房保障、医疗保障等工作。",NULL,NULL,"system_user","2024-11-11 14:40:07","xiexinyu","2024-11-11 14:40:07","0","0"
"1904","1000357","伤病残军人服务管理","1020","terminalNode","组织落实本市伤病残退役军人服务管理和抚恤工作，指导军供服务保障工作。",NULL,NULL,"system_user","2024-11-11 14:40:07","xiexinyu","2024-11-11 14:40:07","0","0"
"1905","1000358","拥军优属工作","1020","terminalNode","承担全市拥军优属工作，负责现役军人、退役军人、军队文职人员和军属优待、抚恤等工作。",NULL,NULL,"system_user","2024-11-11 14:40:07","xiexinyu","2024-11-11 14:40:07","0","0"
"1906","1000359","烈士纪念管理","1020","terminalNode","负责烈士及退役军人荣誉奖励、军人公墓管理维护、纪念活动等工作。",NULL,NULL,"system_user","2024-11-11 14:40:07","xiexinyu","2024-11-11 14:40:07","0","0"
"1907","1000360","退役军人权益维护","1020","terminalNode","组织开展本市退役军人权益维护和有关人员的帮扶援助工作。",NULL,NULL,"system_user","2024-11-11 14:40:07","xiexinyu","2024-11-11 14:40:07","0","0"
"1908","1000361","思想政治与服务保障","1020","terminalNode","加强退役军人思想政治工作和服务保障体系建设，协调力量更好为军人军属服务。",NULL,NULL,"system_user","2024-11-11 14:40:07","xiexinyu","2024-11-11 14:40:07","0","0"
"1909","1021","应急","0","parentNode",,NULL,"20","system_user","2024-11-11 14:40:07","xiexinyu","2024-11-11 14:40:07","0","0"
"1910","1000362","应急管理工作","1021","terminalNode","负责本市应急管理工作，指导各区各部门各单位应对安全生产类、自然灾害类等突发事件和综合防灾减灾救灾工作。",NULL,NULL,"system_user","2024-11-11 14:40:07","xiexinyu","2024-11-11 14:40:07","0","0"
"1911","1000363","安全生产监督管理","1021","terminalNode","负责安全生产综合监督管理和工矿商贸行业安全生产监督管理工作。",NULL,NULL,"system_user","2024-11-11 14:40:07","xiexinyu","2024-11-11 14:40:07","0","0"
"1912","1000364","应急政策与规划","1021","terminalNode","拟订本市应急管理、安全生产等政策，组织编制应急体系建设、安全生产和综合防灾减灾规划。",NULL,NULL,"system_user","2024-11-11 14:40:07","xiexinyu","2024-11-11 14:40:07","0","0"
"1913","1000365","应急预案体系建设","1021","terminalNode","指导本市应急预案体系建设，建立完善事故灾难和自然灾害分级应对制度。",NULL,NULL,"system_user","2024-11-11 14:40:07","xiexinyu","2024-11-11 14:40:07","0","0"
"1914","1000366","应急信息系统管理","1021","terminalNode","牵头建立本市统一的应急管理信息系统，负责信息传输渠道的规划和布局。",NULL,NULL,"system_user","2024-11-11 14:40:07","xiexinyu","2024-11-11 14:40:07","0","0"
"1915","1000367","突发事件应急救援","1021","terminalNode","组织指导协调本市安全生产类、自然灾害类等突发事件应急救援。",NULL,NULL,"system_user","2024-11-11 14:40:07","xiexinyu","2024-11-11 14:40:07","0","0"
"1916","1000368","应急专业队伍协调","1021","terminalNode","统一协调指挥本市各类应急专业队伍，建立应急协调联动机制。",NULL,NULL,"system_user","2024-11-11 14:40:07","xiexinyu","2024-11-11 14:40:07","0","0"
"1917","1000369","应急救援力量建设","1021","terminalNode","统筹本市应急救援力量建设，负责组织消防、森林火灾扑救、抗洪抢险等救援力量建设。",NULL,NULL,"system_user","2024-11-11 14:40:07","xiexinyu","2024-11-11 14:40:07","0","0"
"1918","1000370","消防管理","1021","terminalNode","负责本市消防管理工作，指导消防监督、火灾预防、火灾扑救等工作。",NULL,NULL,"system_user","2024-11-11 14:40:07","xiexinyu","2024-11-11 14:40:07","0","0"
"1919","1000371","自然灾害综合监测","1021","terminalNode","指导协调本市森林火灾、水旱灾害、地震和地质灾害等防治工作。",NULL,NULL,"system_user","2024-11-11 14:40:07","xiexinyu","2024-11-11 14:40:07","0","0"
"1920","1000372","灾害救助与核查","1021","terminalNode","组织协调本市灾害救助工作，组织指导灾情核查、损失评估、救灾捐赠工作。",NULL,NULL,"system_user","2024-11-11 14:40:07","xiexinyu","2024-11-11 14:40:07","0","0"
"1921","1000373","安全生产监督检查","1021","terminalNode","依法行使本市安全生产综合监督管理职权，指导协调安全生产工作。",NULL,NULL,"system_user","2024-11-11 14:40:07","xiexinyu","2024-11-11 14:40:07","0","0"
"1922","1000374","工矿商贸安全监督","1021","terminalNode","依法监督检查本市工矿商贸生产经营单位安全生产情况。",NULL,NULL,"system_user","2024-11-11 14:40:07","xiexinyu","2024-11-11 14:40:07","0","0"
"1923","1000375","安全事故调查处理","1021","terminalNode","依法组织指导本市生产安全事故调查处理，监督事故查处和责任追究落实情况。",NULL,NULL,"system_user","2024-11-11 14:40:07","xiexinyu","2024-11-11 14:40:07","0","0"
"1924","1000376","应急物资储备","1021","terminalNode","制定本市应急物资储备和应急救援装备规划并组织实施。",NULL,NULL,"system_user","2024-11-11 14:40:07","xiexinyu","2024-11-11 14:40:07","0","0"
"1925","1000377","应急宣传教育","1021","terminalNode","负责本市应急管理、安全生产宣传教育和培训工作。",NULL,NULL,"system_user","2024-11-11 14:40:07","xiexinyu","2024-11-11 14:40:07","0","0"
"1926","1000378","突发事件应急指挥","1021","terminalNode","承担市突发事件应急委员会的具体工作，负责突发事件应对工作。",NULL,NULL,"system_user","2024-11-11 14:40:07","xiexinyu","2024-11-11 14:40:07","0","0"
"1927","1000379","防灾减灾能力建设","1021","terminalNode","加强全市应急能力建设，构建权威高效的应急能力体系。",NULL,NULL,"system_user","2024-11-11 14:40:07","xiexinyu","2024-11-11 14:40:07","0","0"
"1928","1000380","灾害防治职责分工","1021","terminalNode","与市规划自然资源委等部门在自然灾害防救方面的职责分工。",NULL,NULL,"system_user","2024-11-11 14:40:07","xiexinyu","2024-11-11 14:40:07","0","0"
"1929","1000381","救灾物资储备分工","1021","terminalNode","与市粮食和储备局在市级救灾物资储备方面的职责分工。",NULL,NULL,"system_user","2024-11-11 14:40:07","xiexinyu","2024-11-11 14:40:07","0","0"
"1930","1022","市场监管","0","parentNode",,NULL,"21","system_user","2024-11-11 14:40:07","xiexinyu","2024-11-11 14:40:07","0","0"
"1931","1000382","市场监督管理","1022","terminalNode","负责本市市场综合监督管理，贯彻落实市场监督管理方面的法律法规，规范和维护市场秩序。",NULL,NULL,"system_user","2024-11-11 14:40:07","xiexinyu","2024-11-11 14:40:07","0","0"
"1932","1000383","法规起草与实施","1022","terminalNode","起草本市市场监督管理相关的地方性法规草案、政府规章草案，拟订有关规划、标准并组织实施。",NULL,NULL,"system_user","2024-11-11 14:40:07","xiexinyu","2024-11-11 14:40:07","0","0"
"1933","1000384","市场主体登记注册","1022","terminalNode","负责本市市场主体统一登记注册，包括企业、农民合作社、个体工商户等。",NULL,NULL,"system_user","2024-11-11 14:40:07","xiexinyu","2024-11-11 14:40:07","0","0"
"1934","1000385","外商投资企业登记","1022","terminalNode","负责外商投资企业及其分支机构、外国企业常驻代表机构等的登记注册。",NULL,NULL,"system_user","2024-11-11 14:40:07","xiexinyu","2024-11-11 14:40:07","0","0"
"1935","1000386","信息公示与共享","1022","terminalNode","建立市场主体信息公示和共享机制，加强信用监管，推动市场主体信用体系建设。",NULL,NULL,"system_user","2024-11-11 14:40:07","xiexinyu","2024-11-11 14:40:07","0","0"
"1936","1000387","市场监管综合执法","1022","terminalNode","负责组织和指导本市市场监管综合执法工作，推动统一的市场监管。",NULL,NULL,"system_user","2024-11-11 14:40:07","xiexinyu","2024-11-11 14:40:07","0","0"
"1937","1000388","重大违法案件查处","1022","terminalNode","组织查处相关重大违法案件，规范市场监管行政执法行为。",NULL,NULL,"system_user","2024-11-11 14:40:07","xiexinyu","2024-11-11 14:40:07","0","0"
"1938","1023","审计","0","parentNode",,NULL,"22","system_user","2024-11-11 14:40:07","xiexinyu","2024-11-11 14:40:07","0","0"
"1939","1000389","审计监督","1023","terminalNode","负责对本市财政收支和法律法规规定属于审计监督范围的财务收支的真实、合法和效益进行审计监督",NULL,NULL,"system_user","2024-11-11 14:40:07","xiexinyu","2024-11-11 14:40:07","0","0"
"1940","1000390","公共资金审计","1023","terminalNode","对公共资金、国有资产、国有资源和领导干部履行经济责任情况实行审计全覆盖",NULL,NULL,"system_user","2024-11-11 14:40:07","xiexinyu","2024-11-11 14:40:07","0","0"
"1941","1000391","自然资源资产审计","1023","terminalNode","对领导干部实行自然资源资产离任审计",NULL,NULL,"system_user","2024-11-11 14:40:07","xiexinyu","2024-11-11 14:40:07","0","0"
"1942","1000392","政策落实跟踪审计","1023","terminalNode","对国家和本市重大政策措施贯彻落实情况进行跟踪审计",NULL,NULL,"system_user","2024-11-11 14:40:07","xiexinyu","2024-11-11 14:40:07","0","0"
"1943","1000393","审计报告责任","1023","terminalNode","对审计、专项审计调查和核查社会审计机构相关审计报告的结果承担责任，并负有督促被审计单位整改的责任",NULL,NULL,"system_user","2024-11-11 14:40:07","xiexinyu","2024-11-11 14:40:07","0","0"
"1944","1000394","审计政策拟定","1023","terminalNode","拟订审计政策，制定审计规范和指南并监督执行",NULL,NULL,"system_user","2024-11-11 14:40:07","xiexinyu","2024-11-11 14:40:07","0","0"
"1945","1000395","审计规划与年度计划","1023","terminalNode","制定并组织实施审计工作规划和年度审计计划",NULL,NULL,"system_user","2024-11-11 14:40:07","xiexinyu","2024-11-11 14:40:07","0","0"
"1946","1000396","审计评价","1023","terminalNode","对直接审计、调查和核查的事项依法进行审计评价，作出审计决定或提出审计建议",NULL,NULL,"system_user","2024-11-11 14:40:07","xiexinyu","2024-11-11 14:40:07","0","0"
"1947","1000397","审计报告提交","1023","terminalNode","向市委审计委员会提出年度市级预算执行和其他财政支出情况审计报告、审计查出问题整改情况报告",NULL,NULL,"system_user","2024-11-11 14:40:07","xiexinyu","2024-11-11 14:40:07","0","0"
"1948","1000398","审计结果报告","1023","terminalNode","向市政府提出年度市级预算执行和其他财政收支情况的审计结果报告",NULL,NULL,"system_user","2024-11-11 14:40:07","xiexinyu","2024-11-11 14:40:07","0","0"
"1949","1000399","审计结果公布","1023","terminalNode","依法向社会公布审计结果",NULL,NULL,"system_user","2024-11-11 14:40:07","xiexinyu","2024-11-11 14:40:07","0","0"
"1950","1000400","财政收支审计","1023","terminalNode","市级预算执行情况和其他财政收支，市级各部门（含所属单位）预算执行情况、决算草案和其他财政收支",NULL,NULL,"system_user","2024-11-11 14:40:07","xiexinyu","2024-11-11 14:40:07","0","0"
"1951","1000401","重大项目审计","1023","terminalNode","市政府投资和以市政府投资为主的建设项目的预算执行情况和决算，全市重大公共工程项目的资金管理使用和建设运营情况",NULL,NULL,"system_user","2024-11-11 14:40:07","xiexinyu","2024-11-11 14:40:07","0","0"
"1952","1000402","社会保障审计","1023","terminalNode","有关社会保障基金、社会捐赠资金及其他基金、资金的财务收支",NULL,NULL,"system_user","2024-11-11 14:40:07","xiexinyu","2024-11-11 14:40:07","0","0"
"1953","1000403","自然资源审计","1023","terminalNode","自然资源管理、污染防治和生态保护与修复情况",NULL,NULL,"system_user","2024-11-11 14:40:07","xiexinyu","2024-11-11 14:40:07","0","0"
"1954","1000404","经济责任审计","1023","terminalNode","按规定对局级党政主要领导干部及其他单位主要负责人实施经济责任审计和自然资源资产离任审计",NULL,NULL,"system_user","2024-11-11 14:40:07","xiexinyu","2024-11-11 14:40:07","0","0"
"1955","1000405","专项审计调查","1023","terminalNode","组织实施对国家财经法律法规、规章、政策和宏观调控措施执行情况、财政预算管理及国有资产管理使用等与本市财政收支有关的特定事项进行专项审计调查",NULL,NULL,"system_user","2024-11-11 14:40:07","xiexinyu","2024-11-11 14:40:07","0","0"
"1956","1000406","审计决定执行检查","1023","terminalNode","依法检查审计决定执行情况，督促整改审计查出的问题",NULL,NULL,"system_user","2024-11-11 14:40:07","xiexinyu","2024-11-11 14:40:07","0","0"
"1957","1000407","审计复议与诉讼","1023","terminalNode","依法办理被审计单位对审计决定提请行政复议、行政诉讼或市政府裁决中的有关事项",NULL,NULL,"system_user","2024-11-11 14:40:07","xiexinyu","2024-11-11 14:40:07","0","0"
"1958","1000408","案件协查","1023","terminalNode","协助配合有关部门查处相关重大案件",NULL,NULL,"system_user","2024-11-11 14:40:07","xiexinyu","2024-11-11 14:40:07","0","0"
"1959","1000409","内部审计指导","1023","terminalNode","指导和监督本市内部审计工作，核查社会审计机构对依法属于审计监督对象的单位出具的相关审计报告",NULL,NULL,"system_user","2024-11-11 14:40:07","xiexinyu","2024-11-11 14:40:07","0","0"
"1960","1000410","区级审计监督","1023","terminalNode","与区委、区政府共同领导区级审计机关，依法领导和监督区级审计机关的业务",NULL,NULL,"system_user","2024-11-11 14:40:07","xiexinyu","2024-11-11 14:40:07","0","0"
"1961","1000411","境外资产审计","1023","terminalNode","依法组织审计市属单位的境外资产、负债和损益",NULL,NULL,"system_user","2024-11-11 14:40:08","xiexinyu","2024-11-11 14:40:08","0","0"
"1962","1000412","审计任务完成","1023","terminalNode","完成市委、市政府和审计署交办的其他任务",NULL,NULL,"system_user","2024-11-11 14:40:08","xiexinyu","2024-11-11 14:40:08","0","0"
"1963","1000413","审计体系完善","1023","terminalNode","进一步完善审计管理，加强全市审计工作统筹，明晰市、区两级审计机关职能定位，理顺内部职责关系，优化审计资源配置，充实加强一线审计力量",NULL,NULL,"system_user","2024-11-11 14:40:08","xiexinyu","2024-11-11 14:40:08","0","0"
"1964","1000414","审计工作优化","1023","terminalNode","优化审计工作机制，坚持科技强审，完善业务流程，改进工作方式，加强与相关部门的沟通协调，充分调动内部审计和社会审计力量，增强监督合力",NULL,NULL,"system_user","2024-11-11 14:40:08","xiexinyu","2024-11-11 14:40:08","0","0"
"1965","1024","政府外办","0","parentNode",,NULL,"23","system_user","2024-11-11 14:40:08","xiexinyu","2024-11-11 14:40:08","0","0"
"1966","1000415","外事立法","1024","terminalNode","起草本市外事工作地方性法规草案、政府规章草案，研究拟订外事工作规划和制度，并组织实施",NULL,NULL,"system_user","2024-11-11 14:40:08","xiexinyu","2024-11-11 14:40:08","0","0"
"1967","1000416","外事调研","1024","terminalNode","组织开展外事工作重大问题的调查研究",NULL,NULL,"system_user","2024-11-11 14:40:08","xiexinyu","2024-11-11 14:40:08","0","0"
"1968","1000417","港澳合作","1024","terminalNode","推动本市与香港、澳门在经济、科技、文化等领域的交流与合作",NULL,NULL,"system_user","2024-11-11 14:40:08","xiexinyu","2024-11-11 14:40:08","0","0"
"1969","1000418","友城管理","1024","terminalNode","管理与国际友好城市的交往活动，办理与外国城市或地区缔结友好城市关系事项",NULL,NULL,"system_user","2024-11-11 14:40:08","xiexinyu","2024-11-11 14:40:08","0","0"
"1970","1000419","民间外交","1024","terminalNode","指导本市民间对外交往工作",NULL,NULL,"system_user","2024-11-11 14:40:08","xiexinyu","2024-11-11 14:40:08","0","0"
"1971","1000420","外事管理","1024","terminalNode","管理、指导本市各单位因公出入境工作",NULL,NULL,"system_user","2024-11-11 14:40:08","xiexinyu","2024-11-11 14:40:08","0","0"
"1972","1000421","签证发放","1024","terminalNode","负责核发外国人来华签证邀请函",NULL,NULL,"system_user","2024-11-11 14:40:08","xiexinyu","2024-11-11 14:40:08","0","0"
"1973","1000422","文件审批","1024","terminalNode","承办各单位报请市委、市政府审批的外事文件",NULL,NULL,"system_user","2024-11-11 14:40:08","xiexinyu","2024-11-11 14:40:08","0","0"
"1974","1000423","外事荣誉","1024","terminalNode","承办授予外国人本市荣誉称号",NULL,NULL,"system_user","2024-11-11 14:40:08","xiexinyu","2024-11-11 14:40:08","0","0"
"1975","1000424","应急处置","1024","terminalNode","牵头应对和处理本市重大涉外突发事件",NULL,NULL,"system_user","2024-11-11 14:40:08","xiexinyu","2024-11-11 14:40:08","0","0"
"1976","1000425","领事管理","1024","terminalNode","管理外国驻本市领事机构，协调处理与外国驻本市外交机构的有关事宜",NULL,NULL,"system_user","2024-11-11 14:40:08","xiexinyu","2024-11-11 14:40:08","0","0"
"1977","1000426","国事保障","1024","terminalNode","统筹协调在本地举办的重大国事活动服务保障工作",NULL,NULL,"system_user","2024-11-11 14:40:08","xiexinyu","2024-11-11 14:40:08","0","0"
"1978","1000427","国际活动","1024","terminalNode","组织协调以市政府及以市政府外办名义举办的大型国际多边活动",NULL,NULL,"system_user","2024-11-11 14:40:08","xiexinyu","2024-11-11 14:40:08","0","0"
"1979","1000428","国际事务","1024","terminalNode","承担本市参与国际组织和国际多边活动的相关工作",NULL,NULL,"system_user","2024-11-11 14:40:08","xiexinyu","2024-11-11 14:40:08","0","0"
"1980","1000429","会议审核","1024","terminalNode","审核各区、市有关部门和相关单位申办和举办的国际会议",NULL,NULL,"system_user","2024-11-11 14:40:08","xiexinyu","2024-11-11 14:40:08","0","0"
"1981","1000430","媒体事务","1024","terminalNode","办理本市外国常驻新闻机构和外国记者事务",NULL,NULL,"system_user","2024-11-11 14:40:08","xiexinyu","2024-11-11 14:40:08","0","0"
"1982","1000431","记者管理","1024","terminalNode","负责港澳记者在本市采访的有关事宜",NULL,NULL,"system_user","2024-11-11 14:40:08","xiexinyu","2024-11-11 14:40:08","0","0"
"1983","1000432","语言建设","1024","terminalNode","推进本市国际语言环境建设工作",NULL,NULL,"system_user","2024-11-11 14:40:08","xiexinyu","2024-11-11 14:40:08","0","0"
"1984","1000433","外事教育","1024","terminalNode","对本市外事干部和涉外人员进行外事纪律教育",NULL,NULL,"system_user","2024-11-11 14:40:08","xiexinyu","2024-11-11 14:40:08","0","0"
"1985","1000434","纪律检查","1024","terminalNode","检查外事纪律执行情况，提出处理意见和建议",NULL,NULL,"system_user","2024-11-11 14:40:08","xiexinyu","2024-11-11 14:40:08","0","0"
"1986","1025","国资","0","parentNode",,NULL,"24","system_user","2024-11-11 14:40:08","xiexinyu","2024-11-11 14:40:08","0","0"
"1987","1000435","国资管理","1025","terminalNode","贯彻落实国家关于国有资产监督管理的法律、法规、规章和政策，起草本市相关地方性法规草案、政府规章草案，制定有关制度、规定",NULL,NULL,"system_user","2024-11-11 14:40:08","xiexinyu","2024-11-11 14:40:08","0","0"
"1988","1000436","履行职责","1025","terminalNode","根据市政府授权，依照《中华人民共和国公司法》等法律、法规履行出资人职责，监管市政府履行出资人职责的企业和市政府授权的实行企业化管理的事业单位的国有资产",NULL,NULL,"system_user","2024-11-11 14:40:08","xiexinyu","2024-11-11 14:40:08","0","0"
"1989","1000437","资产监管","1025","terminalNode","加强国有资产的管理，依法对区县国有资产管理工作进行指导和监督",NULL,NULL,"system_user","2024-11-11 14:40:08","xiexinyu","2024-11-11 14:40:08","0","0"
"1990","1000438","资产增值","1025","terminalNode","承担监督所监管企业国有资产保值增值的责任，负责企业国有资产基础管理，建立和完善国有资产保值增值考核体系",NULL,NULL,"system_user","2024-11-11 14:40:08","xiexinyu","2024-11-11 14:40:08","0","0"
"1991","1000439","资产稽核","1025","terminalNode","通过统计、稽核对所监管企业国有资产的保值增值情况进行监管",NULL,NULL,"system_user","2024-11-11 14:40:08","xiexinyu","2024-11-11 14:40:08","0","0"
"1992","1000440","工资分配","1025","terminalNode","负责所监管企业工资分配管理工作，制定所监管企业负责人收入分配政策并组织实施",NULL,NULL,"system_user","2024-11-11 14:40:08","xiexinyu","2024-11-11 14:40:08","0","0"
"1993","1000441","企业改革","1025","terminalNode","指导推进本市国有及国有控股企业改革和重组",NULL,NULL,"system_user","2024-11-11 14:40:08","xiexinyu","2024-11-11 14:40:08","0","0"
"1994","1000442","治理结构","1025","terminalNode","推进国有及国有控股企业的现代企业制度建设，完善公司治理结构",NULL,NULL,"system_user","2024-11-11 14:40:08","xiexinyu","2024-11-11 14:40:08","0","0"
"1995","1000443","经济调整","1025","terminalNode","推动国有经济布局和结构的战略性调整",NULL,NULL,"system_user","2024-11-11 14:40:08","xiexinyu","2024-11-11 14:40:08","0","0"
"1996","1000444","选人用人","1025","terminalNode","建立符合社会主义市场经济体制和现代企业制度要求的选人、用人机制",NULL,NULL,"system_user","2024-11-11 14:40:08","xiexinyu","2024-11-11 14:40:08","0","0"
"1997","1000445","激励约束","1025","terminalNode","完善经营者激励和约束制度",NULL,NULL,"system_user","2024-11-11 14:40:08","xiexinyu","2024-11-11 14:40:08","0","0"
"1998","1000446","资本收益","1025","terminalNode","负责组织所监管企业上交国有资本收益，参与制定本市国有资本经营预算有关管理制度和办法",NULL,NULL,"system_user","2024-11-11 14:40:08","xiexinyu","2024-11-11 14:40:08","0","0"
"1999","1000447","预算编制","1025","terminalNode","按照有关规定负责所监管企业国有资本经营预决算草案编制和执行等工作",NULL,NULL,"system_user","2024-11-11 14:40:08","xiexinyu","2024-11-11 14:40:08","0","0"
"2000","1000448","安全管理","1025","terminalNode","指导、督促所监管企业及实行企业化管理事业单位落实安全生产责任制",NULL,NULL,"system_user","2024-11-11 14:40:08","xiexinyu","2024-11-11 14:40:08","0","0"
"2001","1000449","安全协调","1025","terminalNode","配合有关部门协调所监管企业及实行企业化管理事业单位做好安全工作",NULL,NULL,"system_user","2024-11-11 14:40:08","xiexinyu","2024-11-11 14:40:08","0","0"
"2002","1000450","管理责任","1025","terminalNode","从出资人的角度承担相应的管理责任",NULL,NULL,"system_user","2024-11-11 14:40:08","xiexinyu","2024-11-11 14:40:08","0","0"
"2003","1000451","人才管理","1025","terminalNode","负责所监管企业及实行企业化管理事业单位人才工作的宏观管理和人才队伍建设",NULL,NULL,"system_user","2024-11-11 14:40:08","xiexinyu","2024-11-11 14:40:08","0","0"
"2004","1000452","教育培训","1025","terminalNode","指导和组织协调所监管企业及实行企业化管理事业单位经营管理人员的教育培训工作",NULL,NULL,"system_user","2024-11-11 14:40:08","xiexinyu","2024-11-11 14:40:08","0","0"
"2005","1026","广电","0","parentNode",,NULL,"25","system_user","2024-11-11 14:40:08","xiexinyu","2024-11-11 14:40:08","0","0"
"2006","1000453","宣传管理","1026","terminalNode","贯彻执行国家关于广播电视宣传工作的法律法规、规章和政策，把握正确的舆论和创作导向。负责起草本市关于广播电视和信息网络视听节目服务方面的地方性法规草案、政府规章草案，制定相关的政策措施、地方标准，并组织实施和监督管理。推进广播电视领域的体制机制改革。",NULL,NULL,"system_user","2024-11-11 14:40:08","xiexinyu","2024-11-11 14:40:08","0","0"
"2007","1000454","规划制定","1026","terminalNode","负责制定本市广播电视领域事业发展规划，组织实施公共服务重大公益工程和公益活动，扶助农村广播电视建设和发展，指导、监管广播电视基础设施建设。",NULL,NULL,"system_user","2024-11-11 14:40:08","xiexinyu","2024-11-11 14:40:08","0","0"
"2008","1000455","产业统筹","1026","terminalNode","负责统筹规划本市广播电视产业发展，制定发展规划、产业政策并组织实施。依法负责广播电视统计工作。",NULL,NULL,"system_user","2024-11-11 14:40:08","xiexinyu","2024-11-11 14:40:08","0","0"
"2009","1000456","市场监管","1026","terminalNode","负责监督管理本市广播电视机构和业务，实施依法设定的行政许可并承担相应责任，负责市场经营活动监督管理的相关工作，负责对境外卫星电视节目接收的监管。",NULL,NULL,"system_user","2024-11-11 14:40:08","xiexinyu","2024-11-11 14:40:08","0","0"
"2010","1000457","行业指导","1026","terminalNode","指导电视剧行业发展和电视剧创作生产。负责对网络视听节目、广播电视节目进行监管，审查其内容和质量。指导监管广播电视广告播放。",NULL,NULL,"system_user","2024-11-11 14:40:08","xiexinyu","2024-11-11 14:40:08","0","0"
"2011","1000458","广播电视与新媒体融合","1026","terminalNode","负责推进本市广播电视与新媒体新技术新业态融合发展，推进广电网与电信网、互联网三网融合。",NULL,NULL,"system_user","2024-11-11 14:40:08","xiexinyu","2024-11-11 14:40:08","0","0"
"2012","1000459","广播电视科技发展","1026","terminalNode","组织拟订本市广播电视科技发展规划、政策和行业技术标准，并组织实施和监督检查。负责对广播电视节目传输覆盖、监测和安全播出进行监管，推进应急广播建设。",NULL,NULL,"system_user","2024-11-11 14:40:08","xiexinyu","2024-11-11 14:40:08","0","0"
"2013","1000460","对外交流","1026","terminalNode","负责本市广播电视节目的进口、收录管理。负责广播电视领域对外及对港澳台的交流与合作，组织推动广播电视领域“走出去”工作。",NULL,NULL,"system_user","2024-11-11 14:40:08","xiexinyu","2024-11-11 14:40:08","0","0"
"2014","1000461","安全管理","1026","terminalNode","依法对本市广播电视行业的安全工作承担管理责任，对以市广电局名义组织的各类活动的安全工作承担主体责任。",NULL,NULL,"system_user","2024-11-11 14:40:08","xiexinyu","2024-11-11 14:40:08","0","0"
"2015","1000462","人才建设","1026","terminalNode","指导本市广播电视、网络视听行业人才队伍建设。",NULL,NULL,"system_user","2024-11-11 14:40:08","xiexinyu","2024-11-11 14:40:08","0","0"
"2016","1027","文物","0","parentNode",,NULL,"26","system_user","2024-11-11 14:40:08","xiexinyu","2024-11-11 14:40:08","0","0"
"2017","1000463","文物法规实施","1027","terminalNode","贯彻落实国家关于文物和博物馆工作方面的法律、法规、规章和政策，起草本市相关地方性法规草案、政府规章草案，并组织实施；拟订文物和博物馆事业发展规划，并组织实施；负责推动完善文物和博物馆公共服务体系建设；拟订文物和博物馆公共资源共享规划并推动实施。",NULL,NULL,"system_user","2024-11-11 14:40:08","xiexinyu","2024-11-11 14:40:08","0","0"
"2018","1000464","遗产管理","1027","terminalNode","负责本市世界文化遗产和文物保护单位管理工作，会同有关部门负责历史文化名城（镇、村）保护和监督管理工作，研究提出文物保护单位保护范围和建设控制地带的意见。",NULL,NULL,"system_user","2024-11-11 14:40:08","xiexinyu","2024-11-11 14:40:08","0","0"
"2019","1000465","博物馆指导","1027","terminalNode","指导本市博物馆的业务工作，组织博物馆间的交流与协作，负责博物馆馆藏文物鉴定、登记、借用、调拨和交换的管理工作。",NULL,NULL,"system_user","2024-11-11 14:40:08","xiexinyu","2024-11-11 14:40:08","0","0"
"2020","1000466","考古管理","1027","terminalNode","负责本市的考古调查、勘探和发掘工作；会同有关部门研究提出保护地下文物埋藏区的意见；负责出土文物的调用。",NULL,NULL,"system_user","2024-11-11 14:40:08","xiexinyu","2024-11-11 14:40:08","0","0"
"2021","1000467","民间文物管理","1027","terminalNode","负责管理本市民间收藏文物及其流通活动；培育、引导和扶持文物和博物馆领域相关产业健康发展。",NULL,NULL,"system_user","2024-11-11 14:40:08","xiexinyu","2024-11-11 14:40:08","0","0"
"2022","1000468","文物资质管理","1027","terminalNode","负责本市文物和博物馆有关审核、审批事务及相关资质资格认定的管理工作。",NULL,NULL,"system_user","2024-11-11 14:40:08","xiexinyu","2024-11-11 14:40:08","0","0"
"2023","1000469","文物执法管理","1027","terminalNode","依法负责本市文物行政执法工作，组织查处有关文物的违法违章案件；承担文物和博物馆安全工作的管理责任。",NULL,NULL,"system_user","2024-11-11 14:40:08","xiexinyu","2024-11-11 14:40:08","0","0"
"2024","1000470","文物宣传交流","1027","terminalNode","负责本市文物保护的宣传工作；组织与国（境）内外的文物交流和展示活动。",NULL,NULL,"system_user","2024-11-11 14:40:08","xiexinyu","2024-11-11 14:40:08","0","0"
"2025","1000471","文物培训与研究","1027","terminalNode","规划、指导本市文物和博物馆领域专业人员培训工作；组织文物和博物馆领域科学研究及交流、文物科学保护工作。",NULL,NULL,"system_user","2024-11-11 14:40:08","xiexinyu","2024-11-11 14:40:08","0","0"
"2026","1028","体育","0","parentNode",,NULL,"27","system_user","2024-11-11 14:40:08","xiexinyu","2024-11-11 14:40:08","0","0"
"2027","1000472","体育政策实施","1028","terminalNode","贯彻执行国家关于体育工作方面的方针、政策和法律、法规、规章，起草本市相关地方性法规草案、政府规章草案，拟订体育事业发展规划和政策并组织实施。",NULL,NULL,"system_user","2024-11-11 14:40:08","xiexinyu","2024-11-11 14:40:08","0","0"
"2028","1000473","体育服务体系建设","1028","terminalNode","协调本市区域性体育发展，负责推动多元化体育服务体系建设，推进体育公共服务和体育体制改革。",NULL,NULL,"system_user","2024-11-11 14:40:08","xiexinyu","2024-11-11 14:40:08","0","0"
"2029","1000474","全民健身建设","1028","terminalNode","统筹规划本市群众体育发展，负责推行全民健身计划，监督实施国家体育锻炼标准，推动国民体质监测和社会体育指导工作队伍制度建设，指导公共体育设施的建设，负责对公共体育设施的监督管理。",NULL,NULL,"system_user","2024-11-11 14:40:08","xiexinyu","2024-11-11 14:40:08","0","0"
"2030","1000475","竞技体育发展","1028","terminalNode","统筹规划本市竞技体育发展，指导协调体育训练和体育竞赛，指导运动队伍建设，协调运动员社会保障工作。",NULL,NULL,"system_user","2024-11-11 14:40:08","xiexinyu","2024-11-11 14:40:08","0","0"
"2031","1000476","青少年体育发展","1028","terminalNode","统筹规划本市青少年体育发展，指导和推进青少年体育工作。",NULL,NULL,"system_user","2024-11-11 14:40:08","xiexinyu","2024-11-11 14:40:08","0","0"
"2032","1000477","体育产业发展","1028","terminalNode","会同有关部门拟订本市体育产业发展规划和政策，培育、引导和扶持体育产业，推动产业结构优化升级，规范体育服务管理，推动体育标准化建设。",NULL,NULL,"system_user","2024-11-11 14:40:08","xiexinyu","2024-11-11 14:40:08","0","0"
"2033","1000478","体育外事合作","1028","terminalNode","指导、管理本市体育外事有关工作，组织开展国际间和与港澳台的体育交流与合作。",NULL,NULL,"system_user","2024-11-11 14:40:08","xiexinyu","2024-11-11 14:40:08","0","0"
"2034","1000479","体育科技研究","1028","terminalNode","组织开展本市体育领域重大科技研究、技术攻关和成果推广。",NULL,NULL,"system_user","2024-11-11 14:40:08","xiexinyu","2024-11-11 14:40:08","0","0"
"2035","1000480","体育赛事承办","1028","terminalNode","主办、承办重大体育赛事活动。",NULL,NULL,"system_user","2024-11-11 14:40:08","xiexinyu","2024-11-11 14:40:08","0","0"
"2036","1000481","反兴奋剂工作","1028","terminalNode","负责组织、协调、监督本市体育运动中的反兴奋剂工作。",NULL,NULL,"system_user","2024-11-11 14:40:08","xiexinyu","2024-11-11 14:40:08","0","0"
"2037","1000482","体育社团管理","1028","terminalNode","负责全市性体育社会团体的资格审查和业务管理工作。",NULL,NULL,"system_user","2024-11-11 14:40:08","xiexinyu","2024-11-11 14:40:08","0","0"
"2038","1000483","体育安全管理","1028","terminalNode","依法对本市体育行业的安全工作承担管理责任，对以市体育局名义组织的各类活动的安全工作承担主体责任。",NULL,NULL,"system_user","2024-11-11 14:40:08","xiexinyu","2024-11-11 14:40:08","0","0"
"2039","1029","统计","0","parentNode",,NULL,"28","system_user","2024-11-11 14:40:08","xiexinyu","2024-11-11 14:40:08","0","0"
"2040","1000484","统计法规执行","1029","terminalNode","贯彻执行国家关于统计方面的法律、法规、规章和统计制度、统计标准，起草本市相关地方性法规草案、政府规章草案，拟订地方统计制度和统计分类，监督检查统计法律、法规、规章和统计制度、统计标准的实施；承担组织领导和协调全市统计工作，确保统计数据真实、准确、及时的责任。",NULL,NULL,"system_user","2024-11-11 14:40:08","xiexinyu","2024-11-11 14:40:08","0","0"
"2041","1000485","国民经济核算","1029","terminalNode","负责贯彻执行国民经济核算体系，组织实施全市及各区县国民经济核算制度和全市投入产出调查，核算全市及各区县地区生产总值，汇编提供国民经济核算资料，监督管理各区县国民经济核算工作。",NULL,NULL,"system_user","2024-11-11 14:40:08","xiexinyu","2024-11-11 14:40:08","0","0"
"2042","1000486","国情普查","1029","terminalNode","负责组织实施全市人口、经济、农业等重大国情国力普查工作；会同有关部门拟订重大市情市力的普查及专项调查计划、方案并组织实施；汇总、整理和提供有关市情市力方面的统计数据。",NULL,NULL,"system_user","2024-11-11 14:40:08","xiexinyu","2024-11-11 14:40:08","0","0"
"2043","1000487","行业统计调查","1029","terminalNode","负责组织实施全市国民经济各行业的统计调查，收集、汇总、整理和提供有关调查的统计数据，综合整理和提供地质勘查、交通运输、邮政、教育、卫生、社会保障、公用事业等全市性基本统计数据。",NULL,NULL,"system_user","2024-11-11 14:40:08","xiexinyu","2024-11-11 14:40:08","0","0"
"2044","1000488","专项统计调查","1029","terminalNode","负责组织实施全市能源、投资、价格、收入、科技、人口、劳动力、旅游、社会发展基本情况、环境基本状况等统计调查，收集、汇总、整理和提供有关调查的统计数据，综合整理和提供资源、房屋、对外贸易、对外经济等全市性基本统计数据。",NULL,NULL,"system_user","2024-11-11 14:40:08","xiexinyu","2024-11-11 14:40:08","0","0"
"2045","1000489","统计资料管理","1029","terminalNode","负责组织各区县、各部门的经济、社会、科技和资源环境统计调查，统一核定、管理、公布全市性基本统计资料，定期发布国民经济和社会发展情况的统计信息。",NULL,NULL,"system_user","2024-11-11 14:40:08","xiexinyu","2024-11-11 14:40:08","0","0"
"2046","1000490","统计分析与预测","1029","terminalNode","负责对全市国民经济、社会发展、科技进步和资源环境等情况进行统计分析、统计预测和统计监督，向市委、市政府及有关部门提供统计信息和咨询建议。",NULL,NULL,"system_user","2024-11-11 14:40:08","xiexinyu","2024-11-11 14:40:08","0","0"
"2047","1000491","统计调查审批","1029","terminalNode","依法审批或备案各部门统计调查项目、各区县统计调查项目，指导专业统计基础工作、统计基层业务基础建设，建立健全统计数据质量审核、监控和评估制度，开展对重要统计数据的审核、监控和评估，依法监督管理涉外调查活动。",NULL,NULL,"system_user","2024-11-11 14:40:08","xiexinyu","2024-11-11 14:40:08","0","0"
"2048","1000492","统计队伍建设","1029","terminalNode","依法协管区县政府统计部门主要负责人；指导本市统计专业技术队伍建设、统计教育和培训，负责统计从业资格认定工作，会同有关部门组织管理统计专业资格考试、职务评聘工作；监督管理区县政府统计部门由市财政提供的统计经费和专项基本建设投资。",NULL,NULL,"system_user","2024-11-11 14:40:08","xiexinyu","2024-11-11 14:40:08","0","0"
"2049","1000493","统计信息化建设","1029","terminalNode","负责拟订本市统计信息工程建设规划，建立健全并管理本市统计信息自动化系统和统计数据库系统。组织建立和管理全市宏观经济与社会发展基础数据库，组织制定各区县、各部门统计数据库和网络的基本标准和运行规则，指导区县统计信息化系统建设。",NULL,NULL,"system_user","2024-11-11 14:40:08","xiexinyu","2024-11-11 14:40:08","0","0"
"2050","1030","园林绿化","0","parentNode",,NULL,"29","system_user","2024-11-11 14:40:08","xiexinyu","2024-11-11 14:40:08","0","0"
"2051","1000494","园林绿化监督管理","1030","terminalNode","负责本市园林绿化及其生态保护修复的监督管理。贯彻落实国家关于园林绿化及其生态保护修复方面的法律、法规、规章和政策，起草本市相关地方性法规草案、政府规章草案，拟订相关政策、规划、计划、标准，会同有关部门编制园林绿化专业规划并组织实施。",NULL,NULL,"system_user","2024-11-11 14:40:08","xiexinyu","2024-11-11 14:40:08","0","0"
"2052","1000495","生态保护修复","1030","terminalNode","组织本市园林绿化生态保护修复、城乡绿化美化和植树造林工作。组织实施园林绿化重点生态保护修复工程，组织、指导公益林的建设、保护和管理。组织、协调和指导防沙治沙和以植树种草等生物措施为主的防治水土流失工作。拟订防沙治沙规划和建设标准，监督管理沙化土地的开发利用，组织沙尘暴灾害预测预报和应急处置。组织开展森林、湿地、草地和陆生野生动植物资源的动态监测与评价。组织实施林业和湿地生态补偿工作。",NULL,NULL,"system_user","2024-11-11 14:40:08","xiexinyu","2024-11-11 14:40:08","0","0"
"2053","1000496","森林湿地管理","1030","terminalNode","负责本市森林、湿地资源的监督管理。组织编制森林采伐限额并监督执行。负责林地管理，拟订林地保护利用规划并组织实施。负责湿地生态保护修复工作，拟订湿地保护规划和相关标准并组织实施。监督管理湿地的开发利用。组织指导林木、绿地、草地有害生物防治、检疫和预测预报。",NULL,NULL,"system_user","2024-11-11 14:40:08","xiexinyu","2024-11-11 14:40:08","0","0"
"2054","1000497","园林绿化标准","1030","terminalNode","组织制定本市园林绿化管理标准和规范并监督实施。拟订公园、绿地、森林、湿地和各类自然保护地建设标准和管理规范，拟订林业产业相关标准和规范并组织实施。负责园林绿化重点工程的监督检查工作。负责市级（含）以上园林绿化建设项目专项资金使用的监督工作。负责古树名木保护管理工作。",NULL,NULL,"system_user","2024-11-11 14:40:08","xiexinyu","2024-11-11 14:40:08","0","0"
"2055","1000498","公园管理","1030","terminalNode","负责本市公园的行业管理。组织编制公园发展规划，指导、监督公园建设和管理。负责公园、绿地资源调查和评估工作。",NULL,NULL,"system_user","2024-11-11 14:40:08","xiexinyu","2024-11-11 14:40:08","0","0"
"2056","1000499","野生动植物管理","1030","terminalNode","负责本市陆生野生动植物资源的监督管理。组织开展陆生野生动植物资源调查，拟订及调整重点保护的陆生野生动物、植物名录，组织、指导陆生野生动植物的救护繁育、栖息地恢复发展、疫源疫病监测，监督管理陆生野生动植物猎捕或采集、人工繁育或培植、经营利用。",NULL,NULL,"system_user","2024-11-11 14:40:08","xiexinyu","2024-11-11 14:40:08","0","0"
"2057","1000500","自然保护地管理","1030","terminalNode","负责监督管理本市各类自然保护地。拟订各类自然保护地规划。提出新建、调整各类自然保护地的审核建议并按程序报批，承担世界自然遗产申报相关工作，会同有关部门组织申报世界自然与文化双重遗产。负责生物多样性保护相关工作。",NULL,NULL,"system_user","2024-11-11 14:40:08","xiexinyu","2024-11-11 14:40:08","0","0"
"2058","1000501","园林绿化改革","1030","terminalNode","负责推进本市园林绿化改革相关工作。拟订集体林权制度、国有林场等重大改革意见并组织实施。拟订农村林业发展、维护林业经营者合法权益的政策措施，指导农村林地承包经营工作。开展退耕还林还草工作。",NULL,NULL,"system_user","2024-11-11 14:40:08","xiexinyu","2024-11-11 14:40:08","0","0"
"2059","1000502","林业产业发展","1030","terminalNode","研究提出本市林业产业发展的有关政策，拟订相关发展规划。负责林果、花卉、蜂蚕、森林资源利用等行业管理。负责食用林产品质量安全监督管理相关工作，指导生态扶贫相关工作。",NULL,NULL,"system_user","2024-11-11 14:40:08","xiexinyu","2024-11-11 14:40:08","0","0"
"2060","1000503","国有林场管理","1030","terminalNode","组织、指导本市国有林场基本建设和发展。组织开展林木种子、草种种质资源普查，组织建立种质资源库，负责良种选育推广，管理林木种苗、草种生产经营行为，监管林木种苗、草种质量。监督管理林业生物种质资源、转基因生物安全、植物新品种保护。",NULL,NULL,"system_user","2024-11-11 14:40:08","xiexinyu","2024-11-11 14:40:08","0","0"
"2061","1000504","园林绿化执法","1030","terminalNode","依法负责本市园林绿化行政执法工作。负责园林绿化的普法教育和宣传工作。",NULL,NULL,"system_user","2024-11-11 14:40:08","xiexinyu","2024-11-11 14:40:08","0","0"
"2062","1000505","防灾减灾","1030","terminalNode","负责落实本市综合防灾减灾规划相关要求，组织编制森林火灾防治规划和防护标准并指导实施。指导开展防火巡护、火源管理、防火设施建设、防火宣传教育等工作。组织指导国有林场开展监测预警、督促检查等防火工作。必要时，可以提请市应急管理局，以本市相关应急指挥机构名义，部署相关防治工作。",NULL,NULL,"system_user","2024-11-11 14:40:08","xiexinyu","2024-11-11 14:40:08","0","0"
"2063","1000506","园林绿化科技","1030","terminalNode","拟订本市园林绿化科技发展规划和年度计划，指导相关重大科技项目的研究、开发和推广。负责园林绿化信息化管理。负责组织、指导、协调林业碳汇工作。承担林业应对气候变化方面的工作。负责园林绿化方面的对外交流与合作。",NULL,NULL,"system_user","2024-11-11 14:40:08","xiexinyu","2024-11-11 14:40:08","0","0"
"2064","1000507","全民义务植树","1030","terminalNode","负责首都全民义务植树活动的宣传发动、组织协调、监督检查和评比表彰工作。组织、协调重大活动的绿化美化及环境布置工作。承担首都绿化委员会的具体工作。",NULL,NULL,"system_user","2024-11-11 14:40:08","xiexinyu","2024-11-11 14:40:08","0","0"
"2065","1000508","生态系统保护","1030","terminalNode","职能转变。市园林绿化局要切实加大本市生态系统保护力度，实施生态系统保护和修复工程，加强森林、湿地、绿地监督管理的统筹协调，大力推进国土绿化，保障生态安全。加快建立自然保护地体系，推进各类自然保护地的清理规范和归并整合，构建统一规范的自然保护地管理体系。",NULL,NULL,"system_user","2024-11-11 14:40:08","xiexinyu","2024-11-11 14:40:08","0","0"
"2066","1031","政务和数据","0","parentNode",,NULL,"30","system_user","2024-11-11 14:40:08","xiexinyu","2024-11-11 14:40:08","0","0"
"2067","1000509","草案起草","1031","terminalNode","起草本市有关地方性法规草案、政府规章草案并组织实施",NULL,NULL,"system_user","2024-11-11 14:40:08","xiexinyu","2024-11-11 14:40:08","0","0"
"2068","1000510","职能转变与审批改革","1031","terminalNode","统筹推进本市政府职能转变和行政审批制度改革工作。拟订改革规划、计划和相关政策措施并组织实施。组织开展重大问题调查研究，协调解决改革中遇到的重点难点问题。",NULL,NULL,"system_user","2024-11-11 14:40:08","xiexinyu","2024-11-11 14:40:08","0","0"
"2069","1000511","政务服务优化","1031","terminalNode","优化政务服务效能，推动“高效办成一件事”，协调、指导、督促各区各部门落实改革重大任务。规范管理本市行政许可等政务服务事项，规范行政备案、办事证明等管理服务。",NULL,NULL,"system_user","2024-11-11 14:40:08","xiexinyu","2024-11-11 14:40:08","0","0"
"2070","1000512","政务服务体系建设","1031","terminalNode","协调推进本市政务服务体系建设。组织推动政务服务标准化、规范化、便利化。指导、协调、监督各级各类政务服务平台的建设、管理工作。统筹指导本市政务服务专业化队伍建设。负责市政务服务中心的建设、运行和管理。",NULL,NULL,"system_user","2024-11-11 14:40:08","xiexinyu","2024-11-11 14:40:08","0","0"
"2071","1000513","数字政务建设","1031","terminalNode","统筹推进本市数字政务建设。统筹本市政务服务“一张网”和一体化政务服务平台的建设、管理工作，协调推进本市与国家政务服务平台的信息共享与业务协同。统筹协调政务服务信息化建设和政务信息安全管理工作。",NULL,NULL,"system_user","2024-11-11 14:40:08","xiexinyu","2024-11-11 14:40:08","0","0"
"2072","1000514","政府信息公开","1031","terminalNode","负责推进、指导、协调、监督本市政府信息公开和政务公开工作。依法协调受理公民、法人或其他组织获取市政府信息的申请。组织推进政务公开和政策服务制度化、信息化、标准化建设。",NULL,NULL,"system_user","2024-11-11 14:40:08","xiexinyu","2024-11-11 14:40:08","0","0"
"2073","1000515","接诉即办","1031","terminalNode","负责接诉即办工作的组织协调，规划建设接诉即办平台，制定接诉即办工作制度、流程和规范。管理市民热线服务工作机构并监督其开展工作。",NULL,NULL,"system_user","2024-11-11 14:40:08","xiexinyu","2024-11-11 14:40:08","0","0"
"2074","1000516","智慧城市与数据工作","1031","terminalNode","统筹推进智慧城市建设和全市数据工作。组织拟订智慧城市建设、数据工作及有关数字基础设施布局规划，协调推进有关数字基础设施布局建设。",NULL,NULL,"system_user","2024-11-11 14:40:08","xiexinyu","2024-11-11 14:40:08","0","0"
"2075","1000517","数据基础制度建设","1031","terminalNode","协调推进数据要素产权、流通、分配、治理等数据基础制度建设，指导数据要素市场建设，牵头起草相关法规草案、拟订相关指标标准规范。在具体承担数据基础制度建设、数据要素市场建设、数据标准规范、数据基础设施建设等职责中，履行相应数据安全职责，负责拟订相关数据安全政策并组织实施。",NULL,NULL,"system_user","2024-11-11 14:40:08","xiexinyu","2024-11-11 14:40:08","0","0"
"2076","1000518","数据资源整合与共享","1031","terminalNode","统筹数据资源整合共享和开发利用。协调推进数据资源分类分级管理，组织推动公共数据资源开发利用，推动信息资源跨行业跨部门互联互通。",NULL,NULL,"system_user","2024-11-11 14:40:08","xiexinyu","2024-11-11 14:40:08","0","0"
"2077","1032","机关事务","0","parentNode",,NULL,"31","system_user","2024-11-11 14:40:08","xiexinyu","2024-11-11 14:40:08","0","0"
"2078","1000519","机关事务管理","1032","terminalNode","贯彻落实国家关于机关事务管理方面的法律法规、规章和政策，研究拟订本市机关事务管理规章制度并组织实施。",NULL,NULL,"system_user","2024-11-11 14:40:08","xiexinyu","2024-11-11 14:40:08","0","0"
"2079","1000520","机关后勤体制改革","1032","terminalNode","负责推进本市机关后勤体制改革。负责市级机关事务的管理、服务、保障。指导区级机关事务管理工作。",NULL,NULL,"system_user","2024-11-11 14:40:08","xiexinyu","2024-11-11 14:40:08","0","0"
"2080","1000521","机关资产管理","1032","terminalNode","按规定负责市级相关机关国有资产管理工作，制定有关规章制度并组织实施。",NULL,NULL,"system_user","2024-11-11 14:40:08","xiexinyu","2024-11-11 14:40:08","0","0"
"2081","1000522","机关经费管理","1032","terminalNode","结合机关事务管理实际，制定实物定额和服务标准。负责市级机关集中办公区适合集中管理的行政运行经费、机关服务经费、办公用房建设与维修项目经费、公务用车经费等专项经费的管理。",NULL,NULL,"system_user","2024-11-11 14:40:08","xiexinyu","2024-11-11 14:40:08","0","0"
"2082","1000523","机关办公用房管理","1032","terminalNode","拟订本市机关办公用房使用管理办法并组织实施，监督检查市级机关办公用房使用管理情况。负责市级机关办公用房的规划、建设、调配和权属管理。",NULL,NULL,"system_user","2024-11-11 14:40:08","xiexinyu","2024-11-11 14:40:08","0","0"
"2083","1000524","机关用地管理","1032","terminalNode","负责市级机关办公用地管理工作，统筹安排机关用地。",NULL,NULL,"system_user","2024-11-11 14:40:08","xiexinyu","2024-11-11 14:40:08","0","0"
"2084","1000525","公务用车管理","1032","terminalNode","会同有关部门拟订公务用车配备使用管理相关规章制度并组织实施。负责市级行政事业单位用车的管理工作，承担公务用车的编制、配备、更新、维修和处置工作。",NULL,NULL,"system_user","2024-11-11 14:40:08","xiexinyu","2024-11-11 14:40:08","0","0"
"2085","1000526","公共机构节能","1032","terminalNode","在市节能行政主管部门指导下，负责推进、指导、协调、监督本市公共机构节能工作。",NULL,NULL,"system_user","2024-11-11 14:40:08","xiexinyu","2024-11-11 14:40:08","0","0"
"2086","1000527","机关后勤保障","1032","terminalNode","承担市级机关集中办公区后勤服务保障、安全管理和相关社会事务协调工作。",NULL,NULL,"system_user","2024-11-11 14:40:08","xiexinyu","2024-11-11 14:40:08","0","0"
"2087","1000528","领导服务管理","1032","terminalNode","按有关规定承担市级领导以及有关服务对象的生活服务管理工作。",NULL,NULL,"system_user","2024-11-11 14:40:08","xiexinyu","2024-11-11 14:40:08","0","0"
"2088","1000529","公务接待服务","1032","terminalNode","会同有关部门制定市级党政机关公务接待的相关制度和标准。承担来本地的党和国家领导人、省部级领导干部及重要外宾的接待服务工作。按要求为中央国家机关在本地重要会议、重要活动以及市重要会议、重要活动提供相关服务保障和协调联络。",NULL,NULL,"system_user","2024-11-11 14:40:08","xiexinyu","2024-11-11 14:40:08","0","0"
"2089","1033","信访","0","parentNode",,NULL,"32","system_user","2024-11-11 14:40:08","xiexinyu","2024-11-11 14:40:08","0","0"
"2090","1000530","信访工作法规","1033","terminalNode","贯彻落实国家关于信访工作的法律法规、规章和政策，研究起草本市相关地方性法规草案、政府规章草案并组织实施。",NULL,NULL,"system_user","2024-11-11 14:40:08","xiexinyu","2024-11-11 14:40:08","0","0"
"2091","1000531","信访诉求处理","1033","terminalNode","负责处理市内外群众、境外人士、法人及其他组织通过信访渠道提出涉及本市的信访诉求，办理群众给市委、市政府及领导同志的来信来电、网上信访，接待来访。",NULL,NULL,"system_user","2024-11-11 14:40:08","xiexinyu","2024-11-11 14:40:08","0","0"
"2092","1000532","信访问题反映","1033","terminalNode","负责向市委、市政府反映来信来电来访、网上信访中提出的重要建议、意见和问题，综合研判信访形势，组织开展信访理论研究，提出工作建议。",NULL,NULL,"system_user","2024-11-11 14:40:08","xiexinyu","2024-11-11 14:40:08","0","0"
"2093","1000533","信访督查","1033","terminalNode","负责中央及市委、市政府有关信访工作决策部署的督查督办工作，向各区及各相关单位交转有关信访事项，并督促检查办理情况。",NULL,NULL,"system_user","2024-11-11 14:40:08","xiexinyu","2024-11-11 14:40:08","0","0"
"2094","1000534","劝返上访人员","1033","terminalNode","负责外地上访人员和非正常上访人员劝返接回工作中本市综合协调工作。",NULL,NULL,"system_user","2024-11-11 14:40:08","xiexinyu","2024-11-11 14:40:08","0","0"
"2095","1000535","矛盾纠纷调处","1033","terminalNode","组织协调开展人民内部矛盾纠纷排查调处工作，负责将重点矛盾纠纷的调处情况及时向市委、市政府报告。",NULL,NULL,"system_user","2024-11-11 14:40:08","xiexinyu","2024-11-11 14:40:08","0","0"
"2096","1000536","跨地区信访协调","1033","terminalNode","负责协调处理本市跨地区、跨部门、跨行业突出信访问题，督促检查各项措施的落实，参与协调处理与信访有关的突发事件。",NULL,NULL,"system_user","2024-11-11 14:40:08","xiexinyu","2024-11-11 14:40:08","0","0"
"2097","1000537","信访事项复查","1033","terminalNode","承担人民政府信访事项复查复核委员会的具体工作，负责市政府受理的信访事项复查、复核工作。",NULL,NULL,"system_user","2024-11-11 14:40:08","xiexinyu","2024-11-11 14:40:08","0","0"
"2098","1000538","信访信息化建设","1033","terminalNode","负责指导全市信访工作。承担对全市信访信息的汇集分析职责，组织指导协调、推动全市信访系统信息化建设。负责信访工作的宣传和信息发布。",NULL,NULL,"system_user","2024-11-11 14:40:08","xiexinyu","2024-11-11 14:40:08","0","0"
"2099","1000539","群众建议征集","1033","terminalNode","负责征集、处理群众对本市政治、经济、文化、社会和生态文明建设等各项事业发展的重要建议。",NULL,NULL,"system_user","2024-11-11 14:40:08","xiexinyu","2024-11-11 14:40:08","0","0"
"2100","1034","知识产权","0","parentNode",,NULL,"33","system_user","2024-11-11 14:40:08","xiexinyu","2024-11-11 14:40:08","0","0"
"2101","1000540","专利法规实施","1034","terminalNode","贯彻落实国家关于专利、商标、原产地地理标志工作方面的法律法规、规章和政策，起草本市相关地方性法规草案、政府规章草案，拟订专利、商标、原产地地理标志工作的政策措施、发展规划和工作计划并组织实施。会同有关部门拟订首都知识产权战略和规划并组织实施。推动知识产权区域协同发展。",NULL,NULL,"system_user","2024-11-11 14:40:08","xiexinyu","2024-11-11 14:40:08","0","0"
"2102","1000541","知识产权保护协调","1034","terminalNode","负责统筹协调本市知识产权保护工作，推动知识产权保护工作体系建设。负责专利侵权纠纷的行政裁决及调处。承担知识产权维权援助。",NULL,NULL,"system_user","2024-11-11 14:40:08","xiexinyu","2024-11-11 14:40:08","0","0"
"2103","1000542","商标专用权保护","1034","terminalNode","负责对商标的印制和使用进行监督管理，保护注册商标专用权，依法保护特殊标志。",NULL,NULL,"system_user","2024-11-11 14:40:08","xiexinyu","2024-11-11 14:40:08","0","0"
"2104","1000543","知识产权管理规范","1034","terminalNode","承担规范本市专利、商标、原产地地理标志管理基本秩序的责任。依法监督管理知识产权代理机构，推进知识产权中介服务体系建设，推动知识产权社会信用体系建设。",NULL,NULL,"system_user","2024-11-11 14:40:08","xiexinyu","2024-11-11 14:40:08","0","0"
"2105","1000544","知识产权运用促进","1034","terminalNode","负责促进本市知识产权运用。拟订本市知识产权运用政策，促进知识产权转移转化。承担知识产权对外转让审查工作。指导和规范专利技术市场，指导规范专利权、商标权转让、许可、备案等工作。",NULL,NULL,"system_user","2024-11-11 14:40:08","xiexinyu","2024-11-11 14:40:08","0","0"
"2106","1000545","知识产权金融支持","1034","terminalNode","负责知识产权金融工作，会同有关部门指导和规范知识产权无形资产评估，推动专利权、商标权质押工作。推动知识产权军民融合。",NULL,NULL,"system_user","2024-11-11 14:40:08","xiexinyu","2024-11-11 14:40:08","0","0"
"2107","1000546","公共服务体系建设","1034","terminalNode","负责本市知识产权公共服务体系的建设。会同有关部门推动专利、商标、原产地地理标志信息的传播利用。负责组织建立知识产权预警应急机制。承担专利、商标、原产地地理标志统计分析工作。",NULL,NULL,"system_user","2024-11-11 14:40:08","xiexinyu","2024-11-11 14:40:08","0","0"
"2108","1000547","涉外知识产权协调","1034","terminalNode","统筹协调本市涉外知识产权事宜。开展专利、商标、原产地地理标志工作的国际联络、合作与交流活动。",NULL,NULL,"system_user","2024-11-11 14:40:08","xiexinyu","2024-11-11 14:40:08","0","0"
"2109","1000548","知识产权普法宣传","1034","terminalNode","组织开展专利、商标、原产地地理标志方面法律法规、政策的宣传普及工作。组织制定本市有关知识产权的教育与培训工作规划并组织实施。",NULL,NULL,"system_user","2024-11-11 14:40:08","xiexinyu","2024-11-11 14:40:08","0","0"
"2110","1035","医保","0","parentNode",,NULL,"34","system_user","2024-11-11 14:40:08","xiexinyu","2024-11-11 14:40:08","0","0"
"2111","1000549","医疗保障制度执行","1035","terminalNode","贯彻执行国家有关医疗保险、生育保险、医疗救助等医疗保障制度的法律法规和政策规定，拟订本市医疗保障制度地方性法规草案、政府规章草案、政策、规划和标准并组织实施。",NULL,NULL,"system_user","2024-11-11 14:40:08","xiexinyu","2024-11-11 14:40:08","0","0"
"2112","1000550","医疗保障基金管理","1035","terminalNode","负责本市医疗保障基金支付预算、管理及拨付工作。",NULL,NULL,"system_user","2024-11-11 14:40:08","xiexinyu","2024-11-11 14:40:08","0","0"
"2113","1000551","医疗保障筹资与待遇","1035","terminalNode","拟订本市医疗保障筹资和待遇政策，完善动态调整机制，统筹城乡医疗保障待遇标准，建立健全与筹资水平相适应的待遇调整机制。负责制定本市公费医疗政策并组织实施，承担中央在本市机构公费医疗审核报销工作。负责本市离休干部医疗费用统筹工作。组织拟订并实施本市长期护理保险制度改革方案。",NULL,NULL,"system_user","2024-11-11 14:40:08","xiexinyu","2024-11-11 14:40:08","0","0"
"2114","1000552","医保目录和支付标准","1035","terminalNode","组织制定本市药品、医用耗材、医疗服务项目、医疗服务设施等医保目录和支付标准，建立动态调整机制，承担本市医保目录准入谈判、确定等相关工作。",NULL,NULL,"system_user","2024-11-11 14:40:08","xiexinyu","2024-11-11 14:40:08","0","0"
"2115","1000553","医药服务价格管理","1035","terminalNode","组织制定本市药品、医用耗材价格和医疗服务项目、医疗服务设施收费等政策，建立医保支付医药服务价格合理确定和动态调整机制，建立价格信息监测和信息发布制度。",NULL,NULL,"system_user","2024-11-11 14:40:08","xiexinyu","2024-11-11 14:40:08","0","0"
"2116","1000554","药品采购管理","1035","terminalNode","制定本市药品、医用耗材招标采购政策并组织实施，组织推进本市药品、医用耗材招标采购平台建设。",NULL,NULL,"system_user","2024-11-11 14:40:08","xiexinyu","2024-11-11 14:40:08","0","0"
"2117","1000555","定点医药机构管理","1035","terminalNode","负责本市定点医药机构协议管理，建立健全医疗保障信用评价体系和信息披露制度，监督管理纳入医保范围的医疗服务行为和医疗费用，依法查处医疗保障领域违法违规行为。",NULL,NULL,"system_user","2024-11-11 14:40:08","xiexinyu","2024-11-11 14:40:08","0","0"
"2118","1000556","医保经办与信息化建设","1035","terminalNode","负责本市医疗保障经办管理、公共服务体系和信息化建设。组织制定和完善本市异地就医管理、费用结算政策和平台建设。建立健全本市医疗保障关系转移接续制度。",NULL,NULL,"system_user","2024-11-11 14:40:08","xiexinyu","2024-11-11 14:40:08","0","0"
"2119","1036"," 政府参事","0","parentNode",,NULL,"35","system_user","2024-11-11 14:40:08","xiexinyu","2024-11-11 14:40:08","0","0"
"2120","1000557","政策实施调研","1036","terminalNode"," 组织市政府参事对政府有关政策的实施情况进行调查研究、参政咨询，向市政府提出意见和建议。",NULL,NULL,"system_user","2024-11-11 14:40:08","xiexinyu","2024-11-11 14:40:08","0","0"
"2121","1000558","地方性法规研究","1036","terminalNode"," 组织市政府参事参与本市有关地方性法规草案的研究。",NULL,NULL,"system_user","2024-11-11 14:40:08","xiexinyu","2024-11-11 14:40:08","0","0"
"2122","1000559","统一战线政策支持","1036","terminalNode"," 贯彻执行党的统一战线政策，支持、组织市政府参事和市文史馆馆员参加爱国统一战线工作。",NULL,NULL,"system_user","2024-11-11 14:40:08","xiexinyu","2024-11-11 14:40:08","0","0"
"2123","1000560","政策决策了解","1036","terminalNode"," 组织市政府参事、市文史馆馆员及时了解和掌握党中央、国务院的方针政策及市委、市政府的决策部署。",NULL,NULL,"system_user","2024-11-11 14:40:08","xiexinyu","2024-11-11 14:40:08","0","0"
"2124","1000561","社情民意反馈","1036","terminalNode"," 支持市政府参事、市文史馆馆员同社会各界人士的联系，了解和反映社情民意。",NULL,NULL,"system_user","2024-11-11 14:40:08","xiexinyu","2024-11-11 14:40:08","0","0"
"2125","1000562","国际交流合作","1036","terminalNode"," 组织市政府参事开展同国外相关机构交流与合作，组织市文史馆馆员开展对外文化交流等活动。",NULL,NULL,"system_user","2024-11-11 14:40:08","xiexinyu","2024-11-11 14:40:08","0","0"
"2126","1000563","参事服务保障","1036","terminalNode"," 负责为市政府参事、市文史馆馆员履行职责提供服务。",NULL,NULL,"system_user","2024-11-11 14:40:08","xiexinyu","2024-11-11 14:40:08","0","0"
"2127","1000564","选聘工作承办","1036","terminalNode"," 承办市政府参事、市文史馆馆员的选聘工作。",NULL,NULL,"system_user","2024-11-11 14:40:08","xiexinyu","2024-11-11 14:40:08","0","0"
"2128","1037","重点站区","0","parentNode",,NULL,"36","system_user","2024-11-11 14:40:08","xiexinyu","2024-11-11 14:40:08","0","0"
"2129","1000565","社会治安管理","1037","terminalNode","负责组织协调本市重点站区的社会治安、市场秩序、交通秩序、公共卫生、市政公用、应急管理、精神文明建设等工作",NULL,NULL,"system_user","2024-11-11 14:40:08","xiexinyu","2024-11-11 14:40:08","0","0"
"2130","1000566","市场秩序管理","1037","terminalNode","负责组织协调本市重点站区的社会治安、市场秩序、交通秩序、公共卫生、市政公用、应急管理、精神文明建设等工作",NULL,NULL,"system_user","2024-11-11 14:40:08","xiexinyu","2024-11-11 14:40:08","0","0"
"2131","1000567","交通秩序管理","1037","terminalNode","负责组织协调本市重点站区的社会治安、市场秩序、交通秩序、公共卫生、市政公用、应急管理、精神文明建设等工作",NULL,NULL,"system_user","2024-11-11 14:40:08","xiexinyu","2024-11-11 14:40:08","0","0"
"2132","1000568","公共卫生管理","1037","terminalNode","负责组织协调本市重点站区的社会治安、市场秩序、交通秩序、公共卫生、市政公用、应急管理、精神文明建设等工作",NULL,NULL,"system_user","2024-11-11 14:40:08","xiexinyu","2024-11-11 14:40:08","0","0"
"2133","1000569","市政公用管理","1037","terminalNode","负责组织协调本市重点站区的社会治安、市场秩序、交通秩序、公共卫生、市政公用、应急管理、精神文明建设等工作",NULL,NULL,"system_user","2024-11-11 14:40:08","xiexinyu","2024-11-11 14:40:08","0","0"
"2134","1000570","应急管理","1037","terminalNode","负责组织协调本市重点站区的社会治安、市场秩序、交通秩序、公共卫生、市政公用、应急管理、精神文明建设等工作",NULL,NULL,"system_user","2024-11-11 14:40:08","xiexinyu","2024-11-11 14:40:08","0","0"
"2135","1000571","精神文明建设","1037","terminalNode","负责组织协调本市重点站区的社会治安、市场秩序、交通秩序、公共卫生、市政公用、应急管理、精神文明建设等工作",NULL,NULL,"system_user","2024-11-11 14:40:08","xiexinyu","2024-11-11 14:40:08","0","0"
"2136","1000572","客运协调","1037","terminalNode","负责协调有关部门和单位做好本市重点站区的客运工作",NULL,NULL,"system_user","2024-11-11 14:40:08","xiexinyu","2024-11-11 14:40:08","0","0"
"2137","1000573","服务设施规划","1037","terminalNode","负责本市重点站区出站系统管理和市容环卫工作，依据城市规划完善重点站区的服务设施",NULL,NULL,"system_user","2024-11-11 14:40:08","xiexinyu","2024-11-11 14:40:08","0","0"
"2138","1000574","安全生产工作管理","1037","terminalNode","负责组织、协调、监督本市重点站区的安全生产工作，并承担相应的管理责任",NULL,NULL,"system_user","2024-11-11 14:40:08","xiexinyu","2024-11-11 14:40:08","0","0"
"2139","1000575","服务监督","1037","terminalNode","负责对有关部门和单位在本市重点站区的日常管理和服务工作进行监督检查",NULL,NULL,"system_user","2024-11-11 14:40:08","xiexinyu","2024-11-11 14:40:08","0","0"
"2140","1000576","规划建设参与","1037","terminalNode","参与本市重点站区的规划建设",NULL,NULL,"system_user","2024-11-11 14:40:08","xiexinyu","2024-11-11 14:40:08","0","0"
"2141","1038","经济开发区","0","parentNode",,NULL,"37","system_user","2024-11-11 14:40:08","xiexinyu","2024-11-11 14:40:08","0","0"
"2142","1000577","法律法规执行","1038","terminalNode","保证国家法律、法规和产业政策在开发区贯彻实施",NULL,NULL,"system_user","2024-11-11 14:40:08","xiexinyu","2024-11-11 14:40:08","0","0"
"2143","1000578","总体规划编制","1038","terminalNode","编制开发区总体规划和经济、社会发展计划，经市人民政府批准后组织实施",NULL,NULL,"system_user","2024-11-11 14:40:08","xiexinyu","2024-11-11 14:40:08","0","0"
"2144","1000579","行政管理规定","1038","terminalNode","制定并组织实施开发区的行政管理规定",NULL,NULL,"system_user","2024-11-11 14:40:08","xiexinyu","2024-11-11 14:40:08","0","0"
"2145","1000580","投资项目审核","1038","terminalNode","按照规定权限审核、批准开发区各类投资项目",NULL,NULL,"system_user","2024-11-11 14:40:08","xiexinyu","2024-11-11 14:40:08","0","0"
"2146","1000581","土地管理","1038","terminalNode","按照开发区的总体规划，对开发区的土地实行统一管理",NULL,NULL,"system_user","2024-11-11 14:40:08","xiexinyu","2024-11-11 14:40:08","0","0"
"2147","1000582","基础设施管理","1038","terminalNode","统一规划、管理开发区的各项基础设施和公共设施",NULL,NULL,"system_user","2024-11-11 14:40:08","xiexinyu","2024-11-11 14:40:08","0","0"
"2148","1000583","财政管理","1038","terminalNode","管理开发区的财政收支",NULL,NULL,"system_user","2024-11-11 14:40:08","xiexinyu","2024-11-11 14:40:08","0","0"
"2149","1000584","进出口管理","1038","terminalNode","管理开发区的进出口事务",NULL,NULL,"system_user","2024-11-11 14:40:08","xiexinyu","2024-11-11 14:40:08","0","0"
"2150","1000585","涉外事务管理","1038","terminalNode","管理开发区的涉外事务",NULL,NULL,"system_user","2024-11-11 14:40:08","xiexinyu","2024-11-11 14:40:08","0","0"
"2151","1000586","行政事务管理","1038","terminalNode","管理开发区的工商行政、劳动、人事、统计、物价、技术监督、城市建设、房地产、环境保护、环境卫生、公安、司法行政和计划生育等行政工作",NULL,NULL,"system_user","2024-11-11 14:40:08","xiexinyu","2024-11-11 14:40:08","0","0"
"2152","1000587","社会公益事业管理","1038","terminalNode","兴办、管理开发区的教育、文化、卫生、体育等社会公益事业",NULL,NULL,"system_user","2024-11-11 14:40:08","xiexinyu","2024-11-11 14:40:08","0","0"
"2153","1000588","部门协调","1038","terminalNode","监督、检查、协调有关部门设在开发区的分支机构的工作",NULL,NULL,"system_user","2024-11-11 14:40:08","xiexinyu","2024-11-11 14:40:08","0","0"
"2154","1039","城管","0","parentNode",,NULL,"38","system_user","2024-11-11 14:40:09","xiexinyu","2024-11-12 07:52:52","0","0"
"2155","1000589","城市管理法律执行","1039","terminalNode","贯彻落实国家及本市关于城市管理方面的法律、法规、规章及政策，依法开展治理和维护城市管理秩序的相关工作",NULL,NULL,"system_user","2024-11-11 14:40:09","xiexinyu","2024-11-11 14:40:09","0","0"
"2156","1000590","城市管理法规起草","1039","terminalNode","组织起草本市关于城市管理综合行政执法方面的地方性法规、政府规章草案，制定本市城市管理综合行政执法工作发展规划、政策措施并组织实施",NULL,NULL,"system_user","2024-11-11 14:40:09","xiexinyu","2024-11-11 14:40:09","0","0"
"2157","1000591","城市管理执法体制完善","1039","terminalNode","研究提出完善本市城市管理综合行政执法体制的意见和建议",NULL,NULL,"system_user","2024-11-11 14:40:09","xiexinyu","2024-11-11 14:40:09","0","0"
"2158","1000592","执法工作协调","1039","terminalNode","负责本市城市管理综合行政执法工作的业务指导、统筹协调、指挥调度、督促检查；负责向市、区政府或相关职能部门及时反映问题、通报情况",NULL,NULL,"system_user","2024-11-11 14:40:09","xiexinyu","2024-11-11 14:40:09","0","0"
"2159","1000593","行政处罚执行","1039","terminalNode","依法集中行使市政府决定赋予的城市管理领域的行政处罚权，负责跨区域、重大疑难案件的查处工作",NULL,NULL,"system_user","2024-11-11 14:40:09","xiexinyu","2024-11-11 14:40:09","0","0"
"2160","1000594","执法队伍建设","1039","terminalNode","负责本市城市管理综合行政执法队伍建设、教育培训、监督考核工作",NULL,NULL,"system_user","2024-11-11 14:40:09","xiexinyu","2024-11-11 14:40:09","0","0"
"2161","1040","监狱","0","parentNode",,NULL,"39","system_user","2024-11-11 14:40:09","xiexinyu","2024-11-11 14:40:09","0","0"
"2162","1000595","监狱工作执行","1040","terminalNode","贯彻执行党和国家关于监狱工作和戒毒工作的方针、政策和法律、法规、规章",NULL,NULL,"system_user","2024-11-11 14:40:09","xiexinyu","2024-11-11 14:40:09","0","0"
"2163","1000596","监狱刑罚执行","1040","terminalNode","指导、监督管理本市监狱刑罚执行、狱政管理、教育改造工作",NULL,NULL,"system_user","2024-11-11 14:40:09","xiexinyu","2024-11-11 14:40:09","0","0"
"2164","1000597","戒毒场所管理","1040","terminalNode","指导、监督管理所属强制隔离戒毒场所、戒毒康复场所强制隔离戒毒措施的执行和戒毒康复工作",NULL,NULL,"system_user","2024-11-11 14:40:09","xiexinyu","2024-11-11 14:40:09","0","0"
"2165","1000598","社区戒毒工作指导","1040","terminalNode","对社区戒毒、社区康复工作提供指导和帮助",NULL,NULL,"system_user","2024-11-11 14:40:09","xiexinyu","2024-11-11 14:40:09","0","0"
"2166","1000599","监狱分局管理","1040","terminalNode","下辖一个清河分局、15所监狱、10个矫治和戒毒场所",NULL,NULL,"system_user","2024-11-11 14:40:09","xiexinyu","2024-11-11 14:40:09","0","0"
"2167","1000600","监狱机关设置","1040","terminalNode","市局机关内设28个正处级机构",NULL,NULL,"system_user","2024-11-11 14:40:09","xiexinyu","2024-11-11 14:40:09","0","0"
"2168","1000601","警示教育基地管理","1040","terminalNode","按市纪委市监委要求，还承担全市全面从严治党警示教育基地管理工作",NULL,NULL,"system_user","2024-11-11 14:40:09","xiexinyu","2024-11-11 14:40:09","0","0"
"2169","1041","粮食与物资储备","0","parentNode",,NULL,"40","system_user","2024-11-11 14:40:09","xiexinyu","2024-11-11 14:40:09","0","0"
"2170","1000602","粮食流通管理","1041","terminalNode","贯彻落实国家关于粮食流通和物资储备管理的法律法规、规章和政策，起草本市相关地方性法规草案、政府规章草案。研究提出粮食流通和物资储备体制改革方案并组织实施。",NULL,NULL,"system_user","2024-11-11 14:40:09","xiexinyu","2024-11-11 14:40:09","0","0"
"2171","1000603","物资储备规划","1041","terminalNode","研究提出本市重要商品和应急物资储备规划、储备品种目录的建议。指导监督重要商品收储、轮换和投放。根据储备总体发展规划和品种目录，组织实施应急储备物资的收储、轮换和管理，落实有关动用计划和指令。",NULL,NULL,"system_user","2024-11-11 14:40:09","xiexinyu","2024-11-11 14:40:09","0","0"
"2172","1000604","储备粮管理","1041","terminalNode","负责本市储备粮的日常管理工作。参与储备粮相关财政资金的使用和管理，指导储备粮承储企业的仓储业务。监测粮食和应急物资供求变化并预测预警，承担粮食流通调控的具体工作。承担粮食安全责任制考核相关工作。",NULL,NULL,"system_user","2024-11-11 14:40:09","xiexinyu","2024-11-11 14:40:09","0","0"
"2173","1000605","储备仓储标准","1041","terminalNode","拟订本市粮食和物资储备仓储管理有关技术标准和规范并组织实施。指导粮食行业安全生产工作，对粮食行业的安全工作承担日常管理责任。承担市级物资储备承储单位安全生产的监管责任。",NULL,NULL,"system_user","2024-11-11 14:40:09","xiexinyu","2024-11-11 14:40:09","0","0"
"2174","1000606","储备基础设施建设","1041","terminalNode","根据本市储备总体发展规划，负责储备基础设施建设和管理。拟订储备基础设施、粮食流通设施建设规划并组织实施，管理有关储备基础设施和粮食流通设施市级投资项目。",NULL,NULL,"system_user","2024-11-11 14:40:09","xiexinyu","2024-11-11 14:40:09","0","0"
"2175","1000607","储备监督检查","1041","terminalNode","负责对本市管理的政府储备、企业储备以及储备政策落实情况进行监督检查。负责本市粮食流通监督检查，负责粮食收购、储存、运输环节粮食质量安全和原粮卫生的管理，组织实施全市粮食库存检查工作。",NULL,NULL,"system_user","2024-11-11 14:40:09","xiexinyu","2024-11-11 14:40:09","0","0"
"2176","1000608","粮食流通行业管理","1041","terminalNode","负责本市粮食流通行业管理，制定行业发展规划、政策，拟订粮食流通和物资储备有关标准、粮食质量地方标准，监督执行有关技术规范。开展粮食和物资储备的对外合作与交流。",NULL,NULL,"system_user","2024-11-11 14:40:09","xiexinyu","2024-11-11 14:40:09","0","0"
"2177","1042","中医","0","parentNode",,NULL,"41","system_user","2024-11-11 14:40:09","xiexinyu","2024-11-11 14:40:09","0","0"
"2178","1000609","中医药法律法规执行","1042","terminalNode","贯彻落实国家关于中医药、中西医结合以及民族医药方面的法律、法规、规章和政策，起草本市相关地方性法规草案、政府规章草案，并组织实施。",NULL,NULL,"system_user","2024-11-11 14:40:09","xiexinyu","2024-11-11 14:40:09","0","0"
"2179","1000610","中医药资源配置","1042","terminalNode","统筹协调本市中医药资源配置，拟订中医药发展总体规划和目标，参与拟订中药产业促进政策。",NULL,NULL,"system_user","2024-11-11 14:40:09","xiexinyu","2024-11-11 14:40:09","0","0"
"2180","1000611","中医药文化保护","1042","terminalNode","继承和发展中医药文化，承担保护濒临消亡的中医诊疗技术和中药生产加工技术的责任，组织开展对中医药、民族医药资源的开发、挖掘、整理和保护工作。",NULL,NULL,"system_user","2024-11-11 14:40:09","xiexinyu","2024-11-11 14:40:09","0","0"
"2181","1000612","中医医疗机构管理","1042","terminalNode","负责本市设置中医、中西医结合、民族医医疗机构的资格审批和监督管理，承担中医医疗、预防、保健、康复、护理及临床用药等的监督管理责任，执行中医人员执业资格制度。",NULL,NULL,"system_user","2024-11-11 14:40:09","xiexinyu","2024-11-11 14:40:09","0","0"
"2182","1000613","中医药在农村卫生服务中的应用","1042","terminalNode","指导并组织实施本市农村卫生、社区卫生服务中的中医药工作。",NULL,NULL,"system_user","2024-11-11 14:40:09","xiexinyu","2024-11-11 14:40:09","0","0"
"2183","1000614","中医药科研规划","1042","terminalNode","拟订并组织实施本市中医药科学研究、技术开发规划，指导中医、中西医结合、民族医药科研条件和能力建设。",NULL,NULL,"system_user","2024-11-11 14:40:09","xiexinyu","2024-11-11 14:40:09","0","0"
"2184","1000615","中医药人才发展","1042","terminalNode","拟订并组织实施本市中医药人才发展规划，会同有关部门组织开展中医药师承教育、毕业后教育、继续教育和相关人才培训工作。",NULL,NULL,"system_user","2024-11-11 14:40:09","xiexinyu","2024-11-11 14:40:09","0","0"
"2185","1000616","中医药国际交流与合作","1042","terminalNode","开展本市中医药国际交流与合作，组织开展中医药国际推广、应用和传播工作。",NULL,NULL,"system_user","2024-11-11 14:40:09","xiexinyu","2024-11-11 14:40:09","0","0"
"2186","1043","药品监督","0","parentNode",,NULL,"42","system_user","2024-11-11 14:40:09","xiexinyu","2024-11-11 14:40:09","0","0"
"2187","1000617","药品安全监管","1043","terminalNode","负责本市药品（含中药、民族药，下同）、医疗器械和化妆品安全监督管理。贯彻落实国家关于药品、医疗器械和化妆品监督管理的法律法规、规章和政策，拟订相关地方性法规草案、政府规章草案并组织实施。研究拟订鼓励药品、医疗器械和化妆品新技术新产品的管理与服务政策。",NULL,NULL,"system_user","2024-11-11 14:40:09","xiexinyu","2024-11-11 14:40:09","0","0"
"2188","1000618","药品标准实施","1043","terminalNode","监督实施药品、医疗器械和化妆品相关标准和分类管理制度。配合实施国家基本药物制度。",NULL,NULL,"system_user","2024-11-11 14:40:09","xiexinyu","2024-11-11 14:40:09","0","0"
"2189","1000619","药品注册管理","1043","terminalNode","负责本市药品、医疗器械和化妆品的注册管理。制定注册管理制度，严格上市审评审批，完善审评审批服务便利化措施，并组织实施。",NULL,NULL,"system_user","2024-11-11 14:40:09","xiexinyu","2024-11-11 14:40:09","0","0"
"2190","1000620","药品生产与质量管理","1043","terminalNode","负责本市药品、医疗器械和化妆品生产许可和质量管理，以及药品批发许可、零售连锁总部许可、互联网销售第三方平台备案和监督管理。依职责监督实施生产、经营和使用质量管理规范。负责药品、医疗器械广告的审批及监督管理。",NULL,NULL,"system_user","2024-11-11 14:40:09","xiexinyu","2024-11-11 14:40:09","0","0"
"2191","1000621","药品风险管理","1043","terminalNode","负责本市药品、医疗器械和化妆品上市后风险管理。组织开展药品、化妆品不良反应和医疗器械不良事件监测、评价和处置工作。依法承担药品、医疗器械和化妆品安全应急管理工作。",NULL,NULL,"system_user","2024-11-11 14:40:09","xiexinyu","2024-11-11 14:40:09","0","0"
"2192","1000622","执业药师管理","1043","terminalNode","落实执业药师资格准入制度，组织实施本市执业药师注册工作。",NULL,NULL,"system_user","2024-11-11 14:40:09","xiexinyu","2024-11-11 14:40:09","0","0"
"2193","1000623","药品监督检查","1043","terminalNode","负责组织实施药品、医疗器械和化妆品监督检查制度。依法查处本市药品、医疗器械和化妆品生产环节，以及药品批发企业、零售连锁总部和互联网销售第三方平台的违法行为。依职责组织指导查处药品零售、医疗器械和化妆品经营环节，以及药品、医疗器械使用环节的违法行为。",NULL,NULL,"system_user","2024-11-11 14:40:09","xiexinyu","2024-11-11 14:40:09","0","0"
"2194","1000624","药品政策宣传与合作","1043","terminalNode","负责本市药品、医疗器械和化妆品监督管理领域政策法规宣传、信息发布、对外交流与合作。推进诚信体系建设。",NULL,NULL,"system_user","2024-11-11 14:40:09","xiexinyu","2024-11-11 14:40:09","0","0"
"2195","1000625","药品监督职能转变","1043","terminalNode","深入推进简政放权。减少具体行政审批事项，逐步将药品和医疗器械广告、药物临床试验机构、进口非特殊用途化妆品等审批事项取消或者改为备案。",NULL,NULL,"system_user","2024-11-11 14:40:09","xiexinyu","2024-11-11 14:40:09","0","0"
"2196","1000626","药品质量安全监管","1043","terminalNode","强化事中事后监管。完善药品、医疗器械全生命周期管理制度，强化全过程质量安全风险管理，创新监管方式，加强信用监管，全面落实“双随机、一公开”和“互联网＋监管”，提高监管效能，满足新时代公众用药用械需求。",NULL,NULL,"system_user","2024-11-11 14:40:09","xiexinyu","2024-11-11 14:40:09","0","0"
"2197","1000627","药品审评审批效率","1043","terminalNode","有效提升服务水平。加快创新药品、医疗器械审评审批，推进上市许可持有人制度和电子化审评审批，优化流程、提高效率，营造激励创新、保护合法权益环境。",NULL,NULL,"system_user","2024-11-11 14:40:09","xiexinyu","2024-11-11 14:40:09","0","0"
"2198","1000628","药品监管责任","1043","terminalNode","全面落实监管责任。按照“最严谨的标准、最严格的监管、最严厉的处罚、最严肃的问责”要求，完善药品、医疗器械和化妆品审评、检查、检验、监测等体系，提升监管队伍职业化水平。",NULL,NULL,"system_user","2024-11-11 14:40:09","xiexinyu","2024-11-11 14:40:09","0","0"
"2199","1000629","药品监管分工","1043","terminalNode","与市市场监管局的有关职责分工。市药监局负责本市药品、医疗器械和化妆品生产环节的许可、检查和处罚，以及药品批发许可、零售连锁总部许可、互联网销售第三方平台备案及检查和处罚。",NULL,NULL,"system_user","2024-11-11 14:40:09","xiexinyu","2024-11-11 14:40:09","0","0"
"2200","1000630","药品流通政策","1043","terminalNode","与市商务局的有关职责分工。市商务局负责拟订本市药品流通发展规划和政策，市药监局在药品监督管理工作中，配合执行药品流通发展规划和政策。",NULL,NULL,"system_user","2024-11-11 14:40:09","xiexinyu","2024-11-11 14:40:09","0","0"
"2201","1000631","药品与公安部门协作","1043","terminalNode","与市公安局的有关职责分工。市公安局负责组织指导本市药品、医疗器械和化妆品犯罪案件侦查工作。市药监局与市公安局建立行政执法和刑事司法工作衔接机制。",NULL,NULL,"system_user","2024-11-11 14:40:09","xiexinyu","2024-11-11 14:40:09","0","0"
"2202","1044","重大项目","0","parentNode",,NULL,"43","system_user","2024-11-11 14:40:09","xiexinyu","2024-11-11 14:40:09","0","0"
"2203","1000632","总体计划编制","1044","terminalNode","组织编制本市城市轨道交通工程项目和市政府交办工程项目(以下简称重大项目)建设总体计划，并督促检查计划执行情况。",NULL,NULL,"system_user","2024-11-11 14:40:09","xiexinyu","2024-11-11 14:40:09","0","0"
"2204","1000633","前期工作协调","1044","terminalNode","协调有关部门和单位推进重大项目的规划、征地、拆迁等前期工作；协调市政府有关部门按总体计划要求在项目建设各阶段加快办理各项行政审批手续。",NULL,NULL,"system_user","2024-11-11 14:40:09","xiexinyu","2024-11-11 14:40:09","0","0"
"2205","1000634","问题协调与解决","1044","terminalNode","协调、解决重大项目建设中的重大问题；协调落实工程建设安全、质量、工期、功能和成本“五统一”要求；承担为建设单位及各参建单位服务的职责。",NULL,NULL,"system_user","2024-11-11 14:40:09","xiexinyu","2024-11-11 14:40:09","0","0"
"2206","1000635","项目建设法律法规协调","1044","terminalNode","协调市政府主管部门监督重大项目建设各方贯彻落实有关安全生产、工程质量、资金使用、招标与采购、合同履行等方面法律法规，落实“阳光工程”的各项要求；参与重大项目建设工程事故应急工作。",NULL,NULL,"system_user","2024-11-11 14:40:09","xiexinyu","2024-11-11 14:40:09","0","0"
"2207","1000636","年度资金计划编制与执行","1044","terminalNode","参与重大项目年度资金使用计划的编制，协调、落实资金计划的执行。",NULL,NULL,"system_user","2024-11-11 14:40:09","xiexinyu","2024-11-11 14:40:09","0","0"
"2208","1000637","新技术应用推动","1044","terminalNode","组织推动新技术、新材料、新设备、新工艺在重大项目建设中的应用。",NULL,NULL,"system_user","2024-11-11 14:40:09","xiexinyu","2024-11-11 14:40:09","0","0"
"2209","1000638","竣工验收与结算","1044","terminalNode","组织协调重大项目的竣工验收、竣工结算和决算工作。",NULL,NULL,"system_user","2024-11-11 14:40:09","xiexinyu","2024-11-11 14:40:09","0","0"
"2210","1000639","重大项目信息管理","1044","terminalNode","负责重大项目建设信息的收集、整理、统计和管理工作。",NULL,NULL,"system_user","2024-11-11 14:40:09","xiexinyu","2024-11-11 14:40:09","0","0"
"2211","1000640","中央单位项目实施","1044","terminalNode","受委托负责中央单位重要建设项目的组织实施。",NULL,NULL,"system_user","2024-11-11 14:40:09","xiexinyu","2024-11-11 14:40:09","0","0"
"2212","1000641","指挥部工作执行","1044","terminalNode","承担重大项目建设指挥部的具体工作。",NULL,NULL,"system_user","2024-11-11 14:40:09","xiexinyu","2024-11-11 14:40:09","0","0"
"2213","1000642","政府交办事项承办","1044","terminalNode","承办市政府交办的其他事项。",NULL,NULL,"system_user","2024-11-11 14:40:09","xiexinyu","2024-11-11 14:40:09","0","0"
"2214","1000643","铁路项目建设协调","1044","terminalNode","负责协调本市开工后铁路工程项目的建设工作；协调推进国家铁路工程项目的征地、拆迁工作，配合推进城际铁路和市郊铁路工程项目的征地、拆迁工作；协调解决在建铁路工程市政管网接引等相关问题；协调推进铁路车站、城市轨道交通车站一体化项目建设工作。",NULL,NULL,"system_user","2024-11-11 14:40:09","xiexinyu","2024-11-11 14:40:09","0","0"
"2215","1045","文化市场","0","parentNode",,NULL,"44","system_user","2024-11-11 14:40:09","xiexinyu","2024-11-11 14:40:09","0","0"
"2216","1000644","文化市场行政处罚权行使","1045","terminalNode","负责集中行使法律、法规、规章规定的文化、文物、新闻出版、版权、广播电视、电影、旅游市场以及宗教等领域应由省级行政主管部门行使的行政处罚权以及与之相关的行政检查、行政强制权。",NULL,NULL,"system_user","2024-11-11 14:40:09","xiexinyu","2024-11-11 14:40:09","0","0"
"2217","1000645","重大疑难案件查处","1045","terminalNode","负责相关领域重大疑难复杂案件和跨区域案件的查处工作。",NULL,NULL,"system_user","2024-11-11 14:40:09","xiexinyu","2024-11-11 14:40:09","0","0"
"2218","1000646","文化市场执法工作指导","1045","terminalNode","负责指导、协调、监督、考核各区文化市场综合执法工作。",NULL,NULL,"system_user","2024-11-11 14:40:09","xiexinyu","2024-11-11 14:40:09","0","0"
"2219","1000647","扫黄打非任务执行","1045","terminalNode","承担“扫黄打非”有关工作任务。",NULL,NULL,"system_user","2024-11-11 14:40:09","xiexinyu","2024-11-11 14:40:09","0","0"
"2220","1046","投资","0","parentNode",,NULL,"45","system_user","2024-11-11 14:40:09","xiexinyu","2024-11-11 14:40:09","0","0"
"2221","1000648","招商引资规划拟订","1046","terminalNode","拟订本市招商引资中长期规划。研究提出有关改善本市投资环境的建议。",NULL,NULL,"system_user","2024-11-11 14:40:09","xiexinyu","2024-11-11 14:40:09","0","0"
"2222","1000649","招商引资网点建设","1046","terminalNode","负责开展境内外招商引资网点建设，加强与国际、国内专业机构联络，拓宽招商引资渠道。",NULL,NULL,"system_user","2024-11-11 14:40:09","xiexinyu","2024-11-11 14:40:09","0","0"
"2223","1000650","招商引资宣传推广","1046","terminalNode","负责开展全市招商引资政策、资源及投资环境等综合宣传推广工作。",NULL,NULL,"system_user","2024-11-11 14:40:09","xiexinyu","2024-11-11 14:40:09","0","0"
"2224","1000651","重大项目招商引资","1046","terminalNode","协同开展重大项目招商引资，提供落地协调服务。",NULL,NULL,"system_user","2024-11-11 14:40:09","xiexinyu","2024-11-11 14:40:09","0","0"
"2225","1000652","招商推介活动计划","1046","terminalNode","负责汇集整合全市招商推介活动需求，拟订活动计划并协同开展。",NULL,NULL,"system_user","2024-11-11 14:40:09","xiexinyu","2024-11-11 14:40:09","0","0"
"2226","1000653","境内外投资者服务","1046","terminalNode","为境内外投资者和在本市企业提供协助、支持和相关服务工作。开展外商投资企业投诉受理相关工作。",NULL,NULL,"system_user","2024-11-11 14:40:09","xiexinyu","2024-11-11 14:40:09","0","0"
"2227","1000654","投资促进工作协调","1046","terminalNode","协调和联系各区及本市经济技术开发区的投资促进工作。",NULL,NULL,"system_user","2024-11-11 14:40:09","xiexinyu","2024-11-11 14:40:09","0","0"
"2228","1047","住房公积金","0","parentNode",,NULL,"46","system_user","2024-11-11 14:40:09","xiexinyu","2024-11-11 14:40:09","0","0"
"2229","1000655","住房公积金计划编制","1047","terminalNode","编制、执行住房公积金的归集、使用计划。",NULL,NULL,"system_user","2024-11-11 14:40:09","xiexinyu","2024-11-11 14:40:09","0","0"
"2230","1000656","住房公积金记录管理","1047","terminalNode","负责记载职工住房公积金的缴存、提取、使用等情况。",NULL,NULL,"system_user","2024-11-11 14:40:09","xiexinyu","2024-11-11 14:40:09","0","0"
"2231","1000657","住房公积金核算","1047","terminalNode","负责住房公积金的核算。",NULL,NULL,"system_user","2024-11-11 14:40:09","xiexinyu","2024-11-11 14:40:09","0","0"
"2232","1000658","住房公积金审批","1047","terminalNode","审批住房公积金的提取、使用。",NULL,NULL,"system_user","2024-11-11 14:40:09","xiexinyu","2024-11-11 14:40:09","0","0"
"2233","1000659","住房公积金保值归还","1047","terminalNode","负责住房公积金的保值和归还。",NULL,NULL,"system_user","2024-11-11 14:40:09","xiexinyu","2024-11-11 14:40:09","0","0"
"2234","1000660","住房公积金报告编制","1047","terminalNode","编制住房公积金归集、使用计划执行情况报告。",NULL,NULL,"system_user","2024-11-11 14:40:09","xiexinyu","2024-11-11 14:40:09","0","0"
"2235","1000661","住房公积金委员会事务","1047","terminalNode","承办本市住房公积金管理委员会决定的其他事项。",NULL,NULL,"system_user","2024-11-11 14:40:09","xiexinyu","2024-11-11 14:40:09","0","0"
"2236","1048","地震","0","parentNode",,NULL,"47","system_user","2024-11-11 14:40:09","xiexinyu","2024-11-11 14:40:09","0","0"
"2237","1000662","法规起草","1048","terminalNode","负责起草本市防震减灾政策、法规、规章和标准，并组织实施。",NULL,NULL,"system_user","2024-11-11 14:40:09","xiexinyu","2024-11-11 14:40:09","0","0"
"2238","1000663","防震减灾规划编制","1048","terminalNode","组织编制本市防震减灾规划并组织实施，推进防震减灾双重计划财务管理体制和相应经费渠道的建立和完善。",NULL,NULL,"system_user","2024-11-11 14:40:09","xiexinyu","2024-11-11 14:40:09","0","0"
"2239","1000664","地震灾害防治体系建设","1048","terminalNode","负责建立地震灾害风险防治体系、地震监测预报预警体系、地震科技创新体系和防震减灾社会治理体系。",NULL,NULL,"system_user","2024-11-11 14:40:09","xiexinyu","2024-11-11 14:40:09","0","0"
"2240","1000665","地震灾害信息系统","1048","terminalNode","负责建立防震减灾信息系统，建立地震监测预警、灾情报告和风险报告制度，建立地震灾害风险信息共享机制，依法统一发布震情、灾情和地震灾害风险信息。",NULL,NULL,"system_user","2024-11-11 14:40:09","xiexinyu","2024-11-11 14:40:09","0","0"
"2241","1000666","地震监测站网规划","1048","terminalNode","负责编制市地震监测站网规划并组织实施，会同有关部门开展地震灾害风险调查、评估、防治，会同有关部门组织地震灾害调查与损失评估，参与制定地震灾后恢复重建规划。",NULL,NULL,"system_user","2024-11-11 14:40:09","xiexinyu","2024-11-11 14:40:09","0","0"
"2242","1000667","防震减灾监督管理","1048","terminalNode","依法履行本行政区域内防震减灾监督管理职责，指导区、县防震减灾工作，依法开展防震减灾相关行政执法工作，承担地震行政复议、行政诉讼工作。",NULL,NULL,"system_user","2024-11-11 14:40:09","xiexinyu","2024-11-11 14:40:09","0","0"
"2243","1000668","地震行业质量技术监督","1048","terminalNode","负责本行政区域内地震行业质量与技术监督管理工作，负责地震标准宣传、贯彻、实施和监督，管理地震计量工作。",NULL,NULL,"system_user","2024-11-11 14:40:09","xiexinyu","2024-11-11 14:40:09","0","0"
"2244","1000669","防震减灾公共服务","1048","terminalNode","组织防震减灾公共服务，负责防震减灾科学技术研究和成果推广应用，负责防震减灾科普宣传和培训工作。",NULL,NULL,"system_user","2024-11-11 14:40:09","xiexinyu","2024-11-11 14:40:09","0","0"
"2245","1049","公安","0","parentNode",,NULL,"48","system_user","2024-11-11 14:40:09","xiexinyu","2024-11-11 14:40:09","0","0"
"2246","100770","治安维护","1049","terminalNode","掌握影响全市稳定、危害国内安全和社会治安的情况，分析形势、制定对策",NULL,NULL,"system_user","2024-11-11 14:40:09","xiexinyu","2024-11-11 14:40:09","0","0"
"2247","100771","治安设备管理","1049","terminalNode","治安岗亭、治安监控电子眼",NULL,NULL,"system_user","2024-11-11 14:40:09","xiexinyu","2024-11-11 14:40:09","0","0"
"2248","100772","安全保卫","1049","terminalNode","指导和组织各县、区公安机关依法监督县(区)机关、团体、企事业单位的安全保卫工作",NULL,NULL,"system_user","2024-11-11 14:40:09","xiexinyu","2024-11-11 14:40:09","0","0"
"2249","100773","警卫任务","1049","terminalNode","组织实施来同党和国家领导人，重要外宾和省委省政府主要领导的警卫工作，完成上级领导交办的警卫任务",NULL,NULL,"system_user","2024-11-11 14:40:09","xiexinyu","2024-11-11 14:40:09","0","0"
"2250","100774","涉案立案侦查","1049","terminalNode","组织指导全市侦查工作，直接参与对重特大刑事案件和经济犯罪案件的侦查工作，组织协调重大行动，协调处理重大群体性事件、突出事件、和重大治安事故。",NULL,NULL,"system_user","2024-11-11 14:40:09","xiexinyu","2024-11-11 14:40:09","0","0"
"2251","100775","公安监所管理","1049","terminalNode","指导全市公安监所管理工作，指导、监督收容教养审批工作，负责对全市看守所、拘留所、收容教育所等的监督、检查和管理工作。",NULL,NULL,"system_user","2024-11-11 14:40:09","xiexinyu","2024-11-11 14:40:09","0","0"
"2252","100776","罪犯刑罚执行和监督","1049","terminalNode","对判处管制、拘役、剥夺政治权利的罪犯和监外执行的罪犯执行刑罚；对宣告缓刑、假释的罪犯实行监督、考察",NULL,NULL,"system_user","2024-11-11 14:40:09","xiexinyu","2024-11-11 14:40:09","0","0"
"2253","100777","驾驶证管理","1049","terminalNode","机动车年检、过户、注销、保费回收、跨省市迁入迁出、车辆改造、僵尸车，车辆牌照、停车管理",NULL,NULL,"system_user","2024-11-11 14:40:09","xiexinyu","2024-11-11 14:40:09","0","0"
"2254","100778","交通秩序管理","1049","terminalNode","违章查询、处理与申诉，交通管制，排堵保畅，交通安全，故障救援",NULL,NULL,"system_user","2024-11-11 14:40:09","xiexinyu","2024-11-11 14:40:09","0","0"
"2255","100779","交通设施管理","1049","terminalNode","交通岗厅、标志、信号设施、护栏、地面标线、信息显示屏、交通监控等设施管理",NULL,NULL,"system_user","2024-11-11 14:40:09","xiexinyu","2024-11-11 14:40:09","0","0"
"2256","100780","出入境管理","1049","terminalNode","组织指导出境、入境有关管理工作",NULL,NULL,"system_user","2024-11-11 14:40:09","xiexinyu","2024-11-11 14:40:09","0","0"
"2257","100781","外国人旅居管理","1049","terminalNode","组织指导外国人在我市境内居留、旅行的有关管理工作",NULL,NULL,"system_user","2024-11-11 14:40:09","xiexinyu","2024-11-11 14:40:09","0","0"
"2258","100782","国籍及户政管理","1049","terminalNode","依法管理户政、国籍事务",NULL,NULL,"system_user","2024-11-11 14:40:09","xiexinyu","2024-11-11 14:40:09","0","0"
"2259","100783","消防监督","1049","terminalNode","组织实施消防工作，依法进行消防监督。",NULL,NULL,"system_user","2024-11-11 14:40:09","xiexinyu","2024-11-11 14:40:09","0","0"
"2260","100784","边防管理","1049","terminalNode","边境通行证办理、出海船舶安全管理、船民证管理",NULL,NULL,"system_user","2024-11-11 14:40:09","xiexinyu","2024-11-11 14:40:09","0","0"
"2261","100785","网络安全","1049","terminalNode","指导组织实施公共信息网络和互联网安全保护，依法实施对公共信息网络的安全监查工作。",NULL,NULL,"system_user","2024-11-11 14:40:09","xiexinyu","2024-11-11 14:40:09","0","0"
"2262","1050","民政","0","parentNode",,NULL,"49","system_user","2024-11-11 14:40:09","xiexinyu","2024-11-11 14:40:09","0","0"
"2263","100786","流浪乞讨人员救助","1050","terminalNode","拟订城乡社会救助政策和标准，健全城乡社会救助体系。指导城市生活无着流浪乞讨人员救助工作。",NULL,NULL,"system_user","2024-11-11 14:40:09","xiexinyu","2024-11-11 14:40:09","0","0"
"2264","100787","基层政权建设推进","1050","terminalNode","提出加强和改进城乡基层政权建设的建议。联系街道办事处工作。推动基层民主政治建设。",NULL,NULL,"system_user","2024-11-11 14:40:09","xiexinyu","2024-11-11 14:40:09","0","0"
"2265","100788","区划地名管理","1050","terminalNode","拟订行政区划管理政策。负责本市行政区域的设立、命名、变更和政府驻地迁移的审核工作。负责全市行政区域界线的管理工作。负责各区边界争议调处工作。",NULL,NULL,"system_user","2024-11-11 14:40:09","xiexinyu","2024-11-11 14:40:09","0","0"
"2266","100789","慈善捐赠","1050","terminalNode","拟订社会福利事业发展规划、政策和标准。拟订社会福利机构管理办法和福利彩票销售管理办法。指导福利彩票销售及彩票公益金的使用管理。组织拟订促进慈善事业发展的政策，组织、指导社会捐助工作。组织拟订老年人、孤儿和残疾人等特殊困难群体的社会福利政策，指导相关权益保护工作。",NULL,NULL,"system_user","2024-11-11 14:40:09","xiexinyu","2024-11-11 14:40:09","0","0"
"2267","100790","福利设施","1050","terminalNode",,NULL,NULL,"system_user","2024-11-11 14:40:09","xiexinyu","2024-11-11 14:40:09","1","0"
"2268","100791","福利彩票","1050","terminalNode","负责本市福利彩票管理工作。",NULL,NULL,"system_user","2024-11-11 14:40:09","xiexinyu","2024-11-11 14:40:09","0","0"
"2269","100792","福利企业扶持","1050","terminalNode","组织拟订促进本市慈善事业发展政策，指导社会捐助工作。",NULL,NULL,"system_user","2024-11-11 14:40:09","xiexinyu","2024-11-11 14:40:09","0","0"
"2270","100793","儿童关爱及补助","1050","terminalNode","拟订儿童福利、孤困儿童保障、儿童救助保护政策和标准，健全困境儿童保障制度，指导有关儿童机构管理工作。",NULL,NULL,"system_user","2024-11-11 14:40:09","xiexinyu","2024-11-11 14:40:09","0","0"
"2271","100794","儿童收养登记","1050","terminalNode","拟订儿童收养登记制度，指导有关儿童机构管理工作。",NULL,NULL,"system_user","2024-11-11 14:40:09","xiexinyu","2024-11-11 14:40:09","0","0"
"2272","100795","老年人相关补贴","1050","terminalNode","负责统筹推进、督促指导、监督管理养老服务工作。拟订养老服务体系建设政策、法规草案、标准和规划并组织实施。",NULL,NULL,"system_user","2024-11-11 14:40:09","xiexinyu","2024-11-11 14:40:09","0","0"
"2273","100796","养老机构管理","1050","terminalNode","组织拟订并协调落实促进本市养老事业发展的政策措施。统筹推进、督促指导、监督管理养老服务工作，拟订养老服务体系建设规划、政策、标准并组织实施。承担老年人福利和特殊困难老年人救助工作。",NULL,NULL,"system_user","2024-11-11 14:40:09","xiexinyu","2024-11-11 14:40:09","0","0"
"2274","100797","社区养老服务","1050","terminalNode",,NULL,NULL,"system_user","2024-11-11 14:40:09","xiexinyu","2024-11-12 06:21:05","1","0"
"2275","100798","婚姻登记","1050","terminalNode","拟订本市婚姻管理的政策，负责推进婚俗改革，指导婚姻服务机构管理工作。",NULL,NULL,"system_user","2024-11-11 14:40:09","xiexinyu","2024-11-11 14:40:09","0","0"
"2276","100799","殡葬管理","1050","terminalNode","拟订本市殡葬管理政策并组织实施，指导殡葬服务机构管理工作，推进殡葬改革。",NULL,NULL,"system_user","2024-11-11 14:40:09","xiexinyu","2024-11-11 14:40:09","0","0"
"2277","100800","墓园管理","1050","terminalNode",,NULL,NULL,"system_user","2024-11-11 14:40:09","xiexinyu","2024-11-11 14:40:09","1","0"
"2278","100801","残疾人保障","1050","terminalNode","做好各项残疾人的福利工作。",NULL,NULL,"system_user","2024-11-11 14:40:09","xiexinyu","2024-11-11 14:40:09","0","0"
"2279","100802","残疾人卡证","1050","terminalNode",,NULL,NULL,"system_user","2024-11-11 14:40:09","xiexinyu","2024-11-11 14:40:09","1","0"
"2280","100803","残疾人维权","1050","terminalNode","组织拟订本市残疾人社会福利政策并统筹实施，指导有关权益保护工作。统筹推进康复辅助器具产业发展。",NULL,NULL,"system_user","2024-11-11 14:40:09","xiexinyu","2024-11-11 14:40:09","0","0"
"2281","100804","志愿服务管理","1050","terminalNode","负责本市社会工作人才登记管理和继续教育工作。负责本市志愿服务行政管理工作。",NULL,NULL,"system_user","2024-11-11 14:40:09","xiexinyu","2024-11-11 14:40:09","0","0"
"2282","100805","社会工作人才管理","1050","terminalNode","拟订本市对见义勇为人员的奖励和权益保护政策，负责组织实施见义勇为人员的奖励和权益保护工作。",NULL,NULL,"system_user","2024-11-11 14:40:09","xiexinyu","2024-11-11 14:40:09","0","0"
"2283","100806","社会组织登记","1050","terminalNode","承担依法对本市社会团体、社会服务机构、基金会进行登记和监督管理责任。指导各区社会团体、社会服务机构的登记管理工作。",NULL,NULL,"system_user","2024-11-11 14:40:09","xiexinyu","2024-11-11 14:40:09","0","0"
"2284","100807","城乡居民临时救助","1050","terminalNode","拟订本市城乡社会救助政策和标准，健全城乡社会救助体系。负责城乡居民临时救助。",NULL,NULL,"system_user","2024-11-11 14:40:09","xiexinyu","2024-11-11 14:40:09","0","0"
"2285","100808","特困人员救助供养","1050","terminalNode","组织拟订老年人、孤儿和残疾人等特殊困难群体的社会福利政策",NULL,NULL,"system_user","2024-11-11 14:40:09","xiexinyu","2024-11-11 14:40:09","0","0"
"2286","100809","社会组织审计","1050","terminalNode","负责本市社会团体、社会服务机构、基金会等社会组织的登记和监督管理工作。指导各区社会组织登记管理与执法监督工作。",NULL,NULL,"system_user","2024-11-11 14:40:09","xiexinyu","2024-11-12 06:39:55","0","0"
"2287","100810","城乡居民低保","1050","terminalNode","拟订本市城乡社会救助政策和标准，健全城乡社会救助体系。负责城乡居民最低生活保障。",NULL,NULL,"system_user","2024-11-11 14:40:09","xiexinyu","2024-11-11 14:40:09","0","0"
"2288","1051","住房和城市改造","0","parentNode",,NULL,NULL,"system_user","2024-11-11 14:40:09","xiexinyu","2024-11-11 14:40:09","1","0"
"2289","100811","房屋改造管理","1051","terminalNode","居改非、棚户区改造、旧房改造、危房改造",NULL,NULL,"system_user","2024-11-11 14:40:09","xiexinyu","2024-11-11 14:40:09","0","0"
"2290","100812","房屋权属管理","1051","terminalNode","加快建立多主体供给、多渠道保障、租购并举的住房制度。拟定适合市情的住房政策并组织实施。指导全市房产行业管理工作，指导县区行政主管部门做好公产房、私产房的管理。负责对房屋权属管理、房屋面积管理、房屋租赁、房屋征收、物业管理等规章制度的监督执行。",NULL,NULL,"system_user","2024-11-11 14:40:56","xiexinyu","2024-11-11 14:40:56","0","0"
"2291","100813","房屋面积管理","1051","terminalNode",,NULL,NULL,"system_user","2024-11-11 14:40:56","xiexinyu","2024-11-11 14:40:56","0","0"
"2292","100814","拆迁征收管理","1051","terminalNode","司法拆迁、违规拆迁、征收拆迁、拆迁安置",NULL,NULL,"system_user","2024-11-11 14:40:56","xiexinyu","2024-11-11 14:40:56","0","0"
"2293","100815","物业管理","1051","terminalNode","负责物业服务的监督管理",NULL,NULL,"system_user","2024-11-11 14:40:56","xiexinyu","2024-11-11 14:40:56","0","0"
"2294","100816","城市园林绿化","1051","terminalNode",,NULL,NULL,"system_user","2024-11-11 14:40:56","xiexinyu","2024-11-11 14:40:56","0","0"
"2295","100817","村镇房屋产权产籍管理","1051","terminalNode","负责指导本市村镇建筑工程建设工作。负责村镇建筑工程建设的技术服务，制定村镇建筑工程建设技术标准。组织指导农村危房改造、抗震节能农宅建设工作",NULL,NULL,"system_user","2024-11-11 14:40:56","xiexinyu","2024-11-11 14:40:56","0","0"
"2296","100818","建筑工程规划设计","1051","terminalNode","负责本市建筑市场监督管理、规范市场秩序、推动建筑行业发展工作。研究拟订建筑业发展规划并指导实施。负责建筑市场主体资格认定和监督管理。组织制定建设工程造价计价办法。",NULL,NULL,"system_user","2024-11-11 14:40:56","xiexinyu","2024-11-11 14:40:56","0","0"
"2297","100819","建筑工程质量监管","1051","terminalNode","承担全市建筑工程质量安全监管的职责。拟定全市建筑工程质量、建筑安全生产和竣工验收备案的政策、规章制度并按照属地管理原则对各县区建筑工程质量安全进行指导监督管理。",NULL,NULL,"system_user","2024-11-11 14:40:56","xiexinyu","2024-11-11 14:40:56","0","0"
"2298","100820","市政公共设施管理","1051","terminalNode",,NULL,NULL,"system_user","2024-11-11 14:40:56","xiexinyu","2024-11-11 14:40:56","0","0"
"2299","100821","房地产交易监管","1051","terminalNode","房屋认购、购房政策、房屋验收、房屋销售、房屋租赁备案、房产中介",NULL,NULL,"system_user","2024-11-11 14:40:56","xiexinyu","2024-11-11 14:40:56","0","0"
"2300","100822","房地产经营监管","1051","terminalNode","转让、抵押、租赁监管",NULL,NULL,"system_user","2024-11-11 14:40:56","xiexinyu","2024-11-11 14:40:56","0","0"
"2301","100823","城镇土地开发利用","1051","terminalNode",,NULL,NULL,"system_user","2024-11-11 14:40:56","xiexinyu","2024-11-11 14:40:56","0","0"
"2302","100824","建筑节能推进","1051","terminalNode","承担推进全市建筑节能的职责。会同有关部门拟定全市建筑节能的政策、规划并监督实施。组织实施全市重大建筑节能项目",NULL,NULL,"system_user","2024-11-11 14:40:56","xiexinyu","2024-11-11 14:40:56","0","0"
"2303","100825","保障性住房管理","1051","terminalNode","公租房、廉租房、经济适用房、违规操作揭发检举",NULL,NULL,"system_user","2024-11-11 14:40:56","xiexinyu","2024-11-11 14:40:56","0","0"
"2306","1051","test","0","terminalNode",,"0","50","qidekang","2024-11-12 07:01:51","xiexinyu","2024-11-12 07:01:51","1","0"
