,id,property_code,property_name,property_name_cn,attributes,annotation,category_code,crowd_stat,category_type,property_type,serial_number,simplified_attribute,source_relation,source_relation_term,source_relation_attribute,source_entity_attribute,create_user,create_time,modify_user,modify_time,del_stat,version_no,identify_type
0,1,1065010000200002,user_id,编号,,,105101000000000b,0,1,1,0,0,,,,,test_user,2023-04-17 11:15:11,guochengjie,2025-03-05 18:58:14,0,0,
1,2,1065010000300005,name,姓名,,,105101000000000b,0,0,0,1,0,,,,,test_user,2023-04-17 11:15:12,qidekang,2024-12-05 21:58:03,0,0,
2,3,1065010000400008,sex,性别,男，女,,105101000000000b,0,0,0,2,0,,,,,test_user,2023-04-17 11:15:12,qidekang,2025-02-27 17:01:18,0,0,
3,4,106501000050000b,date_of_birth,出生日期,,,105101000000000b,0,0,0,4,0,,,,,system_user,2023-04-17 11:15:13,guochengjie,2024-11-06 17:03:20,0,0,
4,5,1065010000600001,nationality,国籍,,简化属性，人组织从属，组织名称,105101000000000b,0,0,0,7,1,1095150300000002,109615031000d00c,,1065050000300009,test_user,2023-04-17 11:15:14,guochengjie,2025-03-04 00:20:40,0,0,
5,6,1065010000700004,ethnicity,民族,汉族，壮族，满族，蒙古族，回族等,,105101000000000b,0,0,0,5,0,,,,,test_user,2023-04-17 11:15:14,guochengjie,2025-02-27 17:01:11,0,0,
6,7,1065010000800007,native_place,籍贯,,简化属性，人地常驻，地名称,105101000000000b,0,0,0,9,1,1095120100000006,109612011000e00c,,1065020000300006,test_user,2023-04-17 11:15:15,guochengjie,2025-03-04 00:20:46,0,0,
7,8,106501000090000a,political_status,政治面貌,共青团员，中共预备党员，中共党员，其他党派人员，群众,简化属性，人组织从属，组织名称,105101000000000b,0,0,0,12,1,1095150300000002,109615031000e008,,1065050000300009,test_user,2023-04-17 11:15:15,guochengjie,2025-03-04 00:21:19,0,0,
8,9,1065010000a00000,birthplace,出生地,,简化属性，人地常驻，地名称,105101000000000b,0,0,0,11,1,1095120100000006,109612011000800a,,1065020000300006,test_user,2023-04-17 11:15:16,guochengjie,2025-03-04 00:20:55,0,0,
9,10,1065010000b00003,body_weight,体重,,,105101000000000b,0,0,0,9,0,,,,,system_user,2023-04-17 11:15:16,qidekang,2024-11-06 17:03:20,0,0,
10,11,1065010000c00006,height,身高,,,105101000000000b,0,0,0,8,0,,,,,system_user,2023-04-17 11:15:17,qidekang,2024-11-06 17:03:20,0,0,
11,12,1065010000d00009,educational_background,学历,"初中及以下, 高中及中专, 大专, 本科, 硕士研究生, 博士研究生",,105101000000000b,0,0,0,13,0,,,,,system_user,2023-04-17 11:15:17,qidekang,2024-11-06 17:03:20,0,0,
12,13,1065010000e0000c,occupation,职业,"老师, 工程师, 医生, 会计, 律师, 警察等",,105101000000000b,0,0,0,15,0,,,,,test_user,2023-04-17 11:15:18,qidekang,2024-11-06 17:03:20,0,0,
13,14,1065010000f00002,blood_type,血型,"A, B, AB, O, 熊猫血",,105101000000000b,0,0,0,21,0,,,,,system_user,2023-04-17 11:15:19,qidekang,2024-11-06 17:03:20,0,0,
14,15,1065010001000005,major,专业,,,105101000000000b,0,0,0,14,0,,,,,system_user,2023-04-17 11:15:19,qidekang,2024-11-06 17:03:20,0,0,
15,16,1065010001100008,professional_title,职称,,,105101000000000b,0,0,0,16,0,,,,,system_user,2023-04-17 11:15:20,qidekang,2024-11-06 17:03:20,0,0,
16,17,106501000120000b,state,健康状态,,,105101000000000b,0,0,0,33,0,,,,,test_user,2023-04-17 11:15:20,qidekang,2024-11-06 17:03:20,1,0,
17,21,1065010001300001,marital_status,婚姻状况,,,105101000000000b,0,0,0,7,0,,,,,test_user,2023-04-17 11:15:22,qidekang,2025-02-27 17:42:30,0,0,
18,22,1065020000200003,region_id,序号,,,105102000000000c,0,1,1,1,0,,,,,test_user,2023-04-17 11:15:23,guochengjie,2025-03-05 18:57:08,0,0,
19,23,1065020000300006,name,名称,,,105102000000000c,0,0,0,2,0,,,,,system_user,2023-04-17 11:15:24,qidekang,2024-11-06 17:03:20,0,0,
20,24,1065020000400009,type,类型,地理类型，地貌类型等,,105102000000000c,0,0,0,3,0,,,,,test_user,2023-04-17 11:15:24,qidekang,2025-02-27 17:12:16,0,0,
21,25,106502000050000c,functionality,功能,使用性质，规划用途等,,105102000000000c,0,0,0,4,0,,,,,test_user,2023-04-17 11:15:25,qidekang,2025-02-27 17:13:52,0,0,
22,26,1065020000600002,latitude_and_longitude,经纬度,,,105102000000000c,0,0,0,13,0,,,,,admin,2023-04-17 11:15:25,qidekang,2024-11-06 17:03:20,1,0,
23,27,1065020000700005,outsourcing_boundary,外包边界,适用于面（polygon）类型的地址,,105102000000000c,0,0,0,15,0,,,,,zstx,2023-04-17 11:15:26,qidekang,2024-11-06 17:03:20,1,0,
24,28,1065020000800008,address,地址,,,105102000000000c,0,0,0,8,0,,,,,system_user,2023-04-17 11:15:26,qidekang,2024-11-06 17:03:20,0,0,
25,29,106502000090000b,long,长度,,,105102000000000c,0,0,0,999,0,,,,,test_user,2023-04-17 11:15:27,admin,2024-11-06 17:03:20,1,0,
26,30,1065020000a00001,wide,宽度,,,105102000000000c,0,0,0,999,0,,,,,test_user,2023-04-17 11:15:27,admin,2024-11-06 17:03:20,1,0,
27,31,1065020000b00004,high,高度,,,105102000000000c,0,0,0,999,0,,,,,test_user,2023-04-17 11:15:28,admin,2024-11-06 17:03:20,1,0,
28,32,1065020000c00007,area,面积,,,105102000000000c,0,0,0,999,0,,,,,system_user,2023-04-17 11:15:29,admin,2024-11-06 17:03:20,1,0,
29,33,1065020000d0000a,landform,地貌,"平原, 高原, 丘陵, 山地",,105102000000000c,0,0,0,5,0,,,,,test_user,2023-04-17 11:15:29,qidekang,2025-02-26 17:51:42,1,0,
30,35,1065030000200004,event_id,序号,,,1051030000000000,0,1,1,1,0,,,,,test_user,2023-04-17 11:15:30,guochengjie,2025-03-05 18:57:13,0,0,
31,36,1065030000300007,name,名称,,,1051030000000000,0,0,0,2,0,,,,,system_user,2023-04-17 11:15:31,qidekang,2024-11-06 17:03:20,0,0,
32,37,106503000040000a,start_time,发生时间,,,1051030000000000,0,0,0,4,0,,,,,test_user,2023-04-17 11:15:31,qidekang,2024-11-06 17:03:20,0,0,
33,38,1065030000500000,end_time,结束时间,,,1051030000000000,0,0,0,5,0,,,,,system_user,2023-04-17 11:15:32,qidekang,2024-11-06 17:03:20,0,0,
34,39,1065030000600003,type,事件类型,处置，投诉，执法等,,1051030000000000,0,0,0,3,0,,,,,test_user,2023-04-17 11:15:33,qidekang,2025-02-27 16:54:30,0,0,
35,40,1065030000700006,description,描述,,,1051030000000000,0,0,0,14,0,,,,,system_user,2023-04-17 11:15:34,qidekang,2024-11-06 17:03:20,0,0,
36,41,1065030000800009,result,结果,,,1051030000000000,0,0,0,11,0,,,,,system_user,2023-04-17 11:15:34,qidekang,2024-11-06 17:03:20,0,0,
37,42,106503000090000c,cause,原因,,,1051030000000000,0,0,0,10,0,,,,,system_user,2023-04-17 11:15:35,qidekang,2024-11-06 17:03:20,0,0,
38,43,1065030000a00002,state,状态,进行中，已完成,,1051030000000000,0,0,0,15,0,,,,,test_user,2023-04-17 11:15:35,qidekang,2025-02-27 16:31:10,0,0,
39,47,1065040000200005,object_id,序号,,,1051040000000001,0,1,1,1,0,,,,,test_user,2023-04-17 11:15:37,guochengjie,2025-03-05 18:57:21,0,0,
40,48,1065040000300008,name,名称,,,1051040000000001,0,0,0,2,0,,,,,system_user,2023-04-17 11:15:38,qidekang,2024-11-06 17:03:20,0,0,
41,49,106504000040000b,type,类型,,,1051040000000001,0,0,0,6,0,,,,,system_user,2023-04-17 11:15:39,qidekang,2024-11-06 17:03:20,0,0,
42,50,1065040000100002,identification_code,识别码,SN号等,,1051040000000001,0,0,1,0,0,,,,,test_user,2023-04-17 11:15:39,admin,2024-11-06 17:03:20,0,0,
43,51,1065040000500001,functionality,功能,,,1051040000000001,0,0,0,10,0,,,,,system_user,2023-04-17 11:15:40,qidekang,2024-11-06 17:03:20,0,0,
44,52,1065040000600004,brand,品牌,,,1051040000000001,0,0,0,9,0,,,,,system_user,2023-04-17 11:15:40,qidekang,2024-11-06 17:03:20,0,0,
45,53,1065040000700007,model_number,型号,,,1051040000000001,0,0,0,12,0,,,,,system_user,2023-04-17 11:15:41,qidekang,2024-11-06 17:03:20,0,0,
46,54,106504000080000a,long,长,,,1051040000000001,0,0,0,999,0,,,,,system_user,2023-04-17 11:15:42,admin,2024-11-06 17:03:20,1,0,
47,55,1065040000900000,wide,宽,,,1051040000000001,0,0,0,999,0,,,,,system_user,2023-04-17 11:15:42,admin,2024-11-06 17:03:20,1,0,
48,56,1065040000a00003,high,高,,,1051040000000001,0,0,0,999,0,,,,,system_user,2023-04-17 11:15:43,admin,2024-11-06 17:03:20,1,0,
49,57,1065040000b00006,weight,重量,,,1051040000000001,0,0,0,4,0,,,,,system_user,2023-04-17 11:15:43,qidekang,2024-11-06 17:03:20,0,0,
50,58,1065040000c00009,capacity,容量,,,1051040000000001,0,0,0,12,0,,,,,system_user,2023-04-17 11:15:44,qidekang,2024-11-06 17:03:20,1,0,
51,59,1065040000d0000c,material,材质,塑料，金属，木质等,,1051040000000001,0,0,0,5,0,,,,,test_user,2023-04-17 11:15:44,qidekang,2025-02-27 16:54:59,0,0,
52,60,1065040000e00002,date_of_production,生产日期,,简化属性，组织物生产，出厂时间,1051040000000001,0,0,0,0,1,1095540100000007,1096540110001000,10a5540100c00005,,test_user,2023-04-17 11:15:45,guochengjie,2025-03-05 14:09:59,0,0,
53,61,1065040000f00005,validity_period,有效期限,,简化属性，组织物生产，有效期限,1051040000000001,0,0,0,1,1,1095540100000007,1096540110001000,10a5540100e0000b,,test_user,2023-04-17 11:15:46,guochengjie,2025-03-05 14:10:03,0,0,
54,62,1065040001000008,state,状态,"正常, 待维修, 损坏",,1051040000000001,0,0,0,14,0,,,,,system_user,2023-04-17 11:15:46,guochengjie,2024-11-06 17:03:20,0,0,
55,63,1065050000200006,organization_id,序号,,,1051050000000002,0,1,1,1,0,,,,,test_user,2023-04-17 11:15:47,guochengjie,2025-03-05 18:57:32,0,0,
56,64,1065050000300009,name,名称,,,1051050000000002,0,0,0,2,0,,,,,system_user,2023-04-17 11:15:47,qidekang,2024-11-06 17:03:20,0,0,
57,65,106505000040000c,type,类型,经济性质（政府机关，事业单位，社会团体，企业等），家庭类型（普通家庭，优抚家庭等）,,1051050000000002,0,0,0,3,0,,,,,test_user,2023-04-17 11:15:48,qidekang,2025-02-27 18:49:00,0,0,
58,66,1065050000500002,responsibility,职责愿景,,,1051050000000002,0,0,0,14,0,,,,,test_user,2023-04-17 11:15:48,qidekang,2025-02-27 17:07:21,0,0,
59,67,1065050000600005,state,经营状态,"营业, 停业, 停业, 筹建",,1051050000000002,0,0,0,6,0,,,,,test_user,2023-04-17 11:15:49,qidekang,2025-02-27 16:55:28,0,0,
60,68,1065050000700008,personnel_scale,人员规模,,,1051050000000002,0,0,0,11,0,,,,,system_user,2023-04-17 11:15:49,qidekang,2024-11-06 17:03:20,0,0,
61,69,106505000080000b,date_of_establishment,成立日期,,,1051050000000002,0,0,0,9,0,,,,,system_user,2023-04-17 11:15:50,qidekang,2024-11-06 17:03:20,0,0,
62,70,1065050000900001,cancellation_date,注销日期,,,1051050000000002,0,0,0,10,0,,,,,test_user,2023-04-17 11:15:50,qidekang,2024-11-06 17:03:20,0,0,
63,71,1065050000a00004,contact_information,联系方式,,简化属性，人组织管理，人物拥有，物的编号,1051050000000002,0,0,0,16,1,109515020000000c,1096150220005003,,1065010002000001,test_user,2023-04-17 11:15:51,guochengjie,2025-03-31 02:04:21,0,0,
64,72,1065050000b00007,contact_person,联络人,,简化属性，人组织管理，人的姓名属性,1051050000000002,0,0,0,15,1,109515020000000c,1096150220005003,,1065010000300005,test_user,2023-04-17 11:15:52,guochengjie,2025-03-31 02:03:41,0,0,
65,74,1065050000100003,identification_code,识别码,,,1051050000000002,0,0,1,0,0,,,,,test_user,2023-04-17 11:15:53,admin,2024-11-06 17:03:20,0,0,
66,76,10a511010020000c,duration,服务时长,,,1095110100000005,0,0,0,3,0,,,,,test_user,2023-04-17 11:15:54,qidekang,2025-03-03 13:32:36,0,0,
67,77,10a5110100300002,end_time,服务结束时间,,,1095110100000005,0,0,0,999,0,,,,,test_user,2023-04-17 11:15:54,admin,2025-03-03 13:32:36,1,0,
68,78,10a5110100400005,price,服务价格,,,1095110100000005,0,0,0,4,0,,,,,test_user,2023-04-17 11:15:55,qidekang,2025-03-03 13:32:36,0,0,
69,79,10a5110100500008,frequency,服务频次,"一天一次, 每周一次",,1095110100000005,0,0,0,5,0,,,,,test_user,2023-04-17 11:15:55,qidekang,2025-03-03 13:32:36,0,0,
70,80,10a511010060000b,type,服务类型,"咨询, 代理, 家政, 餐饮, 医护, 转运",,1095110100000005,0,0,0,1,0,,,,,test_user,2023-04-17 11:15:56,qidekang,2025-03-03 13:32:36,0,0,
71,81,10a5110100700001,mode,服务方式,"线上咨询, 线下交谈, 实地走访",,1095110100000005,0,0,0,2,0,,,,,test_user,2023-04-17 11:15:57,qidekang,2025-03-03 13:32:36,0,0,
72,82,10a5110100800004,tool,使用工具,,简化属性，人物使用，物名称,1095110100000005,0,0,0,6,1,1095140300000001,109614031000a00a,,1065040000300008,test_user,2023-04-17 11:15:57,guochengjie,2025-03-13 10:21:33,1,0,
73,83,10a5110100900007,evaluation_result,服务评价,"质量高, 态度好, 效率高, 质量高, 态度差, 效率低",,1095110100000005,0,0,0,999,0,,,,,test_user,2023-04-17 11:15:58,qidekang,2025-03-03 13:32:36,1,0,
74,84,10a5110100a0000a,requirement,上岗要求,"身体健康, 政治面貌, 工作经验",,1095110100000005,0,0,0,7,0,,,,,test_user,2023-04-17 11:15:58,qidekang,2025-03-03 13:32:36,0,0,
75,85,10a5110100b00000,resultant_product,结果产物,"流调报告, 体检报告, 按时送达",,1095110100000005,0,0,0,8,0,,,,,system_user,2023-04-17 11:15:59,qidekang,2025-03-03 13:32:36,0,0,
76,86,10a5110200200002,duration,冲突时长,,,1095110200000008,0,0,0,999,0,,,,,test_user,2023-04-17 11:15:59,admin,2025-03-03 13:32:36,0,0,
77,87,10a5110200300005,end_time,冲突结束时间,,,1095110200000008,0,0,0,999,0,,,,,test_user,2023-04-17 11:16:00,admin,2025-03-03 13:32:36,1,0,
78,88,10a5110200400008,type,冲突类型,"经济纠纷, 资源冲突, 产权纠纷, 身体冲突, 言语纠纷, 文化冲突",,1095110200000008,0,0,0,999,0,,,,,test_user,2023-04-17 11:16:01,admin,2025-03-03 13:32:36,0,0,
79,89,10a511020050000b,cause,冲突原因,"事故, 目标不同, 分配不均, 沟通不畅",,1095110200000008,0,0,0,999,0,,,,,test_user,2023-04-17 11:16:01,admin,2025-03-03 13:32:36,0,0,
80,90,10a5110200600001,consequence,冲突后果,"财产损失, 人身伤害, 精神损失",,1095110200000008,0,0,0,999,0,,,,,test_user,2023-04-17 11:16:02,admin,2025-03-03 13:32:36,0,0,
81,91,10a5110300200005,duration,持续时长,,,109511030000000b,0,0,0,7,0,,,,,test_user,2023-04-17 11:16:02,admin,2025-03-03 13:32:36,0,0,
82,92,10a5110300300008,end_time,管理结束时间,,,109511030000000b,0,0,0,999,0,,,,,test_user,2023-04-17 11:16:03,admin,2025-03-03 13:32:36,1,0,
83,93,10a511030040000b,mode,管理方式,"直接, 间接",,109511030000000b,0,0,0,2,0,,,,,test_user,2023-04-17 11:16:03,guochengjie,2025-03-03 13:32:36,0,0,
84,94,10a5110300500001,according_to_regulations,依据条例,"部门管理条例, 道路行驶规则, 禁止乱搭乱建制度",,109511030000000b,0,0,0,3,0,,,,,system_user,2023-04-17 11:16:04,guochengjie,2025-03-03 13:32:36,0,0,
85,95,10a5110300600004,scope_of_authority,权限范畴,"全面管理, 业务管理, 人事管理, 财务管理",,109511030000000b,0,0,0,4,0,,,,,system_user,2023-04-17 11:16:04,guochengjie,2025-03-03 13:32:36,0,0,
86,96,10a5110300700007,evaluation_result,效果评价,"效率高, 效果好, 效率低, 效果好",,109511030000000b,0,0,0,4,0,,,,,test_user,2023-04-17 11:16:05,qidekang,2025-03-03 13:32:36,1,0,
87,97,10a5110400200008,duration,合作时长,,,1095110400000001,0,0,0,2,0,,,,,test_user,2023-04-17 11:16:06,guochengjie,2025-03-03 13:32:36,0,0,
88,98,10a511040030000b,end_time,合作结束时间,,,1095110400000001,0,0,0,999,0,,,,,test_user,2023-04-17 11:16:06,admin,2025-03-03 13:32:36,1,0,
89,99,10a5110400400001,type,协作类型,"资源协作, 技术协作, 信息协作",,1095110400000001,0,0,0,3,0,,,,,test_user,2023-04-17 11:16:07,guochengjie,2025-03-03 13:32:36,0,0,
90,100,10a5110400500004,division_of_responsibilities,职责分工,,,1095110400000001,0,0,0,4,0,,,,,system_user,2023-04-17 11:16:08,guochengjie,2025-03-03 13:32:36,0,0,
91,101,10a5110400600007,purpose,合作目的,"提升效率, 降低成本",,1095110400000001,0,0,0,5,0,,,,,test_user,2023-04-17 11:16:08,guochengjie,2025-03-03 13:32:36,0,0,
92,102,10a511040070000a,evaluation_result,效果评价,"配合默契, 沟通通畅, 协作及时, 态度积极",,1095110400000001,0,0,0,999,0,,,,,test_user,2023-04-17 11:16:09,qidekang,2025-03-03 13:32:36,1,0,
93,103,10a5110400800000,process,合作进程,,,1095110400000001,0,0,0,6,0,,,,,test_user,2023-04-17 11:16:09,guochengjie,2025-03-03 13:32:36,0,0,
94,104,10a511050020000b,duration,指导时长,,,1095110500000004,0,0,0,2,0,,,,,test_user,2023-04-17 11:16:10,guochengjie,2025-03-03 13:32:36,0,0,
95,105,10a5110500300001,end_time,指导结束时间,,,1095110500000004,0,0,0,999,0,,,,,test_user,2023-04-17 11:16:10,admin,2025-03-03 13:32:36,1,0,
96,106,10a5110500400004,role,身份角色,"老师, 顾问, 执教",,1095110500000004,0,0,0,4,0,,,,,test_user,2023-04-17 11:16:11,guochengjie,2025-06-17 16:54:59,1,0,
97,107,10a5110500500007,direction,讲授方向,"数学, 物理, 足球, 篮球",,1095110500000004,0,0,0,5,0,,,,,test_user,2023-04-17 11:16:11,guochengjie,2025-03-03 13:32:36,0,0,
98,108,10a511050060000a,tool,教学工具,,简化属性，人物使用，物名称,1095110500000004,0,0,0,6,1,1095140300000001,109614031000c002,,1065040000300008,test_user,2023-04-17 11:16:12,guochengjie,2025-03-13 10:21:37,0,0,
99,109,10a5110500700000,mode,指导方式,"线上, 线下, 理论, 实操",,1095110500000004,0,0,0,7,0,,,,,test_user,2023-04-17 11:16:12,guochengjie,2025-03-03 13:32:36,0,0,
100,110,10a5110500800003,evaluation_result,效果评价,"评价反馈优，考核绩效优, 评价反馈差，考核绩效优",,1095110500000004,0,0,0,999,0,,,,,test_user,2023-04-17 11:16:13,qidekang,2025-03-03 13:32:36,1,0,
101,111,10a5110500900006,frequency,指导频次,"一天一次, 每周一次",,1095110500000004,0,0,0,8,0,,,,,test_user,2023-04-17 11:16:14,guochengjie,2025-03-03 13:32:36,0,0,
102,112,10a5110500a00009,purpose,指导目的,"技能提升, 业务提升",,1095110500000004,0,0,0,9,0,,,,,test_user,2023-04-17 11:16:14,guochengjie,2025-03-03 13:32:36,0,0,
103,113,10a5110600200001,duration,时间,,,1095110600000007,0,0,0,999,0,,,,,test_user,2023-04-17 11:16:15,admin,2025-03-03 13:32:36,1,0,
104,114,10a5110600300004,end_time,结束时间,,,1095110600000007,0,0,0,999,0,,,,,system_user,2023-04-17 11:16:15,system_user,2025-03-03 13:32:36,1,0,
105,115,10a5110600400007,type,血缘类型,"直系血缘亲属, 旁系血缘亲属,",,1095110600000007,0,0,0,999,0,,,,,test_user,2023-04-17 11:16:16,admin,2025-03-03 13:32:36,1,0,
106,116,10a511060050000a,appellation,称谓,"父亲, 母亲, 儿子, 女儿, 祖父/外祖父, 祖母/外祖母, 哥哥/弟弟, 姐姐/妹妹, 孙子/外孙子, 孙女/外孙女, 叔伯/舅舅, 姑父/姨父, 堂/表兄弟, 堂/表姐妹, 侄子/外甥, 侄女/外甥女",,1095110600000007,0,0,0,999,0,,,,,system_user,2023-04-17 11:16:16,system_user,2025-03-03 13:32:36,1,0,
107,117,10a5110700200004,duration,时间,,,109511070000000a,0,0,0,999,0,,,,,test_user,2023-04-17 11:16:17,admin,2025-03-03 13:32:36,1,0,
108,118,10a5110700300007,end_time,结束时间,,,109511070000000a,0,0,0,999,0,,,,,system_user,2023-04-17 11:16:18,system_user,2025-03-03 13:32:36,1,0,
109,119,10a511070040000a,type,类型,"新婚, 二婚, 复婚, 离异",,109511070000000a,0,0,0,999,0,,,,,test_user,2023-04-17 11:16:18,test_user,2025-03-03 13:32:36,1,0,
110,120,10a5110700500000,marriage_and_childbearing_situation,婚育情况,"无, 独生子女, 二胎, 三胎",,109511070000000a,0,0,0,999,0,,,,,system_user,2023-04-17 11:16:19,system_user,2025-03-03 13:32:36,1,0,
111,121,10a5110700600003,appellation,称谓,"丈夫, 妻子, 前妻, 前夫",,109511070000000a,0,0,0,999,0,,,,,system_user,2023-04-17 11:16:19,system_user,2025-03-03 13:32:36,1,0,
112,122,10a5110700700006,related_kin,关联亲属,"丈夫, 妻子, 岳父/公公, 岳母/婆婆, 嫂子/弟媳, 姐夫/妹夫, 女婿, 儿媳, 婶婶/舅妈, 婶婶/舅妈, 继父, 继母, 继子, 继女, 配偶的侄子/外甥, 配偶的侄女/外甥女",,109511070000000a,0,0,0,999,0,,,,,system_user,2023-04-17 11:16:20,system_user,2025-03-03 13:32:36,1,0,
113,123,10a5110700800009,mode,方式,"登记婚姻, 事实婚姻",,109511070000000a,0,0,0,999,0,,,,,test_user,2023-04-17 11:16:20,test_user,2025-03-03 13:32:36,1,0,
114,124,10a5110800200007,duration,时间,,,1095110800000000,0,0,0,999,0,,,,,test_user,2023-04-17 11:16:21,admin,2025-03-03 13:32:36,1,0,
115,125,10a511080030000a,end_time,结束时间,,,1095110800000000,0,0,0,999,0,,,,,system_user,2023-04-17 11:16:21,system_user,2025-03-03 13:32:36,1,0,
116,126,10a5110800400000,type,类型,收养，领养,,1095110800000000,0,0,0,999,0,,,,,test_user,2023-04-17 11:16:22,test_user,2025-03-03 13:32:36,1,0,
117,127,10a5110800500003,appellation,称谓,"养父/养母, 养子/养女",,1095110800000000,0,0,0,999,0,,,,,system_user,2023-04-17 11:16:22,system_user,2025-03-03 13:32:36,1,0,
118,128,10a5120100200000,duration,驻留时长,,,1095120100000006,0,0,0,999,0,,,,,test_user,2023-04-17 11:16:23,admin,2025-03-03 13:32:36,0,0,
119,129,10a5120100300003,end_time,离开时间,,,1095120100000006,0,0,0,999,0,,,,,test_user,2023-04-17 11:16:24,admin,2025-03-03 13:32:36,0,0,
120,130,10a5120100400006,type,常驻类型,"家庭居住, 工作场所, 外出派驻, 法律管控, 学校进修, 旅游度假, 医学隔离",,1095120100000006,0,0,0,999,0,,,,,test_user,2023-04-17 11:16:24,admin,2025-03-03 13:32:36,0,0,
121,131,10a5120100500009,residence_fee_option,费用负担方式,"自有购买, 个人租赁, 个人支付, 单位承担, 政府安置, 受赠继承",,1095120100000006,0,0,0,999,0,,,,,test_user,2023-04-17 11:16:25,admin,2025-03-03 13:32:36,0,0,
122,132,10a512010060000c,amount_of_expense,驻留费用,,,1095120100000006,0,0,0,999,0,,,,,test_user,2023-04-17 11:16:25,qidekang,2025-03-03 13:32:36,0,0,
123,133,10a5120100700002,duration_type,驻留周期,"持续驻留, 工作日驻留, 周末驻留, 每周1~3天, 每周4~6天",,1095120100000006,0,0,0,999,0,,,,,system_user,2023-04-17 11:16:26,system_user,2025-03-03 13:32:36,0,0,
124,134,10a5120200200003,duration,停留时长,,,1095120200000009,0,0,0,999,0,,,,,test_user,2023-04-17 11:16:26,admin,2025-03-03 13:32:36,0,0,
125,135,10a5120200300006,end_time,离开时间,,,1095120200000009,0,0,0,999,0,,,,,test_user,2023-04-17 11:16:27,admin,2025-03-03 13:32:36,0,0,
126,136,10a5120200400009,purpose,到访目的,"上班工作, 逛街购物, 会议研讨, 婚礼庆典, 聚餐宴请, 核酸检测, 隔离转运, 承诺签署",,1095120200000009,0,0,0,999,0,,,,,test_user,2023-04-17 11:16:28,admin,2025-03-03 13:32:36,0,0,
127,137,10a512020050000c,cost,到访成本,,,1095120200000009,0,0,0,999,0,,,,,test_user,2023-04-17 11:16:28,guochengjie,2025-03-17 14:33:22,0,0,
128,138,10a5120200600002,state,到访状态,正在访问，曾经到访,,1095120200000009,0,0,0,999,0,,,,,test_user,2023-04-17 11:16:29,admin,2025-03-03 13:32:36,0,0,
129,139,10a5120200700005,frequency,到访频次,"每周一次, 一年一次, 一次性",,1095120200000009,0,0,0,999,0,,,,,test_user,2023-04-17 11:16:30,admin,2025-03-03 13:32:36,0,0,
130,140,10a5120200800008,requirement,入场要求,"出具邀请函, 健康宝绿码, 开具罚单",,1095120200000009,0,0,0,999,0,,,,,test_user,2023-04-17 11:16:30,admin,2025-03-03 13:32:36,0,0,
131,141,10a5120300200006,duration,耗费时长,,,109512030000000c,0,0,0,999,0,,,,,test_user,2023-04-17 11:16:31,admin,2025-03-03 13:32:36,0,0,
132,142,10a5120300300009,end_time,结束时间,,,109512030000000c,0,0,0,999,0,,,,,system_user,2023-04-17 11:16:32,admin,2025-03-03 13:32:36,1,0,
133,143,10a512030040000c,frequency,途经频次,"每周一次, 每月一次, 不定时间",,109512030000000c,0,0,0,999,0,,,,,test_user,2023-04-17 11:16:32,admin,2025-03-03 13:32:36,0,0,
134,144,10a5120300500002,influence,影响,"垃圾外溢, 事故风险, 行程码带星, 健康码变黄, 疫情外溢传播, 无法入境",,109512030000000c,0,0,0,999,0,,,,,system_user,2023-04-17 11:16:33,guochengjie,2025-03-03 13:32:36,1,0,
135,145,10a5120400200009,duration,建设时长,,,1095120400000002,0,0,0,999,0,,,,,test_user,2023-04-17 11:16:33,admin,2025-03-03 13:32:36,0,0,
136,146,10a512040030000c,end_time,完工时间,,,1095120400000002,0,0,0,999,0,,,,,test_user,2023-04-17 11:16:34,admin,2025-03-03 13:32:36,0,0,
137,147,10a5120400400002,type,建设类型,"新建, 改造, 设计",,1095120400000002,0,0,0,999,0,,,,,test_user,2023-04-17 11:16:35,admin,2025-03-03 13:32:36,0,0,
138,148,10a5120400500005,role,角色,"设计师, 工长, 工人, 投资人",,1095120400000002,0,0,0,999,0,,,,,system_user,2023-04-17 11:16:35,system_user,2025-06-17 16:54:59,1,0,
139,149,10a5120400600008,time_limit,施工工期,,,1095120400000002,0,0,0,999,0,,,,,test_user,2023-04-17 11:16:36,admin,2025-03-03 13:32:36,0,0,
140,150,10a512040070000b,process,建设进程,,,1095120400000002,0,0,0,999,0,,,,,test_user,2023-04-17 11:16:36,admin,2025-03-03 13:32:36,0,0,
141,151,10a5120400800001,motivation,建造原因,"合同履约, 自用, 创造收入",,1095120400000002,0,0,0,999,0,,,,,test_user,2023-04-17 11:16:37,admin,2025-03-03 13:32:36,0,0,
142,152,10a5120400900004,requirement,技能要求,"二级建造师, 造价师, 电焊师",,1095120400000002,0,0,0,999,0,,,,,test_user,2023-04-17 11:16:37,admin,2025-03-03 13:32:36,0,0,
143,153,10a5120400a00007,evaluation_result,评估结果,"达标, 不达标",,1095120400000002,0,0,0,999,0,,,,,system_user,2023-04-17 11:16:38,qidekang,2025-03-03 13:32:36,1,0,
144,154,10a5120400b0000a,cost,建设成本,,,1095120400000002,0,0,0,999,0,,,,,test_user,2023-04-17 11:16:38,admin,2025-03-03 13:32:36,0,0,
145,155,10a512050020000c,duration,持有时长,,,1095120500000005,0,0,0,3,0,,,,,test_user,2023-04-17 11:16:39,guochengjie,2025-03-03 13:32:36,0,0,
146,156,10a5120500300002,end_time,持有结束时间,,,1095120500000005,0,0,0,999,0,,,,,test_user,2023-04-17 11:16:39,admin,2025-03-03 13:32:36,1,0,
147,157,10a5120500400005,source,来源方式,"自建, 购买, 赠与, 奖励, 分配",,1095120500000005,0,0,0,4,0,,,,,test_user,2023-04-17 11:16:40,guochengjie,2025-03-03 13:32:36,0,0,
148,158,10a5120500500008,acquisition_cost,获取成本,,,1095120500000005,0,0,0,999,0,,,,,system_user,2023-04-17 11:16:41,admin,2025-03-03 13:32:36,1,0,
149,159,10a512050060000b,cost_of_ownership,拥有成本,,,1095120500000005,0,0,0,999,0,,,,,system_user,2023-04-17 11:16:41,admin,2025-03-03 13:32:36,1,0,
150,160,10a5120500700001,scope_of_authority,权限范畴,"拥有权, 使用权",,1095120500000005,0,0,0,5,0,,,,,system_user,2023-04-17 11:16:42,guochengjie,2025-03-03 13:32:36,0,0,
151,161,10a5120500800004,use,用途,"居住, 租赁, 生产",,1095120500000005,0,0,0,6,0,,,,,system_user,2023-04-17 11:16:42,guochengjie,2025-03-03 13:32:36,0,0,
152,162,10a5120500900007,evaluation,评估结果,"合法, 违法",,1095120500000005,0,0,0,7,0,,,,,test_user,2023-04-17 11:16:43,guochengjie,2025-03-03 13:32:36,1,0,
153,163,10a5120600200002,time,时间,,,1095120600000008,0,0,0,999,0,,,,,system_user,2023-04-17 11:16:43,system_user,2025-04-08 15:54:15,1,0,
154,164,10a5120600300005,end_time,结束时间,,,1095120600000008,0,0,0,999,0,,,,,system_user,2023-04-17 11:16:44,system_user,2025-04-08 15:54:15,1,0,
155,165,10a5120600400008,type,类型,"抵押, 出让, 捐赠",,1095120600000008,0,0,0,999,0,,,,,system_user,2023-04-17 11:16:44,system_user,2025-04-08 15:54:15,1,0,
156,166,10a512060050000b,motivation,动因,"变现需求, 福利捐赠, 废弃处理",,1095120600000008,0,0,0,999,0,,,,,system_user,2023-04-17 11:16:45,system_user,2025-04-08 15:54:15,1,0,
157,167,10a5120600600001,evaluation,评估,"合法, 违法",,1095120600000008,0,0,0,999,0,,,,,system_user,2023-04-17 11:16:46,system_user,2025-04-08 15:54:15,1,0,
158,168,10a5120600700004,mode,方式,"拍卖, 招标, 挂牌",,1095120600000008,0,0,0,999,0,,,,,system_user,2023-04-17 11:16:46,system_user,2025-04-08 15:54:15,1,0,
159,169,10a5120600800007,result,结果,"现金, 荣誉",,1095120600000008,0,0,0,999,0,,,,,system_user,2023-04-17 11:16:47,system_user,2025-04-08 15:54:15,1,0,
160,170,10a512060090000a,cost,成本,,,1095120600000008,0,0,0,999,0,,,,,system_user,2023-04-17 11:16:47,system_user,2025-04-08 15:54:15,1,0,
161,171,10a5120600a00000,type_of_right,权利类型,"使用权, 拥有权,",,1095120600000008,0,0,0,999,0,,,,,system_user,2023-04-17 11:16:48,system_user,2025-04-08 15:54:15,1,0,
162,172,10a5120600b00003,state,状态,"合同签订中, 权属登记中, 租赁中, 租约到期",,1095120600000008,0,0,0,999,0,,,,,system_user,2023-04-17 11:16:48,system_user,2025-04-08 15:54:15,1,0,
163,173,10a5120700200005,duration,管理年限,,,109512070000000b,0,0,0,999,0,,,,,test_user,2023-04-17 11:16:49,admin,2025-03-03 13:32:36,0,0,
164,174,10a5120700300008,end_time,管理结束时间,,,109512070000000b,0,0,0,999,0,,,,,test_user,2023-04-17 11:16:50,admin,2025-03-03 13:32:36,1,0,
165,175,10a512070040000b,type,管理类型,"直接, 间接",,109512070000000b,0,0,0,999,0,,,,,test_user,2023-04-17 11:16:50,admin,2025-03-03 13:32:36,0,0,
166,176,10a5120700500001,scope_of_authority,权限范畴,"合规进出, 合规行为",,109512070000000b,0,0,0,999,0,,,,,zstx,2023-04-17 11:16:51,zstx,2025-03-03 13:32:36,0,0,
167,177,10a5120700600004,mode,管理方式,"远程监控, 文件审阅, 定期抽检, 现场督办",,109512070000000b,0,0,0,999,0,,,,,test_user,2023-04-17 11:16:51,admin,2025-03-03 13:32:36,0,0,
168,178,10a5120700700007,tool,管理工具,"防疫工作服, 消杀喷壶, 防疫封条, 摄像头, 移动终端设备, CIM平台, 数字楼宇系统",,109512070000000b,0,0,0,999,0,,,,,test_user,2023-04-17 11:16:52,admin,2025-03-03 13:32:36,0,0,
169,179,10a512070080000a,evaluation_result,评估结果,"合格, 不合格",,109512070000000b,0,0,0,999,0,,,,,system_user,2023-04-17 11:16:52,qidekang,2025-03-03 13:32:36,1,0,
170,180,10a5120700900000,responsibility,管理职责,"管控, 监测, 督导",,109512070000000b,0,0,0,999,0,,,,,test_user,2023-04-17 11:16:53,admin,2025-03-03 13:32:36,0,0,
171,181,10a5120700a00003,role,管理角色,"社区管理员, 防疫人员, 停车场管理员",,109512070000000b,0,0,0,999,0,,,,,test_user,2023-04-17 11:16:53,admin,2025-06-17 16:54:59,1,0,
172,182,10a5120700b00006,cost,管理成本,,,109512070000000b,0,0,0,999,0,,,,,test_user,2023-04-17 11:16:54,admin,2025-03-03 13:32:36,0,0,
173,183,10a5120700c00009,source_of_power,权力来源,"法律赋予, 机构授予",,109512070000000b,0,0,0,999,0,,,,,system_user,2023-04-17 11:16:55,system_user,2025-03-03 13:32:36,0,0,
174,184,10a5120800200008,duration,维护时长,,,1095120800000001,0,0,0,999,0,,,,,test_user,2023-04-17 11:16:55,admin,2025-03-03 13:32:36,0,0,
175,185,10a512080030000b,end_time,结束时间,,,1095120800000001,0,0,0,999,0,,,,,system_user,2023-04-17 11:16:56,admin,2025-03-03 13:32:36,1,0,
176,186,10a5120800400001,cost,维护成本,,,1095120800000001,0,0,0,999,0,,,,,test_user,2023-04-17 11:16:56,admin,2025-03-03 13:32:36,0,0,
177,187,10a5120800500004,evaluation,评估结果,"优, 良, 合格, 不合格",,1095120800000001,0,0,0,999,0,,,,,test_user,2023-04-17 11:16:57,admin,2025-03-03 13:32:36,0,0,
178,188,10a5120800600007,tool,使用工具,"消杀喷壶, 记录本, 清洁工具, 耗材, 防护用品",,1095120800000001,0,0,0,999,0,,,,,test_user,2023-04-17 11:16:57,admin,2025-03-03 13:32:36,0,0,
179,189,10a512080070000a,role,角色,"消杀员, 排查员",,1095120800000001,0,0,0,999,0,,,,,system_user,2023-04-17 11:16:58,system_user,2025-06-17 16:54:59,1,0,
180,190,10a5120800800000,frequency,维护频次,"一天一次, 每周一次",,1095120800000001,0,0,0,999,0,,,,,test_user,2023-04-17 11:16:59,admin,2025-03-03 13:32:36,0,0,
181,191,10a5120800900003,motivation,维护原因,"安全屏障, 公共安全, 公共卫生, 筛查病例",,1095120800000001,0,0,0,999,0,,,,,test_user,2023-04-17 11:16:59,admin,2025-03-03 13:32:36,0,0,
182,192,10a5120800a00006,skill_requirement,技能要求,"无, 初级工, 中级工, 高级工",,1095120800000001,0,0,0,999,0,,,,,system_user,2023-04-17 11:17:00,system_user,2025-03-03 13:32:36,0,0,
183,193,10a5130100200001,cause,制造原因,"引发关注, 获取利益, 意识丧失, 报复社会",,1095130100000007,0,0,0,999,0,,,,,test_user,2023-04-17 11:17:00,admin,2025-03-03 13:32:36,0,0,
184,194,10a5130100300004,type,意图类型,"蓄意, 无意",,1095130100000007,0,0,0,999,0,,,,,test_user,2023-04-17 11:17:01,admin,2025-03-03 13:32:36,0,0,
185,195,10a5130100400007,degree_of_influence,影响程度,"高, 中, 低",,1095130100000007,0,0,0,999,0,,,,,system_user,2023-04-17 11:17:01,system_user,2025-03-03 13:32:36,0,0,
186,196,10a513010050000a,role,角色,"发起人, 策划人",,1095130100000007,0,0,0,999,0,,,,,system_user,2023-04-17 11:17:02,system_user,2025-06-17 16:54:59,1,0,
187,197,10a5130100600000,tool,使用工具,,简化属性，人物使用，物名称,1095130100000007,0,0,0,999,1,1095140300000001,109614031000a00a,,1065040000300008,test_user,2023-04-17 11:17:03,qidekang,2025-03-13 10:22:09,0,0,
188,198,10a5130100700003,process,当前进程,"策划, 筹备, 发起",,1095130100000007,0,0,0,999,0,,,,,test_user,2023-04-17 11:17:03,admin,2025-03-03 13:32:36,0,0,
189,199,10a5130100800006,cost,成本,,,1095130100000007,0,0,0,999,0,,,,,system_user,2023-04-17 11:17:04,system_user,2025-03-03 13:32:36,0,0,
190,200,10a5130200200004,motivation,参与原因,"宣传知识, 获取利益",,109513020000000a,0,0,0,999,0,,,,,test_user,2023-04-17 11:17:04,admin,2025-03-03 13:32:36,0,0,
191,201,10a5130200300007,mode,参与方式,"发表演讲, 现场指导, 进度推进",,109513020000000a,0,0,0,999,0,,,,,test_user,2023-04-17 11:17:05,admin,2025-03-03 13:32:36,0,0,
192,202,10a513020040000a,role,扮演角色,"主要, 辅助",,109513020000000a,0,0,0,999,0,,,,,test_user,2023-04-17 11:17:05,admin,2025-06-17 16:54:59,1,0,
193,203,10a5130200500000,cost,参与成本,,,109513020000000a,0,0,0,999,0,,,,,test_user,2023-04-17 11:17:06,admin,2025-03-03 13:32:36,0,0,
194,204,10a5130200600003,condition,参与条件,"职业技能, 行业影响力, 学术权威",,109513020000000a,0,0,0,999,0,,,,,test_user,2023-04-17 11:17:06,admin,2025-03-03 13:32:36,0,0,
195,205,10a5130200700006,result,最终结果,"提升影响力, 获取薪酬, 行政拘留",,109513020000000a,0,0,0,999,0,,,,,test_user,2023-04-17 11:17:07,admin,2025-03-03 13:32:36,0,0,
196,206,10a5130300200007,response_time,响应时间,,,1095130300000000,0,0,0,1,0,,,,,system_user,2023-04-17 11:17:08,guochengjie,2025-03-03 13:32:36,0,0,
197,207,10a513030030000a,process,当前进程,"接受任务, 到达现场, 了解情况, 纠纷调解",,1095130300000000,0,0,0,2,0,,,,,test_user,2023-04-17 11:17:08,guochengjie,2025-05-23 13:56:28,0,0,
198,208,10a5130300400000,result,处置结论,"罚款, 关押, 奖励, 举报, 移交, 下发",,1095130300000000,0,0,0,3,0,,,,,test_user,2023-04-17 11:17:09,guochengjie,2025-03-03 13:32:36,0,0,
199,209,10a5130300500003,mode,处置方式,"线上, 线下",,1095130300000000,0,0,0,5,0,,,,,test_user,2023-04-17 11:17:09,guochengjie,2025-03-03 13:32:36,0,0,
200,210,10a5130300600006,tool,处置工具,"防爆盾, 移动终端, 执法记录仪",,1095130300000000,0,0,0,6,1,1095140300000001,109614031000a00a,,1065040000300008,test_user,2023-04-17 11:17:10,guochengjie,2025-03-17 19:26:59,0,0,
201,211,10a5130300700009,evaluation_result,评估结果,"合规处置, 违规处置",,1095130300000000,0,0,0,999,0,,,,,system_user,2023-04-17 11:17:10,qidekang,2025-03-03 13:32:36,1,0,
202,212,10a513040020000a,type,监管类型,"合规, 安全",,1095130400000003,0,0,0,999,0,,,,,test_user,2023-04-17 11:17:11,admin,2025-03-03 13:32:36,0,0,
203,213,10a5130400300000,mode,监管方式,"远程监控, 定期抽检, 现场督办",,1095130400000003,0,0,0,999,0,,,,,test_user,2023-04-17 11:17:11,admin,2025-03-03 13:32:36,0,0,
204,214,10a5130400400003,scope_of_authority,权限范畴,,,1095130400000003,0,0,0,999,0,,,,,system_user,2023-04-17 11:17:12,system_user,2025-03-03 13:32:36,0,0,
205,215,10a5130400500006,tool,监管工具,,简化属性，人物使用，物名称,1095130400000003,0,0,0,999,1,1095140300000001,109614031000a00a,,1065040000300008,test_user,2023-04-17 11:17:13,qidekang,2025-03-13 10:22:48,0,0,
206,216,10a5130400600009,cost,监管成本,,,1095130400000003,0,0,0,999,0,,,,,test_user,2023-04-17 11:17:13,admin,2025-03-03 13:32:36,0,0,
207,217,10a513040070000c,monitoring_result,监管结果,,,1095130400000003,0,0,0,999,0,,,,,test_user,2023-04-17 11:17:14,guochengjie,2025-03-03 13:32:36,0,0,
208,218,10a5130400800002,frequency,监管频次,"一小时一次, 一天一次",,1095130400000003,0,0,0,999,0,,,,,test_user,2023-04-17 11:17:14,admin,2025-03-03 13:32:36,0,0,
209,219,10a5140100200002,duration,耗费时长,,,1095140100000008,0,0,0,1,0,,,,,test_user,2023-04-17 11:17:15,guochengjie,2025-03-03 13:32:36,0,0,
210,220,10a5140100300005,end_time,完成时间,,,1095140100000008,0,0,0,999,0,,,,,test_user,2023-04-17 11:17:15,admin,2025-03-03 13:32:36,1,0,
211,221,10a5140100400008,creative_type,创意类型,"原创性, 改进型",,1095140100000008,0,0,0,2,0,,,,,system_user,2023-04-17 11:17:16,guochengjie,2025-03-03 13:32:36,0,0,
212,222,10a514010050000b,design_style,设计风格,"抽象派, 现代派, 中国风, 简约风",,1095140100000008,0,0,0,4,0,,,,,system_user,2023-04-17 11:17:16,guochengjie,2025-03-03 13:32:36,0,0,
213,223,10a5140100600001,role,角色,"总设计, 总执行, 小组长, 绘图员",,1095140100000008,0,0,0,5,0,,,,,system_user,2023-04-17 11:17:17,guochengjie,2025-06-17 16:54:59,1,0,
214,224,10a5140100700004,evaluation_result,评估结果,"优秀, 一般, 普通",,1095140100000008,0,0,0,999,0,,,,,system_user,2023-04-17 11:17:18,qidekang,2025-03-03 13:32:36,1,0,
215,225,10a5140100800007,source,来源,"公开招标, 定向邀请, 民间征集",,1095140100000008,0,0,0,3,0,,,,,system_user,2023-04-17 11:17:18,guochengjie,2025-03-03 13:32:36,0,0,
216,226,10a514010090000a,influence,影响,"舆论热议, 获取关注度",,1095140100000008,0,0,0,7,0,,,,,system_user,2023-04-17 11:17:19,guochengjie,2025-03-03 13:32:36,0,0,
217,227,10a5140100a00000,process,进程,"预调研, 草图设计, 局部细化, 完善迭代",,1095140100000008,0,0,0,999,0,,,,,system_user,2023-04-17 11:17:19,guochengjie,2025-03-03 13:32:36,1,0,
218,228,10a5140200200005,duration,耗费时长,,,109514020000000b,0,0,0,3,0,,,,,test_user,2023-04-17 11:17:20,guochengjie,2025-03-03 13:32:36,0,0,
219,229,10a5140200300008,end_time,完成时间,,,109514020000000b,0,0,0,999,0,,,,,test_user,2023-04-17 11:17:20,admin,2025-03-03 13:32:36,1,0,
220,230,10a514020040000b,automation_level,工艺水平,"纯手工, 半自动, 全自动",,109514020000000b,0,0,0,4,0,,,,,test_user,2023-04-17 11:17:21,guochengjie,2025-05-23 13:57:04,0,0,
221,231,10a5140200500001,technology,使用工艺,"陶制, 绘画, 木工",,109514020000000b,0,0,0,5,0,,,,,test_user,2023-04-17 11:17:22,guochengjie,2025-03-03 13:32:36,0,0,
222,232,10a5140200600004,tool,使用工具,,简化属性，人物使用，物名称,109514020000000b,0,0,0,6,1,1095140300000001,109614031000a00a,,1065040000300008,test_user,2023-04-17 11:17:22,qidekang,2025-03-13 10:22:37,0,0,
223,233,10a5140200700007,cost,成本,,,109514020000000b,0,0,0,7,0,,,,,system_user,2023-04-17 11:17:23,guochengjie,2025-03-03 13:32:36,0,0,
224,234,10a514020080000a,income,收益,"薪酬, 声誉",,109514020000000b,0,0,0,8,0,,,,,system_user,2023-04-17 11:17:23,guochengjie,2025-03-03 13:32:36,0,0,
225,235,10a5140200900000,evaluation_result,评估结果,"优秀, 良, 待提升",,109514020000000b,0,0,0,999,0,,,,,system_user,2023-04-17 11:17:24,qidekang,2025-03-03 13:32:36,1,0,
226,236,10a5140200a00003,process,制造进程,"完成10%, 完成90%",,109514020000000b,0,0,0,8,0,,,,,test_user,2023-04-17 11:17:24,guochengjie,2025-03-03 13:32:36,1,0,
227,237,10a5140300200008,duration,使用时长,,,1095140300000001,0,0,0,2,0,,,,,test_user,2023-04-17 11:17:25,guochengjie,2025-03-03 13:32:36,0,0,
228,238,10a514030030000b,end_time,结束时间,,,1095140300000001,0,0,0,999,0,,,,,system_user,2023-04-17 11:17:25,admin,2025-03-03 13:32:36,1,0,
229,239,10a5140300400001,type,类型,"生产, 服务，乘坐",,1095140300000001,0,0,0,4,0,,,,,zstx,2023-04-17 11:17:26,guochengjie,2025-03-03 13:32:36,0,0,
230,240,10a5140300500004,motivation,使用目的,"时间效率, 经济成本, 人力节省, 舒适度, 情感因素",,1095140300000001,0,0,0,5,0,,,,,test_user,2023-04-17 11:17:26,guochengjie,2025-03-03 13:32:36,0,0,
231,241,10a5140300600007,cost,使用成本,,,1095140300000001,0,0,0,6,0,,,,,test_user,2023-04-17 11:17:27,guochengjie,2025-03-03 13:32:36,0,0,
232,242,10a514030070000a,skill_requirement,技能要求,"驾驶证, 执业医师证",,1095140300000001,0,0,0,7,0,,,,,system_user,2023-04-17 11:17:28,guochengjie,2025-03-03 13:32:36,0,0,
233,243,10a5140300800000,proficiency,熟练程度,专业，熟练，不熟练,,1095140300000001,0,0,0,8,0,,,,,test_user,2023-04-17 11:17:28,guochengjie,2025-03-03 13:32:36,0,0,
234,244,10a514040020000b,duration,持有时长,,,1095140400000004,0,0,0,3,0,,,,,test_user,2023-04-17 11:17:29,guochengjie,2025-03-03 13:32:36,0,0,
235,245,10a5140400300001,end_time,结束时间,,,1095140400000004,0,0,0,999,0,,,,,system_user,2023-04-17 11:17:29,admin,2025-03-03 13:32:36,1,0,
236,246,10a5140400400004,source,来源,"奖励, 购买, 赠与, 奖励, 行政授予（身份证等）, 申请获取",,1095140400000004,0,0,0,6,0,,,,,system_user,2023-04-17 11:17:30,guochengjie,2025-03-03 13:32:36,0,0,
237,247,10a5140400500007,acquisition_cost,获取成本,,,1095140400000004,0,0,0,7,0,,,,,system_user,2023-04-17 11:17:30,guochengjie,2025-03-03 13:32:36,0,0,
238,248,10a514040060000a,cost_of_ownership,持有成本,,,1095140400000004,0,0,0,8,0,,,,,test_user,2023-04-17 11:17:31,guochengjie,2025-03-03 13:32:36,0,0,
239,249,10a5140400700000,evaluation,评估结果,"合规, 违规",,1095140400000004,0,0,0,4,0,,,,,test_user,2023-04-17 11:17:32,qidekang,2025-03-03 13:32:36,1,0,
240,250,10a5140400800003,type,类型,,,1095140400000004,0,0,0,9,0,,,,,test_user,2023-04-17 11:17:32,guochengjie,2025-03-03 13:32:36,0,0,
241,251,10a5140500200001,time,时间,,,1095140500000007,0,0,0,999,0,,,,,system_user,2023-04-17 11:17:33,system_user,2025-04-08 15:54:15,1,0,
242,252,10a5140500300004,end_time,结束时间,,,1095140500000007,0,0,0,999,0,,,,,system_user,2023-04-17 11:17:33,system_user,2025-04-08 15:54:15,1,0,
243,253,10a5140500400007,type,类型,"抵押, 出让, 卖出, 捐赠, 赠送",,1095140500000007,0,0,0,999,0,,,,,system_user,2023-04-17 11:17:34,system_user,2025-04-08 15:54:15,1,0,
244,254,10a514050050000a,motivation,动因,"变现需求, 公益事业, 闲置处理",,1095140500000007,0,0,0,999,0,,,,,system_user,2023-04-17 11:17:34,system_user,2025-04-08 15:54:15,1,0,
245,255,10a5140500600000,result,结果,"现金, 荣誉",,1095140500000007,0,0,0,999,0,,,,,system_user,2023-04-17 11:17:35,system_user,2025-04-08 15:54:15,1,0,
246,256,10a5140500700003,cost,成本,,,1095140500000007,0,0,0,999,0,,,,,system_user,2023-04-17 11:17:35,system_user,2025-04-08 15:54:15,1,0,
247,257,10a5140500800006,evaluation,评估,"合法, 违法",,1095140500000007,0,0,0,999,0,,,,,system_user,2023-04-17 11:17:36,system_user,2025-04-08 15:54:15,1,0,
248,258,10a5140500900009,mode,方式,"拍卖, 招标, 挂牌",,1095140500000007,0,0,0,999,0,,,,,system_user,2023-04-17 11:17:36,system_user,2025-04-08 15:54:15,1,0,
249,259,10a5140500a0000c,type_of_right,权利类型,"使用权, 拥有权,",,1095140500000007,0,0,0,999,0,,,,,system_user,2023-04-17 11:17:37,system_user,2025-04-08 15:54:15,1,0,
250,260,10a5140500b00002,process,进程,"合同签订中, 权属登记中, 租赁中, 租约到期",,1095140500000007,0,0,0,999,0,,,,,system_user,2023-04-17 11:17:38,system_user,2025-04-08 15:54:15,1,0,
251,261,10a5140600200004,duration,管理年限,,,109514060000000a,0,0,0,2,0,,,,,test_user,2023-04-17 11:17:38,guochengjie,2025-03-03 13:32:36,0,0,
252,262,10a5140600300007,end_time,结束时间,,,109514060000000a,0,0,0,999,0,,,,,system_user,2023-04-17 11:17:39,admin,2025-03-03 13:32:36,1,0,
253,263,10a514060040000a,type,管理类型,"直接管理, 间接管理",,109514060000000a,0,0,0,4,0,,,,,test_user,2023-04-17 11:17:39,guochengjie,2025-03-03 13:32:36,0,0,
254,264,10a5140600500000,scope_of_authority,权限范畴,"使用权, 审核权",,109514060000000a,0,0,0,5,0,,,,,system_user,2023-04-17 11:17:40,guochengjie,2025-03-03 13:32:36,0,0,
255,265,10a5140600600003,mode,管理方式,"远程监控, 文件审阅, 定期抽检, 现场督办",,109514060000000a,0,0,0,6,0,,,,,test_user,2023-04-17 11:17:40,guochengjie,2025-03-03 13:32:36,0,0,
256,266,10a5140600700006,cost,成本,,,109514060000000a,0,0,0,7,0,,,,,system_user,2023-04-17 11:17:41,guochengjie,2025-03-03 13:32:36,0,0,
257,267,10a5140600800009,evaluation_result,评估结果,"合格, 不合格,",,109514060000000a,0,0,0,999,0,,,,,system_user,2023-04-17 11:17:41,qidekang,2025-03-03 13:32:36,1,0,
258,268,10a514060090000c,source_of_power,权力来源,"法律赋予, 机构授予",,109514060000000a,0,0,0,8,0,,,,,system_user,2023-04-17 11:17:42,guochengjie,2025-03-03 13:32:36,1,0,
259,269,10a5140600a00002,role,角色,"社区管理员, 防疫人员, 停车场管理员, 交警",,109514060000000a,0,0,0,9,0,,,,,system_user,2023-04-17 11:17:43,guochengjie,2025-06-17 16:54:59,1,0,
260,270,10a5140600b00005,measure,管理措施,"制定政策, 开具罚单, 扣押车辆",,109514060000000a,0,0,0,10,0,,,,,test_user,2023-04-17 11:17:43,guochengjie,2025-03-03 13:32:36,0,0,
261,271,10a5140600c00008,resultant_product,结果产物,"管理日志, 安装报告, 维修报告",,109514060000000a,0,0,0,11,0,,,,,system_user,2023-04-17 11:17:44,guochengjie,2025-03-03 13:32:36,0,0,
262,272,10a5140700200007,duration,耗费时长,,,1095140700000000,0,0,0,2,0,,,,,test_user,2023-04-17 11:17:44,guochengjie,2025-03-03 13:32:36,0,0,
263,273,10a514070030000a,end_time,完成时间,,,1095140700000000,0,0,0,999,0,,,,,test_user,2023-04-17 11:17:45,admin,2025-03-03 13:32:36,1,0,
264,274,10a5140700400000,type,维护类型,"修理, 维护, 更换, 安装, 拆卸",,1095140700000000,0,0,0,4,0,,,,,test_user,2023-04-17 11:17:45,guochengjie,2025-03-03 13:32:36,0,0,
265,275,10a5140700500003,cost,维护成本,,,1095140700000000,0,0,0,5,0,,,,,test_user,2023-04-17 11:17:46,guochengjie,2025-03-03 13:32:36,0,0,
266,276,10a5140700600006,evaluation_result,评估结果,"优, 良, 合格, 不合格",,1095140700000000,0,0,0,999,0,,,,,system_user,2023-04-17 11:17:46,qidekang,2025-03-03 13:32:36,1,0,
267,277,10a5140700700009,tool,使用工具,"清洁工具, 消杀工具",,1095140700000000,0,0,0,6,0,,,,,test_user,2023-04-17 11:17:47,guochengjie,2025-03-03 13:32:36,0,0,
268,278,10a514070080000c,role,角色,"清洁员工, 技修人员",,1095140700000000,0,0,0,7,0,,,,,system_user,2023-04-17 11:17:48,guochengjie,2025-06-17 16:54:59,1,0,
269,279,10a5140700900002,frequency,维护频次,"每周一次, 每月一次, 一次性",,1095140700000000,0,0,0,8,0,,,,,test_user,2023-04-17 11:17:48,guochengjie,2025-03-03 13:32:36,0,0,
270,280,10a5140700a00005,motivation,维护目的,"设备稳定, 设备调试, 安全保障, 杀毒消菌",,1095140700000000,0,0,0,9,0,,,,,test_user,2023-04-17 11:17:49,guochengjie,2025-03-03 13:32:36,0,0,
271,281,10a5140700b00008,skill_requirement,技能要求,"初级工, 中级工, 高级工",,1095140700000000,0,0,0,10,0,,,,,system_user,2023-04-17 11:17:49,guochengjie,2025-03-03 13:32:36,0,0,
272,282,10a514080020000a,duration,耗费时长,,,1095140800000003,0,0,0,2,0,,,,,test_user,2023-04-17 11:17:50,guochengjie,2025-03-03 13:32:36,0,0,
273,283,10a5140800300000,end_time,完成时间,,,1095140800000003,0,0,0,999,0,,,,,test_user,2023-04-17 11:17:50,admin,2025-03-03 13:32:36,1,0,
274,284,10a5140800400003,type,识别类型,"主动, 被动",,1095140800000003,0,0,0,4,0,,,,,test_user,2023-04-17 11:17:51,guochengjie,2025-03-03 13:32:36,0,0,
275,285,10a5140800500006,mode,识别方式,"远程, 接触",,1095140800000003,0,0,0,5,0,,,,,test_user,2023-04-17 11:17:51,guochengjie,2025-03-03 13:32:36,0,0,
276,286,10a5140800600009,motivation,目的,"数据获取, 设备操作",,1095140800000003,0,0,0,6,0,,,,,test_user,2023-04-17 11:17:52,guochengjie,2025-03-03 13:32:36,0,0,
277,287,10a514080070000c,cost,成本,,,1095140800000003,0,0,0,7,0,,,,,system_user,2023-04-17 11:17:53,guochengjie,2025-03-03 13:32:36,0,0,
278,288,10a5150100200003,duration,营业年限,,,1095150100000009,0,0,0,2,0,,,,,test_user,2023-04-17 11:17:53,guochengjie,2025-03-03 13:32:36,0,0,
279,289,10a5150100300006,end_time,注销时间,,,1095150100000009,0,0,0,3,0,,,,,test_user,2023-04-17 11:17:54,guochengjie,2025-03-03 13:32:36,0,0,
280,290,10a5150100400009,type,类型,"新建, 分拆, 合并",,1095150100000009,0,0,0,4,0,,,,,system_user,2023-04-17 11:17:54,guochengjie,2025-03-03 13:32:36,0,0,
281,291,10a515010050000c,motivation,目的,"行业需求, 政策福利, 公益事业, 业务拓展",,1095150100000009,0,0,0,5,0,,,,,test_user,2023-04-17 11:17:55,guochengjie,2025-03-03 13:32:36,0,0,
282,292,10a5150100600002,role,角色,"倡议人, 投资人, 创始人, 合伙人",,1095150100000009,0,0,0,6,0,,,,,system_user,2023-04-17 11:17:55,guochengjie,2025-06-17 16:54:59,1,0,
283,293,10a5150100700005,source_of_funds,资金来源,"股权融资, 自有资金, 债权融资, 政策性贷款, 金融租赁, 天使投资",,1095150100000009,0,0,0,7,0,,,,,system_user,2023-04-17 11:17:56,guochengjie,2025-03-03 13:32:36,0,0,
284,294,10a5150100800008,process,进程,"筹备, 审批, 成立",,1095150100000009,0,0,0,8,0,,,,,system_user,2023-04-17 11:17:56,guochengjie,2025-03-03 13:32:36,1,0,
285,295,10a515010090000b,value,社会价值,"解决就业问题, 促进产业发展, 促进消费, 加快人才培养, 加速科技创新",,1095150100000009,0,0,0,9,0,,,,,test_user,2023-04-17 11:17:57,guochengjie,2025-03-03 13:32:36,0,0,
286,296,10a5150200200006,duration,持续时长,,,109515020000000c,0,0,0,8,0,,,,,test_user,2023-04-17 11:17:58,admin,2025-03-03 13:32:36,0,0,
287,297,10a5150200300009,end_time,结束时间,,,109515020000000c,0,0,0,999,0,,,,,system_user,2023-04-17 11:17:58,admin,2025-03-03 13:32:36,1,0,
288,298,10a515020040000c,performance,绩效,,,109515020000000c,0,0,0,4,0,,,,,system_user,2023-04-17 11:17:59,guochengjie,2025-03-03 13:32:36,1,0,
289,299,10a5150200500002,position,担任职位,"法人, 董事长, 总经理, 校长, 局长, 市长, 部长, 主任, 局长",,109515020000000c,0,0,0,0,0,,,,,test_user,2023-04-17 11:17:59,admin,2025-03-03 13:32:36,0,0,
290,300,10a5150200600005,mode_of_appointment,任命方式,"派任, 竞选, 提拔, 出让, 轮岗, 借调",,109515020000000c,0,0,0,1,0,,,,,test_user,2023-04-17 11:18:00,admin,2025-03-03 13:32:36,0,0,
291,301,10a5150200700008,scope_of_authority,权限范畴,"常务, 人事, 财务",,109515020000000c,0,0,0,2,0,,,,,system_user,2023-04-17 11:18:00,admin,2025-03-03 13:32:36,0,0,
292,302,10a515020080000b,permission_size,权限大小,"一票否决, 主要决策, 参与决策",,109515020000000c,0,0,0,3,0,,,,,system_user,2023-04-17 11:18:01,admin,2025-03-03 13:32:36,0,0,
293,303,10a5150200900001,reward,工作奖励,"现金, 股票, 期权",,109515020000000c,0,0,0,5,0,,,,,test_user,2023-04-17 11:18:01,guochengjie,2025-03-03 13:32:36,1,0,
294,304,10a5150300200009,duration,工龄,,,1095150300000002,0,0,0,999,0,,,,,test_user,2023-04-17 11:18:02,admin,2025-03-03 13:32:36,1,0,
295,305,10a515030030000c,end_time,终止时间,,,1095150300000002,0,0,0,5,0,,,,,test_user,2023-04-17 11:18:03,guochengjie,2025-03-03 13:32:36,0,0,
296,306,10a5150300400002,performance,个人表现,,,1095150300000002,0,0,0,10,0,,,,,test_user,2023-04-17 11:18:03,qidekang,2025-03-03 13:32:36,0,0,
297,307,10a5150300500005,position,成员身份,,,1095150300000002,0,0,0,15,0,,,,,test_user,2023-04-17 11:18:04,qidekang,2025-03-03 13:32:36,0,0,
298,308,10a5150300600008,responsibility,职责,,,1095150300000002,0,0,0,9,0,,,,,test_user,2023-04-17 11:18:04,qidekang,2025-03-03 13:32:36,0,0,
299,309,10a515030070000b,rank,级别,员工级别，教育层次,,1095150300000002,0,0,0,8,0,,,,,test_user,2023-04-17 11:18:05,guochengjie,2025-03-03 13:32:36,0,0,
300,310,10a5150300800001,reward,酬劳,现金形式报酬,,1095150300000002,0,0,0,11,0,,,,,test_user,2023-04-17 11:18:05,qidekang,2025-03-03 13:32:36,0,0,
301,311,10a5150300900004,entry_mode,加入方式,,,1095150300000002,0,0,0,2,0,,,,,test_user,2023-04-17 11:18:06,guochengjie,2025-03-03 13:32:36,0,0,
302,312,10a5150300a00007,nature_of_employment,用工性质,"劳动合同, 劳务合同",,1095150300000002,0,0,0,1,0,,,,,system_user,2023-04-17 11:18:06,qidekang,2025-03-03 13:32:36,1,0,
303,313,10a5150300b0000a,welfare_treatment,福利待遇,非现金形式报酬,,1095150300000002,0,0,0,12,0,,,,,test_user,2023-04-17 11:18:07,qidekang,2025-03-03 13:32:36,0,0,
304,314,10a5150300c00000,reporting_chain,汇报链路,,,1095150300000002,0,0,0,14,0,,,,,test_user,2023-04-17 11:18:08,guochengjie,2025-03-03 13:32:36,1,0,
305,315,10a5150300d00003,requirement,准入条件,任职要求，入学要求,,1095150300000002,0,0,0,13,0,,,,,test_user,2023-04-17 11:18:08,qidekang,2025-03-03 13:32:36,0,0,
306,316,10a515040020000c,duration,有效时长,,,1095150400000005,0,0,0,5,0,,,,,test_user,2023-04-17 11:18:09,qidekang,2025-03-03 13:32:36,0,0,
307,317,10a5150400300002,end_time,到期时间,,,1095150400000005,0,0,0,999,0,,,,,test_user,2023-04-17 11:18:09,admin,2025-03-03 13:32:36,1,0,
308,318,10a5150400400005,title,荣誉称号,,,1095150400000005,0,0,0,3,0,,,,,test_user,2023-04-17 11:18:10,qidekang,2025-03-03 13:32:36,0,0,
309,319,10a5150400500008,level,奖励级别,"国家级, 省级, 市级, 区级, 校级",,1095150400000005,0,0,0,2,0,,,,,test_user,2023-04-17 11:18:10,qidekang,2025-03-03 13:32:36,0,0,
310,320,10a515040060000b,major_contribution,主要贡献,"人才培养, 技术创新, 政府管理, 商业模式创新",,1095150400000005,0,0,0,6,0,,,,,system_user,2023-04-17 11:18:11,qidekang,2025-03-03 13:32:36,0,0,
311,321,10a5150400700001,incentive_mode,激励方式,"现金, 股票, 职级晋升, 社会褒奖, 权威头衔",,1095150400000005,0,0,0,7,0,,,,,system_user,2023-04-17 11:18:12,qidekang,2025-03-03 13:32:36,1,0,
312,322,10a5150400800004,selection_method,评选方式,"公开投票, 部门提报, 评委会评选",,1095150400000005,0,0,0,8,0,,,,,system_user,2023-04-17 11:18:12,qidekang,2025-03-03 13:32:36,0,0,
313,323,10a5150500200002,duration,服务时长（待删除）,,,1095150500000008,0,0,0,2,0,,,,,test_user,2023-04-17 11:18:13,baishumeng,2025-06-22 13:03:10,0,0,
314,324,10a5150500300005,end_time,终止时间,,,1095150500000008,0,0,0,3,0,,,,,test_user,2023-04-17 11:18:13,guochengjie,2025-03-03 13:32:36,0,0,
315,325,10a5150500400008,type,服务类型,顾问，志愿者，借调，独立董事,,1095150500000008,0,0,0,4,0,,,,,test_user,2023-04-17 11:18:14,guochengjie,2025-03-03 13:32:36,0,0,
316,326,10a515050050000b,responsibility,职责,"政策建议, 参与决策, 专业队伍补充, 日常事务维系",,1095150500000008,0,0,0,5,0,,,,,system_user,2023-04-17 11:18:14,guochengjie,2025-03-03 13:32:36,0,0,
317,327,10a5150500600001,requirement,服务要求,"年龄, 政治面貌, 身体情况, 专业技能",,1095150500000008,0,0,0,6,0,,,,,test_user,2023-04-17 11:18:15,guochengjie,2025-03-03 13:32:36,0,0,
318,328,10a5150500700004,value_return_mode,回报方式,"证书, 劳务费, 股权, 无偿",,1095150500000008,0,0,0,7,0,,,,,test_user,2023-04-17 11:18:16,guochengjie,2025-03-03 13:32:36,0,0,
319,329,10a5150500800007,working_intensity,服务强度,"10小时每天, 不少于6个月每年",,1095150500000008,0,0,0,8,0,,,,,test_user,2023-04-17 11:18:16,guochengjie,2025-03-03 13:32:36,0,0,
320,330,10a515050090000a,product_value,产物价值,"商机, 销售线索, 新增订单, 产值增长, 人才培养, 量化科技成果",,1095150500000008,0,0,0,9,0,,,,,system_user,2023-04-17 11:18:17,guochengjie,2025-03-03 13:32:36,0,0,
321,331,10a5150500a00000,recruitment_method,招募方式,"线下活动, 线上报名, 主动邀请",,1095150500000008,0,0,0,10,0,,,,,system_user,2023-04-17 11:18:17,guochengjie,2025-03-03 13:32:36,0,0,
322,332,10a5220100200003,type,从属类型,"构成单元, 所属子集",,1095220100000009,0,0,0,999,0,,,,,test_user,2023-04-17 11:18:18,admin,2025-03-03 13:32:36,0,0,
323,333,10a5220100300006,duration,时间,,,1095220100000009,0,0,0,999,0,,,,,test_user,2023-04-17 11:18:18,admin,2025-03-03 13:32:36,1,0,
324,334,10a5220100400009,end_time,结束时间,,,1095220100000009,0,0,0,999,0,,,,,system_user,2023-04-17 11:18:19,admin,2025-03-03 13:32:36,1,0,
325,335,10a522010050000c,functionality,功能,"分流, 供给, 办公",,1095220100000009,0,0,0,999,0,,,,,system_user,2023-04-17 11:18:19,system_user,2025-03-03 13:32:36,0,0,
326,336,10a5220100600002,evaluation_result,评估结果,"合理, 不合理",,1095220100000009,0,0,0,999,0,,,,,system_user,2023-04-17 11:18:20,qidekang,2025-03-03 13:32:36,1,0,
327,337,10a5220200200006,type,连接类型,"串联, 并联, 混联,",,109522020000000c,0,0,0,1,0,,,,,test_user,2023-04-17 11:18:21,guochengjie,2025-03-03 13:32:36,0,0,
328,338,10a5220200300009,capacity,容量,"行人通行量, 车辆通行量, 航班通行量",,109522020000000c,0,0,0,2,0,,,,,system_user,2023-04-17 11:18:21,guochengjie,2025-03-03 13:32:36,0,0,
329,339,10a522020040000c,mode,连接方式,"天桥, 隧道, 接壤",,109522020000000c,0,0,0,6,0,,,,,test_user,2023-04-17 11:18:22,guochengjie,2025-03-03 13:32:36,0,0,
330,340,10a5220200500002,duration,时间,,,109522020000000c,0,0,0,999,0,,,,,test_user,2023-04-17 11:18:22,admin,2025-03-03 13:32:36,1,0,
331,341,10a5220200600005,end_time,结束时间,,,109522020000000c,0,0,0,999,0,,,,,system_user,2023-04-17 11:18:23,admin,2025-03-03 13:32:36,1,0,
332,342,10a5220200700008,purpose,目的,"通行, 运输",,109522020000000c,0,0,0,7,0,,,,,system_user,2023-04-17 11:18:23,guochengjie,2025-03-03 13:32:36,0,0,
333,343,10a522020080000b,connection_effect,连接效果,"通行效率高，安全系数高, 通行效率低，安全系数高",,109522020000000c,0,0,0,8,0,,,,,test_user,2023-04-17 11:18:24,guochengjie,2025-03-03 13:32:36,0,0,
334,344,10a5220300200009,type,空间类型,上下左右，东南西北,,1095220300000002,0,0,0,999,0,,,,,test_user,2023-04-17 11:18:24,admin,2025-03-03 13:32:36,0,0,
335,345,10a522030030000c,distance,距离远近,,,1095220300000002,0,0,0,999,0,,,,,test_user,2023-04-17 11:18:25,admin,2025-03-03 13:32:36,0,0,
336,346,10a5220300400002,bearing,方位角度,"左前方10度, 北偏东15度",,1095220300000002,0,0,0,999,0,,,,,test_user,2023-04-17 11:18:26,admin,2025-03-03 13:32:36,0,0,
337,347,10a5220300500005,evaluation_result,评估结果,"遮挡程度高, 转乘时间长",,1095220300000002,0,0,0,999,0,,,,,system_user,2023-04-17 11:18:26,qidekang,2025-03-03 13:32:36,1,0,
338,348,10a5240100200005,type,空间位置类型,"相邻, 相交, 上下, 相离",,109524010000000b,0,0,0,999,0,,,,,test_user,2023-04-17 11:18:27,admin,2025-06-17 16:54:59,1,0,
339,349,10a5240100300008,duration,物品停留时长,,,109524010000000b,0,0,0,999,0,,,,,test_user,2023-04-17 11:18:27,admin,2025-06-17 16:54:59,1,0,
340,350,10a524010040000b,bearing,方位角度,"左前方10度, 北偏东15度",,109524010000000b,0,0,0,999,0,,,,,test_user,2023-04-17 11:18:28,admin,2025-06-17 16:54:59,1,0,
341,351,10a5240100500001,distance,距离远近,,,109524010000000b,0,0,0,999,0,,,,,test_user,2023-04-17 11:18:28,admin,2025-06-17 16:54:59,1,0,
342,353,10a5240200200008,motivation,停留原因,"便利, 指引, 经停",,1095240200000001,0,0,0,999,0,,,,,test_user,2023-04-17 11:18:29,admin,2025-03-03 13:32:36,0,0,
343,354,10a524020030000b,type,承载类型,"支援, 包含",,1095240200000001,0,0,0,999,0,,,,,test_user,2023-04-17 11:18:30,admin,2025-03-03 13:32:36,0,0,
344,355,10a5240200400001,state,状态,"异常驻留, 合理停留, 常驻",,1095240200000001,0,0,0,999,0,,,,,system_user,2023-04-17 11:18:31,system_user,2025-03-03 13:32:36,0,0,
345,356,10a524030020000b,type,服务类型,"保养维护, 燃料补充",,1095240300000004,0,0,0,999,0,,,,,test_user,2023-04-17 11:18:31,admin,2025-03-03 13:32:36,1,0,
346,358,10a5240300300001,price,服务价格,,,1095240300000004,0,0,0,999,0,,,,,test_user,2023-04-17 11:18:32,admin,2025-03-03 13:32:36,1,0,
347,364,10a523030020000a,duration,持续时长,,,1095230300000003,0,0,0,999,0,,,,,test_user,2023-04-17 11:18:36,admin,2025-03-03 13:32:36,0,0,
348,365,10a5230300300000,end_time,结束时间,,,1095230300000003,0,0,0,999,0,,,,,system_user,2023-04-17 11:18:36,admin,2025-03-03 13:32:36,1,0,
349,366,10a5230300400003,result,结果,,,1095230300000003,0,0,0,999,0,,,,,system_user,2023-04-17 11:18:37,system_user,2025-03-03 13:32:36,0,0,
350,367,10a5230300500006,type,类型,"维护, 破坏",,1095230300000003,0,0,0,999,0,,,,,system_user,2023-04-17 11:18:37,system_user,2025-03-03 13:32:36,0,0,
351,368,10a5230300600009,degree,程度,"高, 中, 低",,1095230300000003,0,0,0,999,0,,,,,system_user,2023-04-17 11:18:38,system_user,2025-03-03 13:32:36,0,0,
352,369,10a523030070000c,responsible_party,责任方,,,1095230300000003,0,0,0,999,0,,,,,system_user,2023-04-17 11:18:38,guochengjie,2025-03-03 13:32:36,1,0,
353,370,10a5330100200007,type,从属类型,"组件, 子集,",,1095330100000000,0,0,0,999,0,,,,,test_user,2023-04-17 11:18:39,admin,2025-03-03 13:32:36,0,0,
354,371,10a533010030000a,functionality,功能,"宣传, 提供信息, 树立标杆",,1095330100000000,0,0,0,999,0,,,,,system_user,2023-04-17 11:18:39,system_user,2025-03-03 13:32:36,0,0,
355,372,10a5330100400000,basis,依据,"内容相关, 目标一致",,1095330100000000,0,0,0,999,0,,,,,system_user,2023-04-17 11:18:40,system_user,2025-03-03 13:32:36,0,0,
356,373,10a5330100500003,evaluation_result,评估结果,"正面影响, 负面影响, 中",,1095330100000000,0,0,0,999,0,,,,,test_user,2023-04-17 11:18:41,qidekang,2025-03-03 13:32:36,1,0,
357,374,10a533020020000a,type,因果类型,"一因一果, 一因多果, 多因一果, 多因多果",,1095330200000003,0,0,0,999,0,,,,,test_user,2023-04-17 11:18:41,admin,2025-03-03 13:32:36,0,0,
358,375,10a5330200300000,degree_of_influence,影响程度,"高, 中, 低",,1095330200000003,0,0,0,999,0,,,,,system_user,2023-04-17 11:18:42,system_user,2025-03-03 13:32:36,0,0,
359,376,10a5330300200000,type,关联类型,"前序, 后序, 并行",,1095330300000006,0,0,0,999,0,,,,,test_user,2023-04-17 11:18:42,admin,2025-03-03 13:32:36,0,0,
360,377,10a5330300300003,role,角色,"主要, 次要",,1095330300000006,0,0,0,999,0,,,,,system_user,2023-04-17 11:18:43,guochengjie,2025-03-03 13:32:36,1,0,
361,378,10a5330300400006,correlation,相关程度,"高, 中, 低",,1095330300000006,0,0,0,999,0,,,,,test_user,2023-04-17 11:18:43,admin,2025-03-03 13:32:36,0,0,
362,379,10a5340100200008,duration,持续时长,,,1095340100000001,0,0,0,999,0,,,,,test_user,2023-04-17 11:18:44,admin,2025-03-03 13:32:36,0,0,
363,380,10a534010030000b,end_time,记录完成时间,,,1095340100000001,0,0,0,999,0,,,,,test_user,2023-04-17 11:18:44,admin,2025-03-03 13:32:36,1,0,
364,381,10a5340100400001,type,承载类型,"记录, 伴随",,1095340100000001,0,0,0,999,0,,,,,test_user,2023-04-17 11:18:45,admin,2025-03-03 13:32:36,0,0,
365,382,10a5340100500004,influence,事件影响,"人员伤亡, 物件损坏",,1095340100000001,0,0,0,999,0,,,,,test_user,2023-04-17 11:18:46,admin,2025-03-03 13:32:36,0,0,
366,383,10a534020020000b,duration,持续时长,,,1095340200000004,0,0,0,2,0,,,,,test_user,2023-04-17 11:18:46,guochengjie,2025-03-03 13:32:36,0,0,
367,384,10a5340200300001,end_time,结束时间,,,1095340200000004,0,0,0,999,0,,,,,system_user,2023-04-17 11:18:47,admin,2025-03-03 13:32:36,1,0,
368,385,10a5340200400004,importance,重要性,"主要, 次要",,1095340200000004,0,0,0,4,0,,,,,test_user,2023-04-17 11:18:47,guochengjie,2025-05-23 14:01:41,0,0,
369,386,10a5340200500007,function,作用,"执法, 执教, 自动驾驶",,1095340200000004,0,0,0,5,0,,,,,test_user,2023-04-17 11:18:48,guochengjie,2025-05-23 14:01:49,0,0,
370,387,10a5340300200001,duration,持续时长,,,1095340300000007,0,0,0,999,0,,,,,test_user,2023-04-17 11:18:48,admin,2025-03-03 13:32:36,0,0,
371,388,10a5340300300004,end_time,影响消失时间,,,1095340300000007,0,0,0,999,0,,,,,test_user,2023-04-17 11:18:49,admin,2025-03-03 13:32:36,1,0,
372,389,10a5340300400007,result,影响结果,"损坏, 减排",,1095340300000007,0,0,0,999,0,,,,,test_user,2023-04-17 11:18:50,admin,2025-03-03 13:32:36,0,0,
373,390,10a534030050000a,degree,影响程度,"高, 中, 低",,1095340300000007,0,0,0,999,0,,,,,test_user,2023-04-17 11:18:50,admin,2025-03-03 13:32:36,0,0,
374,391,10a5340300600000,cause,影响原因,,,1095340300000007,0,0,0,999,0,,,,,test_user,2023-04-17 11:18:51,admin,2025-03-03 13:32:36,0,0,
375,392,10a5340300700003,mode,影响方式,"直接推进, 间接促进",,1095340300000007,0,0,0,999,0,,,,,test_user,2023-04-17 11:18:51,admin,2025-03-03 13:32:36,0,0,
376,393,10a544010020000b,duration,持续时长,,,1095440100000004,0,0,0,1,0,,,,,test_user,2023-04-17 11:18:52,qidekang,2025-03-03 13:32:36,0,0,
377,394,10a5440100300001,end_time,结束时间,,,1095440100000004,0,0,0,999,0,,,,,system_user,2023-04-17 11:18:52,admin,2025-03-03 13:32:36,1,0,
378,395,10a5440100400004,type,从属类型,"组件, 子集",,1095440100000004,0,0,0,2,0,,,,,test_user,2023-04-17 11:18:53,qidekang,2025-03-03 13:32:36,0,0,
379,398,10a5440100500007,functionality,设备功能,"安全保障, 动力来源, 计算中枢",,1095440100000004,0,0,0,3,0,,,,,test_user,2023-04-17 11:18:55,guochengjie,2025-03-03 13:32:36,1,0,
380,399,10a544010060000a,introduction_mode,引入方式,"人工组装, 机械组装, 一键安装",,1095440100000004,0,0,0,4,0,,,,,system_user,2023-04-17 11:18:55,qidekang,2025-03-03 13:32:36,0,0,
381,400,10a5440100700000,evaluation_result,评估结果,"合规, 不合规",,1095440100000004,0,0,0,999,0,,,,,system_user,2023-04-17 11:18:56,qidekang,2025-03-03 13:32:36,1,0,
382,401,10a5440200200001,duration,持续时长,,,1095440200000007,0,0,0,999,0,,,,,test_user,2023-04-17 11:18:56,admin,2025-03-03 13:32:36,0,0,
383,402,10a5440200300004,end_time,连接结束时间,,,1095440200000007,0,0,0,999,0,,,,,test_user,2023-04-17 11:18:57,admin,2025-03-03 13:32:36,1,0,
384,403,10a5440200400007,type,连接类型,"串联, 并联, 混联",,1095440200000007,0,0,0,999,0,,,,,test_user,2023-04-17 11:18:57,admin,2025-03-03 13:32:36,0,0,
385,404,10a544020050000a,capacity,传输容量,"数据量, 电流量",,1095440200000007,0,0,0,999,0,,,,,test_user,2023-04-17 11:18:58,admin,2025-03-03 13:32:36,0,0,
386,407,10a5440200600000,transmission_content,传输内容,"电流, 数据",,1095440200000007,0,0,0,999,0,,,,,system_user,2023-04-17 11:19:00,system_user,2025-03-03 13:32:36,0,0,
387,408,10a5440200700003,purpose,目的,"通信, 传输, 牵引",,1095440200000007,0,0,0,999,0,,,,,system_user,2023-04-17 11:19:00,system_user,2025-03-03 13:32:36,0,0,
388,409,10a5440200800006,evaluation_result,评估结果,"合格, 不合格",,1095440200000007,0,0,0,999,0,,,,,system_user,2023-04-17 11:19:01,qidekang,2025-03-03 13:32:36,1,0,
389,410,10a5440200900009,frequency,连接频次,"一秒一次, 一年一次",,1095440200000007,0,0,0,999,0,,,,,test_user,2023-04-17 11:19:01,admin,2025-03-03 13:32:36,0,0,
390,411,10a5440200a0000c,media,使用媒介,"电磁波, 光纤",,1095440200000007,0,0,0,999,0,,,,,test_user,2023-04-17 11:19:02,admin,2025-03-03 13:32:36,0,0,
391,412,10a5440300200004,duration,持续时长,,,109544030000000a,0,0,0,999,0,,,,,test_user,2023-04-17 11:19:02,admin,2025-03-03 13:32:36,0,0,
392,413,10a5440300300007,end_time,结束时间,,,109544030000000a,0,0,0,999,0,,,,,system_user,2023-04-17 11:19:03,admin,2025-03-03 13:32:36,1,0,
393,414,10a544030040000a,type,空间位置类型,"相邻, 相交, 上下, 相离",,109544030000000a,0,0,0,999,0,,,,,test_user,2023-04-17 11:19:03,admin,2025-03-03 13:32:36,0,0,
394,415,10a5440300500000,distance,距离远近,,,109544030000000a,0,0,0,999,0,,,,,test_user,2023-04-17 11:19:04,admin,2025-03-03 13:32:36,0,0,
395,416,10a5440300600003,bearing,方位角度,"左前方10度, 北偏东15度",,109544030000000a,0,0,0,999,0,,,,,test_user,2023-04-17 11:19:05,admin,2025-03-03 13:32:36,0,0,
396,417,10a5440300700006,change_situation,变化情况,"相对速度, 相对位置",,109544030000000a,0,0,0,999,0,,,,,system_user,2023-04-17 11:19:05,system_user,2025-03-03 13:32:36,0,0,
397,418,10a5440400200007,duration,持续时长,,,1095440400000000,0,0,0,999,0,,,,,test_user,2023-04-17 11:19:06,admin,2025-03-03 13:32:36,0,0,
398,419,10a544040030000a,end_time,承载完成时间,,,1095440400000000,0,0,0,999,0,,,,,test_user,2023-04-17 11:19:06,admin,2025-03-03 13:32:36,1,0,
399,420,10a5440400400000,type,承载类型,"支撑型, 收纳型",,1095440400000000,0,0,0,999,0,,,,,test_user,2023-04-17 11:19:07,admin,2025-03-03 13:32:36,0,0,
400,421,10a5440400500003,load_bearing,承重量,,,1095440400000000,0,0,0,999,0,,,,,test_user,2023-04-17 11:19:07,admin,2025-03-03 13:32:36,0,0,
401,422,10a5440400600006,capacity,容量,,,1095440400000000,0,0,0,999,0,,,,,system_user,2023-04-17 11:19:08,system_user,2025-03-03 13:32:36,0,0,
402,423,10a5440400700009,relative_position,相对位置,"前, 中, 后",,1095440400000000,0,0,0,999,0,,,,,system_user,2023-04-17 11:19:08,system_user,2025-03-03 13:32:36,0,0,
403,424,10a544040080000c,purpose,目的,"运输, 保护",,1095440400000000,0,0,0,999,0,,,,,system_user,2023-04-17 11:19:09,system_user,2025-03-03 13:32:36,0,0,
404,425,10a5440400900002,evaluation_result,评估结果,"合规, 不合规",,1095440400000000,0,0,0,999,0,,,,,system_user,2023-04-17 11:19:10,qidekang,2025-03-03 13:32:36,1,0,
405,426,10a552010020000c,duration,持续时长,,,1095520100000005,0,0,0,999,0,,,,,test_user,2023-04-17 11:19:10,admin,2025-03-03 13:32:36,0,0,
406,427,10a5520100300002,end_time,离开时间,,,1095520100000005,0,0,0,999,0,,,,,test_user,2023-04-17 11:19:11,admin,2025-03-03 13:32:36,0,0,
407,428,10a5520100400005,type,驻扎类型,"办工用地, 仓储用地, 生产用地",,1095520100000005,0,0,0,999,0,,,,,test_user,2023-04-17 11:19:11,admin,2025-03-03 13:32:36,0,0,
408,429,10a5520100500008,type_of_settlement,入驻方式,"自建, 购买, 租赁",,1095520100000005,0,0,0,999,0,,,,,test_user,2023-04-17 11:19:12,admin,2025-03-03 13:32:36,0,0,
409,430,10a552010060000b,amount_of_expense,费用金额,,,1095520100000005,0,0,0,999,0,,,,,system_user,2023-04-17 11:19:12,system_user,2025-03-03 13:32:36,0,0,
410,432,10a5520200200002,type,建设类型,"设计规划, 招标建设, 投标建设, 实施建设",,1095520200000008,0,0,0,1,0,,,,,test_user,2023-04-17 11:19:13,guochengjie,2025-03-03 13:32:36,0,0,
411,433,10a5520200300005,duration,建设时长,,,1095520200000008,0,0,0,4,0,,,,,test_user,2023-04-17 11:19:14,guochengjie,2025-03-03 13:32:36,0,0,
412,434,10a5520200400008,end_time,完工时间,,,1095520200000008,0,0,0,5,0,,,,,test_user,2023-04-17 11:19:15,guochengjie,2025-03-03 13:32:36,0,0,
413,435,10a552020050000b,time_limit,工程排期,"5.1-5.6地基, 5.7-5.9建筑外墙, 5.10-5.15水电气, 5.16-5.25软装",,1095520200000008,0,0,0,3,0,,,,,test_user,2023-04-17 11:19:15,guochengjie,2025-03-03 13:32:36,0,0,
414,436,10a5520200600001,process,工程进度,"工程进度10%, 工程进度90%",,1095520200000008,0,0,0,6,0,,,,,test_user,2023-04-17 11:19:16,guochengjie,2025-03-03 13:32:36,0,0,
415,437,10a5520200700004,motivation,建设原因,"自用, 履行合同, 创造收入",,1095520200000008,0,0,0,7,0,,,,,test_user,2023-04-17 11:19:16,guochengjie,2025-03-03 13:32:36,0,0,
416,438,10a5520200800007,evaluation_result,评估结果,"效率低, 质量高, 效率高, 质量高",,1095520200000008,0,0,0,999,0,,,,,system_user,2023-04-17 11:19:17,qidekang,2025-03-03 13:32:36,1,0,
417,439,10a552020090000a,cost,建设成本,,,1095520200000008,0,0,0,8,0,,,,,test_user,2023-04-17 11:19:17,guochengjie,2025-03-03 13:32:36,0,0,
418,440,10a5520300200005,duration,持有时长,,,109552030000000b,0,0,0,999,0,,,,,test_user,2023-04-17 11:19:18,admin,2025-03-03 13:32:36,0,0,
419,441,10a5520300300008,end_time,出手时间,,,109552030000000b,0,0,0,999,0,,,,,test_user,2023-04-17 11:19:19,admin,2025-03-03 13:32:36,0,0,
420,442,10a552030040000b,source,产权来源,"自身建设, 市场买入, 他人赠与, 奖励获取",,109552030000000b,0,0,0,999,0,,,,,test_user,2023-04-17 11:19:19,admin,2025-03-03 13:32:36,0,0,
421,443,10a5520300500001,acquisition_cost,获取成本,,,109552030000000b,0,0,0,999,0,,,,,system_user,2023-04-17 11:19:20,system_user,2025-03-03 13:32:36,0,0,
422,444,10a5520300600004,cost_of_ownership,持有成本,,,109552030000000b,0,0,0,999,0,,,,,test_user,2023-04-17 11:19:20,admin,2025-03-03 13:32:36,0,0,
423,445,10a5520300700007,type,权利类型,"拥有权, 使用权, 经营权",,109552030000000b,0,0,0,999,0,,,,,test_user,2023-04-17 11:19:21,admin,2025-03-03 13:32:36,0,0,
424,446,10a552030080000a,use,用途,"办工, 生产, 仓储, 出租, 服务",,109552030000000b,0,0,0,999,0,,,,,system_user,2023-04-17 11:19:21,system_user,2025-03-03 13:32:36,0,0,
425,447,10a5520300900000,evaluation_result,评估结果,"合法, 违法",,109552030000000b,0,0,0,999,0,,,,,system_user,2023-04-17 11:19:22,qidekang,2025-03-03 13:32:36,1,0,
426,448,10a5520400200008,time,时间,,,1095520400000001,0,0,0,999,0,,,,,system_user,2023-04-17 11:19:22,system_user,2025-04-08 15:54:15,1,0,
427,449,10a552040030000b,end_time,结束时间,,,1095520400000001,0,0,0,999,0,,,,,system_user,2023-04-17 11:19:23,system_user,2025-04-08 15:54:15,1,0,
428,450,10a5520400400001,type,类型,"买卖, 赠与, 互易, 遗赠, 出租",,1095520400000001,0,0,0,999,0,,,,,system_user,2023-04-17 11:19:23,system_user,2025-04-08 15:54:15,1,0,
429,451,10a5520400500004,type_of_right,权利类型,"使用权, 拥有权",,1095520400000001,0,0,0,999,0,,,,,system_user,2023-04-17 11:19:24,system_user,2025-04-08 15:54:15,1,0,
430,452,10a5520400600007,motivation,动因,"变现需求, 福利捐赠, 废弃处理",,1095520400000001,0,0,0,999,0,,,,,system_user,2023-04-17 11:19:25,system_user,2025-04-08 15:54:15,1,0,
431,453,10a552040070000a,evaluation_result,评估结果,"合规, 违规",,1095520400000001,0,0,0,999,0,,,,,system_user,2023-04-17 11:19:25,system_user,2025-04-08 15:54:15,1,0,
432,454,10a5520400800000,process,进程,"合同签订中, 权属登记中, 出让完成, 租赁中, 租约到期",,1095520400000001,0,0,0,999,0,,,,,system_user,2023-04-17 11:19:26,system_user,2025-04-08 15:54:15,1,0,
433,455,10a5520400900003,result,结果,"现金, 荣誉",,1095520400000001,0,0,0,999,0,,,,,system_user,2023-04-17 11:19:26,system_user,2025-04-08 15:54:15,1,0,
434,456,10a5520400a00006,mode,方式,"拍卖, 招标, 挂牌",,1095520400000001,0,0,0,999,0,,,,,system_user,2023-04-17 11:19:27,system_user,2025-04-08 15:54:15,1,0,
435,457,10a552050020000b,duration,持续时长,,,1095520500000004,0,0,0,999,0,,,,,test_user,2023-04-17 11:19:27,admin,2025-03-03 13:32:36,0,0,
436,458,10a5520500300001,end_time,完成时间,,,1095520500000004,0,0,0,999,0,,,,,test_user,2023-04-17 11:19:28,admin,2025-03-03 13:32:36,1,0,
437,459,10a5520500400004,type,管理类型,"直接管理, 间接管理",,1095520500000004,0,0,0,999,0,,,,,test_user,2023-04-17 11:19:28,admin,2025-03-03 13:32:36,0,0,
438,460,10a5520500500007,scope_of_authority,权限范畴,"使用权限, 操作规范, 状态监管, 质量把关",,1095520500000004,0,0,0,999,0,,,,,system_user,2023-04-17 11:19:29,system_user,2025-03-03 13:32:36,0,0,
439,461,10a552050060000a,mode,管理方式,"远程监控, 定期抽检, 现场督办, 主动报送",,1095520500000004,0,0,0,999,0,,,,,test_user,2023-04-17 11:19:30,admin,2025-03-03 13:32:36,0,0,
440,462,10a5520500700000,tool,使用工具,"摄像头, 移动终端设备, 疫情上报平台, 数字楼宇系统",,1095520500000004,0,0,0,999,0,,,,,test_user,2023-04-17 11:19:30,admin,2025-03-03 13:32:36,0,0,
441,463,10a5520500800003,cost,成本,,,1095520500000004,0,0,0,999,0,,,,,system_user,2023-04-17 11:19:31,system_user,2025-03-03 13:32:36,0,0,
442,464,10a5520500900006,evaluation_result,评估结果,"执行力强，管理水平高, 执行力待提升，管理水平高",,1095520500000004,0,0,0,999,0,,,,,system_user,2023-04-17 11:19:31,qidekang,2025-03-03 13:32:36,1,0,
443,465,10a5520600200001,duration,耗费时长,,,1095520600000007,0,0,0,999,0,,,,,test_user,2023-04-17 11:19:32,admin,2025-03-03 13:32:36,0,0,
444,466,10a5520600300004,end_time,完成时间,,,1095520600000007,0,0,0,999,0,,,,,test_user,2023-04-17 11:19:32,admin,2025-03-03 13:32:36,1,0,
445,467,10a5520600400007,type,维护类型,"生态环境, 公共安全",,1095520600000007,0,0,0,999,0,,,,,test_user,2023-04-17 11:19:33,admin,2025-03-03 13:32:36,0,0,
446,468,10a552060050000a,role,角色,"建设方, 第三方, 所有方",,1095520600000007,0,0,0,999,0,,,,,system_user,2023-04-17 11:19:34,system_user,2025-06-17 16:54:59,1,0,
447,469,10a5520600600000,tool,使用工具,"清洁工具, 消杀工具, 执法设备",,1095520600000007,0,0,0,999,0,,,,,test_user,2023-04-17 11:19:34,admin,2025-03-03 13:32:36,0,0,
448,470,10a5520600700003,cost,成本,,,1095520600000007,0,0,0,999,0,,,,,system_user,2023-04-17 11:19:35,system_user,2025-03-03 13:32:36,0,0,
449,471,10a5520600800006,evaluation_result,评估结果,"效率低, 质量高, 服务好, 效率高, 质量高, 服务差",,1095520600000007,0,0,0,999,0,,,,,system_user,2023-04-17 11:19:35,qidekang,2025-03-03 13:32:36,1,0,
450,472,10a5520600900009,frequency,维护频次,"一天一次, 每周一次",,1095520600000007,0,0,0,999,0,,,,,test_user,2023-04-17 11:19:36,admin,2025-03-03 13:32:36,0,0,
451,473,10a5530100200000,duration,参与时长,,,1095530100000006,0,0,0,2,0,,,,,test_user,2023-04-17 11:19:36,guochengjie,2025-03-03 13:32:36,0,0,
452,474,10a5530100300003,responsibility,角色职责,"执行, 赞助",,1095530100000006,0,0,0,4,0,,,,,test_user,2023-04-17 11:19:37,guochengjie,2025-06-17 16:54:59,1,0,
453,475,10a5530100400006,motivation,参与原因,,,1095530100000006,0,0,0,5,0,,,,,test_user,2023-04-17 11:19:37,guochengjie,2025-03-03 13:32:36,0,0,
454,476,10a5530100500009,purpose,目的,,,1095530100000006,0,0,0,999,0,,,,,system_user,2023-04-17 11:19:38,admin,2025-03-03 13:32:36,1,0,
455,477,10a553010060000c,behavior,参与方式,"发布公告, 现场指导, 进度推进, 集成总包",,1095530100000006,0,0,0,6,0,,,,,test_user,2023-04-17 11:19:39,guochengjie,2025-03-03 13:32:36,0,0,
456,478,10a5530100700002,degree_of_influence,影响程度,"高, 中, 低",,1095530100000006,0,0,0,7,0,,,,,system_user,2023-04-17 11:19:39,guochengjie,2025-03-03 13:32:36,0,0,
457,479,10a5530200200003,type,影响类型,"经济影响, 社会影响",,1095530200000009,0,0,0,999,0,,,,,test_user,2023-04-17 11:19:40,admin,2025-03-03 13:32:36,0,0,
458,480,10a5530200300006,duration,持续时长,,,1095530200000009,0,0,0,999,0,,,,,test_user,2023-04-17 11:19:40,admin,2025-03-03 13:32:36,0,0,
459,481,10a5530200400009,end_time,消除影响时间,,,1095530200000009,0,0,0,999,0,,,,,test_user,2023-04-17 11:19:41,admin,2025-03-03 13:32:36,1,0,
460,482,10a553020050000c,result,结果,"扩大规模, 变更名称, 财产损失",,1095530200000009,0,0,0,999,0,,,,,system_user,2023-04-17 11:19:41,system_user,2025-03-03 13:32:36,0,0,
461,483,10a5530200600002,degree,影响程度,"高, 中, 低",,1095530200000009,0,0,0,999,0,,,,,test_user,2023-04-17 11:19:42,admin,2025-03-03 13:32:36,0,0,
462,484,10a5530300200006,duration,耗费时长,,,109553030000000c,0,0,0,2,0,,,,,test_user,2023-04-17 11:19:42,guochengjie,2025-03-03 13:32:36,0,0,
463,485,10a5530300300009,end_time,处置完成时间,,,109553030000000c,0,0,0,999,0,,,,,test_user,2023-04-17 11:19:43,admin,2025-03-03 13:32:36,1,0,
464,486,10a553030040000c,process,处置流程,,,109553030000000c,0,0,0,4,0,,,,,test_user,2023-04-17 11:19:44,guochengjie,2025-03-03 13:32:36,1,0,
465,487,10a5530300500002,result,处置结果,"罚款, 奖励",,109553030000000c,0,0,0,5,0,,,,,test_user,2023-04-17 11:19:44,guochengjie,2025-03-03 13:32:36,0,0,
466,488,10a5530300600005,evaluation_result,结果评估,"合规处置, 违规处置",,109553030000000c,0,0,0,999,0,,,,,test_user,2023-04-17 11:19:45,qidekang,2025-03-03 13:32:36,1,0,
467,489,10a5530300700008,state,当前状态,"举报, 移交, 下发, 办结",,109553030000000c,0,0,0,999,0,,,,,test_user,2023-04-17 11:19:45,guochengjie,2025-03-03 13:32:36,1,0,
468,490,10a553030080000b,mode,处置方式,"线上, 线下",,109553030000000c,0,0,0,6,0,,,,,test_user,2023-04-17 11:19:46,guochengjie,2025-03-03 13:32:36,0,0,
469,491,10a5530300900001,tool,使用工具,"网络舆情, 信息化系统",,109553030000000c,0,0,0,7,1,109554070000000c,"1096540710007007
",,1065040000300008,test_user,2023-04-17 11:19:46,guochengjie,2025-03-17 19:22:56,0,0,
470,492,10a5530400200009,type,监管类型,"合规, 安全",,1095530400000002,0,0,0,999,0,,,,,test_user,2023-04-17 11:19:47,admin,2025-03-03 13:32:36,0,0,
471,493,10a553040030000c,duration,持续时长,,,1095530400000002,0,0,0,999,0,,,,,test_user,2023-04-17 11:19:47,admin,2025-03-03 13:32:36,0,0,
472,494,10a5530400400002,responsibility,职责,,,1095530400000002,0,0,0,999,0,,,,,system_user,2023-04-17 11:19:48,system_user,2025-03-03 13:32:36,0,0,
473,495,10a5530400500005,scope_of_authority,权限范畴,"使用权限, 操作规范, 状态监管, 质量把关",,1095530400000002,0,0,0,999,0,,,,,system_user,2023-04-17 11:19:49,system_user,2025-03-03 13:32:36,0,0,
474,496,10a5530400600008,mode,监管方式,"远程监控, 定期抽检, 现场督办, 主动报送",,1095530400000002,0,0,0,999,0,,,,,test_user,2023-04-17 11:19:49,admin,2025-03-03 13:32:36,0,0,
475,497,10a553040070000b,tool,使用工具,"测速仪, 摄像头, 移动app, 线上系统",,1095530400000002,0,0,0,999,0,,,,,test_user,2023-04-17 11:19:50,admin,2025-03-03 13:32:36,0,0,
476,498,10a5530400800001,cost,成本,,,1095530400000002,0,0,0,999,0,,,,,system_user,2023-04-17 11:19:50,system_user,2025-03-03 13:32:36,0,0,
477,499,10a5530400900004,evaluation,结果评估,"监管效率, 安全稳定",,1095530400000002,0,0,0,999,0,,,,,test_user,2023-04-17 11:19:51,qidekang,2025-03-03 13:32:36,1,0,
478,500,10a5540100200001,duration,耗费时长,,,1095540100000007,0,0,0,2,0,,,,,test_user,2023-04-17 11:19:51,guochengjie,2025-03-03 13:32:36,0,0,
479,501,10a5540100300004,end_time,完工时间,,,1095540100000007,0,0,0,999,0,,,,,test_user,2023-04-17 11:19:52,admin,2025-03-03 13:32:36,1,0,
480,502,10a5540100400007,automation_level,工艺水平,"手工, 半自动, 全自动",,1095540100000007,0,0,0,6,0,,,,,test_user,2023-04-17 11:19:52,guochengjie,2025-05-23 14:03:26,0,0,
481,503,10a554010050000a,tool,使用工具,"数字机床, 数字孪生设备, 电锯, 雕刻刀, 陶炉",,1095540100000007,0,0,0,7,0,,,,,test_user,2023-04-17 11:19:53,guochengjie,2025-03-03 13:32:36,0,0,
482,504,10a5540100600000,target_yield,目标产量,,,1095540100000007,0,0,0,8,0,,,,,system_user,2023-04-17 11:19:54,guochengjie,2025-03-03 13:32:36,0,0,
483,505,10a5540100700003,actual_output,实际产量,,,1095540100000007,0,0,0,9,0,,,,,system_user,2023-04-17 11:19:54,guochengjie,2025-03-03 13:32:36,0,0,
484,506,10a5540100800006,cost,成本,,,1095540100000007,0,0,0,10,0,,,,,system_user,2023-04-17 11:19:55,guochengjie,2025-03-03 13:32:36,0,0,
485,507,10a5540100900009,evaluation_result,评估结果,"效率低, 质量高, 效率高, 质量高",,1095540100000007,0,0,0,999,0,,,,,system_user,2023-04-17 11:19:55,qidekang,2025-03-03 13:32:36,1,0,
486,508,10a5540200200004,duration,持有时长,,,109554020000000a,0,0,0,999,0,,,,,test_user,2023-04-17 11:19:56,admin,2025-03-03 13:32:36,0,0,
487,509,10a5540200300007,end_time,出手时间,,,109554020000000a,0,0,0,999,0,,,,,test_user,2023-04-17 11:19:56,admin,2025-03-03 13:32:36,0,0,
488,510,10a554020040000a,source,产权来源,"自身生产, 市场买入, 他人赠与, 奖励获取, 意外收获",,109554020000000a,0,0,0,999,0,,,,,test_user,2023-04-17 11:19:57,admin,2025-03-03 13:32:36,0,0,
489,511,10a5540200500000,acquisition_cost,获取成本,,,109554020000000a,0,0,0,999,0,,,,,system_user,2023-04-17 11:19:57,system_user,2025-03-03 13:32:36,0,0,
490,512,10a5540200600003,cost_of_ownership,持有成本,,,109554020000000a,0,0,0,999,0,,,,,test_user,2023-04-17 11:19:58,admin,2025-03-03 13:32:36,0,0,
491,513,10a5540200700006,use,用途,"原料, 生产设备, 办公设备, 医疗用品",,109554020000000a,0,0,0,999,0,,,,,system_user,2023-04-17 11:19:59,system_user,2025-03-03 13:32:36,0,0,
492,514,10a5540200800009,evaluation_result,评估结果,"合法, 违法",,109554020000000a,0,0,0,999,0,,,,,system_user,2023-04-17 11:19:59,qidekang,2025-03-03 13:32:36,1,0,
493,515,10a5540300200007,time,时间,,,1095540300000000,0,0,0,999,0,,,,,system_user,2023-04-17 11:20:00,system_user,2025-04-08 15:54:15,1,0,
494,516,10a554030030000a,end_time,结束时间,,,1095540300000000,0,0,0,999,0,,,,,system_user,2023-04-17 11:20:00,system_user,2025-04-08 15:54:15,1,0,
495,517,10a5540300400000,price,价格,,,1095540300000000,0,0,0,999,0,,,,,system_user,2023-04-17 11:20:01,system_user,2025-04-08 15:54:15,1,0,
496,518,10a5540300500003,type,类型,"动产抵押, 股权出质",,1095540300000000,0,0,0,999,0,,,,,system_user,2023-04-17 11:20:01,system_user,2025-04-08 15:54:15,1,0,
497,519,10a5540300600006,motivation,动因,"变现需求, 福利捐赠, 闲置处理",,1095540300000000,0,0,0,999,0,,,,,system_user,2023-04-17 11:20:02,system_user,2025-04-08 15:54:15,1,0,
498,520,10a5540300700009,evaluation_result,评估结果,"合法, 违法",,1095540300000000,0,0,0,999,0,,,,,system_user,2023-04-17 11:20:03,system_user,2025-04-08 15:54:15,1,0,
499,521,10a554030080000c,result,结果,"金钱, 荣誉",,1095540300000000,0,0,0,999,0,,,,,system_user,2023-04-17 11:20:03,system_user,2025-04-08 15:54:15,1,0,
500,522,10a5540300900002,mode,方式,"拍卖, 招标, 挂牌",,1095540300000000,0,0,0,999,0,,,,,system_user,2023-04-17 11:20:04,system_user,2025-04-08 15:54:15,1,0,
501,523,10a5540300a00005,type_of_right,权利类型,"使用权, 拥有权,",,1095540300000000,0,0,0,999,0,,,,,system_user,2023-04-17 11:20:04,system_user,2025-04-08 15:54:15,1,0,
502,524,10a5540300b00008,process,进程,"合同签订中, 权属登记中, 租赁中, 租约到期",,1095540300000000,0,0,0,999,0,,,,,system_user,2023-04-17 11:20:05,system_user,2025-04-08 15:54:15,1,0,
503,525,10a554040020000a,duration,持续时长,,,1095540400000003,0,0,0,999,0,,,,,test_user,2023-04-17 11:20:05,admin,2025-03-03 13:32:36,0,0,
504,526,10a5540400300000,end_time,结束时间,,,1095540400000003,0,0,0,999,0,,,,,system_user,2023-04-17 11:20:06,admin,2025-03-03 13:32:36,1,0,
505,527,10a5540400400003,type,管理类型,"直接管理, 间接管理",,1095540400000003,0,0,0,999,0,,,,,test_user,2023-04-17 11:20:06,admin,2025-03-03 13:32:36,0,0,
506,528,10a5540400500006,authority,权限范畴,"使用权限, 操作规范, 状态监管, 质量把关",,1095540400000003,0,0,0,999,0,,,,,test_user,2023-04-17 11:20:07,admin,2025-03-03 13:32:36,0,0,
507,529,10a5540400600009,mode,管理方式,"远程监控, 定期抽检, 现场督办, 主动报送",,1095540400000003,0,0,0,999,0,,,,,test_user,2023-04-17 11:20:07,admin,2025-03-03 13:32:36,0,0,
508,530,10a554040070000c,tool,依据条例,依据条例,,1095540400000003,0,0,0,999,0,,,,,test_user,2023-04-17 11:20:08,baishumeng,2025-06-16 14:41:00,0,0,
509,531,10a5540400800002,cost,成本,,,1095540400000003,0,0,0,999,0,,,,,system_user,2023-04-17 11:20:09,system_user,2025-03-03 13:32:36,0,0,
510,532,10a5540400900005,evaluation_result,评估结果,"管理效率高, 效果好, 管理效率低, 效果差",,1095540400000003,0,0,0,999,0,,,,,system_user,2023-04-17 11:20:09,qidekang,2025-03-03 13:32:36,1,0,
511,535,10a5540500200000,duration,耗费时长,,,1095540500000006,0,0,0,999,0,,,,,test_user,2023-04-17 11:20:11,admin,2025-03-03 13:32:36,0,0,
512,536,10a5540500300003,end_time,结束时间,,,1095540500000006,0,0,0,999,0,,,,,system_user,2023-04-17 11:20:11,admin,2025-03-03 13:32:36,1,0,
513,537,10a5540500400006,type,维护类型,维护，维修，更换；保养维护，燃料补充,,1095540500000006,0,0,0,999,0,,,,,test_user,2023-04-17 11:20:12,admin,2025-03-03 13:32:36,0,0,
514,538,10a5540500500009,range,维护范围,"外观保养, 零件更换, 电路维修",,1095540500000006,0,0,0,999,0,,,,,test_user,2023-04-17 11:20:13,admin,2025-03-03 13:32:36,0,0,
515,539,10a554050060000c,role,角色,"厂家, 第三方, 所有方",,1095540500000006,0,0,0,999,0,,,,,system_user,2023-04-17 11:20:13,system_user,2025-06-17 16:54:59,1,0,
516,540,10a5540500700002,tool,使用工具,"清洁工具, 保养工具",,1095540500000006,0,0,0,999,0,,,,,test_user,2023-04-17 11:20:14,admin,2025-03-03 13:32:36,0,0,
517,541,10a5540500800005,cost,成本,,,1095540500000006,0,0,0,999,0,,,,,system_user,2023-04-17 11:20:14,system_user,2025-03-03 13:32:36,0,0,
518,542,10a5540500900008,evaluation_result,评估结果,"效率低, 质量高, 服务好, 效率高, 质量高, 服务差",,1095540500000006,0,0,0,999,0,,,,,system_user,2023-04-17 11:20:15,qidekang,2025-03-03 13:32:36,1,0,
519,543,10a5540600200003,duration,耗费时长,,,1095540600000009,0,0,0,999,0,,,,,test_user,2023-04-17 11:20:15,admin,2025-03-03 13:32:36,0,0,
520,544,10a5540600300006,end_time,完成时间,,,1095540600000009,0,0,0,999,0,,,,,test_user,2023-04-17 11:20:16,admin,2025-03-03 13:32:36,1,0,
521,545,10a5540600400009,creative_type,创意类型,"原创型, 改进型, 组合型",,1095540600000009,0,0,0,999,0,,,,,system_user,2023-04-17 11:20:16,system_user,2025-03-03 13:32:36,0,0,
522,546,10a554060050000c,design_style,设计风格,"抽象派, 现代派, 中国风, 简约风",,1095540600000009,0,0,0,999,0,,,,,system_user,2023-04-17 11:20:17,system_user,2025-03-03 13:32:36,0,0,
523,547,10a5540600600002,responsibility,职责,"公开招标, 定向邀请, 民间征集",,1095540600000009,0,0,0,999,0,,,,,system_user,2023-04-17 11:20:18,system_user,2025-03-03 13:32:36,0,0,
524,548,10a5540600700005,source,来源,"公开竞赛, 邀请",,1095540600000009,0,0,0,999,0,,,,,system_user,2023-04-17 11:20:18,system_user,2025-03-03 13:32:36,0,0,
525,549,10a5540600800008,evaluation_result,评估结果,"优秀, 一般, 普通",,1095540600000009,0,0,0,999,0,,,,,system_user,2023-04-17 11:20:19,qidekang,2025-03-03 13:32:36,1,0,
526,550,10a554060090000b,influence,影响,"舆论热议, 获取关注度",,1095540600000009,0,0,0,999,0,,,,,system_user,2023-04-17 11:20:19,system_user,2025-03-03 13:32:36,0,0,
527,551,10a5540600a00001,process,当前进程,"预调研, 草图设计, 局部细化, 完善迭代",,1095540600000009,0,0,0,999,0,,,,,test_user,2023-04-17 11:20:20,admin,2025-03-03 13:32:36,0,0,
528,552,10a5540700200006,type,使用类型,"生产设备, 办公设备, 授权凭证, 奖励凭证",,109554070000000c,0,0,0,1,0,,,,,test_user,2023-04-17 11:20:20,guochengjie,2025-03-03 13:32:36,0,0,
529,553,10a5540700300009,duration,使用时长,,,109554070000000c,0,0,0,2,0,,,,,test_user,2023-04-17 11:20:21,guochengjie,2025-03-03 13:32:36,0,0,
530,554,10a554070040000c,end_time,完成时间,,,109554070000000c,0,0,0,999,0,,,,,test_user,2023-04-17 11:20:21,admin,2025-03-03 13:32:36,1,0,
531,555,10a5540700500002,motivation,使用目的,"时间效率, 经济成本, 人力节省, 舒适度, 情感因素",,109554070000000c,0,0,0,4,0,,,,,test_user,2023-04-17 11:20:22,guochengjie,2025-03-03 13:32:36,0,0,
532,556,10a5540700600005,evaluation_result,评估结果,"合规, 违规",,109554070000000c,0,0,0,999,0,,,,,system_user,2023-04-17 11:20:23,qidekang,2025-03-03 13:32:36,1,0,
533,557,10a5550100200002,duration,持续时长,,,1095550100000008,0,0,0,999,0,,,,,test_user,2023-04-17 11:20:23,admin,2025-03-03 13:32:36,0,0,
534,558,10a5550100300005,end_time,完成时间,,,1095550100000008,0,0,0,999,0,,,,,test_user,2023-04-17 11:20:24,admin,2025-03-03 13:32:36,1,0,
535,559,10a5550100400008,reporting_chain,汇报链路,"单线汇报, 双线汇报",,1095550100000008,0,0,0,999,0,,,,,test_user,2023-04-17 11:20:24,guochengjie,2025-03-03 13:32:36,1,0,
536,560,10a555010050000b,evaluation_result,评估结果,"评价反馈优秀, 考核绩效良好",,1095550100000008,0,0,0,999,0,,,,,system_user,2023-04-17 11:20:25,qidekang,2025-03-03 13:32:36,1,0,
537,561,10a5550200200005,time,时间,,,109555020000000b,0,0,0,999,0,,,,,system_user,2023-04-17 11:20:25,system_user,2025-04-08 15:54:15,1,0,
538,562,10a5550200300008,end_time,结束时间,,,109555020000000b,0,0,0,999,0,,,,,system_user,2023-04-17 11:20:26,system_user,2025-04-08 15:54:15,1,0,
539,563,10a555020040000b,type,类型,"直接上级, 间接上级, 虚线管理, 控股关系",,109555020000000b,0,0,0,999,0,,,,,system_user,2023-04-17 11:20:26,system_user,2025-04-08 15:54:15,1,0,
540,564,10a5550200500001,reporting_chain,汇报链,"单线汇报, 双线汇报",,109555020000000b,0,0,0,999,0,,,,,system_user,2023-04-17 11:20:27,system_user,2025-04-08 15:54:15,1,0,
541,565,10a5550200600004,scope_of_authority,权限范畴,"操作规范, 状态监管, 质量把关",,109555020000000b,0,0,0,999,0,,,,,system_user,2023-04-17 11:20:28,system_user,2025-04-08 15:54:15,1,0,
542,566,10a5550200700007,mode,方式,"远程督办, 定期检查, 现场督办, 主动报送",,109555020000000b,0,0,0,999,0,,,,,system_user,2023-04-17 11:20:28,system_user,2025-04-08 15:54:15,1,0,
543,567,10a555020080000a,evaluation_result,评估结果,"评价反馈优秀, 考核绩效良好",,109555020000000b,0,0,0,999,0,,,,,system_user,2023-04-17 11:20:29,system_user,2025-04-08 15:54:15,1,0,
544,568,10a5550300200008,duration,持续时长,,,1095550300000001,0,0,0,2,0,,,,,test_user,2023-04-17 11:20:29,guochengjie,2025-03-03 13:32:36,0,0,
545,569,10a555030030000b,end_time,完成时间,,,1095550300000001,0,0,0,999,0,,,,,test_user,2023-04-17 11:20:30,admin,2025-03-03 13:32:36,1,0,
546,570,10a5550300400001,frequency,指导频次,"每月一次, 每周一次, 不定时间",,1095550300000001,0,0,0,4,0,,,,,test_user,2023-04-17 11:20:30,guochengjie,2025-03-03 13:32:36,0,0,
547,571,10a5550300500004,category,指导范畴,"复工复产, 物资生产, 管控政策, 检测要求, 消杀措施",,1095550300000001,0,0,0,5,0,,,,,test_user,2023-04-17 11:20:31,guochengjie,2025-03-03 13:32:36,0,0,
548,572,10a5550300600007,mode,指导方式,"政策发布, 定向通知, 定期会晤, 现场指导",,1095550300000001,0,0,0,6,0,,,,,test_user,2023-04-17 11:20:31,guochengjie,2025-03-03 13:32:36,0,0,
549,573,10a555030070000a,cost,成本费用,,,1095550300000001,0,0,0,7,0,,,,,test_user,2023-04-17 11:20:32,guochengjie,2025-03-03 13:32:36,0,0,
550,574,10a5550300800000,evaluation_result,评估结果,"评价反馈优秀, 考核绩效良好",,1095550300000001,0,0,0,999,0,,,,,system_user,2023-04-17 11:20:33,qidekang,2025-03-03 13:32:36,1,0,
551,575,10a555040020000b,duration,合作时长,,,1095550400000004,0,0,0,999,0,,,,,test_user,2023-04-17 11:20:33,admin,2025-03-03 13:32:36,0,0,
552,576,10a5550400300001,end_time,合作结束时间,,,1095550400000004,0,0,0,999,0,,,,,test_user,2023-04-17 11:20:34,admin,2025-03-03 13:32:36,1,0,
553,577,10a5550400400004,type,合作类型,"资源协作, 技术协作, 配合协作, 信息协作",,1095550400000004,0,0,0,999,0,,,,,test_user,2023-04-17 11:20:34,admin,2025-03-03 13:32:36,0,0,
554,578,10a5550400500007,division_of_responsibilities,职责分工,"生产物资, 技术支持, 制定政策, 提供需求",,1095550400000004,0,0,0,999,0,,,,,system_user,2023-04-17 11:20:35,system_user,2025-03-03 13:32:36,0,0,
555,579,10a555040060000a,purpose,合作目的,"物资供给, 密接分析, 人员筛查, 数据挖掘",,1095550400000004,0,0,0,999,0,,,,,test_user,2023-04-17 11:20:35,admin,2025-03-03 13:32:36,0,0,
556,580,10a5550400700000,mode,合作方式,"人员互派, 预留名额, 政策执行, 需求提报",,1095550400000004,0,0,0,999,0,,,,,test_user,2023-04-17 11:20:36,admin,2025-03-03 13:32:36,0,0,
557,581,10a5550400800003,process,当前进程,"90%, 50%, 100%",,1095550400000004,0,0,0,999,0,,,,,test_user,2023-04-17 11:20:36,admin,2025-03-03 13:32:36,0,0,
558,582,10a5550400900006,evaluation_result,评估结果,"配合默契, 沟通通畅, 协作及时, 态度积极",,1095550400000004,0,0,0,999,0,,,,,system_user,2023-04-17 11:20:37,qidekang,2025-03-03 13:32:36,1,0,
559,583,10a5550400a00009,result,合作收益,"营收, 名声",,1095550400000004,0,0,0,999,0,,,,,test_user,2023-04-17 11:20:38,admin,2025-03-03 13:32:36,0,0,
560,584,10a5550500200001,duration,持续时长,,,1095550500000007,0,0,0,999,0,,,,,test_user,2023-04-17 11:20:38,admin,2025-03-03 13:32:36,0,0,
561,585,10a5550500300004,end_time,竞争结束时间,,,1095550500000007,0,0,0,999,0,,,,,test_user,2023-04-17 11:20:39,admin,2025-03-03 13:32:36,1,0,
562,586,10a5550500400007,type,竞争类型,"商业竞争, 学术竞争",,1095550500000007,0,0,0,999,0,,,,,test_user,2023-04-17 11:20:39,admin,2025-03-03 13:32:36,0,0,
563,587,10a555050050000a,purpose,竞争目的,"项目, 客户, 产品",,1095550500000007,0,0,0,999,0,,,,,test_user,2023-04-17 11:20:40,guochengjie,2025-05-23 14:04:33,0,0,
564,588,10a5550500600000,field,竞争领域,"电子商务, 数字政府",,1095550500000007,0,0,0,999,0,,,,,test_user,2023-04-17 11:20:40,admin,2025-03-03 13:32:36,0,0,
565,589,10a5550500700003,mode,竞争方式,"价值型, 价格型",,1095550500000007,0,0,0,999,0,,,,,test_user,2023-04-17 11:20:41,admin,2025-03-03 13:32:36,0,0,
566,590,10a5550500800006,state,当前状态,"垄断, 僵持, 良性",,1095550500000007,0,0,0,999,0,,,,,test_user,2023-04-17 11:20:41,guochengjie,2025-03-03 13:32:36,1,0,
567,593,10a5230100200004,duration,时间,,,109523010000000a,0,0,0,999,0,,,,,test_user,2023-04-24 01:02:00,admin,2025-03-03 13:32:36,1,0,
568,594,10a5230100300007,end_time,结束时间,,,109523010000000a,0,0,0,999,0,,,,,system_user,2023-04-24 01:02:09,admin,2025-03-03 13:32:36,1,0,
569,595,10a523010040000a,relative_location,相对位置,,,109523010000000a,0,0,0,1,0,,,,,system_user,2023-04-24 01:02:14,admin,2025-03-03 13:32:36,0,0,
570,614,10a5110100100009,user_user_service_id,编号,,,1095110100000005,0,1,1,0,0,,,,,system_user,2023-05-17 20:01:50,qidekang,2025-03-03 13:32:36,0,0,
571,615,10a511020010000c,user_user_conflict_id,编号,,,1095110200000008,0,1,1,999,0,,,,,system_user,2023-05-17 20:01:50,admin,2025-03-03 13:32:36,0,0,
572,616,10a5110300100002,user_user_management_id,编号,,,109511030000000b,0,1,1,0,0,,,,,system_user,2023-05-17 20:01:50,guochengjie,2025-03-03 13:32:36,0,0,
573,617,10a5110400100005,user_user_collaboration_id,编号,,,1095110400000001,0,1,1,0,0,,,,,system_user,2023-05-17 20:01:50,guochengjie,2025-03-03 13:32:36,0,0,
574,618,10a5110500100008,user_user_guide_id,编号,,,1095110500000004,0,1,1,0,0,,,,,system_user,2023-05-17 20:01:50,guochengjie,2025-03-03 13:32:36,0,0,
575,619,10a511060010000b,user_user_consanguinity_id,编号,,,1095110600000007,0,1,1,999,0,,,,,system_user,2023-05-17 20:01:50,system_user,2025-03-03 13:32:36,1,0,
576,620,10a5110700100001,user_user_marriage_id,编号,,,109511070000000a,0,1,1,999,0,,,,,system_user,2023-05-17 20:01:50,system_user,2025-03-03 13:32:36,1,0,
577,621,10a5110800100004,user_user_adoption_id,编号,,,1095110800000000,0,1,1,999,0,,,,,system_user,2023-05-17 20:01:50,system_user,2025-03-03 13:32:36,1,0,
578,622,10a512010010000a,user_region_resident_id,编号,,,1095120100000006,0,1,1,999,0,,,,,system_user,2023-05-17 20:01:50,admin,2025-03-03 13:32:36,0,0,
579,623,10a5120200100000,user_region_visit_id,编号,,,1095120200000009,0,1,1,999,0,,,,,system_user,2023-05-17 20:01:50,admin,2025-03-03 13:32:36,0,0,
580,624,10a5120300100003,user_region_pass_id,编号,,,109512030000000c,0,1,1,999,0,,,,,system_user,2023-05-17 20:01:50,admin,2025-03-03 13:32:36,0,0,
581,625,10a5120400100006,user_region_construction_id,编号,,,1095120400000002,0,1,1,999,0,,,,,system_user,2023-05-17 20:01:50,admin,2025-03-03 13:32:36,0,0,
582,626,10a5120500100009,user_region_have_id,编号,,,1095120500000005,0,1,1,0,0,,,,,system_user,2023-05-17 20:01:50,guochengjie,2025-03-03 13:32:36,0,0,
583,627,10a512060010000c,user_region_transfer_id,编号,,,1095120600000008,0,1,1,999,0,,,,,system_user,2023-05-17 20:01:50,system_user,2025-04-08 15:54:15,1,0,
584,628,10a5120700100002,user_region_management_id,编号,,,109512070000000b,0,1,1,999,0,,,,,system_user,2023-05-17 20:01:50,admin,2025-03-03 13:32:36,0,0,
585,629,10a5120800100005,user_region_maintenance_id,编号,,,1095120800000001,0,1,1,999,0,,,,,system_user,2023-05-17 20:01:50,admin,2025-03-03 13:32:36,0,0,
586,630,10a513010010000b,user_event_manufacture_id,编号,,,1095130100000007,0,1,1,999,0,,,,,system_user,2023-05-17 20:01:50,admin,2025-03-03 13:32:36,0,0,
587,631,10a5130200100001,user_event_participate_id,编号,,,109513020000000a,0,1,1,999,0,,,,,system_user,2023-05-17 20:01:50,admin,2025-03-03 13:32:36,0,0,
588,632,10a5130300100004,user_event_disposal_id,编号,,,1095130300000000,0,1,1,0,0,,,,,system_user,2023-05-17 20:01:50,guochengjie,2025-03-03 13:32:36,0,0,
589,633,10a5130400100007,user_event_monitoring_id,编号,,,1095130400000003,0,1,1,999,0,,,,,system_user,2023-05-17 20:01:50,admin,2025-03-03 13:32:36,0,0,
590,634,10a514010010000c,user_object_design_id,编号,,,1095140100000008,0,1,1,0,0,,,,,system_user,2023-05-17 20:01:50,guochengjie,2025-03-03 13:32:36,0,0,
591,635,10a5140200100002,user_object_manufacture_id,编号,,,109514020000000b,0,1,1,0,0,,,,,system_user,2023-05-17 20:01:50,guochengjie,2025-03-03 13:32:36,0,0,
592,636,10a5140300100005,user_object_use_id,编号,,,1095140300000001,0,1,1,0,0,,,,,system_user,2023-05-17 20:01:50,guochengjie,2025-03-03 13:32:36,0,0,
593,637,10a5140400100008,user_object_have_id,编号,,,1095140400000004,0,1,1,0,0,,,,,system_user,2023-05-17 20:01:50,guochengjie,2025-03-03 13:32:36,0,0,
594,638,10a514050010000b,user_object_transfer_id,编号,,,1095140500000007,0,1,1,999,0,,,,,system_user,2023-05-17 20:01:50,system_user,2025-04-08 15:54:15,1,0,
595,639,10a5140600100001,user_object_management_id,编号,,,109514060000000a,0,1,1,0,0,,,,,system_user,2023-05-17 20:01:50,guochengjie,2025-03-03 13:32:36,0,0,
596,640,10a5140700100004,user_object_maintenance_id,编号,,,1095140700000000,0,1,1,0,0,,,,,system_user,2023-05-17 20:01:50,guochengjie,2025-03-03 13:32:36,0,0,
597,641,10a5140800100007,object_user_identification_id,编号,,,1095140800000003,0,1,1,0,0,,,,,test_user,2023-05-17 20:01:50,guochengjie,2025-03-03 13:32:36,0,0,
598,642,10a5150100100000,user_organization_establish_id,编号,,,1095150100000009,0,1,1,0,0,,,,,system_user,2023-05-17 20:01:50,guochengjie,2025-03-03 13:32:36,0,0,
599,643,10a5150200100003,user_organization_management_id,编号,,,109515020000000c,0,1,1,999,0,,,,,system_user,2023-05-17 20:01:50,admin,2025-03-03 13:32:36,0,0,
600,644,10a5150300100006,user_organization_subordinate_id,编号,,,1095150300000002,0,1,1,0,0,,,,,system_user,2023-05-17 20:01:50,admin,2025-03-03 13:32:36,0,0,
601,645,10a5150400100009,organization_user_award_id,编号,,,1095150400000005,0,1,1,0,0,,,,,test_user,2023-05-17 20:01:50,qidekang,2025-03-03 13:32:36,0,0,
602,646,10a515050010000c,user_organization_service_id,编号,,,1095150500000008,0,1,1,0,0,,,,,system_user,2023-05-17 20:01:50,qidekang,2025-03-03 13:32:36,0,0,
603,647,10a5220100100000,region_region_subordinate_id,编号,,,1095220100000009,0,1,1,999,0,,,,,system_user,2023-05-17 20:01:50,admin,2025-03-03 13:32:36,0,0,
604,648,10a5220200100003,region_region_connection_id,编号,,,109522020000000c,0,1,1,0,0,,,,,system_user,2023-05-17 20:01:50,guochengjie,2025-03-03 13:32:36,0,0,
605,649,10a5220300100006,region_region_space_id,编号,,,1095220300000002,0,1,1,999,0,,,,,system_user,2023-05-17 20:01:50,admin,2025-03-03 13:32:36,0,0,
606,650,10a5230100100001,region_event_bear_id,编号,,,109523010000000a,0,1,1,0,0,,,,,test_user,2023-05-17 20:01:50,admin,2025-03-03 13:32:36,0,0,
607,652,10a5230300100007,region_event_affect_id,编号,,,1095230300000003,0,1,1,999,0,,,,,system_user,2023-05-17 20:01:50,admin,2025-03-03 13:32:36,0,0,
608,653,10a5240100100002,region_object_space_id,编号,,,109524010000000b,0,1,1,999,0,,,,,system_user,2023-05-17 20:01:50,admin,2025-06-17 16:54:59,1,0,
609,654,10a5240200100005,region_object_bear_id,编号,,,1095240200000001,0,1,1,999,0,,,,,system_user,2023-05-17 20:01:50,admin,2025-03-03 13:32:36,0,0,
610,655,10a5240300100008,region_object_service_id,编号,,,1095240300000004,0,1,1,999,0,,,,,system_user,2023-05-17 20:01:51,admin,2025-03-03 13:32:36,1,0,
611,657,10a5330100100004,event_event_subordinate_id,编号,,,1095330100000000,0,1,1,999,0,,,,,system_user,2023-05-17 20:01:51,admin,2025-03-03 13:32:36,0,0,
612,658,10a5330200100007,event_event_causality_id,编号,,,1095330200000003,0,1,1,999,0,,,,,system_user,2023-05-17 20:01:51,admin,2025-03-03 13:32:36,0,0,
613,659,10a533030010000a,event_event_associated_id,编号,,,1095330300000006,0,1,1,999,0,,,,,test_user,2023-05-17 20:01:51,admin,2025-03-03 13:32:36,0,0,
614,660,10a5340100100005,object_event_bear_id,编号,,,1095340100000001,0,1,1,999,0,,,,,system_user,2023-05-17 20:01:51,admin,2025-03-03 13:32:36,0,0,
615,661,10a5340200100008,object_event_auxiliary_id,编号,,,1095340200000004,0,1,1,0,0,,,,,system_user,2023-05-17 20:01:51,guochengjie,2025-03-03 13:32:36,0,0,
616,662,10a534030010000b,object_event_affect_id,编号,,,1095340300000007,0,1,1,999,0,,,,,system_user,2023-05-17 20:01:51,admin,2025-03-03 13:32:36,0,0,
617,663,10a5440100100008,object_object_subordinate_id,编号,,,1095440100000004,0,1,1,0,0,,,,,system_user,2023-05-17 20:01:51,qidekang,2025-03-03 13:32:36,0,0,
618,664,10a544020010000b,object_object_connection_id,编号,,,1095440200000007,0,1,1,999,0,,,,,system_user,2023-05-17 20:01:51,admin,2025-03-03 13:32:36,0,0,
619,665,10a5440300100001,object_object_space_id,编号,,,109544030000000a,0,1,1,999,0,,,,,system_user,2023-05-17 20:01:51,admin,2025-03-03 13:32:36,0,0,
620,666,10a5440400100004,object_object_bear_id,编号,,,1095440400000000,0,1,1,999,0,,,,,system_user,2023-05-17 20:01:51,admin,2025-03-03 13:32:36,0,0,
621,667,10a5520100100009,organization_region_stationing_id,编号,,,1095520100000005,0,1,1,999,0,,,,,system_user,2023-05-17 20:01:51,admin,2025-03-03 13:32:36,0,0,
622,668,10a552020010000c,organization_region_construction_id,编号,,,1095520200000008,0,1,1,0,0,,,,,system_user,2023-05-17 20:01:51,guochengjie,2025-03-03 13:32:36,0,0,
623,669,10a5520300100002,organization_region_have_id,编号,,,109552030000000b,0,1,1,999,0,,,,,system_user,2023-05-17 20:01:51,admin,2025-03-03 13:32:36,0,0,
624,670,10a5520400100005,organization_region_transfer_id,编号,,,1095520400000001,0,1,1,999,0,,,,,system_user,2023-05-17 20:01:51,system_user,2025-04-08 15:54:15,1,0,
625,671,10a5520500100008,organization_region_jurisdiction_id,编号,,,1095520500000004,0,1,1,999,0,,,,,test_user,2023-05-17 20:01:51,guochengjie,2025-03-03 13:32:36,0,0,
626,672,10a552060010000b,organization_region_maintenance_id,编号,,,1095520600000007,0,1,1,999,0,,,,,system_user,2023-05-17 20:01:51,admin,2025-03-03 13:32:36,0,0,
627,673,10a553010010000a,organization_event_participate_id,编号,,,1095530100000006,0,1,1,0,0,,,,,system_user,2023-05-17 20:01:51,guochengjie,2025-03-03 13:32:36,0,0,
628,674,10a5530200100000,organization_event_affect_id,编号,,,1095530200000009,0,1,1,999,0,,,,,system_user,2023-05-17 20:01:51,admin,2025-03-03 13:32:36,0,0,
629,675,10a5530300100003,organization_event_disposal_id,编号,,,109553030000000c,0,1,1,0,0,,,,,system_user,2023-05-17 20:01:51,guochengjie,2025-03-03 13:32:36,0,0,
630,676,10a5530400100006,organization_event_supervision_id,编号,,,1095530400000002,0,1,1,999,0,,,,,system_user,2023-05-17 20:01:51,admin,2025-03-03 13:32:36,0,0,
631,677,10a554010010000b,organization_object_production_id,编号,,,1095540100000007,0,1,1,0,0,,,,,system_user,2023-05-17 20:01:51,guochengjie,2025-03-03 13:32:36,0,0,
632,678,10a5540200100001,organization_object_have_id,编号,,,109554020000000a,0,1,1,999,0,,,,,system_user,2023-05-17 20:01:51,admin,2025-03-03 13:32:36,0,0,
633,679,10a5540300100004,organization_object_transfer_id,编号,,,1095540300000000,0,1,1,999,0,,,,,system_user,2023-05-17 20:01:51,system_user,2025-04-08 15:54:15,1,0,
634,680,10a5540400100007,organization_object_management_id,编号,,,1095540400000003,0,1,1,999,0,,,,,system_user,2023-05-17 20:01:51,admin,2025-03-03 13:32:36,0,0,
635,681,10a554050010000a,organization_object_maintenance_id,编号,,,1095540500000006,0,1,1,999,0,,,,,system_user,2023-05-17 20:01:51,admin,2025-03-03 13:32:36,0,0,
636,682,10a5540600100000,organization_object_design_id,编号,,,1095540600000009,0,1,1,999,0,,,,,system_user,2023-05-17 20:01:51,admin,2025-03-03 13:32:36,0,0,
637,683,10a5540700100003,organization_object_use_id,编号,,,109554070000000c,0,1,1,0,0,,,,,system_user,2023-05-17 20:01:51,guochengjie,2025-03-03 13:32:36,0,0,
638,684,10a555010010000c,organization_organization_subordinate_id,编号,,,1095550100000008,0,1,1,999,0,,,,,system_user,2023-05-17 20:01:51,admin,2025-03-03 13:32:36,0,0,
639,685,10a5550200100002,organization_organization_leader_id,编号,,,109555020000000b,0,1,1,999,0,,,,,system_user,2023-05-17 20:01:51,system_user,2025-04-08 15:54:15,1,0,
640,686,10a5550300100005,organization_organization_guide_id,编号,,,1095550300000001,0,1,1,0,0,,,,,system_user,2023-05-17 20:01:51,guochengjie,2025-03-03 13:32:36,0,0,
641,687,10a5550400100008,organization_organization_collaboration_id,编号,,,1095550400000004,0,1,1,999,0,,,,,system_user,2023-05-17 20:01:51,admin,2025-03-03 13:32:36,0,0,
642,688,10a555050010000b,organization_organization_competition_id,编号,,,1095550500000007,0,1,1,999,0,,,,,system_user,2023-05-17 20:01:51,admin,2025-03-03 13:32:36,0,0,
643,689,1065050000c0000a,registered_amount,注册金额,,,1051050000000002,0,0,0,8,0,,,,,test_user,2023-06-28 18:49:03,qidekang,2024-11-06 17:03:20,0,0,
644,690,10a5220400100009,duration,时间,,,1095220400000005,0,0,0,999,0,,,,,test_user,2023-07-03 13:57:09,admin,2025-03-03 13:32:36,1,0,
645,691,10a522040020000c,end_time,拆迁时间,,,1095220400000005,0,0,0,999,0,,,,,test_user,2023-07-03 13:57:30,guochengjie,2025-03-03 13:32:36,1,0,
646,692,10a5220400300002,type,承载类型,支撑型、收纳型,,1095220400000005,0,0,0,999,0,,,,,test_user,2023-07-03 13:57:59,guochengjie,2025-03-03 13:32:36,1,0,
647,693,10a5220400400005,load_bearing,承重,,,1095220400000005,0,0,0,999,0,,,,,test_user,2023-07-03 13:58:51,admin,2025-03-03 13:32:36,1,0,
648,694,10a5220400500008,capacity,容量,,,1095220400000005,0,0,0,999,0,,,,,test_user,2023-07-03 13:59:39,guochengjie,2025-03-03 13:32:36,1,0,
649,695,10a522040060000b,relative_location,相对位置,前、中、后,,1095220400000005,0,0,0,999,0,,,,,test_user,2023-07-03 14:00:18,guochengjie,2025-03-03 13:32:36,1,0,
650,696,10a5220400700001,goal,目的,,,1095220400000005,0,0,0,999,0,,,,,test_user,2023-07-03 14:01:06,qidekang,2025-03-03 13:32:36,1,0,
651,697,10a5220400800004,assessment_result,评估结果,合规、不合规,,1095220400000005,0,0,0,999,0,,,,,test_user,2023-07-03 14:01:51,qidekang,2025-03-03 13:32:36,1,0,
652,698,10a5440500100007,duration,耗费时长,,,1095440500000003,0,0,0,999,0,,,,,test_user,2023-07-03 14:02:48,admin,2025-03-03 13:32:36,0,0,
653,699,10a544050020000a,end_time,完成时间,,,1095440500000003,0,0,0,999,0,,,,,test_user,2023-07-03 14:02:57,admin,2025-03-03 13:32:36,1,0,
654,700,10a5440500300000,type,感知类型,主动、被动,,1095440500000003,0,0,0,999,0,,,,,test_user,2023-07-03 14:06:11,admin,2025-03-03 13:32:36,0,0,
655,701,10a5440500400003,method,感知方式,远程、接触,,1095440500000003,0,0,0,999,0,,,,,test_user,2023-07-03 14:06:57,admin,2025-03-03 13:32:36,0,0,
656,702,10a5440500500006,agent,感知目的,数据获取、设备操作,,1095440500000003,0,0,0,999,0,,,,,test_user,2023-07-03 14:07:54,admin,2025-03-03 13:32:36,0,0,
657,703,10a5440500600009,result,结果,,,1095440500000003,0,0,0,999,0,,,,,test_user,2023-07-03 14:08:12,test_user,2025-03-03 13:32:36,0,0,
658,704,10a544050070000c,cost,成本,,,1095440500000003,0,0,0,999,0,,,,,test_user,2023-07-03 14:08:35,test_user,2025-03-03 13:32:36,0,0,
659,705,1065010001400004,capability,能力,,,105101000000000b,0,0,0,12,0,,,,,test_user,2023-07-03 17:53:27,qidekang,2025-02-27 18:40:42,0,0,
660,708,10a513050010000a,user_event_affect_id,编号,,,1095130500000006,0,1,1,999,0,,,,,test_user,2023-10-18 13:38:50,admin,2025-03-03 13:32:36,0,0,
661,710,106504000110000b,description,描述,,,1051040000000001,0,0,0,8,0,,,,,test_user,2023-10-18 13:38:51,qidekang,2024-11-06 17:03:20,0,0,
662,711,1065010001500007,age,年龄,,,105101000000000b,0,0,0,3,0,,,,,test_user,2023-10-18 13:38:51,guochengjie,2024-11-06 17:03:20,0,0,
663,713,1065040001200001,colour,颜色,,,1051040000000001,0,0,0,11,0,,,,,test_user,2023-10-18 13:38:51,qidekang,2024-11-06 17:03:20,0,0,
664,714,10a5130500200000,type,影响类型,人身影响，经济影响，名誉影响,,1095130500000006,0,0,0,999,0,,,,,test_user,2023-10-18 13:38:51,admin,2025-03-03 13:32:36,0,0,
665,715,10a5130500300003,duration,持续时长,,,1095130500000006,0,0,0,999,0,,,,,test_user,2023-10-18 13:38:51,admin,2025-03-03 13:32:36,0,0,
666,716,10a5130500400006,end_time,结束时间,,,1095130500000006,0,0,0,999,0,,,,,test_user,2023-10-18 13:38:51,admin,2025-03-03 13:32:36,1,0,
667,717,10a5130500500009,result,结果,"身体残疾, 平安康复, 精神崩溃, 心情舒畅, 名誉损失, 恢复名誉, 财产损失, 财产增殖",,1095130500000006,0,0,0,999,0,,,,,test_user,2023-10-18 13:38:51,admin,2025-03-03 13:32:36,0,0,
668,718,10a513050060000c,degree,影响程度,"高, 中, 低",,1095130500000006,0,0,0,999,0,,,,,test_user,2023-10-18 13:38:51,admin,2025-03-03 13:32:36,0,0,
669,720,10a5120100800005,resident_status,驻留状态,,,1095120100000006,0,0,0,999,0,,,,,test_user,2023-10-18 13:38:51,guochengjie,2025-03-03 13:32:36,1,0,
670,721,106501000160000a,type,类型,居民类型，特殊人群类型等,,105101000000000b,0,0,0,18,0,,,,,test_user,2023-10-18 13:38:51,qidekang,2025-02-27 16:16:56,0,0,
671,722,1065020000e00000,state,状态,建设中，已建成，已拆迁等,,105102000000000c,0,0,0,6,0,,,,,test_user,2023-10-18 13:38:51,qidekang,2025-02-27 17:13:56,0,0,
672,724,10a5130100900009,duration,耗费时长,,,1095130100000007,0,0,0,999,0,,,,,test_user,2023-10-18 13:38:51,admin,2025-03-03 13:32:36,0,0,
673,725,10a5130100a0000c,end_time,结束时间,,,1095130100000007,0,0,0,999,0,,,,,test_user,2023-10-18 13:38:51,admin,2025-03-03 13:32:36,1,0,
674,726,10a5130200800009,duration,持续时长,,,109513020000000a,0,0,0,999,0,,,,,test_user,2023-10-18 13:38:51,admin,2025-03-03 13:32:36,0,0,
675,727,10a513020090000c,end_time,结束时间,,,109513020000000a,0,0,0,999,0,,,,,test_user,2023-10-18 13:38:51,test_user,2025-03-03 13:32:36,0,0,
676,728,10a513030080000c,duration,耗费时长,,,1095130300000000,0,0,0,7,0,,,,,test_user,2023-10-18 13:38:51,guochengjie,2025-03-03 13:32:36,0,0,
677,729,10a5130300900002,end_time,完成时间,,,1095130300000000,0,0,0,999,0,,,,,test_user,2023-10-18 13:38:51,admin,2025-03-03 13:32:36,1,0,
678,730,10a5130400900005,duration,持续时长,,,1095130400000003,0,0,0,999,0,,,,,test_user,2023-10-18 13:38:51,admin,2025-03-03 13:32:36,0,0,
679,731,10a5130400a00008,end_time,停止时间,,,1095130400000003,0,0,0,999,0,,,,,test_user,2023-10-18 13:38:51,admin,2025-03-03 13:32:36,1,0,
680,732,10a5530100800005,end_time,完成时间,,,1095530100000006,0,0,0,999,0,,,,,test_user,2023-10-18 13:38:51,admin,2025-03-03 13:32:36,1,0,
681,733,10a5530400a00007,end_time,结束时间,,,1095530400000002,0,0,0,999,0,,,,,test_user,2023-10-18 13:38:51,admin,2025-03-03 13:32:36,1,0,
682,734,10a5220300600008,duration,时间,,,1095220300000002,0,0,0,999,0,,,,,test_user,2023-10-18 13:38:51,admin,2025-03-03 13:32:36,1,0,
683,735,10a522030070000b,end_time,结束时间,,,1095220300000002,0,0,0,999,0,,,,,test_user,2023-10-18 13:38:51,admin,2025-03-03 13:32:36,1,0,
684,737,10a5240100700007,end_time,物品消失时间,,,109524010000000b,0,0,0,999,0,,,,,test_user,2023-10-18 13:38:51,admin,2025-03-03 13:32:36,1,0,
685,738,10a5240200500004,duration,停留时长,,,1095240200000001,0,0,0,999,0,,,,,test_user,2023-10-18 13:38:51,admin,2025-03-03 13:32:36,0,0,
686,739,10a5240200600007,end_time,离开时间,,,1095240200000001,0,0,0,999,0,,,,,test_user,2023-10-18 13:38:51,admin,2025-03-03 13:32:36,0,0,
687,740,10a5240300400004,duration,服务时长,,,1095240300000004,0,0,0,999,0,,,,,test_user,2023-10-18 13:38:51,admin,2025-03-03 13:32:36,1,0,
688,741,10a5240300500007,end_time,服务完成时间,,,1095240300000004,0,0,0,999,0,,,,,test_user,2023-10-18 13:38:51,admin,2025-03-03 13:32:36,1,0,
689,742,10a5330100600006,duration,持续时长,,,1095330100000000,0,0,0,999,0,,,,,test_user,2023-10-18 13:38:51,admin,2025-03-03 13:32:36,0,0,
690,743,10a5330100700009,end_time,结束时间,,,1095330100000000,0,0,0,999,0,,,,,test_user,2023-10-18 13:38:51,admin,2025-03-03 13:32:36,1,0,
691,744,10a5330200400003,duration,持续时长,,,1095330200000003,0,0,0,999,0,,,,,test_user,2023-10-18 13:38:51,admin,2025-03-03 13:32:36,0,0,
692,745,10a5330200500006,end_time,结束时间,,,1095330200000003,0,0,0,999,0,,,,,test_user,2023-10-18 13:38:51,admin,2025-03-03 13:32:36,1,0,
693,746,10a5330300500009,duration,持续时长,,,1095330300000006,0,0,0,999,0,,,,,test_user,2023-10-18 13:38:51,admin,2025-03-03 13:32:36,0,0,
694,747,10a533030060000c,end_time,结束时间,,,1095330300000006,0,0,0,999,0,,,,,test_user,2023-10-18 13:38:51,admin,2025-03-03 13:32:36,1,0,
695,748,1065020000f00003,supplimental_description,描述,,,105102000000000c,0,0,0,9,0,,,,,test_user,2023-10-18 14:05:52,qidekang,2024-11-06 17:03:20,0,0,
696,749,10a5230100500000,reason,原因,,,109523010000000a,0,0,0,2,0,,,,,test_user,2023-10-18 14:05:52,admin,2025-03-03 13:32:36,0,0,
697,750,1065020001000006,longitude,经度,,,105102000000000c,0,0,0,10,0,,,,,test_user,2023-11-02 16:00:01,qidekang,2024-11-06 17:03:20,1,0,
698,751,1065020001100009,latitude,纬度,,,105102000000000c,0,0,0,11,0,,,,,test_user,2023-11-02 16:00:01,qidekang,2024-11-06 17:03:20,1,0,
699,752,1065010001700000,household_registration,户籍,,简化属性，人地常驻，地名称,105101000000000b,0,0,0,10,1,1095120100000006,1096120110007001,,1065020000300006,test_user,2023-11-29 07:10:05,guochengjie,2025-03-04 00:20:51,0,0,
700,753,1065010001800003,disease,病症,,简化属性，物人影响，物名称,105101000000000b,0,0,0,32,1,1095140a00000009,1096140a20001003,,1065040000300008,test_user,2023-11-29 07:10:05,guochengjie,2025-03-04 00:21:44,0,0,
701,755,106502000120000c,altitude,海拔,,,105102000000000c,0,0,0,12,0,,,,,test_user,2023-11-29 07:10:05,qidekang,2024-11-06 17:03:20,1,0,
702,756,1065020001300002,line_string,经纬度序列,适用于线（line string）类型的地址,,105102000000000c,0,0,0,14,0,,,,,test_user,2023-11-29 07:10:05,qidekang,2024-11-06 17:03:20,1,0,
703,757,10a5550100600001,type,管理类型,"直接上级, 间接上级, 控股关系",,1095550100000008,0,0,0,999,0,,,,,test_user,2023-11-29 16:00:01,admin,2025-03-03 13:32:36,0,0,
704,758,10a5550100700004,scope_of_authority,权限范畴,"操作规范, 状态监管, 质量把关",,1095550100000008,0,0,0,999,0,,,,,zstx,2023-11-29 16:00:01,zstx,2025-03-03 13:32:36,0,0,
705,759,10a5550100800007,mode,管理方式,"远程督办, 定期检查, 现场督办, 主动报送",,1095550100000008,0,0,0,999,0,,,,,test_user,2023-11-29 16:00:01,admin,2025-03-03 13:32:36,0,0,
706,760,10a5150300e00006,seniority,从属时长,,,1095150300000002,0,0,0,4,0,,,,,test_user,2023-11-30 09:40:50,guochengjie,2025-03-03 13:32:36,0,0,
707,761,10a5530500100009,cost,成本,,,1095530500000005,0,0,0,999,0,,,,,test_user,2023-12-07 16:00:07,test_user,2025-03-03 13:32:36,0,0,
708,762,10a553050020000c,duration,耗费时长,,,1095530500000005,0,0,0,999,0,,,,,test_user,2023-12-07 16:00:07,admin,2025-03-03 13:32:36,0,0,
709,763,10a5530500300002,end_time,完成时间,,,1095530500000005,0,0,0,999,0,,,,,test_user,2023-12-07 16:00:07,admin,2025-03-03 13:32:36,1,0,
710,764,10a5530500400005,organization_event_manufacture_id,编号,,,1095530500000005,0,1,1,999,0,,,,,test_user,2023-12-07 16:00:07,admin,2025-03-03 13:32:36,0,0,
711,765,10a5530500500008,cause,原因,,,1095530500000005,0,0,0,999,0,,,,,test_user,2023-12-07 16:00:07,test_user,2025-03-03 13:32:36,0,0,
712,766,10a553050060000b,type,制造类型,,,1095530500000005,0,0,0,999,0,,,,,test_user,2023-12-07 16:00:07,admin,2025-03-03 13:32:36,0,0,
713,767,10a5530500700001,degree_of_influence,影响程度,"高, 中, 低",,1095530500000005,0,0,0,999,0,,,,,zstx,2023-12-07 16:00:07,zstx,2025-03-03 13:32:36,0,0,
714,768,10a5530500800004,role,角色,"发起组织, 策划组织",,1095530500000005,0,0,0,999,0,,,,,test_user,2023-12-07 16:00:07,test_user,2025-06-17 16:54:59,1,0,
715,769,10a5530500900007,tool,使用工具,,,1095530500000005,0,0,0,999,0,,,,,test_user,2023-12-07 16:00:07,admin,2025-03-03 13:32:36,0,0,
716,770,10a5530500a0000a,process,当前进程,"策划, 筹备, 发起",,1095530500000005,0,0,0,999,0,,,,,test_user,2023-12-07 16:00:07,admin,2025-03-03 13:32:36,0,0,
717,771,1065030000b00005,emergency_level,紧急程度,,,1051030000000000,0,0,0,7,0,,,,,zstx,2023-12-10 16:00:00,qidekang,2024-11-06 17:03:20,0,0,
718,772,1065030000c00008,importance,重要程度,,,1051030000000000,0,0,0,8,0,,,,,test_user,2023-12-10 16:00:00,qidekang,2024-11-06 17:03:20,0,0,
719,773,10a5130100b00002,condition,前置条件,,,1095130100000007,0,0,0,999,0,,,,,test_user,2023-12-13 16:00:00,admin,2025-03-03 13:32:36,0,0,
720,774,10a5130300a00005,condition,条件,,,1095130300000000,0,0,0,8,0,,,,,test_user,2023-12-13 16:00:00,guochengjie,2025-03-03 13:32:36,0,0,
721,775,10a5130400b0000b,condition,条件,,,1095130400000003,0,0,0,999,0,,,,,test_user,2023-12-13 16:00:00,qidekang,2025-03-03 13:32:36,1,0,
722,776,10a5530100900008,condition,准入门槛,,,1095530100000006,0,0,0,8,0,,,,,test_user,2023-12-13 16:00:00,guochengjie,2025-03-03 13:32:36,0,0,
723,777,10a5530300a00004,condition,前置条件,,,109553030000000c,0,0,0,8,0,,,,,test_user,2023-12-13 16:00:00,guochengjie,2025-03-03 13:32:36,0,0,
724,778,10a5530400b0000a,condition,前置条件,,,1095530400000002,0,0,0,999,0,,,,,test_user,2023-12-13 16:00:00,admin,2025-03-03 13:32:36,0,0,
725,779,10a5530500b00000,condition,前置条件,,,1095530500000005,0,0,0,999,0,,,,,test_user,2023-12-13 16:00:00,admin,2025-03-03 13:32:36,0,0,
726,780,10a5110200700004,frequency,冲突频次,"一天一次, 每周一次",,1095110200000008,0,0,0,999,0,,,,,test_user,2023-12-25 16:00:00,admin,2025-03-03 13:32:36,0,0,
727,781,10a511030080000a,frequency,管理频次,"一天一次, 每周一次",,109511030000000b,0,0,0,5,0,,,,,test_user,2023-12-25 16:00:00,admin,2025-03-03 13:32:36,0,0,
728,782,10a5110400900003,frequency,合作频次,"一天一次, 每周一次",,1095110400000001,0,0,0,7,0,,,,,test_user,2023-12-25 16:00:00,guochengjie,2025-03-03 13:32:36,0,0,
729,783,10a5110100c00003,service_status,服务状态,已预订，服务中，已完成，无服务等,,1095110100000005,0,0,0,9,0,,,,,test_user,2023-12-25 16:00:00,qidekang,2025-03-03 13:32:36,0,0,
730,784,10a5110200800007,conflict_status,冲突状态,冲突中，已结束，无冲突,,1095110200000008,0,0,0,999,0,,,,,test_user,2023-12-25 16:00:00,qidekang,2025-03-03 13:32:36,0,0,
731,785,10a5110300900000,management_status,管理状态,,,109511030000000b,0,0,0,9,0,,,,,test_user,2023-12-25 16:00:00,guochengjie,2025-03-03 13:32:36,0,0,
732,786,10a5110400a00006,collaboration_status,协作状态,,,1095110400000001,0,0,0,8,0,,,,,test_user,2023-12-25 16:00:00,guochengjie,2025-03-03 13:32:36,0,0,
733,787,10a5110500b0000c,guide_status,指导状态,,,1095110500000004,0,0,0,10,0,,,,,test_user,2023-12-25 16:00:00,guochengjie,2025-03-03 13:32:36,0,0,
734,788,10a5110600600000,consanguinity_status,血缘状态,,,1095110600000007,0,0,0,999,0,,,,,test_user,2023-12-25 16:00:00,admin,2025-03-03 13:32:36,1,0,
735,789,10a511070090000c,marriage_status,婚姻状态,,,109511070000000a,0,0,0,999,0,,,,,test_user,2023-12-25 16:00:00,test_user,2025-03-03 13:32:36,1,0,
736,790,10a5110800600006,adoption_status,收养状态,,,1095110800000000,0,0,0,999,0,,,,,test_user,2023-12-25 16:00:00,test_user,2025-03-03 13:32:36,1,0,
737,791,10a5120100900008,resident_status,常驻状态,已入驻，已离开，未曾入驻,,1095120100000006,0,0,0,999,0,,,,,test_user,2023-12-25 16:00:00,qidekang,2025-03-03 13:32:36,0,0,
738,792,10a512020090000b,visit_status,访问状态,,,1095120200000009,0,0,0,999,0,,,,,test_user,2023-12-25 16:00:00,admin,2025-03-03 13:32:36,0,0,
739,793,10a5120300600005,pass_status,途经状态,,,109512030000000c,0,0,0,999,0,,,,,test_user,2023-12-25 16:00:00,admin,2025-03-03 13:32:36,0,0,
740,794,10a5120400c00000,construction_status,建设状态,,,1095120400000002,0,0,0,999,0,,,,,test_user,2023-12-25 16:00:00,admin,2025-03-03 13:32:36,0,0,
741,795,10a5120500a0000a,have_status,拥有状态,,,1095120500000005,0,0,0,2,0,,,,,test_user,2023-12-25 16:00:00,guochengjie,2025-03-03 13:32:36,0,0,
742,796,10a5120700d0000c,management_status,管理状态,,,109512070000000b,0,0,0,999,0,,,,,test_user,2023-12-25 16:00:00,admin,2025-03-03 13:32:36,0,0,
743,797,10a5120800b00009,maintenance_status,维护状态,,,1095120800000001,0,0,0,999,0,,,,,test_user,2023-12-25 16:00:00,admin,2025-03-03 13:32:36,0,0,
744,798,10a5130100c00005,Initiate_status,发起状态,,,1095130100000007,0,0,0,999,0,,,,,test_user,2023-12-25 16:00:00,admin,2025-03-03 13:32:36,0,0,
745,799,10a5130200a00002,participate_status,参与状态,,,109513020000000a,0,0,0,999,0,,,,,test_user,2023-12-25 16:00:00,admin,2025-03-03 13:32:36,0,0,
746,800,10a5130300b00008,disposal_status,处置状态,,,1095130300000000,0,0,0,9,0,,,,,test_user,2023-12-25 16:00:00,guochengjie,2025-03-03 13:32:36,0,0,
747,801,10a5130400c00001,monitoring_status,监管状态,,,1095130400000003,0,0,0,999,0,,,,,test_user,2023-12-25 16:00:00,admin,2025-03-03 13:32:36,0,0,
748,802,10a5130500700002,influence_status,影响状态,,,1095130500000006,0,0,0,999,0,,,,,test_user,2023-12-25 16:00:00,admin,2025-03-03 13:32:36,0,0,
749,803,10a5140100b00003,design_status,设计状态,调研状态，设计状态，整体状态,,1095140100000008,0,0,0,8,0,,,,,test_user,2023-12-25 16:00:00,guochengjie,2025-03-03 13:32:36,0,0,
750,804,10a5140200b00006,manufacture_status,制造状态,任务状态，制造进程,,109514020000000b,0,0,0,9,0,,,,,test_user,2023-12-25 16:00:00,guochengjie,2025-03-03 13:32:36,0,0,
751,805,10a5140300900003,use_status,使用状态,,,1095140300000001,0,0,0,9,0,,,,,test_user,2023-12-25 16:00:00,guochengjie,2025-03-03 13:32:36,0,0,
752,806,10a5140400900006,have_status,拥有状态,未拥有，持有中，已结束,,1095140400000004,0,0,0,4,0,,,,,test_user,2023-12-25 16:00:00,qidekang,2025-03-03 21:43:46,0,0,
753,807,10a5140600d0000b,management_status,管理状态,,,109514060000000a,0,0,0,12,0,,,,,test_user,2023-12-25 16:00:00,guochengjie,2025-03-03 13:32:36,0,0,
754,808,10a5140700c0000b,maintenance_status,维护状态,已派单，维修中，已完成,,1095140700000000,0,0,0,12,0,,,,,test_user,2023-12-25 16:00:00,guochengjie,2025-03-03 13:32:36,0,0,
755,809,10a5140800800002,identification_status,识别状态,,,1095140800000003,0,0,0,8,0,,,,,test_user,2023-12-25 16:00:00,guochengjie,2025-03-03 13:32:36,0,0,
756,810,10a5150100a00001,establish_status,创立状态,,,1095150100000009,0,0,0,10,0,,,,,test_user,2023-12-25 16:00:00,guochengjie,2025-03-03 13:32:36,0,0,
757,811,10a5150200a00004,management_status,管理状态,,,109515020000000c,0,0,0,6,0,,,,,test_user,2023-12-25 16:00:00,admin,2025-03-03 13:32:36,0,0,
758,812,10a5150300f00009,subordinate_status,从属状态,在职中，已离职,,1095150300000002,0,0,0,17,0,,,,,test_user,2023-12-25 16:00:00,qidekang,2025-03-03 13:32:36,0,0,
759,813,10a5150400900007,award_status,授予状态,,,1095150400000005,0,0,0,9,0,,,,,test_user,2023-12-25 16:00:00,qidekang,2025-03-03 13:32:36,0,0,
760,814,10a5150500b00003,service_status,服务状态,,,1095150500000008,0,0,0,11,0,,,,,test_user,2023-12-25 16:00:00,guochengjie,2025-03-03 13:32:36,0,0,
761,815,10a5220100700005,subordinate_status,从属状态,,,1095220100000009,0,0,0,999,0,,,,,test_user,2023-12-25 16:00:00,admin,2025-03-03 13:32:36,0,0,
762,816,10a5220200900001,connection_status,连接状态,,,109522020000000c,0,0,0,9,0,,,,,test_user,2023-12-25 16:00:00,guochengjie,2025-03-03 13:32:36,0,0,
763,817,10a5220300800001,space_status,空间状态,,,1095220300000002,0,0,0,999,0,,,,,test_user,2023-12-25 16:00:00,admin,2025-03-03 13:32:36,0,0,
764,818,10a5220400900007,bear_status,承载状态,,,1095220400000005,0,0,0,999,0,,,,,test_user,2023-12-25 16:00:00,guochengjie,2025-03-03 13:32:36,1,0,
765,819,10a5230100600003,bear_status,承载状态,,,109523010000000a,0,0,0,5,0,,,,,test_user,2023-12-25 16:00:00,admin,2025-03-03 13:32:36,0,0,
766,820,10a5230300800002,affect_status,影响状态,,,1095230300000003,0,0,0,999,0,,,,,test_user,2023-12-25 16:00:00,admin,2025-03-03 13:32:36,0,0,
767,821,10a524010080000a,space_status,空间状态,,,109524010000000b,0,0,0,999,0,,,,,test_user,2023-12-25 16:00:00,admin,2025-06-17 16:54:59,1,0,
768,822,10a524020070000a,bear_status,承载状态,,,1095240200000001,0,0,0,999,0,,,,,test_user,2023-12-25 16:00:00,guochengjie,2025-03-03 13:32:36,0,0,
769,823,10a524030060000a,service_status,服务状态,,,1095240300000004,0,0,0,999,0,,,,,test_user,2023-12-25 16:00:00,admin,2025-03-03 13:32:36,1,0,
770,824,10a533010080000c,subordinate_status,从属状态,,,1095330100000000,0,0,0,999,0,,,,,test_user,2023-12-25 16:00:00,admin,2025-03-03 13:32:36,0,0,
771,825,10a5330200600009,causality_status,因果状态,,,1095330200000003,0,0,0,999,0,,,,,test_user,2023-12-25 16:00:00,admin,2025-03-03 13:32:36,0,0,
772,826,10a5330300700002,associated_status,关联状态,,,1095330300000006,0,0,0,999,0,,,,,test_user,2023-12-25 16:00:00,admin,2025-03-03 13:32:36,0,0,
773,827,10a5340100600007,bear_status,承载状态,,,1095340100000001,0,0,0,999,0,,,,,test_user,2023-12-25 16:00:00,admin,2025-03-03 13:32:36,0,0,
774,828,10a534020060000a,auxiliary_status,辅助状态,,,1095340200000004,0,0,0,6,0,,,,,test_user,2023-12-25 16:00:00,guochengjie,2025-03-03 13:32:36,0,0,
775,829,10a5340300800006,affect_status,影响状态,,,1095340300000007,0,0,0,999,0,,,,,test_user,2023-12-25 16:00:00,admin,2025-03-03 13:32:36,0,0,
776,830,10a5440100800003,subordinate_status,从属状态,,,1095440100000004,0,0,0,5,0,,,,,test_user,2023-12-25 16:00:00,qidekang,2025-03-03 13:32:36,0,0,
777,831,10a5440200b00002,connection_status,连接状态,,,1095440200000007,0,0,0,999,0,,,,,test_user,2023-12-25 16:00:00,admin,2025-03-03 13:32:36,0,0,
778,832,10a5440300800009,space_status,空间状态,,,109544030000000a,0,0,0,999,0,,,,,test_user,2023-12-25 16:00:00,admin,2025-03-03 13:32:36,0,0,
779,833,10a5440400a00005,bear_status,承载状态,,,1095440400000000,0,0,0,999,0,,,,,test_user,2023-12-25 16:00:00,admin,2025-03-03 13:32:36,0,0,
780,834,10a5440500800002,sense_status,感知状态,,,1095440500000003,0,0,0,999,0,,,,,test_user,2023-12-25 16:00:00,admin,2025-03-03 13:32:36,0,0,
781,835,10a5520100700001,stationing_status,驻扎状态,,,1095520100000005,0,0,0,999,0,,,,,test_user,2023-12-25 16:00:00,admin,2025-03-03 13:32:36,0,0,
782,836,10a5520200a00000,construction_status,建设状态,建设中，已完成,,1095520200000008,0,0,0,9,0,,,,,test_user,2023-12-25 16:00:00,guochengjie,2025-03-03 13:32:36,0,0,
783,837,10a5520300a00003,have_status,拥有状态,,,109552030000000b,0,0,0,999,0,,,,,test_user,2023-12-25 16:00:00,admin,2025-03-03 13:32:36,0,0,
784,838,10a5520500a00009,jurisdiction_status,管辖状态,,,1095520500000004,0,0,0,999,0,,,,,test_user,2023-12-25 16:00:00,admin,2025-03-03 13:32:36,0,0,
785,839,10a5520600a0000c,maintenance_status,维护状态,,,1095520600000007,0,0,0,999,0,,,,,test_user,2023-12-25 16:00:00,admin,2025-03-03 13:32:36,0,0,
786,840,10a5530100a0000b,participate_status,参与状态,,,1095530100000006,0,0,0,10,0,,,,,test_user,2023-12-25 16:00:00,guochengjie,2025-03-03 13:32:36,0,0,
787,841,10a5530200700005,affect_status,影响状态,,,1095530200000009,0,0,0,999,0,,,,,test_user,2023-12-25 16:00:00,admin,2025-03-03 13:32:36,0,0,
788,842,10a5530300b00007,disposal_status,处置状态,"举报, 移交, 下发, 办结",,109553030000000c,0,0,0,9,0,,,,,test_user,2023-12-25 16:00:00,guochengjie,2025-03-03 13:32:36,0,0,
789,843,10a5530400c00000,supervision_status,监管状态,,,1095530400000002,0,0,0,999,0,,,,,test_user,2023-12-25 16:00:00,admin,2025-03-03 13:32:36,0,0,
790,844,10a5530500c00003,manufacture_status,制造状态,,,1095530500000005,0,0,0,999,0,,,,,test_user,2023-12-25 16:00:00,admin,2025-03-03 13:32:36,0,0,
791,845,10a5540100a0000c,production_status,生产状态,,,1095540100000007,0,0,0,11,0,,,,,test_user,2023-12-25 16:00:00,guochengjie,2025-03-03 13:32:36,0,0,
792,846,10a554020090000c,have_status,拥有状态,,,109554020000000a,0,0,0,999,0,,,,,test_user,2023-12-25 16:00:00,admin,2025-03-03 13:32:36,0,0,
793,847,10a5540400a00008,management_status,管理状态,,,1095540400000003,0,0,0,999,0,,,,,test_user,2023-12-25 16:00:00,admin,2025-03-03 13:32:36,0,0,
794,848,10a5540500a0000b,maintenance_status,维护状态,,,1095540500000006,0,0,0,999,0,,,,,test_user,2023-12-25 16:00:00,admin,2025-03-03 13:32:36,0,0,
795,849,10a5540600b00004,design_status,设计状态,,,1095540600000009,0,0,0,999,0,,,,,test_user,2023-12-25 16:00:00,admin,2025-03-03 13:32:36,0,0,
796,850,10a5540700700008,use_status,使用状态,,,109554070000000c,0,0,0,5,0,,,,,test_user,2023-12-25 16:00:00,guochengjie,2025-03-03 13:32:36,0,0,
797,851,10a555010090000a,manage_status,下辖状态,,,1095550100000008,0,0,0,999,0,,,,,test_user,2023-12-25 16:00:00,admin,2025-03-03 13:32:36,0,0,
798,852,10a5550300900003,jurisdiction_status,指导状态,,,1095550300000001,0,0,0,8,0,,,,,test_user,2023-12-25 16:00:00,guochengjie,2025-03-03 13:32:36,0,0,
799,853,10a5550400b0000c,collaboration_status,协作状态,,,1095550400000004,0,0,0,999,0,,,,,test_user,2023-12-25 16:00:00,admin,2025-03-03 13:32:36,0,0,
800,854,10a5550500900009,competition_status,竞争状态,,,1095550500000007,0,0,0,999,0,,,,,test_user,2023-12-25 16:00:00,admin,2025-03-03 13:32:36,0,0,
801,855,106501000010000c,identification_code,证件号,,简化属性，人物拥有，物识别码,105101000000000b,0,0,1,0,1,1095140400000004,109614041000400b,,1065040000100002,test_user,2024-01-10 09:15:07,guochengjie,2025-03-04 00:20:32,0,0,
802,857,1065020000100000,identification_code,识别码,,,105102000000000c,0,0,1,0,0,,,,,admin,2024-01-10 09:15:27,qidekang,2024-11-06 17:03:20,0,0,
803,859,1065030000100001,identification_code,识别码,,,1051030000000000,0,0,1,0,0,,,,,admin,2024-01-10 09:15:47,qidekang,2024-11-06 17:03:20,0,0,
804,887,1065050000d00000,income,收入,,,1051050000000002,0,0,0,999,0,,,,,admin,2024-01-15 17:09:22,admin,2025-03-03 13:32:46,1,0,
805,888,1065050000e00003,cost,成本,,,1051050000000002,0,0,0,999,0,,,,,admin,2024-01-15 17:09:55,admin,2025-03-03 13:32:46,1,0,
806,898,1069010000100009,user_group_id,编号,,,105101000000000b,1,1,1,2,0,,,,,test_user,2024-01-15 19:48:41,chenshun,2025-03-03 13:20:51,1,0,
807,899,106901000020000c,name,名称,,,105101000000000b,1,0,0,37,0,,,,,admin,2024-01-15 19:49:12,chenshun,2025-03-03 13:32:46,1,0,
808,900,1069010000300002,amount,人员数量,,,105101000000000b,1,0,0,24,0,,,,,test_user,2024-01-15 19:50:03,guochengjie,2025-03-03 13:32:46,0,0,
809,901,106902000010000a,region_group_id,编号,,,105102000000000c,1,1,1,999,0,,,,,test_user,2024-01-15 19:50:23,admin,2025-03-03 13:20:51,1,0,
810,902,1069020000200000,name,名称,,,105102000000000c,1,0,0,999,0,,,,,admin,2024-01-15 19:54:28,test_user,2025-03-03 13:32:46,1,0,
811,903,1069020000300003,amount,数量,,,105102000000000c,1,0,0,12,0,,,,,admin,2024-01-15 19:54:40,qidekang,2025-03-03 13:32:46,0,0,
812,904,106903000010000b,event_group_id,编号,,,1051030000000000,1,1,1,3,0,,,,,test_user,2024-01-15 19:55:04,qidekang,2025-03-03 13:20:51,1,0,
813,905,1069030000200001,name,名称,,,1051030000000000,1,0,0,15,0,,,,,admin,2024-01-15 19:56:37,qidekang,2025-03-03 13:32:46,1,0,
814,906,1069030000300004,amount,事件数量,未完成数量，完成数量，成功数量，失败数量等,,1051030000000000,1,0,0,18,0,,,,,test_user,2024-01-15 19:56:47,guochengjie,2025-03-03 13:32:46,0,0,
815,907,106904000010000c,object_group_id,编号,,,1051040000000001,1,1,1,2,0,,,,,test_user,2024-01-15 20:00:02,qidekang,2025-03-03 13:20:51,1,0,
816,908,1069040000200002,name,名称,,,1051040000000001,1,0,0,17,0,,,,,admin,2024-01-15 20:00:11,qidekang,2025-03-03 13:32:46,1,0,
817,909,1069040000300005,amount,物品数量,,,1051040000000001,1,0,0,16,0,,,,,test_user,2024-01-15 20:00:20,guochengjie,2025-03-03 13:32:46,0,0,
818,910,1069050000100000,organization_group_id,编号,,,1051050000000002,1,1,1,2,0,,,,,test_user,2024-01-15 20:00:40,qidekang,2025-03-03 13:20:51,1,0,
819,911,1069050000200003,name,名称,,,1051050000000002,1,0,0,14,0,,,,,admin,2024-01-15 20:00:49,qidekang,2025-03-03 13:32:46,1,0,
820,912,1069050000300006,amount,组织数量,,,1051050000000002,1,0,0,16,0,,,,,test_user,2024-01-15 20:00:59,guochengjie,2025-03-03 13:32:46,0,0,
821,915,1065040001300004,price,价格,,,1051040000000001,0,0,0,7,0,,,,,admin,2024-01-16 15:32:30,qidekang,2025-03-03 13:32:46,0,0,
822,916,1065030000d0000b,time,时间,,,1051030000000000,0,0,0,999,0,,,,,admin,2024-01-16 15:50:23,admin,2025-03-03 13:32:46,1,0,
823,917,1065020001400005,location,定位,,,105102000000000c,0,0,0,999,0,,,,,admin,2024-01-16 16:02:52,admin,2025-03-03 13:32:46,1,0,
824,933,1065010001900006,hobby,爱好,,,105101000000000b,0,0,0,11,0,,,,,admin,2024-01-16 16:29:48,qidekang,2025-03-03 13:32:46,0,0,
825,1750,10a5110100d00006,start_time,服务开始时间,,,1095110100000005,0,0,0,999,0,,,,,admin,2024-04-09 17:43:38,admin,2025-03-03 13:32:46,1,0,
826,1751,10a511020090000a,start_time,冲突发生时间,,,1095110200000008,0,0,0,999,0,,,,,admin,2024-04-09 17:46:16,admin,2025-03-03 13:32:46,1,0,
827,1752,1065010001a00009,income,收入情况,,简化属性，人物拥有，物数量,105101000000000b,0,0,0,27,1,1095140400000004,1096140410010002,,1069040000300005,test_user,2024-04-15 21:10:00,guochengjie,2025-03-04 00:21:39,0,0,
828,1753,1065010001b0000c,balance_situation,资产情况,,简化属性，人物拥有，物数量,105101000000000b,0,0,0,26,1,1095140400000004,109614041000100a,,1069040000300005,test_user,2024-04-15 21:10:44,guochengjie,2025-03-04 00:21:30,0,0,
829,1754,1065010001c00002,employment status,就业情况,,,105101000000000b,0,0,0,999,0,,,,,admin,2024-04-15 21:11:07,admin,2025-03-03 13:32:46,1,0,
830,1755,1065030000e00001,influence,影响,,,1051030000000000,0,0,0,12,0,,,,,admin,2024-04-15 21:12:35,qidekang,2025-03-03 13:32:46,0,0,
831,1756,1065030000f00004,significance,意义,,,1051030000000000,0,0,0,17,0,,,,,admin,2024-04-15 21:12:54,qidekang,2025-03-03 13:32:46,1,0,
832,1757,1065030001000007,deadline,期限,,,1051030000000000,0,0,0,18,0,,,,,admin,2024-04-15 21:13:14,qidekang,2025-03-03 13:32:46,1,0,
833,1758,1065050000f00006,mode_establishment,成立方式,,,1051050000000002,0,0,0,999,0,,,,,test_user,2024-04-15 21:14:02,admin,2025-03-03 13:32:46,1,0,
834,1759,1065050001000009,property,资产,,,1051050000000002,0,0,0,999,0,,,,,admin,2024-04-15 21:14:24,admin,2025-03-03 13:32:46,1,0,
835,1760,106505000110000c,ratal,纳税额,,,1051050000000002,0,0,0,999,0,,,,,admin,2024-04-15 21:14:53,admin,2025-03-03 13:32:46,1,0,
836,1761,1065050001200002,profit,利润,,,1051050000000002,0,0,0,999,0,,,,,admin,2024-04-15 21:15:11,admin,2025-03-03 13:32:46,1,0,
837,1762,1065050001300005, liabilities,负债,,,1051050000000002,0,0,0,999,0,,,,,admin,2024-04-15 21:15:30,admin,2025-03-03 13:32:46,1,0,
838,1763,1065050001400008,revenue,营收,,,1051050000000002,0,0,0,999,0,,,,,admin,2024-04-15 21:15:48,admin,2025-03-03 13:32:46,1,0,
839,1764,106505000150000b,business_scope,经营范围,,,1051050000000002,0,0,0,5,0,,,,,test_user,2024-04-15 21:16:27,qidekang,2025-03-03 13:32:46,0,0,
840,1765,1065010001d00005,body_index,身体指标,,,105101000000000b,0,0,0,999,0,,,,,test_user,2024-04-15 21:17:10,admin,2025-03-03 13:32:46,1,0,
841,1766,1065010001e00008,employment status,就职状态,,,105101000000000b,0,0,0,27,0,,,,,admin,2024-04-15 21:18:01,qidekang,2025-03-03 13:32:46,1,0,
842,1767,1065010001f0000b,condition,状态,健康状态，就业状态，生存状态,,105101000000000b,0,0,0,19,0,,,,,test_user,2024-04-15 21:21:02,qidekang,2025-03-03 13:32:46,0,0,
843,1768,10a5120800c0000c,measure,使用措施,,,1095120800000001,0,0,0,999,0,,,,,test_user,2024-04-15 21:21:33,admin,2025-03-03 13:32:46,0,0,
844,1769,106503000110000a,person_charge,责任人,,简化属性，人事发起，人姓名,1051030000000000,0,0,0,17,1,1095130100000007,1096130120006007,,1065010000300005,test_user,2024-04-15 21:22:21,guochengjie,2025-03-05 14:09:35,0,0,
845,1770,1065030001200000,scenes,发生地点,,简化属性，地事承载，地名称,1051030000000000,0,0,0,18,1,109523010000000a,1096230120001004,,1065020000300006,test_user,2024-04-15 21:22:50,guochengjie,2025-03-05 14:09:40,0,0,
846,1771,1065030001300003, tool,所用工具,,简化属性，物事承载，物名称,1051030000000000,0,0,0,19,1,1095340100000001,1096340120006001,,1065040000300008,test_user,2024-04-15 21:23:13,guochengjie,2025-03-05 14:09:44,0,0,
847,1772,1065030001400006,responsible_organization,责任单位,,简化属性，组织事制造，组织名称,1051030000000000,0,0,0,20,1,1095530500000005,1096530520004000,,1065050000300009,test_user,2024-04-15 21:23:44,guochengjie,2025-03-05 14:09:48,0,0,
848,1773,10a5120200a00001,means_transportation,交通方式,步行、乘车、自驾,,1095120200000009,0,0,0,999,0,,,,,test_user,2024-04-15 21:24:39,admin,2025-03-03 13:32:46,0,0,
849,1774,1065010002000001,contact_information,联系方式,,简化属性，人物拥有，物识别码,105101000000000b,0,0,0,6,1,1095140400000004,1096140410003002,,1065040000100002,test_user,2024-04-15 21:25:05,guochengjie,2025-03-04 00:20:36,0,0,
850,1775,1065030001500009,target,目标,,,1051030000000000,0,0,0,16,0,,,,,admin,2024-04-15 21:26:33,qidekang,2025-03-03 13:32:46,1,0,
851,1776,1065010002100004,seniority,工龄,,简化属性，在多个人组织从属中叠加的工龄,105101000000000b,0,0,0,24,1,1095150300000002,1096150310001008,10a5150300e00006,,test_user,2024-04-15 21:26:57,guochengjie,2025-03-04 00:21:23,0,0,
852,1777,10a515060040000b,Intended_position,意向岗位,,,109515060000000b,0,0,0,999,0,,,,,admin,2024-04-15 21:27:54,test_user,2025-03-03 13:32:46,1,0,
853,1778,1065040001400007,use_pattern,使用方式,口服给药、肌内注射、皮下注射、静脉注射、静脉滴注、吸入给药、直肠给药,,1051040000000001,0,0,0,15,0,,,,,test_user,2024-04-15 21:28:43,guochengjie,2025-03-03 13:32:46,0,0,
854,1779,106504000150000a,usage_amount,使用量,,,1051040000000001,0,0,0,19,0,,,,,admin,2024-04-15 21:29:08,qidekang,2025-03-03 13:32:46,1,0,
855,1781,106503000160000c,frequency,发生频次,每日，每周，每月，每年,,1051030000000000,0,0,0,16,0,,,,,test_user,2024-04-15 21:33:11,qidekang,2025-03-03 13:32:46,0,0,
856,1782,10a5110500c00002,type,指导类型,,,1095110500000004,0,0,0,11,0,,,,,test_user,2024-04-15 21:33:45,guochengjie,2025-03-03 13:32:46,0,0,
857,1783,10a515030100000c,dimission_mode,终止方式,,,1095150300000002,0,0,0,7,0,,,,,test_user,2024-04-15 21:34:48,guochengjie,2025-03-03 13:32:46,0,0,
858,1784,10a5150400a0000a,amount_of_money,实物金额,,,1095150400000005,0,0,0,4,0,,,,,test_user,2024-04-15 21:36:39,qidekang,2025-03-03 13:32:46,0,0,
859,1785,1065040001600000,charge,费用,,,1051040000000001,0,0,0,999,0,,,,,admin,2024-04-15 21:37:06,admin,2025-03-03 13:32:46,1,0,
860,1786,1065010002200007,religion,宗教信仰,,,105101000000000b,0,0,0,6,0,,,,,admin,2024-04-15 21:37:34,qidekang,2025-03-03 13:32:46,0,0,
861,1787,1065040001700003,compliance_standard,合规标准,,简化属性，物物关联，物名称,1051040000000001,0,0,0,20,1,1095440600000006,109644063000200a,,1065040000300008,test_user,2024-04-15 21:38:01,qidekang,2025-03-13 10:24:54,1,0,
862,1788,106501000230000a,character,性格,,,105101000000000b,0,0,0,10,0,,,,,admin,2024-04-15 21:38:18,qidekang,2025-03-03 13:32:46,0,0,
863,1789,1065050001600001,income,收入,,,1051050000000002,0,0,0,999,0,,,,,admin,2024-04-15 21:38:56,admin,2025-03-03 13:32:46,1,0,
864,1790,1065050001700004,Income_type,收入类型,,,1051050000000002,0,0,0,999,0,,,,,admin,2024-04-15 21:39:20,admin,2025-03-03 13:32:46,1,0,
865,1791,10a5130100d00008,result,最终结果,,,1095130100000007,0,0,0,999,0,,,,,test_user,2024-04-15 21:39:50,admin,2025-03-03 13:32:46,0,0,
866,1792,10a5150600500001,Whether_to_obey_the_regulation,是否服从调剂,,,109515060000000b,0,0,0,999,0,,,,,admin,2024-04-15 21:40:30,test_user,2025-03-03 13:32:46,1,0,
867,1793,10a5150600600004,duration,时间,,,109515060000000b,0,0,0,999,0,,,,,test_user,2024-04-18 18:16:26,admin,2025-03-03 13:32:46,1,0,
868,1794,10a5110100e00009,customer_demand,客户需求,,,1095110100000005,0,0,0,10,0,,,,,admin,2024-04-18 20:24:57,qidekang,2025-03-03 13:32:46,0,0,
869,1795,10a5110300a00003,start_time,开始管理时间,,,109511030000000b,0,0,0,999,0,,,,,admin,2024-04-18 20:28:34,admin,2025-03-03 13:32:46,1,0,
870,1796,10a5110400b00009,start_time,开始合作时间,,,1095110400000001,0,0,0,999,0,,,,,admin,2024-04-18 20:31:00,admin,2025-03-03 13:32:46,1,0,
871,1797,10a5110500d00005,start_time,开始指导时间,,,1095110500000004,0,0,0,999,0,,,,,admin,2024-04-18 20:36:25,admin,2025-03-03 13:32:46,1,0,
872,1798,10a5120100a0000b,start_time,入驻时间,,,1095120100000006,0,0,0,999,0,,,,,admin,2024-04-18 21:03:39,test_user,2025-03-03 13:32:46,0,0,
873,1799,10a5110600700003,start_time,血缘开始时间,,,1095110600000007,0,0,0,999,0,,,,,admin,2024-04-18 21:32:30,test_user,2025-03-03 13:32:46,1,0,
874,1800,10a5110700a00002,start_time,婚姻开始时间,,,109511070000000a,0,0,0,999,0,,,,,admin,2024-04-18 21:32:44,test_user,2025-03-03 13:32:46,1,0,
875,1801,10a5110800700009,start_time,开始收养时间,,,1095110800000000,0,0,0,999,0,,,,,admin,2024-04-18 21:32:54,test_user,2025-03-03 13:32:46,1,0,
876,1802,10a5110900400003,start_time,意向开始时间,,,1095110900000003,0,0,0,999,0,,,,,admin,2024-04-18 21:33:11,test_user,2025-03-03 13:32:46,1,0,
877,1803,10a5120200b00004,start_time,到访时间,,,1095120200000009,0,0,0,999,0,,,,,test_user,2024-04-18 21:33:46,admin,2025-03-03 13:32:46,0,0,
878,1804,10a5120300700008,start_time,开始途径时间,,,109512030000000c,0,0,0,999,0,,,,,admin,2024-04-18 21:34:10,admin,2025-03-03 13:32:46,1,0,
879,1805,10a5120400d00003,start_time,开工时间,,,1095120400000002,0,0,0,999,0,,,,,test_user,2024-04-18 21:34:21,admin,2025-03-03 13:32:46,0,0,
880,1806,10a5120500b00000,start_time,开始拥有时间,,,1095120500000005,0,0,0,999,0,,,,,admin,2024-04-18 21:34:43,admin,2025-03-03 13:32:46,1,0,
881,1807,10a5120700e00002,start_time,开始管理时间,,,109512070000000b,0,0,0,999,0,,,,,admin,2024-04-18 21:34:56,admin,2025-03-03 13:32:46,1,0,
882,1808,10a5120800d00002,start_time,开始维护时间,,,1095120800000001,0,0,0,999,0,,,,,admin,2024-04-18 21:35:08,admin,2025-03-03 13:32:46,1,0,
883,1809,10a5120900400004,start_time,意向开始时间,,,1095120900000004,0,0,0,999,0,,,,,admin,2024-04-18 21:35:16,test_user,2025-03-03 13:32:46,1,0,
884,1810,10a5130100e0000b,start_time,事件发生时间,,,1095130100000007,0,0,0,999,0,,,,,test_user,2024-04-18 21:35:36,admin,2025-03-03 13:32:46,1,0,
885,1811,10a5130200b00005,start_time,参与时间,,,109513020000000a,0,0,0,999,0,,,,,test_user,2024-04-18 21:35:47,admin,2025-03-03 13:32:46,1,0,
886,1812,10a5130300c0000b,start_time,开始处置时间,,,1095130300000000,0,0,0,999,0,,,,,admin,2024-04-18 21:35:58,admin,2025-03-03 13:32:46,1,0,
887,1813,10a5130400d00004,start_time,开始监管时间,,,1095130400000003,0,0,0,999,0,,,,,admin,2024-04-18 21:36:08,admin,2025-03-03 13:32:46,1,0,
888,1814,10a5130500800005,start_time,影响开始时间,,,1095130500000006,0,0,0,999,0,,,,,admin,2024-04-18 21:36:17,admin,2025-03-03 13:32:46,1,0,
889,1815,10a513070040000c,start_time,意向出现时间,,,109513070000000c,0,0,0,999,0,,,,,admin,2024-04-18 21:36:43,test_user,2025-03-03 13:32:46,1,0,
890,1816,10a5140100c00006,start_time,开始设计时间,,,1095140100000008,0,0,0,999,0,,,,,admin,2024-04-18 22:45:18,admin,2025-03-03 13:32:46,1,0,
891,1817,10a5140200c00009,start_time,开始制造时间,,,109514020000000b,0,0,0,999,0,,,,,admin,2024-04-18 22:45:31,admin,2025-03-03 13:32:46,1,0,
892,1818,10a5140300a00006,start_time,开始使用时间,,,1095140300000001,0,0,0,999,0,,,,,admin,2024-04-18 22:45:45,admin,2025-03-03 13:32:46,1,0,
893,1819,10a5140400a00009,start_time,开始拥有时间,,,1095140400000004,0,0,0,999,0,,,,,admin,2024-04-18 22:45:58,admin,2025-03-03 13:32:46,1,0,
894,1820,10a5140600e00001,start_time,开始管理时间,,,109514060000000a,0,0,0,999,0,,,,,admin,2024-04-18 22:46:11,admin,2025-03-03 13:32:46,1,0,
895,1821,10a5140700d00001,start_time,开始维护时间,,,1095140700000000,0,0,0,999,0,,,,,admin,2024-04-18 22:46:23,admin,2025-03-03 13:32:46,1,0,
896,1822,10a5140800900005,start_time,开始感知时间,,,1095140800000003,0,0,0,999,0,,,,,admin,2024-04-18 22:46:36,admin,2025-03-03 13:32:46,1,0,
897,1823,10a5150100b00004,start_time,创立时间,,,1095150100000009,0,0,0,1,0,,,,,test_user,2024-04-18 22:47:54,guochengjie,2025-03-03 13:32:46,0,0,
898,1824,10a5150200b00007,start_time,开始管理时间,,,109515020000000c,0,0,0,999,0,,,,,admin,2024-04-18 22:48:03,admin,2025-03-03 13:32:46,1,0,
899,1825,10a5150301100002,start_time,起始时间,,,1095150300000002,0,0,0,3,0,,,,,test_user,2024-04-18 22:48:14,guochengjie,2025-03-03 13:32:46,0,0,
900,1826,10a5150400b00000,start_time,授予时间,,,1095150400000005,0,0,0,999,0,,,,,test_user,2024-04-18 22:48:23,admin,2025-03-03 13:32:46,1,0,
901,1827,10a5150500c00006,start_time,起始时间,,,1095150500000008,0,0,0,1,0,,,,,test_user,2024-04-18 22:48:34,guochengjie,2025-03-03 13:32:46,0,0,
902,1828,10a5150600700007,start_time,意向产生时间,,,109515060000000b,0,0,0,999,0,,,,,admin,2024-04-18 22:48:45,test_user,2025-03-03 13:32:46,1,0,
903,1829,10a5220100800008,start_time,从属开始时间,,,1095220100000009,0,0,0,999,0,,,,,admin,2024-04-18 22:48:55,admin,2025-03-03 13:32:46,1,0,
904,1830,10a5220200a00004,start_time,连接开始时间,,,109522020000000c,0,0,0,999,0,,,,,admin,2024-04-18 22:49:03,admin,2025-03-03 13:32:46,1,0,
905,1831,10a5220300900004,start_time,开始时间,,,1095220300000002,0,0,0,999,0,,,,,test_user,2024-04-18 22:49:15,admin,2025-03-03 13:32:46,1,0,
906,1832,10a5220400a0000a,start_time,建成时间,,,1095220400000005,0,0,0,999,0,,,,,test_user,2024-04-18 22:49:27,guochengjie,2025-03-03 13:32:46,1,0,
907,1833,10a5230100700006,start_time,承载开始时间,,,109523010000000a,0,0,0,999,0,,,,,admin,2024-04-18 22:49:37,admin,2025-03-03 13:32:46,1,0,
908,1834,10a5230300900005,start_time,影响开始时间,,,1095230300000003,0,0,0,999,0,,,,,admin,2024-04-18 22:49:50,admin,2025-03-03 13:32:46,1,0,
909,1838,10a5240200800000,start_time,进入时间,,,1095240200000001,0,0,0,999,0,,,,,test_user,2024-04-18 22:53:41,admin,2025-03-03 13:32:46,0,0,
910,1839,10a5240300700000,start_time,开始服务时间,,,1095240300000004,0,0,0,999,0,,,,,test_user,2024-04-18 22:53:50,admin,2025-03-03 13:32:46,1,0,
911,1840,10a5330100900002,start_time,开始时间,,,1095330100000000,0,0,0,999,0,,,,,test_user,2024-04-18 22:54:04,admin,2025-03-03 13:32:46,1,0,
912,1841,10a533020070000c,start_time,因果产生时间,,,1095330200000003,0,0,0,999,0,,,,,admin,2024-04-18 22:54:19,admin,2025-03-03 13:32:46,1,0,
913,1842,10a5330300800005,start_time,关联开始时间,,,1095330300000006,0,0,0,999,0,,,,,admin,2024-04-18 22:54:28,admin,2025-03-03 13:32:46,1,0,
914,1843,10a534010070000a,start_time,开始记录时间,,,1095340100000001,0,0,0,999,0,,,,,test_user,2024-04-18 22:54:40,admin,2025-03-03 13:32:46,1,0,
915,1844,10a5340200700000,start_time,开始生效时间,,,1095340200000004,0,0,0,999,0,,,,,test_user,2024-04-18 22:54:50,admin,2025-03-03 13:32:46,1,0,
916,1845,10a5340300900009,start_time,产生影响时间,,,1095340300000007,0,0,0,999,0,,,,,test_user,2024-04-18 22:54:58,admin,2025-03-03 13:32:46,1,0,
917,1846,10a5440100900006,start_time,从属开始时间,,,1095440100000004,0,0,0,999,0,,,,,admin,2024-04-18 22:55:08,admin,2025-03-03 13:32:46,1,0,
918,1847,10a5440200c00005,start_time,开始连通时间,,,1095440200000007,0,0,0,999,0,,,,,test_user,2024-04-18 22:55:18,admin,2025-03-03 13:32:46,1,0,
919,1848,10a544030090000c,start_time,开始时间,,,109544030000000a,0,0,0,999,0,,,,,test_user,2024-04-18 22:55:26,admin,2025-03-03 13:32:46,1,0,
920,1849,10a5440400b00008,start_time,开始承载时间,,,1095440400000000,0,0,0,999,0,,,,,test_user,2024-04-18 22:55:35,admin,2025-03-03 13:32:46,1,0,
921,1850,10a5440500900005,start_time,开始感知时间,,,1095440500000003,0,0,0,999,0,,,,,test_user,2024-04-18 22:55:43,admin,2025-03-03 13:32:46,1,0,
922,1851,10a5520100800004,start_time,入驻时间,,,1095520100000005,0,0,0,999,0,,,,,test_user,2024-04-18 22:55:54,admin,2025-03-03 13:32:46,0,0,
923,1852,10a5520200b00003,start_time,开工时间,,,1095520200000008,0,0,0,2,0,,,,,test_user,2024-04-18 22:56:05,guochengjie,2025-03-03 13:32:46,0,0,
924,1853,10a5520300b00006,start_time,入手时间,,,109552030000000b,0,0,0,999,0,,,,,test_user,2024-04-18 22:56:14,admin,2025-03-03 13:32:46,0,0,
925,1854,10a5520500b0000c,start_time,开始管理时间,,,1095520500000004,0,0,0,999,0,,,,,test_user,2024-04-18 22:56:21,admin,2025-03-03 13:32:46,1,0,
926,1855,10a5520600b00002,start_time,开始维护时间,,,1095520600000007,0,0,0,999,0,,,,,test_user,2024-04-18 22:56:31,admin,2025-03-03 13:32:46,1,0,
927,1856,10a5530100b00001,start_time,开始参与时间,,,1095530100000006,0,0,0,999,0,,,,,admin,2024-04-18 22:56:45,admin,2025-03-03 13:32:46,1,0,
928,1857,10a5530200800008,start_time,产生影响时间,,,1095530200000009,0,0,0,999,0,,,,,test_user,2024-04-18 22:57:02,admin,2025-03-03 13:32:46,1,0,
929,1858,10a5530300c0000a,start_time,开始处置时间,,,109553030000000c,0,0,0,999,0,,,,,test_user,2024-04-18 22:57:09,admin,2025-03-03 13:32:46,1,0,
930,1859,10a5530400d00003,start_time,监管开始时间,,,1095530400000002,0,0,0,999,0,,,,,admin,2024-04-18 22:57:17,admin,2025-03-03 13:32:46,1,0,
931,1860,10a5530500d00006,start_time,开始制造时间,,,1095530500000005,0,0,0,999,0,,,,,test_user,2024-04-18 22:57:29,admin,2025-03-03 13:32:46,1,0,
932,1861,10a5540100b00002,start_time,开始生产时间,,,1095540100000007,0,0,0,999,0,,,,,test_user,2024-04-18 22:57:54,admin,2025-03-03 13:32:46,1,0,
933,1862,10a5540200a00002,start_time,入手时间,,,109554020000000a,0,0,0,999,0,,,,,test_user,2024-04-18 22:58:03,admin,2025-03-03 13:32:46,0,0,
934,1863,10a5540400b0000b,start_time,开始管理时间,,,1095540400000003,0,0,0,999,0,,,,,test_user,2024-04-18 22:58:10,admin,2025-03-03 13:32:46,1,0,
935,1864,10a5540500b00001,start_time,开始维护时间,,,1095540500000006,0,0,0,999,0,,,,,test_user,2024-04-18 22:58:18,admin,2025-03-03 13:32:46,1,0,
936,1865,10a5540600c00007,start_time,开始设计时间,,,1095540600000009,0,0,0,999,0,,,,,test_user,2024-04-18 22:58:27,admin,2025-03-03 13:32:46,1,0,
937,1866,10a554070080000b,start_time,开始使用时间,,,109554070000000c,0,0,0,999,0,,,,,test_user,2024-04-18 22:58:48,admin,2025-03-03 13:32:46,1,0,
938,1867,10a5550100a00000,start_time,开始管理时间,,,1095550100000008,0,0,0,999,0,,,,,test_user,2024-04-18 22:59:11,admin,2025-03-03 13:32:46,1,0,
939,1868,10a5550300a00006,start_time,开始检查时间,,,1095550300000001,0,0,0,999,0,,,,,test_user,2024-04-18 22:59:20,admin,2025-03-03 13:32:46,1,0,
940,1869,10a5550400c00002,start_time,开始时间,,,1095550400000004,0,0,0,999,0,,,,,test_user,2024-04-18 22:59:28,admin,2025-03-03 13:32:46,1,0,
941,1870,10a5550500a0000c,start_time,竞争开始时间,,,1095550500000007,0,0,0,999,0,,,,,admin,2024-04-18 22:59:49,admin,2025-03-03 13:32:46,1,0,
942,1871,10a514090010000a,test,测试,,,1095140900000006,0,0,0,999,0,,,,,admin,2024-04-19 22:33:59,test_user,2025-03-03 13:32:46,1,0,
943,1872,10a5140a00100000,object_user_effect_id,编号,,,1095140a00000009,0,1,1,999,0,,,,,admin,2024-04-21 22:27:21,admin,2025-03-03 13:32:36,0,0,
944,1873,10a5140a00200003,type,影响类型,损害健康、财产损失,,1095140a00000009,0,0,0,999,0,,,,,test_user,2024-04-21 22:28:00,admin,2025-03-03 13:32:46,0,0,
945,1874,10a5140a00300006,effect_status,影响状态,,,1095140a00000009,0,0,0,999,0,,,,,admin,2024-04-21 22:28:25,test_user,2025-03-03 13:32:46,0,0,
946,1875,10a5140a00400009,start_time,开始影响时间,,,1095140a00000009,0,0,0,999,0,,,,,admin,2024-04-21 22:28:57,admin,2025-03-03 13:32:46,1,0,
947,1876,10a5140a0050000c,end_time,影响消除时间,,,1095140a00000009,0,0,0,999,0,,,,,admin,2024-04-21 22:29:10,admin,2025-03-03 13:32:46,1,0,
948,1877,10a5140a00600002,duration,持续时长,,,1095140a00000009,0,0,0,999,0,,,,,test_user,2024-04-21 22:29:30,admin,2025-03-03 13:32:46,0,0,
949,1878,10a5140a00700005,description,详情描述,,,1095140a00000009,0,0,0,999,0,,,,,admin,2024-04-21 22:31:47,test_user,2025-03-03 13:32:46,0,0,
950,1879,10a5140a00800008,impact_level,影响程度,一级伤残、二级伤残,,1095140a00000009,0,0,0,999,0,,,,,test_user,2024-04-21 22:32:34,admin,2025-03-03 13:32:46,0,0,
951,1880,10a5220400b00000,region_region_bear_id,编号,,,1095220400000005,0,1,1,999,0,,,,,test_user,2024-04-21 23:32:15,guochengjie,2025-03-03 13:32:36,1,0,
952,1882,10a5230100800009,tesa,sadf,sdfa,,109523010000000a,0,0,0,999,0,,,,,admin,2024-04-23 08:31:26,admin,2025-03-03 13:32:46,1,0,
953,1883,10a5240100900000,start_time,物品出现时间,,,109524010000000b,0,0,0,999,0,,,,,admin,2024-04-23 08:47:58,admin,2025-03-03 13:32:46,1,0,
954,1884,10a5440500a00008,object_object_perception_id,编号,,,1095440500000003,0,1,1,999,0,,,,,test_user,2024-04-23 09:02:13,admin,2025-03-03 13:32:36,0,0,
955,1885,10a5550300b00009,type,指导类型,税务稽查、消防排查、环卫检查,,1095550300000001,0,0,0,9,0,,,,,test_user,2024-04-23 11:32:55,guochengjie,2025-03-03 13:32:46,0,0,
956,1886,10a5110a0010000a,user_user_kinship_id,编号,,,1095110a00000006,0,1,1,0,0,,,,,admin,2024-04-23 11:42:31,guochengjie,2025-03-03 13:32:36,0,0,
957,1887,10a5110a00200000,type,亲属类型,"直系血亲, 旁系血亲, 夫妻, 姻亲, 收养子女",,1095110a00000006,0,0,0,1,0,,,,,test_user,2024-04-23 11:43:33,guochengjie,2025-03-03 13:32:46,0,0,
958,1888,10a5110a00300003,appellation,称谓,"父亲, 母亲, 儿子, 女儿, 祖父/外祖父, 祖母/外祖母, 哥哥/弟弟, 姐姐/妹妹, 孙子/外孙子, 孙女/外孙女, 叔伯/舅舅, 姑父/姨父, 堂/表兄弟, 堂/表姐妹, 侄子/外甥, 侄女/外甥女, 丈夫, 妻子, 前妻, 前夫, 丈夫, 妻子, 岳父/公公, 岳母/婆婆, 嫂子/弟媳, 姐夫/妹夫, 女婿, 儿媳, 婶婶/舅妈, 婶婶/舅妈, 继父, 继母, 继子, 继女, 养父/养母, 养子/养女",,1095110a00000006,0,0,0,2,0,,,,,test_user,2024-04-23 11:46:03,guochengjie,2025-03-03 13:32:46,0,0,
959,1889,10a5110a00400006,start_time,亲属关系建立时间,,,1095110a00000006,0,0,0,999,0,,,,,test_user,2024-04-23 11:54:36,admin,2025-03-03 13:32:46,1,0,
960,1890,10a5110a00500009,end_time,亲属关系消失时间,,,1095110a00000006,0,0,0,999,0,,,,,admin,2024-04-23 11:54:56,admin,2025-03-03 13:32:46,1,0,
961,1891,10a5110a0060000c,duration,持续时长,,,1095110a00000006,0,0,0,4,0,,,,,admin,2024-04-23 11:55:28,guochengjie,2025-03-03 13:32:46,0,0,
962,1892,10a5110a00700002,kinship_status,亲属状态,订婚、结婚、离异等,,1095110a00000006,0,0,0,6,0,,,,,test_user,2024-04-23 11:55:47,guochengjie,2025-03-03 13:32:46,0,0,
963,1893,10a5110000100006,friend,朋友,,,1095110000000002,0,0,0,999,0,,,,,admin,2024-04-23 12:07:43,admin,2025-03-03 13:32:46,1,0,
964,1894,10a5110b00100000,user_user_friend_id,编号,,,1095110b00000009,0,1,1,0,0,,,,,admin,2024-04-23 12:09:30,guochengjie,2025-03-03 13:32:36,0,0,
965,1895,10a5110b00200003,type,朋友类型,情侣，同学，同事,,1095110b00000009,0,0,0,1,0,,,,,admin,2024-04-23 12:10:46,guochengjie,2025-03-03 13:32:46,0,0,
966,1896,10a5110b00300006,appellation,称谓,,,1095110b00000009,0,0,0,2,0,,,,,admin,2024-04-23 12:10:59,guochengjie,2025-03-03 13:32:46,0,0,
967,1897,10a5110b00400009,start_time,建立关系时间,,,1095110b00000009,0,0,0,999,0,,,,,test_user,2024-04-23 12:11:27,admin,2025-03-03 13:32:46,1,0,
968,1898,10a5110b0050000c,end_time,关系结束时间,,,1095110b00000009,0,0,0,999,0,,,,,test_user,2024-04-23 12:11:43,admin,2025-03-03 13:32:46,1,0,
969,1899,10a5110b00600002,duration,持续时长,,,1095110b00000009,0,0,0,4,0,,,,,admin,2024-04-23 12:11:52,guochengjie,2025-03-03 13:32:46,0,0,
970,1900,10a5110b00700005,friend_status,朋友状态,,,1095110b00000009,0,0,0,6,0,,,,,test_user,2024-04-23 12:12:03,guochengjie,2025-03-03 13:32:46,0,0,
971,1901,10a5140b00100003,user_object_transfer_id,编号,,,1095140b0000000c,0,1,1,0,0,,,,,test_user,2024-04-23 12:27:12,qidekang,2025-03-03 13:32:36,0,0,
972,1902,10a5140b00200006,type,出让类型,抵押，出让，捐赠，许可，授权，购买,,1095140b0000000c,0,0,0,1,0,,,,,test_user,2024-04-23 12:27:22,guochengjie,2025-03-03 13:32:46,0,0,
973,1903,10a5140b00300009,motivation,出让原因,"变现需求, 福利捐赠, 废弃处理",,1095140b0000000c,0,0,0,2,0,,,,,test_user,2024-04-23 12:28:21,qidekang,2025-03-03 13:32:46,0,0,
974,1904,10a5140b0040000c,mode,出让方式,"拍卖, 招标, 挂牌",,1095140b0000000c,0,0,0,3,0,,,,,test_user,2024-04-23 12:28:38,qidekang,2025-03-03 13:32:46,0,0,
975,1905,10a5140b00500002,result,出让结果,"现金收入, 荣誉奖励",,1095140b0000000c,0,0,0,4,0,,,,,test_user,2024-04-23 12:29:06,qidekang,2025-03-03 13:32:46,0,0,
976,1906,10a5140b00600005,cost,出让成本,,,1095140b0000000c,0,0,0,5,0,,,,,test_user,2024-04-23 12:29:23,qidekang,2025-03-03 13:32:46,0,0,
977,1907,10a5140b00700008,type_of_right,权利类型,所有权、使用权,,1095140b0000000c,0,0,0,6,0,,,,,test_user,2024-04-23 12:29:55,guochengjie,2025-03-03 13:32:46,0,0,
978,1908,10a5140b0080000b,transfer_status,出让状态,意向购买、合同签订、权属登记、实物交割、合约到期,,1095140b0000000c,0,0,0,7,0,,,,,test_user,2024-04-23 12:30:48,guochengjie,2025-03-03 13:32:46,0,0,
979,1909,10a5140b00900001,start_time,签订时间,,,1095140b0000000c,0,0,0,8,0,,,,,test_user,2024-04-23 12:31:06,qidekang,2025-03-03 13:32:46,0,0,
980,1910,10a5140b00a00004,end_time,到期时间,,,1095140b0000000c,0,0,0,9,0,,,,,test_user,2024-04-23 12:31:20,qidekang,2025-03-03 13:32:46,0,0,
981,1911,10a5140b00b00007,duration,合约期限,,,1095140b0000000c,0,0,0,10,0,,,,,admin,2024-04-23 12:32:36,qidekang,2025-03-03 13:32:46,0,0,
982,1912,10a5140b00c0000a,evaluation,结果评估,"合法, 违法",,1095140b0000000c,0,0,0,11,0,,,,,admin,2024-04-23 12:33:23,qidekang,2025-03-03 13:32:46,1,0,
983,1913,10a5120a0010000b,user_region_transfer_id,编号,,,1095120a00000007,0,1,1,999,0,,,,,admin,2024-04-23 12:40:15,admin,2025-03-03 13:32:36,0,0,
984,1914,10a5120a00200001,type,出让类型,"抵押, 出让, 捐赠",,1095120a00000007,0,0,0,999,0,,,,,test_user,2024-04-23 12:40:34,admin,2025-03-03 13:32:46,0,0,
985,1915,10a5120a00300004,motivation,出让原因,"变现需求, 福利捐赠, 废弃处理",,1095120a00000007,0,0,0,999,0,,,,,test_user,2024-04-23 12:40:52,admin,2025-03-03 13:32:46,0,0,
986,1916,10a5120a00400007,mode,出让方式,"拍卖, 招标, 挂牌",,1095120a00000007,0,0,0,999,0,,,,,test_user,2024-04-23 12:41:10,admin,2025-03-03 13:32:46,0,0,
987,1917,10a5120a0050000a,result,出让结果,"现金收入, 荣誉奖励",,1095120a00000007,0,0,0,999,0,,,,,test_user,2024-04-23 12:41:22,admin,2025-03-03 13:32:46,0,0,
988,1918,10a5120a00600000,cost,出让成本,,,1095120a00000007,0,0,0,999,0,,,,,admin,2024-04-23 12:42:14,test_user,2025-03-03 13:32:46,0,0,
989,1919,10a5120a00700003,tpye_of_right,权利类型,所有权、使用权,,1095120a00000007,0,0,0,999,0,,,,,admin,2024-04-23 12:42:29,test_user,2025-03-03 13:32:46,0,0,
990,1920,10a5120a00800006,state,当前状态,合同签订、权属登记、实物交割、合约到期,,1095120a00000007,0,0,0,999,0,,,,,admin,2024-04-23 12:42:55,guochengjie,2025-03-03 13:32:46,1,0,
991,1921,10a5120a00900009,evaluation,结果评估,"合法, 违法",,1095120a00000007,0,0,0,999,0,,,,,admin,2024-04-23 12:43:11,qidekang,2025-03-03 13:32:46,1,0,
992,1922,10a5120a00a0000c,start_time,签订时间,,,1095120a00000007,0,0,0,999,0,,,,,test_user,2024-04-23 12:43:25,admin,2025-03-03 13:32:46,0,0,
993,1923,10a5120a00b00002,frequency,管辖指导频次,"每月一次, 每周一次, 不定时间",,1095550300000001,0,0,0,999,0,,,,,test_user,2024-04-23 12:43:40,guochengjie,2025-03-03 13:32:46,1,0,
994,1924,10a5120a00c00005,duration,合约期限,,,1095120a00000007,0,0,0,999,0,,,,,admin,2024-04-23 12:43:49,test_user,2025-03-03 13:32:46,0,0,
995,1925,10a5110c00100003,user_user_trade_id,编号,,,1095110c0000000c,0,1,1,999,0,,,,,admin,2024-04-23 12:45:09,admin,2025-03-03 13:32:36,0,0,
996,1926,10a5110c00200006,type,交易类型,,,1095110c0000000c,0,0,0,999,0,,,,,admin,2024-04-23 12:45:20,test_user,2025-03-03 13:32:46,0,0,
997,1927,10a5110c00300009,motivation,交易原因,,,1095110c0000000c,0,0,0,999,0,,,,,admin,2024-04-23 12:45:29,test_user,2025-03-03 13:32:46,0,0,
998,1928,10a5110c0040000c,mode,交易方式,线上、线下,,1095110c0000000c,0,0,0,999,0,,,,,test_user,2024-04-23 12:45:38,admin,2025-03-03 13:32:46,0,0,
999,1929,10a5110c00500002,result,交易结果,现金收入,,1095110c0000000c,0,0,0,999,0,,,,,admin,2024-04-23 12:46:12,test_user,2025-03-03 13:32:46,0,0,
1000,1930,10a5110c00600005,cost,交易成本,,,1095110c0000000c,0,0,0,999,0,,,,,admin,2024-04-23 12:48:10,test_user,2025-03-03 13:32:46,0,0,
1001,1931,10a5110c00700008,state,交易状态,合同签订、权属登记、实物交割、合约到期、意向磋商,,1095110c0000000c,0,0,0,999,0,,,,,test_user,2024-04-23 12:48:29,qidekang,2025-03-03 13:32:46,0,0,
1002,1932,10a5110c0080000b,evaluation,结果评估,"合法, 违法",,1095110c0000000c,0,0,0,999,0,,,,,admin,2024-04-23 12:48:41,guochengjie,2025-03-03 13:32:46,1,0,
1003,1933,10a5110c00900001,start_time,交易时间,,,1095110c0000000c,0,0,0,999,0,,,,,test_user,2024-04-23 12:48:52,guochengjie,2025-03-03 13:32:46,0,0,
1004,1934,10a5110c00a00004,end_time,到期时间,,,1095110c0000000c,0,0,0,999,0,,,,,test_user,2024-04-23 12:49:02,admin,2025-03-03 13:32:46,0,0,
1005,1935,10a5110c00b00007,duration,合约期限,,,1095110c0000000c,0,0,0,999,0,,,,,admin,2024-04-23 12:49:11,test_user,2025-03-03 13:32:46,0,0,
1006,1936,10a5540800100006,organization_object_transfer_id,编号,,,1095540800000002,0,1,1,999,0,,,,,admin,2024-04-23 12:51:15,admin,2025-03-03 13:32:36,0,0,
1007,1937,10a5540800200009,type,出让类型,"抵押, 出让, 捐赠",,1095540800000002,0,0,0,999,0,,,,,admin,2024-04-23 12:51:35,test_user,2025-03-03 13:32:46,0,0,
1008,1938,10a554080030000c,motivation,出让原因,"变现需求, 福利捐赠, 废弃处理",,1095540800000002,0,0,0,999,0,,,,,admin,2024-04-23 12:51:46,test_user,2025-03-03 13:32:46,0,0,
1009,1939,10a5540800400002,mode,出让方式,"拍卖, 招标, 挂牌",,1095540800000002,0,0,0,999,0,,,,,admin,2024-04-23 12:51:59,test_user,2025-03-03 13:32:46,0,0,
1010,1940,10a5540800500005,result,出让结果,"现金收入, 荣誉奖励",,1095540800000002,0,0,0,999,0,,,,,admin,2024-04-23 12:52:11,test_user,2025-03-03 13:32:46,0,0,
1011,1941,10a5540800600008,cost,出让成本,,,1095540800000002,0,0,0,999,0,,,,,admin,2024-04-23 12:52:20,test_user,2025-03-03 13:32:46,0,0,
1012,1942,10a554080070000b,tpye_of_right,权利类型,所有权、使用权,,1095540800000002,0,0,0,999,0,,,,,admin,2024-04-23 12:52:32,test_user,2025-03-03 13:32:46,0,0,
1013,1943,10a5540800800001,state,当前状态,合同签订、权属登记、实物交割、合约到期,,1095540800000002,0,0,0,999,0,,,,,admin,2024-04-23 12:52:43,test_user,2025-03-03 13:32:46,0,0,
1014,1944,10a5540800900004,evaluation,结果评估,"合法, 违法",,1095540800000002,0,0,0,999,0,,,,,admin,2024-04-23 12:52:55,qidekang,2025-03-03 13:32:46,1,0,
1015,1945,10a5540800a00007,start_time,签订时间,,,1095540800000002,0,0,0,999,0,,,,,test_user,2024-04-23 12:53:07,admin,2025-03-03 13:32:46,0,0,
1016,1946,10a5540800b0000a,end_time,到期时间,,,1095540800000002,0,0,0,999,0,,,,,test_user,2024-04-23 12:53:23,admin,2025-03-03 13:32:46,0,0,
1017,1947,10a5540800c00000,duration,合约期限,,,1095540800000002,0,0,0,999,0,,,,,admin,2024-04-23 12:53:44,test_user,2025-03-03 13:32:46,0,0,
1018,1948,10a5520700100001,organization_region_transfer_id,编号,,,109552070000000a,0,1,1,999,0,,,,,admin,2024-04-23 12:55:27,admin,2025-03-03 13:32:36,0,0,
1019,1949,10a5520700200004,type,出让类型,"抵押, 出让, 捐赠",,109552070000000a,0,0,0,999,0,,,,,admin,2024-04-23 12:55:46,test_user,2025-03-03 13:32:46,0,0,
1020,1950,10a5520700300007,motivation,出让原因,"变现需求, 福利捐赠, 废弃处理",,109552070000000a,0,0,0,999,0,,,,,admin,2024-04-23 12:55:56,test_user,2025-03-03 13:32:46,0,0,
1021,1951,10a552070040000a,mode,出让方式,"拍卖, 招标, 挂牌",,109552070000000a,0,0,0,999,0,,,,,admin,2024-04-23 12:56:07,test_user,2025-03-03 13:32:46,0,0,
1022,1952,10a5520700500000,result,出让结果,"现金收入, 荣誉奖励",,109552070000000a,0,0,0,999,0,,,,,admin,2024-04-23 12:56:19,test_user,2025-03-03 13:32:46,0,0,
1023,1953,10a5520700600003,cost,出让成本,,,109552070000000a,0,0,0,999,0,,,,,admin,2024-04-23 12:56:28,test_user,2025-03-03 13:32:46,0,0,
1024,1954,10a5520700700006,tpye_of_right,权利类型,所有权、使用权,,109552070000000a,0,0,0,999,0,,,,,admin,2024-04-23 12:56:40,test_user,2025-03-03 13:32:46,0,0,
1025,1955,10a5520700800009,transfer_status,出让状态,意向沟通，合同签订，权属登记，实物交割，合约到期,,109552070000000a,0,0,0,999,0,,,,,test_user,2024-04-23 12:56:54,qidekang,2025-03-03 13:32:46,0,0,
1026,1956,10a552070090000c,evaluation,结果评估,"合法, 违法",,109552070000000a,0,0,0,999,0,,,,,admin,2024-04-23 12:57:06,qidekang,2025-03-03 13:32:46,1,0,
1027,1957,10a5520700a00002,start_time,签订时间,,,109552070000000a,0,0,0,999,0,,,,,test_user,2024-04-23 12:57:15,admin,2025-03-03 13:32:46,0,0,
1028,1958,10a5520700b00005,end_time,到期时间,,,109552070000000a,0,0,0,999,0,,,,,test_user,2024-04-23 12:57:23,admin,2025-03-03 13:32:46,0,0,
1029,1959,10a5520700c00008,duration,合约期限,,,109552070000000a,0,0,0,999,0,,,,,admin,2024-04-23 12:57:30,test_user,2025-03-03 13:32:46,0,0,
1030,1960,10a5550600100001,organization_organization_trade_id,编号,,,109555060000000a,0,1,1,999,0,,,,,admin,2024-04-23 12:57:54,admin,2025-03-03 13:32:36,0,0,
1031,1961,10a5550600200004,type,交易类型,,,109555060000000a,0,0,0,999,0,,,,,admin,2024-04-23 12:58:09,test_user,2025-03-03 13:32:46,0,0,
1032,1962,10a5550600300007,motivation,交易原因,,,109555060000000a,0,0,0,999,0,,,,,admin,2024-04-23 12:58:17,guochengjie,2025-03-03 13:32:46,1,0,
1033,1963,10a555060040000a,mode,交易方式,线上、线下,,109555060000000a,0,0,0,999,0,,,,,admin,2024-04-23 12:58:28,test_user,2025-03-03 13:32:46,0,0,
1034,1964,10a5550600500000,result,交易结果,现金收入,,109555060000000a,0,0,0,999,0,,,,,admin,2024-04-23 12:58:40,test_user,2025-03-03 13:32:46,0,0,
1035,1965,10a5550600600003,cost,交易成本,,,109555060000000a,0,0,0,999,0,,,,,admin,2024-04-23 12:58:50,test_user,2025-03-03 13:32:46,0,0,
1036,1966,10a5550600700006,transfer_status,交易状态,合同签订、权属登记、实物交割、合约到期,,109555060000000a,0,0,0,999,0,,,,,admin,2024-04-23 12:59:01,test_user,2025-03-03 13:32:46,0,0,
1037,1967,10a5550600800009,evaluation,结果评估,"合法, 违法",,109555060000000a,0,0,0,999,0,,,,,admin,2024-04-23 12:59:12,qidekang,2025-03-03 13:32:46,1,0,
1038,1968,10a555060090000c,start_time,签订时间,,,109555060000000a,0,0,0,999,0,,,,,test_user,2024-04-23 12:59:21,admin,2025-03-03 13:32:46,0,0,
1039,1969,10a5550600a00002,end_time,到期时间,,,109555060000000a,0,0,0,999,0,,,,,test_user,2024-04-23 12:59:30,admin,2025-03-03 13:32:46,0,0,
1040,1970,10a5550600b00005,duration,合约期限,,,109555060000000a,0,0,0,999,0,,,,,admin,2024-04-23 12:59:38,test_user,2025-03-03 13:32:46,0,0,
1041,1971,10a5150700100005,user_organization_trade_id,编号,,,1095150700000001,0,1,1,0,0,,,,,admin,2024-04-23 13:00:34,guochengjie,2025-03-03 13:32:36,0,0,
1042,1972,10a5150700200008,type,交易类型,,,1095150700000001,0,0,0,1,0,,,,,admin,2024-04-23 13:00:44,guochengjie,2025-03-03 13:32:46,0,0,
1043,1973,10a515070030000b,motivation,交易原因,,,1095150700000001,0,0,0,2,0,,,,,admin,2024-04-23 13:00:50,guochengjie,2025-03-03 13:32:46,0,0,
1044,1974,10a5150700400001,mode,交易方式,线上、线下,,1095150700000001,0,0,0,3,0,,,,,admin,2024-04-23 13:01:01,guochengjie,2025-03-03 13:32:46,0,0,
1045,1975,10a5150700500004,result,交易结果,现金收入,,1095150700000001,0,0,0,4,0,,,,,admin,2024-04-23 13:01:11,guochengjie,2025-03-03 13:32:46,0,0,
1046,1976,10a5150700600007,cost,交易成本,,,1095150700000001,0,0,0,5,0,,,,,admin,2024-04-23 13:01:18,guochengjie,2025-03-03 13:32:46,0,0,
1047,1977,10a515070070000a,trade_status,交易状态,合同签订、权属登记、实物交割、合约到期、意向磋商,,1095150700000001,0,0,0,6,0,,,,,test_user,2024-04-23 13:01:31,guochengjie,2025-03-03 13:32:46,0,0,
1048,1978,10a5150700800000,evaluation,结果评估,"合法, 违法",,1095150700000001,0,0,0,999,0,,,,,admin,2024-04-23 13:01:42,qidekang,2025-03-03 13:32:46,1,0,
1049,1979,10a5150700900003,start_time,签订时间,,,1095150700000001,0,0,0,7,0,,,,,test_user,2024-04-23 13:01:51,guochengjie,2025-03-03 13:32:46,0,0,
1050,1980,10a5150700a00006,end_time,到期时间,,,1095150700000001,0,0,0,9,0,,,,,test_user,2024-04-23 13:01:59,guochengjie,2025-03-03 13:32:46,0,0,
1051,1981,10a5150700b00009,duration,合约期限,,,1095150700000001,0,0,0,8,0,,,,,admin,2024-04-23 13:02:08,guochengjie,2025-03-03 13:32:46,0,0,
1052,1982,1065030001700002,duration,持续时长,,,1051030000000000,0,0,0,6,0,,,,,admin,2024-04-24 12:19:44,qidekang,2025-03-03 13:32:46,0,0,
1053,1983,10a5110100f0000c,time,服务时间,,,1095110100000005,0,0,0,11,0,,,,,admin,2024-04-24 13:43:46,qidekang,2025-03-03 13:32:46,0,0,
1054,1984,10a5110200a00000,time,冲突时间,,,1095110200000008,0,0,0,999,0,,,,,admin,2024-04-24 13:44:27,test_user,2025-03-03 13:32:46,0,0,
1055,1985,10a5110300b00006,start_time,发生时间,,,109511030000000b,0,0,0,6,0,,,,,test_user,2024-04-24 13:45:46,guochengjie,2025-03-07 01:59:02,0,0,
1056,1986,10a5110400c0000c,time,合作时间,,,1095110400000001,0,0,0,1,0,,,,,test_user,2024-04-25 06:17:10,guochengjie,2025-03-03 13:32:46,0,0,
1057,1987,10a5110500e00008,start_time,发生时间,,,1095110500000004,0,0,0,1,0,,,,,test_user,2024-04-25 06:17:51,guochengjie,2025-03-07 02:01:00,0,0,
1058,1988,10a5110a00800005,time,发生时间,,,1095110a00000006,0,0,0,3,0,,,,,admin,2024-04-25 06:18:14,guochengjie,2025-03-03 13:32:46,0,0,
1059,1989,10a5110b00800008,star_time,发生时间,,,1095110b00000009,0,0,0,3,0,,,,,test_user,2024-04-25 06:18:36,guochengjie,2025-03-07 02:03:06,0,0,
1060,1990,10a512030080000b,time,发生时间,,,109512030000000c,0,0,0,999,0,,,,,admin,2024-04-25 06:22:06,test_user,2025-03-03 13:32:46,0,0,
1061,1991,10a5120500c00003,start_time,起始时间,,,1095120500000005,0,0,0,8,0,,,,,test_user,2024-04-25 06:26:20,qidekang,2025-03-03 13:32:46,0,0,
1062,1992,10a5120700f00005,time,发生时间,,,109512070000000b,0,0,0,999,0,,,,,admin,2024-04-25 06:27:02,test_user,2025-03-03 13:32:46,0,0,
1063,1993,10a5120800e00005,time,发生时间,,,1095120800000001,0,0,0,999,0,,,,,admin,2024-04-25 06:27:50,test_user,2025-03-03 13:32:46,0,0,
1064,1994,10a5130100f00001,time,发生时间,,,1095130100000007,0,0,0,999,0,,,,,admin,2024-04-25 06:28:52,test_user,2025-03-03 13:32:46,0,0,
1065,1995,10a5130200c00008,time,参与时间,,,109513020000000a,0,0,0,999,0,,,,,admin,2024-04-25 06:29:33,test_user,2025-03-03 13:32:46,0,0,
1066,1996,10a5130300d00001,time,处置时间,,,1095130300000000,0,0,0,10,0,,,,,admin,2024-04-25 06:29:59,guochengjie,2025-03-03 13:32:46,0,0,
1067,1997,10a5130400e00007,start_time,起始时间,,,1095130400000003,0,0,0,999,0,,,,,test_user,2024-04-25 06:30:35,guochengjie,2025-03-03 13:32:46,0,0,
1068,1998,10a5130500900008,time,发生时间,,,1095130500000006,0,0,0,999,0,,,,,admin,2024-04-25 06:30:58,test_user,2025-03-03 13:32:46,0,0,
1069,1999,10a5140100d00009,start_time,开始时间,,,1095140100000008,0,0,0,9,0,,,,,test_user,2024-04-25 06:31:25,guochengjie,2025-03-03 13:32:46,0,0,
1070,2000,10a5140200d0000c,start_time,开始时间,,,109514020000000b,0,0,0,1,0,,,,,test_user,2024-04-25 06:31:49,guochengjie,2025-03-03 13:32:46,0,0,
1071,2001,10a5140300b00009,start_time,使用时间,,,1095140300000001,0,0,0,1,0,,,,,test_user,2024-04-25 06:32:16,guochengjie,2025-03-03 13:32:46,0,0,
1072,2002,10a5140400b0000c,get_time,获得时间,,,1095140400000004,0,0,0,1,0,,,,,test_user,2024-04-25 06:32:37,guochengjie,2025-03-03 13:32:46,0,0,
1073,2003,10a5140600f00004,time,起始时间,,,109514060000000a,0,0,0,1,0,,,,,test_user,2024-04-25 06:32:57,guochengjie,2025-03-03 13:32:46,0,0,
1074,2004,10a5140700e00004,start_time,发生时间,,,1095140700000000,0,0,0,1,0,,,,,test_user,2024-04-25 06:33:19,guochengjie,2025-03-03 13:32:46,0,0,
1075,2005,10a5140800a00008,start_time,发生时间,,,1095140800000003,0,0,0,1,0,,,,,test_user,2024-04-25 06:33:52,guochengjie,2025-03-03 13:32:46,0,0,
1076,2006,10a5140a0090000b,time,发生时间,,,1095140a00000009,0,0,0,999,0,,,,,admin,2024-04-25 06:34:24,test_user,2025-03-03 13:32:46,0,0,
1077,2007,10a5150200c0000a,time,开始时间,,,109515020000000c,0,0,0,7,0,,,,,test_user,2024-04-25 06:35:32,admin,2025-03-03 13:32:46,0,0,
1078,2008,10a5150301200005,working_hours,出勤时间,,,1095150300000002,0,0,0,16,0,,,,,test_user,2024-04-25 06:39:24,qidekang,2025-03-03 13:32:46,0,0,
1079,2009,10a5150400c00003,time,授予时间,,,1095150400000005,0,0,0,10,0,,,,,admin,2024-04-25 06:40:00,qidekang,2025-03-03 13:32:46,0,0,
1080,2010,10a5150500d00009,working_hours,服务时长,咨询时长，志愿时长,,1095150500000008,0,0,0,12,0,,,,,test_user,2024-04-25 06:41:01,qidekang,2025-03-03 13:32:46,0,0,
1081,2011,10a522010090000b,time,发生时间,,,1095220100000009,0,0,0,999,0,,,,,admin,2024-04-25 06:43:09,test_user,2025-03-03 13:32:46,0,0,
1082,2012,10a5220200b00007,start_time,发生时间,,,109522020000000c,0,0,0,3,0,,,,,test_user,2024-04-25 06:43:33,guochengjie,2025-03-03 13:32:46,0,0,
1083,2013,10a5220300a00007,time,发生时间,,,1095220300000002,0,0,0,999,0,,,,,admin,2024-04-25 06:44:05,test_user,2025-03-03 13:32:46,0,0,
1084,2014,10a523010090000c,time,发生时间,,,109523010000000a,0,0,0,3,0,,,,,admin,2024-04-25 06:53:42,admin,2025-03-03 13:32:46,0,0,
1085,2015,10a5230300a00008,time,发生时间,,,1095230300000003,0,0,0,999,0,,,,,admin,2024-04-25 06:55:28,test_user,2025-03-03 13:32:46,0,0,
1086,2016,10a5230100a00002,duration,持续时长,,,109523010000000a,0,0,0,4,0,,,,,admin,2024-04-25 06:56:16,admin,2025-03-03 13:32:46,0,0,
1087,2017,10a5220400c00003,duration,持续时长,,,1095220400000005,0,0,0,999,0,,,,,admin,2024-04-25 06:56:43,guochengjie,2025-03-03 13:32:46,1,0,
1088,2018,10a5220100a00001,duration,持续时长,,,1095220100000009,0,0,0,999,0,,,,,admin,2024-04-25 06:57:46,test_user,2025-03-03 13:32:46,0,0,
1089,2019,10a5220200c0000a,duration,持续时长,,,109522020000000c,0,0,0,4,0,,,,,admin,2024-04-25 06:57:58,guochengjie,2025-03-03 13:32:46,0,0,
1090,2020,10a5220300b0000a,duration,持续时长,,,1095220300000002,0,0,0,999,0,,,,,admin,2024-04-25 06:58:10,test_user,2025-03-03 13:32:46,0,0,
1091,2021,10a5240100a00003,time,发生时间,,,109524010000000b,0,0,0,999,0,,,,,admin,2024-04-25 06:59:32,test_user,2025-06-17 16:54:59,1,0,
1092,2022,10a5240300800003,time,服务时间,,,1095240300000004,0,0,0,999,0,,,,,test_user,2024-04-25 07:00:15,admin,2025-03-03 13:32:46,1,0,
1093,2023,10a5330200800002,time,发生时间,,,1095330200000003,0,0,0,999,0,,,,,admin,2024-04-25 07:01:23,test_user,2025-03-03 13:32:46,0,0,
1094,2024,10a5330100a00005,time,发生时间,,,1095330100000000,0,0,0,999,0,,,,,admin,2024-04-25 07:01:47,test_user,2025-03-03 13:32:46,0,0,
1095,2025,10a5330300900008,time,发生时间,,,1095330300000006,0,0,0,999,0,,,,,admin,2024-04-25 07:02:07,test_user,2025-03-03 13:32:46,0,0,
1096,2026,10a5340100800000,time,发生时间,,,1095340100000001,0,0,0,999,0,,,,,admin,2024-04-25 07:02:33,test_user,2025-03-03 13:32:46,0,0,
1097,2027,10a5340200800003,start_time,发生时间,,,1095340200000004,0,0,0,1,0,,,,,test_user,2024-04-25 07:03:04,guochengjie,2025-03-03 13:32:46,0,0,
1098,2028,10a5340300a0000c,time,发生时间,,,1095340300000007,0,0,0,999,0,,,,,admin,2024-04-25 07:05:07,test_user,2025-03-03 13:32:46,0,0,
1099,2029,10a5440100a00009,time,发生时间,,,1095440100000004,0,0,0,6,0,,,,,admin,2024-04-25 07:05:36,qidekang,2025-03-03 13:32:46,0,0,
1100,2030,10a5440200d00008,time,连通时间,,,1095440200000007,0,0,0,999,0,,,,,admin,2024-04-25 07:06:27,test_user,2025-03-03 13:32:46,0,0,
1101,2031,10a5440300a00002,time,发生时间,,,109544030000000a,0,0,0,999,0,,,,,admin,2024-04-25 07:06:49,test_user,2025-03-03 13:32:46,0,0,
1102,2032,10a5440400c0000b,time,发生时间,,,1095440400000000,0,0,0,999,0,,,,,admin,2024-04-25 07:07:13,test_user,2025-03-03 13:32:46,0,0,
1103,2033,10a5440500b0000b,time,发生时间,,,1095440500000003,0,0,0,999,0,,,,,admin,2024-04-25 07:07:42,test_user,2025-03-03 13:32:46,0,0,
1104,2034,10a5520500c00002,time,发生时间,,,1095520500000004,0,0,0,999,0,,,,,admin,2024-04-25 07:08:24,test_user,2025-03-03 13:32:46,0,0,
1105,2035,10a5520600c00005,time,发生时间,,,1095520600000007,0,0,0,999,0,,,,,admin,2024-04-25 07:16:44,test_user,2025-03-03 13:32:46,0,0,
1106,2036,10a5530100c00004,time,参与时间,,,1095530100000006,0,0,0,1,0,,,,,admin,2024-04-25 07:17:14,guochengjie,2025-03-03 13:32:46,0,0,
1107,2037,10a553020090000b,time,发生时间,,,1095530200000009,0,0,0,999,0,,,,,admin,2024-04-25 07:17:42,test_user,2025-03-03 13:32:46,0,0,
1108,2038,10a5530300d00000,time,处置时间,,,109553030000000c,0,0,0,1,0,,,,,admin,2024-04-25 07:18:00,guochengjie,2025-03-03 13:32:46,0,0,
1109,2039,10a5530400e00006,time,发生时间,,,1095530400000002,0,0,0,999,0,,,,,admin,2024-04-25 07:18:18,test_user,2025-03-03 13:32:46,0,0,
1110,2040,10a5530500e00009,time,制造时间,,,1095530500000005,0,0,0,999,0,,,,,admin,2024-04-25 07:18:44,test_user,2025-03-03 13:32:46,0,0,
1111,2041,10a5540100c00005,start_time,起始时间,,,1095540100000007,0,0,0,1,0,,,,,test_user,2024-04-25 07:19:09,guochengjie,2025-03-03 13:32:46,0,0,
1112,2042,10a5540400c00001,time,发生时间,,,1095540400000003,0,0,0,999,0,,,,,admin,2024-04-25 07:19:29,test_user,2025-03-03 13:32:46,0,0,
1113,2043,10a5540500c00004,time,发生时间,,,1095540500000006,0,0,0,999,0,,,,,admin,2024-04-25 07:19:45,test_user,2025-03-03 13:32:46,0,0,
1114,2044,10a5540600d0000a,time,设计时间,,,1095540600000009,0,0,0,999,0,,,,,admin,2024-04-25 07:20:05,test_user,2025-03-03 13:32:46,0,0,
1115,2045,10a5540700900001,time,使用时间,,,109554070000000c,0,0,0,6,0,,,,,admin,2024-04-25 07:20:30,guochengjie,2025-03-03 13:32:46,0,0,
1116,2046,10a5550100b00003,time,发生时间,,,1095550100000008,0,0,0,999,0,,,,,admin,2024-04-25 07:20:52,test_user,2025-03-03 13:32:46,0,0,
1117,2047,10a5550300c0000c,start_time,发生时间,,,1095550300000001,0,0,0,1,0,,,,,test_user,2024-04-25 07:21:14,guochengjie,2025-03-03 13:32:46,0,0,
1118,2048,10a5550400d00005,time,合作时间,,,1095550400000004,0,0,0,999,0,,,,,admin,2024-04-25 07:23:00,test_user,2025-03-03 13:32:46,0,0,
1119,2049,10a5550500b00002,time,发生时间,,,1095550500000007,0,0,0,999,0,,,,,admin,2024-04-25 07:23:48,test_user,2025-03-03 13:32:46,0,0,
1120,2050,1065050001800007,level,级别,央企，国企，省属，市属；总公司，一级子公司，二级子公司等,,1051050000000002,0,0,0,4,0,,,,,test_user,2024-04-28 10:24:06,qidekang,2025-03-03 13:32:46,0,0,
1121,2051,10a5120500d00006,cost,持有成本,,,1095120500000005,0,0,0,1,0,,,,,test_user,2024-04-28 10:28:43,qidekang,2025-03-03 13:32:46,0,0,
1122,2052,1065040001800006,size,尺寸,,,1051040000000001,0,0,0,3,0,,,,,admin,2024-04-28 13:12:29,guochengjie,2025-03-03 13:32:46,1,0,
1123,2053,106505000190000a,contact_information,联系方式,,,1051050000000002,0,0,0,999,0,,,,,admin,2024-04-28 13:18:32,admin,2025-03-03 13:32:46,1,0,
1124,2054,10a5150100c00007,equity_shares,股权份额,,,1095150100000009,0,0,0,11,0,,,,,admin,2024-04-28 13:22:30,guochengjie,2025-03-03 13:32:46,0,0,
1125,2055,10a5150301300008,reason_for_leave,终止原因,,,1095150300000002,0,0,0,6,0,,,,,test_user,2024-04-28 13:23:48,guochengjie,2025-03-03 13:32:46,0,0,
1126,2056,1065030001800005,cost,成本,,,1051030000000000,0,0,0,13,0,,,,,test_user,2024-04-28 13:30:10,qidekang,2025-03-03 13:32:46,0,0,
1127,2057,1065030001900008,risk_level,风险等级,,,1051030000000000,0,0,0,9,0,,,,,admin,2024-04-28 13:31:53,qidekang,2025-03-03 13:32:46,0,0,
1128,2058,1065020001500008,size,尺寸,长度，宽度，高度，面积，体积，容量,,105102000000000c,0,0,0,7,0,,,,,test_user,2024-05-07 09:02:39,qidekang,2025-03-03 13:32:46,0,0,
1129,2059,1065040001900009,specification,规格,,,1051040000000001,0,0,0,3,0,,,,,admin,2024-05-14 12:42:31,guochengjie,2025-03-03 13:32:46,0,0,
1130,2060,1065040001a0000c,value,价值,,,1051040000000001,0,0,0,999,0,,,,,test_user,2024-05-14 14:13:17,admin,2025-03-03 13:32:46,1,0,
1131,2061,10a544060010000a,object_object_associated_id,编号,,,1095440600000006,0,1,1,999,0,,,,,admin,2024-05-14 14:46:16,admin,2025-03-03 13:32:36,0,0,
1132,2062,10a5440600200000,type,关联类型,,,1095440600000006,0,0,0,999,0,,,,,admin,2024-05-14 14:47:47,test_user,2025-03-03 13:32:46,0,0,
1133,2063,10a5440600300003,correlation,关联程度,直接关联、间接关联,,1095440600000006,0,0,0,999,0,,,,,test_user,2024-05-14 14:48:26,qidekang,2025-03-03 13:32:46,0,0,
1134,2064,10a5440600400006,start_time,开始时间,,,1095440600000006,0,0,0,999,0,,,,,admin,2024-05-14 14:48:52,test_user,2025-03-03 13:32:46,0,0,
1135,2065,10a5440600500009,end_time,结束时间,,,1095440600000006,0,0,0,999,0,,,,,admin,2024-05-14 14:49:05,test_user,2025-03-03 13:32:46,0,0,
1136,2066,10a544060060000c,duration,持续时长,,,1095440600000006,0,0,0,999,0,,,,,admin,2024-05-14 14:49:14,test_user,2025-03-03 13:32:46,0,0,
1137,2067,10a5440600700002,associated_status,关联状态,,,1095440600000006,0,0,0,999,0,,,,,admin,2024-05-14 14:49:26,test_user,2025-03-03 13:32:46,0,0,
1138,2068,1065010002400000,ability,能力,,,105101000000000b,0,0,0,19,0,,,,,admin,2024-05-14 15:00:02,qidekang,2025-03-03 13:32:46,1,0,
1139,2069,1065010002500003,resume_experience,履历,,,105101000000000b,0,0,0,17,0,,,,,test_user,2024-05-16 12:38:01,qidekang,2025-03-03 13:32:46,0,0,
1140,2070,10a5130200d0000b,type,参与类型,,,109513020000000a,0,0,0,999,0,,,,,admin,2024-05-16 13:12:13,test_user,2025-03-03 13:32:46,0,0,
1141,2071,10a515030140000b,admission_time,入学时间,与就读院校关系术语绑定,,1095150300000002,0,0,0,999,0,,,,,test_user,2024-05-18 14:42:37,qidekang,2025-03-03 13:32:46,1,0,
1142,2072,10a5150301500001,graduation_time,毕业时间,与就读院校关系术语绑定,,1095150300000002,0,0,0,999,0,,,,,test_user,2024-05-18 14:55:37,qidekang,2025-03-03 13:32:46,1,0,
1143,2073,10a5150301600004,subordinate_type,从属类型,,,1095150300000002,0,0,0,1,0,,,,,test_user,2024-05-18 14:58:14,qidekang,2025-03-03 13:32:46,0,0,
1144,2074,10a5150301700007,student_tpye,学制类型,全日制，非全日制。与就读院校关系术语绑定,,1095150300000002,0,0,0,4,0,,,,,test_user,2024-05-18 14:58:40,qidekang,2025-03-03 13:32:46,1,0,
1145,2075,10a515030180000a,grade,年级,与就读院校关系术语绑定,,1095150300000002,0,0,0,999,0,,,,,test_user,2024-05-18 14:59:37,qidekang,2025-03-03 13:32:46,1,0,
1146,2076,10a5150301900000,admission_method,入学方式,与就读院校关系术语绑定,,1095150300000002,0,0,0,999,0,,,,,test_user,2024-05-18 15:00:22,qidekang,2025-03-03 13:32:46,1,0,
1147,2077,10a5150301a00003,academic_performance,学业成绩,与就读院校关系术语绑定,,1095150300000002,0,0,0,999,0,,,,,test_user,2024-05-18 15:00:54,qidekang,2025-03-03 13:32:46,1,0,
1148,2078,10a5150800100008,user_organization_declare_id,编号,,,1095150800000004,0,1,1,0,0,,,,,test_user,2024-05-18 15:19:39,qidekang,2025-03-03 13:32:36,0,0,
1149,2079,10a515080020000b,type,申报类型,求职、报考、申报奖项,,1095150800000004,0,0,0,1,0,,,,,test_user,2024-05-18 15:20:02,qidekang,2025-03-03 13:32:46,0,0,
1150,2080,10a5150800300001,ranking,意愿排序,第一志愿、第二志愿,,1095150800000004,0,0,0,2,0,,,,,test_user,2024-05-18 15:22:41,qidekang,2025-03-03 13:32:46,0,0,
1151,2081,10a5150800400004,whether_to_adjust,是否调剂,,,1095150800000004,0,0,0,3,0,,,,,test_user,2024-05-18 15:24:02,qidekang,2025-03-03 13:32:46,0,0,
1152,2082,10a5150800500007,start_time,报名开始时间,,,1095150800000004,0,0,0,4,0,,,,,test_user,2024-05-18 15:24:32,qidekang,2025-03-03 13:32:46,0,0,
1153,2083,10a515080060000a,end_time,报名截止时间,,,1095150800000004,0,0,0,5,0,,,,,admin,2024-05-18 15:24:53,qidekang,2025-03-03 13:32:46,0,0,
1154,2084,10a5150800700000,submission_time,提交时间,,,1095150800000004,0,0,0,6,0,,,,,test_user,2024-05-18 15:25:11,qidekang,2025-03-03 13:32:46,0,0,
1155,2085,10a5150800800003,announcement_time,公布时间,,,1095150800000004,0,0,0,7,0,,,,,admin,2024-05-18 15:26:21,qidekang,2025-03-03 13:32:46,0,0,
1156,2086,10a5150800900006,declare_status,申报状态,,,1095150800000004,0,0,0,8,0,,,,,admin,2024-05-18 15:26:37,qidekang,2025-03-03 13:32:46,0,0,
1157,2087,10a5550000100009,declare,申报,,,1095550000000005,0,0,0,999,0,,,,,admin,2024-05-18 15:31:39,admin,2025-03-03 13:32:46,1,0,
1158,2088,10a5550700100004,organization_organization_declare_id,编号,,,1095550700000000,0,1,1,999,0,,,,,admin,2024-05-18 15:33:03,admin,2025-03-03 13:32:36,0,0,
1159,2089,10a5550700200007,type,申报类型,申报奖项，投标,,1095550700000000,0,0,0,999,0,,,,,admin,2024-05-18 15:33:29,test_user,2025-03-03 13:32:46,0,0,
1160,2090,10a555070030000a,start_time,报名开始时间,,,1095550700000000,0,0,0,999,0,,,,,admin,2024-05-18 15:34:02,test_user,2025-03-03 13:32:46,0,0,
1161,2091,10a5550700400000,end_time,报名截止时间,,,1095550700000000,0,0,0,999,0,,,,,admin,2024-05-18 15:34:13,test_user,2025-03-03 13:32:46,0,0,
1162,2092,10a5550700500003,submission_time,提交时间,,,1095550700000000,0,0,0,999,0,,,,,admin,2024-05-18 15:34:26,test_user,2025-03-03 13:32:46,0,0,
1163,2093,10a5550700600006,announcement_time,公告时间,,,1095550700000000,0,0,0,999,0,,,,,admin,2024-05-18 15:34:36,test_user,2025-03-03 13:32:46,0,0,
1164,2094,10a5550700700009,declare_status,申报状态,,,1095550700000000,0,0,0,999,0,,,,,admin,2024-05-18 15:34:50,test_user,2025-03-03 13:32:46,0,0,
1165,2095,1061010000100002,vital_signs,生命体征,,,105101000000000b,0,0,0,999,0,,,,,admin,2024-05-20 08:21:46,qidekang,2025-03-03 13:32:46,1,0,
1166,2096,1065010002600006,vital_signs,生命体征,呼吸频率，体温，脉搏，血压,,105101000000000b,0,0,0,20,0,,,,,test_user,2024-05-20 08:23:04,qidekang,2025-03-03 13:32:46,0,0,
1167,2097,10a5110c00c0000a,trade_status,交易状态,,,1095110c0000000c,0,0,0,999,0,,,,,admin,2024-05-22 10:32:02,qidekang,2025-03-03 13:32:46,1,0,
1168,2098,10a5120a00d00008,transfer_status,出让状态,意向购买、合同签订、权属登记、实物交割、合约到期,,1095120a00000007,0,0,0,999,0,,,,,test_user,2024-05-22 10:32:27,admin,2025-03-03 13:32:46,0,0,
1169,2099,10a5530100d00007,result,最终结果,,,1095530100000006,0,0,0,11,0,,,,,test_user,2024-05-23 02:53:36,guochengjie,2025-03-03 13:32:46,0,0,
1170,2100,1065050001a00000,business_indicators,经营指标,营收，利润，成本，纳税，市值，资产，负债,,1051050000000002,0,0,0,7,0,,,,,test_user,2024-05-29 06:30:26,qidekang,2025-03-03 13:32:46,0,0,
1171,2101,1065040001b00002,level,等级,,,1051040000000001,0,0,0,13,0,,,,,admin,2024-06-04 14:37:45,guochengjie,2025-03-03 13:32:46,0,0,
1172,2102,10a515090010000b,type,管理类型,法院判决，交警罚款,,1095150900000007,0,0,0,1,0,,,,,test_user,2024-06-14 13:06:35,guochengjie,2025-03-03 13:32:46,0,0,
1173,2103,10a5150900200001,mode,管理方式,直接，间接,,1095150900000007,0,0,0,2,0,,,,,admin,2024-06-14 13:07:31,guochengjie,2025-03-03 13:32:46,0,0,
1174,2104,10a5110300c00009,type,管理类型,,,109511030000000b,0,0,0,1,0,,,,,admin,2024-06-14 13:08:21,guochengjie,2025-03-03 13:32:46,0,0,
1175,2105,10a5150900300004,regulatory_basis,依据条例,,,1095150900000007,0,0,0,3,0,,,,,test_user,2024-06-14 13:09:46,guochengjie,2025-03-03 13:32:46,0,0,
1176,2106,10a5150900400007,scope_of_authority,权限范畴,,,1095150900000007,0,0,0,4,0,,,,,admin,2024-06-14 13:10:04,guochengjie,2025-03-03 13:32:46,0,0,
1177,2107,10a515090050000a,frequency,管理频次,"一天一次, 每周一次",,1095150900000007,0,0,0,5,0,,,,,admin,2024-06-14 13:10:30,guochengjie,2025-03-03 13:32:46,0,0,
1178,2108,10a5150900600000,evaluation_result,效果评价,"效率高, 效果好, 效率低, 效果好",,1095150900000007,0,0,0,6,0,,,,,admin,2024-06-14 13:11:04,guochengjie,2025-03-03 13:32:46,0,0,
1179,2109,10a5150900700003,start_time,起始时间,,,1095150900000007,0,0,0,7,0,,,,,test_user,2024-06-14 13:11:16,guochengjie,2025-03-03 13:32:46,0,0,
1180,2110,10a5150900800006,duration,持续时长,,,1095150900000007,0,0,0,8,0,,,,,admin,2024-06-14 13:11:26,guochengjie,2025-03-03 13:32:46,0,0,
1181,2111,10a5150a00100001,type,服务类型,"咨询, 代理, 家政, 餐饮, 医护, 转运",,1095150a0000000a,0,0,0,0,0,,,,,admin,2024-06-14 13:38:50,guochengjie,2025-03-03 13:32:46,0,0,
1182,2112,10a5150a00200004,mode,服务方式,"线上咨询, 线下交谈, 实地走访",,1095150a0000000a,0,0,0,1,0,,,,,admin,2024-06-14 13:39:03,guochengjie,2025-03-03 13:32:46,0,0,
1183,2113,10a5150a00300007,time,服务时间,,,1095150a0000000a,0,0,0,2,0,,,,,admin,2024-06-14 13:39:16,guochengjie,2025-03-03 13:32:46,0,0,
1184,2114,10a5150a0040000a,duration,服务时长,,,1095150a0000000a,0,0,0,3,0,,,,,admin,2024-06-14 13:39:24,guochengjie,2025-03-03 13:32:46,0,0,
1185,2115,10a5150a00500000,price,服务价格,,,1095150a0000000a,0,0,0,5,0,,,,,admin,2024-06-14 13:39:36,guochengjie,2025-03-03 13:32:46,0,0,
1186,2116,10a5150a00600003,frequency,服务频次,,,1095150a0000000a,0,0,0,6,0,,,,,admin,2024-06-14 13:39:44,guochengjie,2025-03-03 13:32:46,0,0,
1187,2117,10a5150a00700006,tool,使用工具,,,1095150a0000000a,0,0,0,7,0,,,,,admin,2024-06-14 13:40:01,guochengjie,2025-03-03 13:32:46,0,0,
1188,2118,10a5150a00800009,evaluation_result,服务评价,,,1095150a0000000a,0,0,0,8,0,,,,,admin,2024-06-14 13:40:11,qidekang,2025-03-03 13:32:46,1,0,
1189,2119,10a5150a0090000c,resultant_product,结果产物,,,1095150a0000000a,0,0,0,9,0,,,,,admin,2024-06-14 13:40:35,guochengjie,2025-03-03 13:32:46,0,0,
1190,2120,10a5150a00a00002,service_status,服务状态,,,1095150a0000000a,0,0,0,10,0,,,,,admin,2024-06-14 13:40:47,guochengjie,2025-03-03 13:32:46,0,0,
1191,2121,10a5150a00b00005,service_content,服务内容,,,1095150a0000000a,0,0,0,11,0,,,,,test_user,2024-06-14 13:40:59,guochengjie,2025-03-18 11:04:21,0,0,
1192,2122,10a5140400c00002,validity_period,有效期限,,,1095140400000004,0,0,0,8,0,,,,,qidekang,2024-06-24 13:14:51,qidekang,2025-03-03 13:32:46,1,0,
1193,2123,10a5140400d00005,expiration_time,失效时间,,,1095140400000004,0,0,0,2,0,,,,,qidekang,2024-06-24 13:18:54,guochengjie,2025-03-03 13:32:46,0,0,
1194,2124,10a5150b00100004,student_tpye,学制类型,全日制，非全日制,,1095150b00000000,0,0,0,1,0,,,,,qidekang,2024-06-25 13:21:13,guochengjie,2025-04-07 12:56:07,1,0,
1195,2125,10a5150b00200007,admission_time,入学时间,,,1095150b00000000,0,0,0,2,0,,,,,qidekang,2024-06-25 13:21:46,guochengjie,2025-04-07 12:56:10,1,0,
1196,2126,10a5150b0030000a,graduation_time,毕业时间,,,1095150b00000000,0,0,0,3,0,,,,,qidekang,2024-06-25 13:22:08,guochengjie,2025-04-07 12:56:12,1,0,
1197,2127,10a5150b00400000,admission_method,入学方式,,,1095150b00000000,0,0,0,4,0,,,,,qidekang,2024-06-25 13:22:29,guochengjie,2025-04-07 12:56:14,1,0,
1198,2128,10a5150b00500003,grade,年级,,,1095150b00000000,0,0,0,7,0,,,,,qidekang,2024-06-25 13:22:53,guochengjie,2025-04-07 12:56:17,1,0,
1199,2129,10a5150b00600006,academic_performance,学业成绩,,,1095150b00000000,0,0,0,8,0,,,,,qidekang,2024-06-25 13:23:07,guochengjie,2025-04-07 12:56:47,1,0,
1200,2130,10a5150b00700009,entry_requirements,入学要求,,,1095150b00000000,0,0,0,5,0,,,,,qidekang,2024-06-25 13:24:04,guochengjie,2025-04-07 12:56:45,1,0,
1201,2131,10a5150b0080000c,education_status,教育状态,,,1095150b00000000,0,0,0,9,0,,,,,qidekang,2024-06-25 13:24:18,guochengjie,2025-04-07 12:56:49,1,0,
1202,2132,10a5150b00900002,duration,学制时长,4年制，5年制,,1095150b00000000,0,0,0,6,0,,,,,qidekang,2024-06-25 13:25:51,guochengjie,2025-04-07 12:56:53,1,0,
1203,2133,106502000160000b,level,等级,国家级，省级，地市级，区县级，街道级，社区级,,105102000000000c,0,0,0,5,0,,,,,test_user,2024-07-03 09:08:16,qidekang,2025-03-03 13:32:46,0,0,
1204,2134,10a524040010000b,type,关联类型,,,1095240400000007,0,0,0,999,0,,,,,qidekang,2024-08-11 23:50:43,test_user,2025-03-03 13:32:46,0,0,
1205,2135,10a5240400200001,correlation,关联程度,直接关联、间接关联,,1095240400000007,0,0,0,999,0,,,,,qidekang,2024-08-11 23:51:20,test_user,2025-03-03 13:32:46,0,0,
1206,2136,10a5240400300004,start_time,开始时间,,,1095240400000007,0,0,0,999,0,,,,,qidekang,2024-08-11 23:52:02,test_user,2025-03-03 13:32:46,0,0,
1207,2137,10a5240400400007,end_time,结束时间,,,1095240400000007,0,0,0,999,0,,,,,qidekang,2024-08-11 23:52:12,test_user,2025-03-03 13:32:46,0,0,
1208,2138,10a524040050000a,duration,持续时长,,,1095240400000007,0,0,0,999,0,,,,,qidekang,2024-08-11 23:52:22,test_user,2025-03-03 13:32:46,0,0,
1209,2139,10a5240400600000,associated_status,关联状态,,,1095240400000007,0,0,0,999,0,,,,,qidekang,2024-08-11 23:52:36,test_user,2025-03-03 13:32:46,0,0,
1210,2140,1065020001700001,location,位置,经度，纬度，海拔等,,105102000000000c,0,0,0,10,0,,,,,test_user,2024-07-08 02:13:18,qidekang,2025-03-03 13:32:46,0,0,
1211,2141,1061050000400002,opening_hours,营业时间,,,1051050000000002,0,0,0,9,0,,,,,qidekang,2024-12-05 16:19:33,qidekang,2025-03-03 13:32:46,1,0,
1212,2142,10a5150400d00006,type,授予类型,"现金, 股票, 职级晋升, 社会褒奖, 权威头衔",,1095150400000005,0,0,0,1,0,,,,,test_user,2025-01-18 02:57:22,baishumeng,2025-03-13 17:05:37,0,0,
1213,2143,10a5110101000002,payment_method,付款方式,,,1095110100000005,0,0,0,12,0,,,,,qidekang,2025-02-11 12:08:31,qidekang,2025-03-03 13:32:46,0,0,
1214,2144,10a5520800100004,start_time,开始时间,,,1095520800000000,0,0,0,0,0,,,,,test_user,2025-02-13 10:19:56,guochengjie,2025-03-03 13:32:46,0,0,
1215,2145,10a5520800200007,duration,经营时长,,,1095520800000000,0,0,0,2,0,,,,,qidekang,2025-02-13 10:20:25,guochengjie,2025-03-03 13:32:46,0,0,
1216,2146,10a552080030000a,mode,经营方式,,,1095520800000000,0,0,0,3,0,,,,,qidekang,2025-02-13 10:20:48,guochengjie,2025-03-03 13:32:46,0,0,
1217,2147,10a5520800400000,business_indicators,经营指标,GDP，GDP增长率，CPI等,,1095520800000000,0,0,0,4,0,,,,,test_user,2025-02-13 10:21:34,guochengjie,2025-03-03 13:32:46,0,0,
1218,2148,10a5520800500003,management_status,经营状态,,,1095520800000000,0,0,0,5,0,,,,,qidekang,2025-02-13 10:22:26,baishumeng,2025-03-03 13:32:46,1,0,
1219,2149,10a5520800600006,type,经营类型,,,1095520800000000,0,0,0,6,0,,,,,qidekang,2025-02-13 10:24:07,guochengjie,2025-03-03 13:32:46,0,0,
1220,2154,1061040000400001,test,test,,,1051040000000001,0,0,0,999,0,,,,,qidekang,2025-02-13 10:45:21,qidekang,2025-03-03 13:32:46,1,0,
1221,2159,106101000040000b,test2,test2,,,105101000000000b,0,0,0,999,0,,,,,qidekang,2025-02-13 10:46:35,qidekang,2025-03-03 13:32:46,1,0,
1222,2160,10a5520800700009,state,经营状态,"正常经营,停止经营",,1095520800000000,0,0,0,7,0,,,,,guochengjie,2025-02-13 11:06:02,guochengjie,2025-03-03 13:32:46,0,0,
1223,2161,10a552080080000c,end_time,结束时间,,,1095520800000000,0,0,0,1,0,,,,,guochengjie,2025-02-13 11:14:53,guochengjie,2025-03-03 13:32:46,0,0,
1224,2162,10a5520800900002,social_influence,社会影响,"税收贡献,就业岗位,环境影响",,1095520800000000,0,0,0,999,0,,,,,test_user,2025-02-13 11:16:35,guochengjie,2025-03-03 13:32:46,0,0,
1225,2163,10a5150900900009,organization_user_jurisdiction_id,编号,,,1095150900000007,0,1,1,0,0,,,,,test_user,2025-02-13 13:44:34,guochengjie,2025-03-03 13:32:36,0,0,
1226,2164,10a5150b00a00005,organization_user_education_id,编号,,,1095150b00000000,0,1,1,0,0,,,,,test_user,2025-02-13 13:45:30,guochengjie,2025-04-07 12:56:57,1,0,
1227,2165,10a5150a00c00008,organization_user_service_id,编号,,,1095150a0000000a,0,1,1,4,0,,,,,test_user,2025-02-13 13:46:52,guochengjie,2025-03-03 13:32:36,0,0,
1228,2166,10a5240400700003,region_object_associated_id,编号,,,1095240400000007,0,1,1,999,0,,,,,guochengjie,2025-02-13 13:48:13,test_user,2025-03-03 13:32:36,0,0,
1229,2167,10a5520800a00005,organization_region_management_id,编号,,,1095520800000000,0,1,1,999,0,,,,,guochengjie,2025-02-13 13:49:56,test_user,2025-03-03 13:32:36,0,0,
1230,2168,10a5140c00100006,user_object_sensation_id,编号,,,1095140c00000002,0,1,1,0,0,,,,,guochengjie,2025-02-13 17:27:47,guochengjie,2025-03-03 13:32:36,0,0,
1231,2169,10a5140c00200009,sensation_status,感知状态,,,1095140c00000002,0,0,0,1,0,,,,,guochengjie,2025-02-13 17:29:05,guochengjie,2025-03-03 13:32:46,0,0,
1232,2170,10a5140c0030000c,duration,耗费时长,,,1095140c00000002,0,0,0,3,0,,,,,guochengjie,2025-02-13 17:37:41,guochengjie,2025-03-03 13:32:46,0,0,
1233,2171,10a5140c00400002,type,感知类型,主动、被动,,1095140c00000002,0,0,0,5,0,,,,,test_user,2025-02-13 17:37:52,guochengjie,2025-03-03 13:32:46,0,0,
1234,2172,10a5140c00500005,method,感知方式,远程、接触,,1095140c00000002,0,0,0,6,0,,,,,guochengjie,2025-02-13 17:41:45,guochengjie,2025-03-03 13:32:46,0,0,
1235,2173,10a5140c00600008,agent,感知目的,,,1095140c00000002,0,0,0,7,0,,,,,test_user,2025-02-13 17:41:58,guochengjie,2025-03-03 13:32:46,0,0,
1236,2174,10a5140c0070000b,result,结果,,,1095140c00000002,0,0,0,8,0,,,,,guochengjie,2025-02-13 17:42:05,guochengjie,2025-03-03 13:32:46,0,0,
1237,2175,10a5140c00800001,cost,成本,,,1095140c00000002,0,0,0,9,0,,,,,guochengjie,2025-02-13 17:42:57,guochengjie,2025-03-03 13:32:46,0,0,
1238,2176,10a5140c00900004,start_time,发生时间,,,1095140c00000002,0,0,0,2,0,,,,,test_user,2025-02-13 17:43:06,guochengjie,2025-03-03 13:32:46,0,0,
1239,2177,10a5240500100001,object_region_perception_id,编号,,,109524050000000a,0,1,1,0,0,,,,,guochengjie,2025-02-13 17:45:18,guochengjie,2025-03-03 13:32:36,0,0,
1240,2178,10a5240500200004,perception_status,感知状态,,,109524050000000a,0,0,0,1,0,,,,,guochengjie,2025-02-13 17:45:27,guochengjie,2025-03-03 13:32:46,0,0,
1241,2179,10a5240500300007,duration,耗费时长,,,109524050000000a,0,0,0,3,0,,,,,guochengjie,2025-02-13 17:45:42,guochengjie,2025-03-03 13:32:46,0,0,
1242,2180,10a524050040000a,type,感知类型,,,109524050000000a,0,0,0,5,0,,,,,guochengjie,2025-02-13 17:46:37,guochengjie,2025-03-03 13:32:46,0,0,
1243,2181,10a5240500500000,method,感知方式,远程、接触,,109524050000000a,0,0,0,6,0,,,,,test_user,2025-02-13 17:47:01,guochengjie,2025-03-03 13:32:46,0,0,
1244,2182,10a5240500600003,agent,感知目的,数据获取、设备操作,,109524050000000a,0,0,0,7,0,,,,,guochengjie,2025-02-13 17:57:33,guochengjie,2025-03-03 13:32:46,0,0,
1245,2183,10a5240500700006,result,结果,,,109524050000000a,0,0,0,8,0,,,,,guochengjie,2025-02-13 17:57:43,guochengjie,2025-03-03 13:32:46,0,0,
1246,2184,10a5240500800009,cost,成本,,,109524050000000a,0,0,0,9,0,,,,,guochengjie,2025-02-13 17:57:53,guochengjie,2025-03-03 13:32:46,0,0,
1247,2185,10a524050090000c,time,发生时间,,,109524050000000a,0,0,0,2,0,,,,,guochengjie,2025-02-13 17:58:29,guochengjie,2025-03-03 13:32:46,0,0,
1248,2186,10a555070080000c,content,申报内容,,,1095550700000000,0,0,0,999,0,,,,,guochengjie,2025-02-14 11:09:14,test_user,2025-03-03 13:32:46,0,0,
1249,2187,10a5150800a00009,content,申报内容,,,1095150800000004,0,0,0,9,0,,,,,guochengjie,2025-02-14 11:11:19,qidekang,2025-03-03 13:32:46,0,0,
1250,2188,10a5120500e00009,end_time,终止时间,,,1095120500000005,0,0,0,9,0,,,,,test_user,2025-02-14 11:11:42,qidekang,2025-03-03 13:32:46,0,0,
1251,2189,1061030000400000,participant_number,参与人数,,,1051030000000000,0,0,0,999,0,,,,,guochengjie,2025-02-14 11:23:25,qidekang,2025-03-03 13:32:46,1,0,
1252,2195,10a5150800b0000c,result,申报结果,,,1095150800000004,0,0,0,10,0,,,,,guochengjie,2025-02-14 14:37:39,qidekang,2025-03-03 13:32:46,0,0,
1253,2197,10a5550700900002,result,申报结果,,,1095550700000000,0,0,0,999,0,,,,,guochengjie,2025-02-14 14:41:54,test_user,2025-03-03 13:32:46,0,0,
1254,2199,106102000040000c,shape,形状,,,105102000000000c,0,0,0,11,0,,,,,guochengjie,2025-02-26 17:52:35,qidekang,2025-03-03 13:32:46,1,0,
1255,2203,10a5240200900003,test,测试,,,1095240200000001,0,0,0,999,0,,,,,guochengjie,2025-02-27 15:35:42,guochengjie,2025-03-03 13:32:46,1,0,
1256,2204,10a5550100c00006,state,状态,,,1095550100000008,0,0,0,999,0,,,,,guochengjie,2025-02-27 15:36:23,guochengjie,2025-03-03 13:32:46,1,0,
1257,2205,1065050001b00003,staff_ratio,人员比例,,,1051050000000002,0,0,0,12,0,,,,,qidekang,2025-02-27 16:05:33,qidekang,2025-03-03 13:32:46,0,0,
1258,2206,1065050001c00006,opening_hours,工作时间,,,1051050000000002,0,0,0,13,0,,,,,test_user,2025-02-27 16:07:49,guochengjie,2025-03-05 18:54:01,0,0,
1259,2207,1065030001a0000b,number_of_participants,参与人数,,简化属性，人事参与，人员数量,1051030000000000,0,0,0,21,1,109513020000000a,1096130220002000,,1069010000300002,test_user,2025-02-27 16:09:12,guochengjie,2025-03-05 14:09:53,0,0,
1260,2208,1065020001800004,shape,形状,地域轮廓，外包边界，线路描述，途径线路，经纬度序列,,105102000000000c,0,0,0,11,0,,,,,test_user,2025-02-27 17:18:38,qidekang,2025-03-03 13:32:46,0,0,
1261,2209,10a5110d00100006,user_user_evaluation_id,编号,,,1095110d00000002,0,1,1,0,0,,,,,guochengjie,2025-02-27 18:04:22,guochengjie,2025-03-03 13:32:36,0,0,
1262,2210,10a5110d00200009,evaluation_type,评价类型,,,1095110d00000002,0,0,0,1,0,,,,,guochengjie,2025-02-27 18:04:56,guochengjie,2025-03-03 13:32:46,0,0,
1263,2211,10a5110d0030000c,evaluation_status,评价状态,,,1095110d00000002,0,0,0,2,0,,,,,guochengjie,2025-02-27 18:05:07,guochengjie,2025-03-03 13:32:46,0,0,
1264,2212,10a5110d00400002,evaluation_result,评价结果,,,1095110d00000002,0,0,0,5,0,,,,,guochengjie,2025-02-27 18:05:24,guochengjie,2025-03-03 13:32:46,0,0,
1265,2213,10a5110d00500005,evaluation_content,评价内容,"质量高, 态度好, 效率高, 质量低, 态度差, 效率低",,1095110d00000002,0,0,0,6,0,,,,,test_user,2025-02-27 18:06:14,guochengjie,2025-03-03 13:32:46,0,0,
1266,2214,10a5110d00600008,evaluation_reliability,评价可信度,,,1095110d00000002,0,0,0,7,0,,,,,guochengjie,2025-02-27 18:06:40,guochengjie,2025-03-03 13:32:46,1,0,
1267,2215,10a5110d0070000b,evaluation_dimension,评价维度,,,1095110d00000002,0,0,0,8,0,,,,,guochengjie,2025-02-27 18:07:22,guochengjie,2025-03-03 13:32:46,0,0,
1268,2216,10a5110d00800001,evaluation_basis,评价依据,,,1095110d00000002,0,0,0,9,0,,,,,guochengjie,2025-02-27 18:08:18,guochengjie,2025-03-03 13:32:46,0,0,
1269,2217,10a5110d00900004,evaluation_impact,评价影响,,,1095110d00000002,0,0,0,10,0,,,,,guochengjie,2025-02-27 18:09:07,guochengjie,2025-03-03 13:32:46,0,0,
1270,2218,10a5110d00a00007,evaluation_reason,评价原因,,,1095110d00000002,0,0,0,11,0,,,,,guochengjie,2025-02-27 18:10:19,guochengjie,2025-03-03 13:32:46,0,0,
1271,2219,10a5150c00100007,user_organization_evaluation_id,编号,,,1095150c00000003,0,1,1,0,0,,,,,guochengjie,2025-02-27 18:11:13,guochengjie,2025-03-03 13:32:36,0,0,
1272,2220,1065040001c00005,expiration_date,过期时间,,简化属性，组织物生产，过期时间,1051040000000001,0,0,0,2,1,1095540100000007,1096540110001000,10a5540100f00001,,test_user,2025-02-27 18:11:58,guochengjie,2025-03-05 15:29:31,0,0,
1273,2221,10a5150c0020000a,evaluation_time,评价时间,,,1095150c00000003,0,0,0,1,0,,,,,guochengjie,2025-02-27 18:12:24,guochengjie,2025-03-03 13:32:46,0,0,
1274,2222,10a5150c00300000,evaluation_type,评价类型,,,1095150c00000003,0,0,0,3,0,,,,,guochengjie,2025-02-27 18:12:33,guochengjie,2025-03-03 13:32:46,0,0,
1275,2223,10a5150c00400003,evaluation_status,评价状态,,,1095150c00000003,0,0,0,4,0,,,,,guochengjie,2025-02-27 18:12:41,guochengjie,2025-03-03 13:32:46,0,0,
1276,2224,10a5150c00500006,evaluation_result,评价结果,,,1095150c00000003,0,0,0,5,0,,,,,guochengjie,2025-02-27 18:12:50,guochengjie,2025-03-03 13:32:46,0,0,
1277,2225,10a5150c00600009,evaluation_content,评价内容,,,1095150c00000003,0,0,0,6,0,,,,,guochengjie,2025-02-27 18:12:56,guochengjie,2025-03-03 13:32:46,0,0,
1278,2226,10a5150c0070000c,evaluation_reliability,评价可信度,,,1095150c00000003,0,0,0,7,0,,,,,guochengjie,2025-02-27 18:13:03,guochengjie,2025-03-03 13:32:46,1,0,
1279,2227,10a5150c00800002,evaluation_dimension,评价维度,,,1095150c00000003,0,0,0,8,0,,,,,guochengjie,2025-02-27 18:13:11,guochengjie,2025-03-03 13:32:46,0,0,
1280,2228,10a5150c00900005,evaluation_basis,评价依据,,,1095150c00000003,0,0,0,9,0,,,,,guochengjie,2025-02-27 18:13:20,guochengjie,2025-03-03 13:32:46,0,0,
1281,2229,10a5150c00a00008,evaluation_impact,评价影响,,,1095150c00000003,0,0,0,10,0,,,,,guochengjie,2025-02-27 18:13:27,guochengjie,2025-03-03 13:32:46,0,0,
1282,2230,10a5150c00b0000b,evaluation_reason,评价原因,,,1095150c00000003,0,0,0,11,0,,,,,guochengjie,2025-02-27 18:13:34,guochengjie,2025-03-03 13:32:46,0,0,
1283,2231,10a5120b00100001,user_region_evaluation_id,编号,,,1095120b0000000a,0,1,1,0,0,,,,,test_user,2025-02-27 18:14:11,guochengjie,2025-03-03 13:32:36,0,0,
1284,2232,10a5120b00200004,evaluation_time,评价时间,,,1095120b0000000a,0,0,0,1,0,,,,,guochengjie,2025-02-27 18:14:23,guochengjie,2025-03-03 13:32:46,0,0,
1285,2233,10a5120b00300007,evaluation_type,评价类型,,,1095120b0000000a,0,0,0,3,0,,,,,guochengjie,2025-02-27 18:14:37,guochengjie,2025-03-03 13:32:46,0,0,
1286,2234,10a5120b0040000a,evaluation_status,评价状态,,,1095120b0000000a,0,0,0,4,0,,,,,guochengjie,2025-02-27 18:14:44,guochengjie,2025-03-03 13:32:46,0,0,
1287,2235,10a5120b00500000,evaluation_result,评价结果,合法，违法；优，良，可，差等,,1095120b0000000a,0,0,0,5,0,,,,,test_user,2025-02-27 18:14:51,guochengjie,2025-03-03 13:32:46,0,0,
1288,2236,10a5120b00600003,evaluation_content,评价内容,,,1095120b0000000a,0,0,0,6,0,,,,,guochengjie,2025-02-27 18:14:58,guochengjie,2025-03-03 13:32:46,0,0,
1289,2237,10a5120b00700006,evaluation_reliability,评价可信度,,,1095120b0000000a,0,0,0,7,0,,,,,guochengjie,2025-02-27 18:15:06,guochengjie,2025-03-03 13:32:46,1,0,
1290,2238,10a5120b00800009,evaluation_dimension,评价维度,,,1095120b0000000a,0,0,0,8,0,,,,,guochengjie,2025-02-27 18:15:13,guochengjie,2025-03-03 13:32:46,0,0,
1291,2239,10a5120b0090000c,evaluation_basis,评价依据,,,1095120b0000000a,0,0,0,9,0,,,,,guochengjie,2025-02-27 18:15:22,guochengjie,2025-03-03 13:32:46,0,0,
1292,2240,10a5120b00a00002,evaluation_impact,评价影响,,,1095120b0000000a,0,0,0,10,0,,,,,guochengjie,2025-02-27 18:15:30,guochengjie,2025-03-03 13:32:46,0,0,
1293,2241,10a5120b00b00005,evaluation_reason,评价原因,,,1095120b0000000a,0,0,0,11,0,,,,,guochengjie,2025-02-27 18:15:37,guochengjie,2025-03-03 13:32:46,0,0,
1294,2242,10a5130800100006,user_event_evaluation_id,编号,,,1095130800000002,0,1,1,0,0,,,,,guochengjie,2025-02-27 18:16:13,guochengjie,2025-03-03 13:32:36,0,0,
1295,2243,10a5130800200009,evaluation_time,评价时间,,,1095130800000002,0,0,0,1,0,,,,,guochengjie,2025-02-27 18:16:20,guochengjie,2025-03-03 13:32:46,0,0,
1296,2244,10a513080030000c,evaluation_type,评价类型,,,1095130800000002,0,0,0,3,0,,,,,guochengjie,2025-02-27 18:16:30,guochengjie,2025-03-03 13:32:46,0,0,
1297,2245,10a5130800400002,evaluation_status,评价状态,,,1095130800000002,0,0,0,4,0,,,,,guochengjie,2025-02-27 18:16:39,guochengjie,2025-03-03 13:32:46,0,0,
1298,2246,10a5130800500005,evaluation_result,评价结果,,,1095130800000002,0,0,0,5,0,,,,,guochengjie,2025-02-27 18:16:49,guochengjie,2025-03-03 13:32:46,0,0,
1299,2247,10a5130800600008,evaluation_content,评价内容,,,1095130800000002,0,0,0,6,0,,,,,guochengjie,2025-02-27 18:16:56,guochengjie,2025-03-03 13:32:46,0,0,
1300,2248,10a513080070000b,evaluation_reliability,评价可信度,,,1095130800000002,0,0,0,7,0,,,,,guochengjie,2025-02-27 18:17:04,guochengjie,2025-03-03 13:32:46,1,0,
1301,2249,10a5130800800001,evaluation_dimension,评价维度,,,1095130800000002,0,0,0,8,0,,,,,guochengjie,2025-02-27 18:17:11,guochengjie,2025-03-03 13:32:46,0,0,
1302,2250,10a5130800900004,evaluation_basis,评价依据,,,1095130800000002,0,0,0,9,0,,,,,guochengjie,2025-02-27 18:17:18,guochengjie,2025-03-03 13:32:46,0,0,
1303,2251,10a5130800a00007,evaluation_impact,评价影响,,,1095130800000002,0,0,0,10,0,,,,,guochengjie,2025-02-27 18:17:24,guochengjie,2025-03-03 13:32:46,0,0,
1304,2252,10a5130800b0000a,evaluation_reason,评价原因,,,1095130800000002,0,0,0,11,0,,,,,guochengjie,2025-02-27 18:17:32,guochengjie,2025-03-03 13:32:46,0,0,
1305,2253,10a5140d00100009,user_object_evaluation_id,编号,,,1095140d00000005,0,1,1,0,0,,,,,guochengjie,2025-02-27 18:17:55,guochengjie,2025-03-03 13:32:36,0,0,
1306,2254,10a5140d0020000c,evaluation_time,评价时间,,,1095140d00000005,0,0,0,1,0,,,,,guochengjie,2025-02-27 18:18:07,guochengjie,2025-03-03 13:32:46,0,0,
1307,2255,10a5140d00300002,evaluation_type,评价类型,,,1095140d00000005,0,0,0,3,0,,,,,guochengjie,2025-02-27 18:18:14,guochengjie,2025-03-03 13:32:46,0,0,
1308,2256,10a5140d00400005,evaluation_status,评价状态,,,1095140d00000005,0,0,0,4,0,,,,,guochengjie,2025-02-27 18:18:21,guochengjie,2025-03-03 13:32:46,0,0,
1309,2257,10a5140d00500008,evaluation_result,评价结果,,,1095140d00000005,0,0,0,5,0,,,,,guochengjie,2025-02-27 18:18:29,guochengjie,2025-03-03 13:32:46,0,0,
1310,2258,10a5140d0060000b,evaluation_content,评价内容,,,1095140d00000005,0,0,0,6,0,,,,,guochengjie,2025-02-27 18:18:34,guochengjie,2025-03-03 13:32:46,0,0,
1311,2259,10a5140d00700001,evaluation_reliability,评价可信度,,,1095140d00000005,0,0,0,7,0,,,,,guochengjie,2025-02-27 18:18:40,guochengjie,2025-03-03 13:32:46,1,0,
1312,2260,10a5140d00800004,evaluation_dimension,评价维度,,,1095140d00000005,0,0,0,8,0,,,,,guochengjie,2025-02-27 18:18:45,guochengjie,2025-03-03 13:32:46,0,0,
1313,2261,10a5140d00900007,evaluation_basis,评价依据,,,1095140d00000005,0,0,0,9,0,,,,,guochengjie,2025-02-27 18:18:52,guochengjie,2025-03-03 13:32:46,0,0,
1314,2262,10a5140d00a0000a,evaluation_impact,评价影响,,,1095140d00000005,0,0,0,10,0,,,,,guochengjie,2025-02-27 18:18:57,guochengjie,2025-03-03 13:32:46,0,0,
1315,2263,10a5140d00b00000,evaluation_reason,评价原因,,,1095140d00000005,0,0,0,11,0,,,,,guochengjie,2025-02-27 18:19:04,guochengjie,2025-03-03 13:32:46,0,0,
1316,2264,10a5150d0010000a,organization_user_evaluation_id,编号,,,1095150d00000006,0,1,1,0,0,,,,,guochengjie,2025-02-27 18:20:12,guochengjie,2025-03-03 13:32:36,0,0,
1317,2265,10a5150d00200000,evaluation_time,评价时间,,,1095150d00000006,0,0,0,1,0,,,,,guochengjie,2025-02-27 18:20:19,guochengjie,2025-03-03 13:32:46,0,0,
1318,2266,10a5150d00300003,evaluation_type,评价类型,,,1095150d00000006,0,0,0,3,0,,,,,guochengjie,2025-02-27 18:20:26,guochengjie,2025-03-03 13:32:46,0,0,
1319,2267,10a5150d00400006,evaluation_status,评价状态,,,1095150d00000006,0,0,0,4,0,,,,,guochengjie,2025-02-27 18:20:32,guochengjie,2025-03-03 13:32:46,0,0,
1320,2268,10a5150d00500009,evaluation_result,评价结果,,,1095150d00000006,0,0,0,5,0,,,,,guochengjie,2025-02-27 18:20:39,guochengjie,2025-03-03 13:32:46,0,0,
1321,2269,10a5150d0060000c,evaluation_content,评价内容,,,1095150d00000006,0,0,0,6,0,,,,,guochengjie,2025-02-27 18:20:45,guochengjie,2025-03-03 13:32:46,0,0,
1322,2270,10a5150d00700002,evaluation_reliability,评价可信度,,,1095150d00000006,0,0,0,7,0,,,,,guochengjie,2025-02-27 18:20:53,guochengjie,2025-03-03 13:32:46,1,0,
1323,2271,10a5150d00800005,evaluation_dimension,评价维度,,,1095150d00000006,0,0,0,8,0,,,,,guochengjie,2025-02-27 18:20:58,guochengjie,2025-03-03 13:32:46,0,0,
1324,2272,10a5150d00900008,evaluation_basis,评价依据,,,1095150d00000006,0,0,0,9,0,,,,,guochengjie,2025-02-27 18:21:04,guochengjie,2025-03-03 13:32:46,0,0,
1325,2273,10a5150d00a0000b,evaluation_impact,评价影响,,,1095150d00000006,0,0,0,10,0,,,,,guochengjie,2025-02-27 18:21:11,guochengjie,2025-03-03 13:32:46,0,0,
1326,2274,10a5150d00b00001,evaluation_reason,评价原因,,,1095150d00000006,0,0,0,11,0,,,,,guochengjie,2025-02-27 18:21:16,guochengjie,2025-03-03 13:32:46,0,0,
1327,2275,10a5130400f0000a,cause,监管原因,,,1095130400000003,0,0,0,999,0,,,,,guochengjie,2025-02-28 02:36:46,test_user,2025-03-03 13:32:46,0,0,
1328,2276,10a5130401000000,end_time,终止时间,,,1095130400000003,0,0,0,999,0,,,,,guochengjie,2025-02-28 02:37:20,test_user,2025-03-03 13:32:46,0,0,
1329,2277,10a5130401100003,monitoring_reasons,监管原因,,,1095130400000003,0,0,0,999,0,,,,,qidekang,2025-02-28 02:38:36,qidekang,2025-03-03 13:32:46,1,0,
1330,2278,10a5140100e0000c,cause,设计原因,,,1095140100000008,0,0,0,999,0,,,,,guochengjie,2025-02-28 02:42:36,guochengjie,2025-03-03 13:32:46,1,0,
1331,2279,10a5140200e00002,motivation,制造原因,,,109514020000000b,0,0,0,10,0,,,,,guochengjie,2025-02-28 02:45:16,guochengjie,2025-03-03 13:32:46,0,0,
1332,2280,10a5520900100007,organization_region_evaluation_id,编号,,,1095520900000003,0,1,1,0,0,,,,,guochengjie,2025-02-28 03:32:22,guochengjie,2025-03-03 13:32:36,0,0,
1333,2281,10a552090020000a,evaluation_time,评价时间,,,1095520900000003,0,0,0,1,0,,,,,guochengjie,2025-02-28 03:32:36,guochengjie,2025-03-03 13:32:46,0,0,
1334,2282,10a5520900300000,evaluation_type,评价类型,,,1095520900000003,0,0,0,3,0,,,,,guochengjie,2025-02-28 03:32:43,guochengjie,2025-03-03 13:32:46,0,0,
1335,2283,10a5520900400003,evaluation_status,评价状态,,,1095520900000003,0,0,0,4,0,,,,,guochengjie,2025-02-28 03:32:52,guochengjie,2025-03-03 13:32:46,0,0,
1336,2284,10a5520900500006,evaluation_result,评价结果,,,1095520900000003,0,0,0,5,0,,,,,guochengjie,2025-02-28 03:33:00,guochengjie,2025-03-03 13:32:46,0,0,
1337,2285,10a5520900600009,evaluation_content,评价内容,,,1095520900000003,0,0,0,6,0,,,,,guochengjie,2025-02-28 03:33:06,guochengjie,2025-03-03 13:32:46,0,0,
1338,2286,10a552090070000c,evaluation_reliability,评价可信度,,,1095520900000003,0,0,0,7,0,,,,,guochengjie,2025-02-28 03:33:13,guochengjie,2025-03-03 13:32:46,1,0,
1339,2287,10a5520900800002,evaluation_dimension,评价维度,,,1095520900000003,0,0,0,8,0,,,,,guochengjie,2025-02-28 03:33:21,guochengjie,2025-03-03 13:32:46,0,0,
1340,2288,10a5520900900005,evaluation_basis,评价依据,,,1095520900000003,0,0,0,9,0,,,,,guochengjie,2025-02-28 03:33:27,guochengjie,2025-03-03 13:32:46,0,0,
1341,2289,10a5520900a00008,evaluation_impact,评价影响,,,1095520900000003,0,0,0,10,0,,,,,guochengjie,2025-02-28 03:33:35,guochengjie,2025-03-03 13:32:46,0,0,
1342,2290,10a5520900b0000b,evaluation_reason,评价原因,,,1095520900000003,0,0,0,11,0,,,,,guochengjie,2025-02-28 03:33:43,guochengjie,2025-03-03 13:32:46,0,0,
1343,2291,10a553060010000c,organization_event_evaluation_id,编号,,,1095530600000008,0,1,1,0,0,,,,,guochengjie,2025-02-28 03:34:09,guochengjie,2025-03-03 13:32:36,0,0,
1344,2292,10a5530600200002,evaluation_time,评价时间,,,1095530600000008,0,0,0,1,0,,,,,guochengjie,2025-02-28 03:34:22,guochengjie,2025-03-03 13:32:46,0,0,
1345,2293,10a5530600300005,evaluation_type,评价类型,,,1095530600000008,0,0,0,3,0,,,,,guochengjie,2025-02-28 03:34:28,guochengjie,2025-03-03 13:32:46,0,0,
1346,2294,10a5530600400008,evaluation_status,评价状态,,,1095530600000008,0,0,0,4,0,,,,,guochengjie,2025-02-28 03:34:35,guochengjie,2025-03-03 13:32:46,0,0,
1347,2295,10a553060050000b,evaluation_result,评价结果,,,1095530600000008,0,0,0,5,0,,,,,guochengjie,2025-02-28 03:34:41,guochengjie,2025-03-03 13:32:46,0,0,
1348,2296,10a5530600600001,evaluation_content,评价内容,,,1095530600000008,0,0,0,6,0,,,,,guochengjie,2025-02-28 03:34:47,guochengjie,2025-03-03 13:32:46,0,0,
1349,2297,10a5530600700004,evaluation_reliability,评价可信度,,,1095530600000008,0,0,0,7,0,,,,,guochengjie,2025-02-28 03:34:53,guochengjie,2025-03-03 13:32:46,1,0,
1350,2298,10a5530600800007,evaluation_dimension,评价维度,,,1095530600000008,0,0,0,8,0,,,,,guochengjie,2025-02-28 03:35:01,guochengjie,2025-03-03 13:32:46,0,0,
1351,2299,10a553060090000a,evaluation_basis,评价依据,,,1095530600000008,0,0,0,9,0,,,,,guochengjie,2025-02-28 03:35:08,guochengjie,2025-03-03 13:32:46,0,0,
1352,2300,10a5530600a00000,evaluation_impact,评价影响,,,1095530600000008,0,0,0,10,0,,,,,guochengjie,2025-02-28 03:35:14,guochengjie,2025-03-03 13:32:46,0,0,
1353,2301,10a5530600b00003,evaluation_reason,评价原因,,,1095530600000008,0,0,0,11,0,,,,,guochengjie,2025-02-28 03:35:23,guochengjie,2025-03-03 13:32:46,0,0,
1354,2302,10a5540900100009,user_object_evaluation_id,编号,,,1095540900000005,0,1,1,0,0,,,,,guochengjie,2025-02-28 03:35:45,guochengjie,2025-03-03 13:32:36,0,0,
1355,2303,10a554090020000c,evaluation_time,评价时间,,,1095540900000005,0,0,0,1,0,,,,,guochengjie,2025-02-28 03:35:53,guochengjie,2025-03-03 13:32:46,0,0,
1356,2304,10a5540900300002,evaluation_type,评价类型,,,1095540900000005,0,0,0,3,0,,,,,guochengjie,2025-02-28 03:35:59,guochengjie,2025-03-03 13:32:46,0,0,
1357,2305,10a5540900400005,evaluation_status,评价状态,,,1095540900000005,0,0,0,4,0,,,,,guochengjie,2025-02-28 03:36:06,guochengjie,2025-03-03 13:32:46,0,0,
1358,2306,10a5540900500008,evaluation_result,评价结果,,,1095540900000005,0,0,0,5,0,,,,,guochengjie,2025-02-28 03:36:13,guochengjie,2025-03-03 13:32:46,0,0,
1359,2307,10a554090060000b,evaluation_content,评价内容,,,1095540900000005,0,0,0,6,0,,,,,guochengjie,2025-02-28 03:36:19,guochengjie,2025-03-03 13:32:46,0,0,
1360,2308,10a5540900700001,evaluation_reliability,评价可信度,,,1095540900000005,0,0,0,7,0,,,,,guochengjie,2025-02-28 03:36:26,guochengjie,2025-03-03 13:32:46,1,0,
1361,2309,10a5540900800004,evaluation_dimension,评价维度,,,1095540900000005,0,0,0,8,0,,,,,guochengjie,2025-02-28 03:36:32,guochengjie,2025-03-03 13:32:46,0,0,
1362,2310,10a5540900900007,evaluation_basis,评价依据,,,1095540900000005,0,0,0,9,0,,,,,guochengjie,2025-02-28 03:36:38,guochengjie,2025-03-03 13:32:46,0,0,
1363,2311,10a5540900a0000a,evaluation_impact,评价影响,,,1095540900000005,0,0,0,10,0,,,,,guochengjie,2025-02-28 03:36:45,guochengjie,2025-03-03 13:32:46,0,0,
1364,2312,10a5540900b00000,evaluation_reason,评价原因,,,1095540900000005,0,0,0,11,0,,,,,guochengjie,2025-02-28 03:36:52,guochengjie,2025-03-03 13:32:46,0,0,
1365,2313,10a5550800100007,organization_organization_evaluation_id,编号,,,1095550800000003,0,1,1,0,0,,,,,guochengjie,2025-02-28 03:37:12,guochengjie,2025-03-03 13:32:36,0,0,
1366,2314,10a555080020000a,evaluation_time,评价时间,,,1095550800000003,0,0,0,1,0,,,,,guochengjie,2025-02-28 03:37:20,guochengjie,2025-03-03 13:32:46,0,0,
1367,2315,10a5550800300000,evaluation_type,评价类型,,,1095550800000003,0,0,0,3,0,,,,,guochengjie,2025-02-28 03:37:27,guochengjie,2025-03-03 13:32:46,0,0,
1368,2316,10a5550800400003,evaluation_status,评价状态,,,1095550800000003,0,0,0,4,0,,,,,guochengjie,2025-02-28 03:37:34,guochengjie,2025-03-03 13:32:46,0,0,
1369,2317,10a5550800500006,evaluation_result,评价结果,,,1095550800000003,0,0,0,5,0,,,,,guochengjie,2025-02-28 03:37:41,guochengjie,2025-03-03 13:32:46,0,0,
1370,2318,10a5550800600009,evaluation_content,评价内容,,,1095550800000003,0,0,0,6,0,,,,,guochengjie,2025-02-28 03:37:47,guochengjie,2025-03-03 13:32:46,0,0,
1371,2319,10a555080070000c,evaluation_reliability,评价可信度,,,1095550800000003,0,0,0,7,0,,,,,guochengjie,2025-02-28 03:37:53,guochengjie,2025-03-03 13:32:46,1,0,
1372,2320,10a5550800800002,evaluation_dimension,评价维度,,,1095550800000003,0,0,0,8,0,,,,,guochengjie,2025-02-28 03:37:59,guochengjie,2025-03-03 13:32:46,0,0,
1373,2321,10a5550800900005,evaluation_basis,评价依据,,,1095550800000003,0,0,0,9,0,,,,,guochengjie,2025-02-28 03:38:06,guochengjie,2025-03-03 13:32:46,0,0,
1374,2322,10a5550800a00008,evaluation_impact,评价影响,,,1095550800000003,0,0,0,10,0,,,,,guochengjie,2025-02-28 03:38:12,guochengjie,2025-03-03 13:32:46,1,0,
1375,2323,10a5550800b0000b,evaluation_reason,评价原因,,,1095550800000003,0,0,0,11,0,,,,,guochengjie,2025-02-28 03:38:20,guochengjie,2025-03-03 13:32:46,0,0,
1376,2324,10a5150900a0000c,jurisdiction_status,管辖状态,,,1095150900000007,0,0,0,10,0,,,,,guochengjie,2025-03-01 22:53:06,guochengjie,2025-03-03 13:32:46,0,0,
1377,2325,10a5150900b00002,end_time,终止时间,,,1095150900000007,0,0,0,9,0,,,,,guochengjie,2025-03-01 22:53:42,guochengjie,2025-03-03 13:32:46,0,0,
1378,2326,10a5130300e00004,role,处置角色,,,1095130300000000,0,0,0,999,0,,,,,guochengjie,2025-03-02 01:30:22,guochengjie,2025-03-03 13:32:46,1,0,
1379,2327,10a5140100f00002,design_objective,设计目标,具体目标，技术指标,,1095140100000008,0,0,0,10,0,,,,,test_user,2025-03-02 01:33:14,guochengjie,2025-03-03 13:32:46,0,0,
1380,2328,10a5140101000005,design_purpose,设计目的,设计动机，设计意义,,1095140100000008,0,0,0,11,0,,,,,test_user,2025-03-02 01:36:27,guochengjie,2025-03-23 15:40:41,0,0,
1381,2329,10a5140101100008,end_time,完成时间,,,1095140100000008,0,0,0,6,0,,,,,test_user,2025-03-02 01:42:37,guochengjie,2025-03-03 13:32:46,0,0,
1382,2330,10a5140200f00005,end_time,完成时间,,,109514020000000b,0,0,0,2,0,,,,,test_user,2025-03-02 01:49:46,guochengjie,2025-03-03 13:32:46,0,0,
1383,2331,10a5140300c0000c,end_time,停止时间,,,1095140300000001,0,0,0,3,0,,,,,guochengjie,2025-03-02 01:53:12,guochengjie,2025-03-03 13:32:46,0,0,
1384,2332,10a5140300d00002,usage_method,使用方式,,,1095140300000001,0,0,0,999,0,,,,,guochengjie,2025-03-02 01:58:41,test_user,2025-03-03 13:32:46,0,0,
1385,2333,10a5140601000007,end_time,终止时间,,,109514060000000a,0,0,0,3,0,,,,,guochengjie,2025-03-02 02:09:24,guochengjie,2025-03-03 13:32:46,0,0,
1386,2334,10a5140700f00007,end_time,结束时间,,,1095140700000000,0,0,0,3,0,,,,,guochengjie,2025-03-02 02:12:08,guochengjie,2025-03-03 13:32:46,0,0,
1387,2335,10a514070100000a,result,维护结果,成功修复，返厂换新,,1095140700000000,0,0,0,11,0,,,,,test_user,2025-03-02 02:14:50,guochengjie,2025-03-03 13:32:46,0,0,
1388,2336,10a5140c00a00007,end_time,结束时间,,,1095140c00000002,0,0,0,4,0,,,,,guochengjie,2025-03-02 02:23:44,guochengjie,2025-03-03 13:32:46,0,0,
1389,2337,10a5150200d00000,end_time,结束时间,,,109515020000000c,0,0,0,999,0,,,,,guochengjie,2025-03-02 03:11:13,test_user,2025-03-03 13:32:46,0,0,
1390,2338,10a5150700c0000c,trade_asset,交易标的,,,1095150700000001,0,0,0,10,0,,,,,guochengjie,2025-03-02 03:13:44,guochengjie,2025-03-03 13:32:46,0,0,
1391,2339,10a5540100d00008,end_time,出厂时间,出厂时间，生产日期,,1095540100000007,0,0,0,3,0,,,,,guochengjie,2025-03-03 01:47:49,guochengjie,2025-03-03 01:51:16,0,0,
1392,2340,10a5540100e0000b,validity_period,有效期限,5天，1年,,1095540100000007,0,0,0,4,0,,,,,guochengjie,2025-03-03 01:53:40,guochengjie,2025-03-03 01:54:03,1,0,
1393,2341,10a5540100f00001,expiration_date,过期时间,,,1095540100000007,0,0,0,5,0,,,,,guochengjie,2025-03-03 01:55:34,guochengjie,2025-03-03 01:55:55,1,0,
1394,2342,10a5140800b0000b,identification_result,识别结果,,,1095140800000003,0,0,0,9,0,,,,,guochengjie,2025-03-03 02:46:43,guochengjie,2025-03-03 04:50:30,0,0,
1395,2343,10a5140800c00001,end_time,结束时间,,,1095140800000003,0,0,0,3,0,,,,,guochengjie,2025-03-03 02:47:09,guochengjie,2025-03-03 04:50:30,0,0,
1396,2344,10a5340200900006,auxiliary_effectiveness,辅助效果,,,1095340200000004,0,0,0,7,0,,,,,guochengjie,2025-03-03 02:48:56,guochengjie,2025-03-03 04:50:30,0,0,
1397,2345,10a5340200a00009,end_time,结束时间,,,1095340200000004,0,0,0,3,0,,,,,guochengjie,2025-03-03 02:49:17,guochengjie,2025-03-03 04:50:30,0,0,
1398,2346,10a5150800c00002,declare_motivation,申报动机,,,1095150800000004,0,0,0,999,0,,,,,guochengjie,2025-03-03 03:02:53,test_user,2025-03-03 04:50:30,0,0,
1399,2347,10a5150800d00005,declaration_basis,申报依据,,,1095150800000004,0,0,0,999,0,,,,,guochengjie,2025-03-03 03:05:22,test_user,2025-03-03 04:50:30,0,0,
1400,2348,10a5530300e00003,end_time,办结时间,,,109553030000000c,0,0,0,3,0,,,,,guochengjie,2025-03-03 03:37:44,guochengjie,2025-03-03 04:50:30,0,0,
1401,2349,10a5550300d00002,end_time,结束时间,,,1095550300000001,0,0,0,3,0,,,,,guochengjie,2025-03-03 03:41:04,guochengjie,2025-03-03 04:50:30,0,0,
1402,2350,10a5130300f00007,role,扮演角色,,,1095130300000000,0,0,0,4,0,,,,,guochengjie,2025-03-03 04:00:52,guochengjie,2025-06-17 16:54:59,1,0,
1403,2351,10a5130401200006,role,扮演角色,,,1095130400000003,0,0,0,999,0,,,,,guochengjie,2025-03-03 04:01:05,test_user,2025-06-17 16:54:59,1,0,
1404,2352,10a5140300e00005,result,使用结果,,,1095140300000001,0,0,0,999,0,,,,,guochengjie,2025-03-03 04:01:41,test_user,2025-03-03 04:50:30,0,0,
1405,2353,10a5520200c00006,construction_influence,建设影响,,,1095520200000008,0,0,0,999,0,,,,,guochengjie,2025-03-03 04:08:42,test_user,2025-03-03 04:50:30,0,0,
1406,2354,1065020001900007,usage_status,使用状况,自用、出租、闲置,,105102000000000c,0,0,0,999,1,1095120500000005,109612051000100b,,10a5120500a0000a,guochengjie,2025-03-03 04:38:06,test_user,2025-03-03 04:38:38,0,0,
1407,2355,10a5220200d00000,end_time,终止时间,拆迁等情况,,109522020000000c,0,0,0,5,0,,,,,test_user,2025-03-03 12:01:11,guochengjie,2025-03-03 12:05:10,0,0,
1408,2356,1065020001a0000a,owner,物主,,,105102000000000c,0,0,0,999,1,1095120500000005,109612051000100b,,1065010000300005,guochengjie,2025-03-03 16:33:14,guochengjie,2025-03-03 16:33:14,1,0,
1409,2357,1065030001b00001,participant,参与人员,,简化属性，人事参与，人姓名,1051030000000000,0,0,0,999,1,109513020000000a,1096130220002000,,1065010000300005,guochengjie,2025-03-05 14:09:20,test_user,2025-03-05 14:09:20,0,0,
1410,2358,10a5110a00900008,end_time,结束时间,,,1095110a00000006,0,0,0,5,0,,,,,guochengjie,2025-03-07 01:56:00,guochengjie,2025-03-07 01:56:00,0,0,
1411,2359,10a5110300d0000c,end_time,结束时间,,,109511030000000b,0,0,0,8,0,,,,,guochengjie,2025-03-07 01:58:47,guochengjie,2025-03-07 01:58:47,0,0,
1412,2360,10a5110500f0000b,end_time,结束时间,,,1095110500000004,0,0,0,3,0,,,,,guochengjie,2025-03-07 02:00:46,guochengjie,2025-03-07 02:00:46,0,0,
1413,2361,10a5110b0090000b,end_time,结束时间,,,1095110b00000009,0,0,0,5,0,,,,,guochengjie,2025-03-07 02:02:48,guochengjie,2025-03-07 02:02:48,0,0,
1414,2362,10a5110d00b0000a,evaluation_time,评价时间,,,1095110d00000002,0,0,0,3,0,,,,,test_user,2025-03-07 02:04:07,guochengjie,2025-03-07 02:05:47,0,0,
1415,2363,10a5110d00c00000,duration,所耗时长,,,1095110d00000002,0,0,0,4,0,,,,,guochengjie,2025-03-07 02:04:30,guochengjie,2025-03-07 02:04:30,0,0,
1416,2364,10a5120b00c00008,duration,所耗时长,,,1095120b0000000a,0,0,0,2,0,,,,,guochengjie,2025-03-07 02:06:16,guochengjie,2025-03-07 02:06:16,0,0,
1417,2365,10a5130800c00000,duration,所耗时长,,,1095130800000002,0,0,0,2,0,,,,,guochengjie,2025-03-07 02:06:39,guochengjie,2025-03-07 02:06:39,0,0,
1418,2366,10a5140d00c00003,duration,所耗时长,,,1095140d00000005,0,0,0,2,0,,,,,guochengjie,2025-03-07 02:07:02,guochengjie,2025-03-07 02:07:02,0,0,
1419,2367,10a5150c00c00001,duration,所耗时长,,,1095150c00000003,0,0,0,2,0,,,,,guochengjie,2025-03-07 02:07:28,guochengjie,2025-03-07 02:07:28,0,0,
1420,2368,10a5150d00c00004,duration,所耗时长,,,1095150d00000006,0,0,0,2,0,,,,,guochengjie,2025-03-07 02:08:00,guochengjie,2025-03-07 02:08:00,0,0,
1421,2369,10a5520900c00001,duration,所耗时长,,,1095520900000003,0,0,0,2,0,,,,,guochengjie,2025-03-07 02:08:15,guochengjie,2025-03-07 02:08:15,0,0,
1422,2370,10a5530600c00006,duration,所耗时长,,,1095530600000008,0,0,0,2,0,,,,,guochengjie,2025-03-07 02:08:32,guochengjie,2025-03-07 02:08:32,0,0,
1423,2371,10a5540900c00003,duration,所耗时长,,,1095540900000005,0,0,0,2,0,,,,,guochengjie,2025-03-07 02:08:57,guochengjie,2025-03-07 02:08:57,0,0,
1424,2372,10a5550800c00001,duration,所耗时长,,,1095550800000003,0,0,0,2,0,,,,,guochengjie,2025-03-07 02:09:19,guochengjie,2025-03-07 02:09:19,0,0,
1425,2373,1065030001c00004,theme,主题,,,1051030000000000,0,,0,17,0,,,,,guochengjie,2025-03-13 13:17:41,guochengjie,2025-03-13 13:17:41,0,0,
1426,2374,1065010002700009,physical_characteristics,外貌特征,,,105101000000000b,0,,0,22,0,,,,,guochengjie,2025-03-14 11:12:52,guochengjie,2025-03-14 11:12:52,0,0,
1427,2375,106501000280000c,body_characteristic,形体特征,,,105101000000000b,0,,0,23,0,,,,,guochengjie,2025-03-14 11:47:05,guochengjie,2025-03-14 11:47:05,0,0,
1428,2376,1065050001d00009,description,描述,,,1051050000000002,0,,0,15,0,,,,,guochengjie,2025-03-14 14:26:48,guochengjie,2025-03-14 14:26:48,0,0,
1429,2377,1065010002900002,position,主要职务,,人组织从属,105101000000000b,0,,0,999,1,1095150300000002,1096150310001008,,10a5150300500005,guochengjie,2025-03-17 14:57:00,test_user,2025-03-17 14:57:00,0,0,
1430,2378,10a5140400e00008,prerequisite_of_ownership,拥有条件,,,1095140400000004,,,0,5,0,,,,,test_user,2025-03-17 16:28:46,guochengjie,2025-03-17 16:28:52,0,0,
1431,2379,10a5240500a00002,reference_value,参考值,,,109524050000000a,,,0,10,0,,,,,guochengjie,2025-03-17 16:38:32,guochengjie,2025-03-17 16:38:32,0,0,
1432,2380,10a5240500b00005,sensation_frequency,感知频次,,,109524050000000a,,,0,4,0,,,,,guochengjie,2025-03-17 16:59:26,guochengjie,2025-03-17 16:59:26,0,0,
1433,2381,10a5540500d00007,result,维护结果,,,1095540500000006,,,0,999,0,,,,,guochengjie,2025-03-17 19:16:59,test_user,2025-03-17 19:16:59,0,0,
1434,2382,10a5530300f00006,legal_basis,法律依据,,,109553030000000c,,,0,999,1,109554070000000c,1096540710008003,,1065040000300008,guochengjie,2025-03-17 19:28:07,test_user,2025-03-17 19:29:29,0,0,
1435,2383,10a513030100000a,legal_basis,法律依据,,,1095130300000000,,,0,999,1,1095140300000001,109614031000f003,,1065040000300008,guochengjie,2025-03-17 19:30:33,test_user,2025-03-17 19:31:07,0,0,
1436,2384,10a5550400e00008,cost,合作成本,,,1095550400000004,,,0,999,0,,,,,baishumeng,2025-03-29 14:12:26,test_user,2025-03-29 14:12:26,0,0,
1437,2385,1065020001b00000,price,价格,,,105102000000000c,0,,0,999,0,,,,,baishumeng,2025-03-30 01:24:30,test_user,2025-03-30 01:24:30,0,0,
1438,2386,10a5530100e0000a,cost,参与成本,,,1095530100000006,,,0,9,0,,,,,guochengjie,2025-03-30 17:01:24,guochengjie,2025-03-30 17:01:24,0,0,
1439,2387,1065010002a00005,degree,学位,,简化属性人物拥有，组织人授予,105101000000000b,0,,0,999,1,1095140400000004,109614041001b00a,,1065040000300008,test_user,2025-03-31 01:04:24,baishumeng,2025-03-31 01:07:48,0,0,
1440,2388,1065010002b00008,personal_signiture,个人签章,,简化属性，人物制造，物描述,105101000000000b,0,,0,999,1,109514020000000b,1096140210004005,,106504000110000b,guochengjie,2025-03-31 02:00:45,test_user,2025-03-31 02:00:45,0,0,
1441,2389,1065050001e0000c,organization_stamp,组织签章,,简化属性，组织物生产，物描述,1051050000000002,0,,0,999,1,1095540100000007,1096540110002009,,106504000110000b,guochengjie,2025-03-31 02:02:21,test_user,2025-03-31 02:02:21,0,0,
1442,2390,10a5540700a00004,usage_frequency,使用频次,,,109554070000000c,,,0,3,0,,,,,guochengjie,2025-04-03 18:45:39,guochengjie,2025-04-03 18:45:39,0,0,
1443,2391,10a5530100f00000,end_time,终止时间,,,1095530100000006,,,0,3,0,,,,,guochengjie,2025-04-07 17:50:49,guochengjie,2025-04-07 17:50:49,0,0,
1444,2392,10a5440700100000,object_object_influence_id,编号,,,1095440700000009,,,1,0,0,,,,,test_user,2025-04-08 18:23:43,guochengjie,2025-04-08 18:23:47,0,0,
1445,2393,10a5440700200003,duration,持续时长,,,1095440700000009,,,0,2,0,,,,,guochengjie,2025-04-08 18:24:33,guochengjie,2025-04-08 18:24:33,0,0,
1446,2394,10a5440700300006,result,影响结果,,,1095440700000009,,,0,3,0,,,,,guochengjie,2025-04-08 18:24:41,guochengjie,2025-04-08 18:24:41,0,0,
1447,2395,10a5440700400009,cause,影响原因,,,1095440700000009,,,0,5,0,,,,,guochengjie,2025-04-08 18:24:49,guochengjie,2025-04-08 18:24:49,0,0,
1448,2396,10a544070050000c,mode,影响方式,,,1095440700000009,,,0,6,0,,,,,guochengjie,2025-04-08 18:25:03,guochengjie,2025-04-08 18:25:03,0,0,
1449,2397,10a5440700600002,degree,影响程度,,,1095440700000009,,,0,4,0,,,,,guochengjie,2025-04-08 18:25:22,guochengjie,2025-04-08 18:25:22,0,0,
1450,2398,10a5440700700005,affect_status,影响状态,,,1095440700000009,,,0,7,0,,,,,test_user,2025-04-08 18:25:35,guochengjie,2025-04-08 18:26:07,0,0,
1451,2399,10a5440700800008,time,发生时间,,,1095440700000009,,,0,1,0,,,,,guochengjie,2025-04-08 18:25:44,guochengjie,2025-04-08 18:25:44,0,0,
1452,2400,10a5520600d00008,content,维护内容,,,1095520600000007,,,0,999,0,,,,,baishumeng,2025-04-27 18:28:38,test_user,2025-04-27 18:28:38,0,0,
1453,2401,10a5120800f00008,end_time,结束时间,,,1095120800000001,,,0,999,0,,,,,baishumeng,2025-06-05 23:11:10,test_user,2025-06-05 23:11:10,0,0,
1454,2402,10a5120a00e0000b,end_time,到期时间,,,1095120a00000007,,,0,999,0,,,,,baishumeng,2025-06-06 11:57:46,test_user,2025-06-06 11:57:46,0,0,
1455,2403,10a5150500e0000c,Service positions,服务岗位,,,1095150500000008,,,0,999,0,,,,,baishumeng,2025-06-22 13:15:45,test_user,2025-06-22 13:15:45,0,0,
1456,2404,10a5530101000003,process,当前进程,,,1095530100000006,,,0,999,0,,,,,baishumeng,2025-06-22 19:55:13,test_user,2025-06-22 19:55:13,0,0,
1457,2405,10a5110101100005,Service Responsibilities,服务职责,,,1095110100000005,,,0,999,0,,,,,baishumeng,2025-06-23 14:28:21,test_user,2025-06-23 14:28:21,0,0,
1458,2406,10a5150a00d0000b,Customer needs,客户需求,,,1095150a0000000a,,,0,999,0,,,,,baishumeng,2025-07-02 12:32:08,test_user,2025-07-02 12:32:08,0,0,
