,id,expression_code,category_code,expression_content,property_code,parent_expression_code,attributes,expression_level,serial_number,create_user,create_time,modify_user,modify_time,del_stat,version_no
0,1,1095110230001007,1095110200000008,竞争对手,109511023000000b,,,0,4,system_user,2024-01-11 16:27:54,system_user,2025-04-08 15:59:21,1,1
1,1182,1066030000d01003,105503000000000a,发生时间,1065030000d0000b,1065030000d0000b,,1,5,admin,2024-01-16 15:51:08,admin,2025-03-06 14:42:38,1,0
2,1183,1066030000d0200c,105503000000000a,开始时间,1065030000d0000b,1065030000d0000b,,1,5,admin,2024-01-16 15:52:19,system_user,2025-03-06 14:42:38,1,0
3,1184,1066030000d03008,105503000000000a,结束时间,1065030000d0000b,1065030000d0000b,,1,5,admin,2024-01-16 15:52:31,system_user,2025-03-06 14:42:38,1,0
4,1185,1066030000d04004,105503000000000a,创建时间,1065030000d0000b,1065030000d0000b,,1,5,admin,2024-01-16 15:52:47,system_user,2025-03-06 14:42:38,1,0
5,1186,1066030000d05000,105503000000000a,截止时间,1065030000d0000b,1065030000d0000b,,1,5,admin,2024-01-16 15:52:58,system_user,2025-03-06 14:42:38,1,0
6,1187,1066030000d06009,105503000000000a,发送时间,1065030000d0000b,1065030000d0000b,,1,5,admin,2024-01-16 15:53:10,system_user,2025-03-06 14:42:38,1,0
7,1188,1066030000d07005,105503000000000a,办结时间,1065030000d0000b,1065030000d0000b,,1,5,admin,2024-01-16 15:53:20,system_user,2025-03-06 14:42:38,1,0
8,1189,106602000140100a,1055020000000009,经度,1065020001400005,1065020001400005,,1,5,admin,2024-01-16 16:03:20,system_user,2025-03-06 14:42:38,1,0
9,1190,1066020001402006,1055020000000009,纬度,1065020001400005,1065020001400005,,1,5,admin,2024-01-16 16:03:29,system_user,2025-03-06 14:42:38,1,0
10,1191,1066020001403002,1055020000000009,海拔,1065020001400005,1065020001400005,,1,5,admin,2024-01-16 16:03:37,system_user,2025-03-06 14:42:38,1,0
11,1192,106602000140400b,1055020000000009,经纬度,1065020001400005,1065020001400005,,1,5,admin,2024-01-16 16:03:46,system_user,2025-03-06 14:42:38,1,0
12,1193,1066020001405007,1055020000000009,经纬度序列,1065020001400005,1065020001400005,,1,5,admin,2024-01-16 16:03:55,system_user,2025-03-06 14:42:38,1,0
13,1194,1066020001406003,1055020000000009,外包边界,1065020001400005,1065020001400005,,1,5,admin,2024-01-16 16:04:12,system_user,2025-03-06 14:42:38,1,0
14,2231,10a6110100203009,1095110100000005,结束时间,10a511010020000c,10a511010020000c,,1,5,system_user,2024-01-16 18:32:55,admin,2025-03-06 14:42:38,1,0
15,2232,10a6110100202000,1095110100000005,开始时间,10a511010020000c,10a511010020000c,,1,5,system_user,2024-01-16 18:32:55,admin,2025-03-06 14:42:38,1,0
16,2233,10a6110100201004,1095110100000005,发生时间,10a511010020000c,10a511010020000c,,1,5,system_user,2024-01-16 18:32:55,admin,2025-03-06 14:42:38,1,0
17,2238,10a611020020300c,1095110200000008,结束时间,10a5110200200002,10a5110200200002,,1,5,system_user,2024-01-16 18:32:55,admin,2025-03-06 14:42:38,1,0
18,2239,10a6110200202003,1095110200000008,开始时间,10a5110200200002,10a5110200200002,,1,5,system_user,2024-01-16 18:32:55,admin,2025-03-06 14:42:38,1,0
19,2240,10a6110200201007,1095110200000008,发生时间,10a5110200200002,10a5110200200002,,1,5,system_user,2024-01-16 18:32:55,admin,2025-03-06 14:42:38,1,0
20,2245,10a6110300203002,109511030000000b,结束时间,10a5110300200005,10a5110300200005,,1,5,system_user,2024-01-16 18:32:55,system_user,2025-03-06 14:42:38,1,0
21,2246,10a6110300202006,109511030000000b,开始时间,10a5110300200005,10a5110300200005,,1,5,system_user,2024-01-16 18:32:55,system_user,2025-03-06 14:42:38,1,0
22,2247,10a611030020100a,109511030000000b,发生时间,10a5110300200005,10a5110300200005,,1,5,system_user,2024-01-16 18:32:55,system_user,2025-03-06 14:42:38,1,0
23,2252,10a6110400203005,1095110400000001,结束时间,10a5110400200008,10a5110400200008,,1,5,system_user,2024-01-16 18:32:55,system_user,2025-03-06 14:42:38,1,0
24,2253,10a6110400202009,1095110400000001,开始时间,10a5110400200008,10a5110400200008,,1,5,system_user,2024-01-16 18:32:55,system_user,2025-03-06 14:42:38,1,0
25,2254,10a6110400201000,1095110400000001,发生时间,10a5110400200008,10a5110400200008,,1,5,system_user,2024-01-16 18:32:55,system_user,2025-03-06 14:42:38,1,0
26,2259,10a6110500203008,1095110500000004,结束时间,10a511050020000b,10a511050020000b,,1,5,system_user,2024-01-16 18:32:55,system_user,2025-03-06 14:42:38,1,0
27,2260,10a611050020200c,1095110500000004,开始时间,10a511050020000b,10a511050020000b,,1,5,system_user,2024-01-16 18:32:55,system_user,2025-03-06 14:42:38,1,0
28,2261,10a6110500201003,1095110500000004,发生时间,10a511050020000b,10a511050020000b,,1,5,system_user,2024-01-16 18:32:55,system_user,2025-03-06 14:42:38,1,0
29,2266,10a611060020300b,1095110600000007,结束时间,10a5110600200001,10a5110600200001,,1,5,system_user,2024-01-16 18:32:55,system_user,2025-03-06 14:42:38,1,0
30,2267,10a6110600202002,1095110600000007,开始时间,10a5110600200001,10a5110600200001,,1,5,system_user,2024-01-16 18:32:55,system_user,2025-03-06 14:42:38,1,0
31,2268,10a6110600201006,1095110600000007,发生时间,10a5110600200001,10a5110600200001,,1,5,system_user,2024-01-16 18:32:55,system_user,2025-03-06 14:42:38,1,0
32,2273,10a6110700203001,109511070000000a,结束时间,10a5110700200004,10a5110700200004,,1,5,system_user,2024-01-16 18:32:55,system_user,2025-03-06 14:42:38,1,0
33,2274,10a6110700202005,109511070000000a,开始时间,10a5110700200004,10a5110700200004,,1,5,system_user,2024-01-16 18:32:55,system_user,2025-03-06 14:42:38,1,0
34,2275,10a6110700201009,109511070000000a,发生时间,10a5110700200004,10a5110700200004,,1,5,system_user,2024-01-16 18:32:55,system_user,2025-03-06 14:42:38,1,0
35,2280,10a6110800203004,1095110800000000,结束时间,10a5110800200007,10a5110800200007,,1,5,system_user,2024-01-16 18:32:55,system_user,2025-03-06 14:42:38,1,0
36,2281,10a6110800202008,1095110800000000,开始时间,10a5110800200007,10a5110800200007,,1,5,system_user,2024-01-16 18:32:55,system_user,2025-03-06 14:42:38,1,0
37,2282,10a611080020100c,1095110800000000,发生时间,10a5110800200007,10a5110800200007,,1,5,system_user,2024-01-16 18:32:55,system_user,2025-03-06 14:42:38,1,0
38,2287,10a612010020300a,1095120100000006,结束时间,10a5120100200000,10a5120100200000,,1,5,system_user,2024-01-16 18:32:55,system_user,2025-03-06 14:42:38,1,0
39,2288,10a6120100202001,1095120100000006,开始时间,10a5120100200000,10a5120100200000,,1,5,system_user,2024-01-16 18:32:55,system_user,2025-03-06 14:42:38,1,0
40,2289,10a6120100201005,1095120100000006,发生时间,10a5120100200000,10a5120100200000,,1,5,system_user,2024-01-16 18:32:55,system_user,2025-03-06 14:42:38,1,0
41,2294,10a6120200203000,1095120200000009,结束时间,10a5120200200003,10a5120200200003,,1,5,system_user,2024-01-16 18:32:55,system_user,2025-03-06 14:42:38,1,0
42,2295,10a6120200202004,1095120200000009,开始时间,10a5120200200003,10a5120200200003,,1,5,system_user,2024-01-16 18:32:55,system_user,2025-03-06 14:42:38,1,0
43,2296,10a6120200201008,1095120200000009,发生时间,10a5120200200003,10a5120200200003,,1,5,system_user,2024-01-16 18:32:55,system_user,2025-03-06 14:42:38,1,0
44,2301,10a6120300203003,109512030000000c,结束时间,10a5120300200006,10a5120300200006,,1,5,system_user,2024-01-16 18:32:55,admin,2025-03-06 14:42:38,1,0
45,2302,10a6120300202007,109512030000000c,开始时间,10a5120300200006,10a5120300200006,,1,5,system_user,2024-01-16 18:32:55,admin,2025-03-06 14:42:38,1,0
46,2303,10a612030020100b,109512030000000c,发生时间,10a5120300200006,10a5120300200006,,1,5,system_user,2024-01-16 18:32:55,admin,2025-03-06 14:42:38,1,0
47,2308,10a6120400203006,1095120400000002,结束时间,10a5120400200009,10a5120400200009,,1,5,system_user,2024-01-16 18:32:55,system_user,2025-03-06 14:42:38,1,0
48,2309,10a612040020200a,1095120400000002,开始时间,10a5120400200009,10a5120400200009,,1,5,system_user,2024-01-16 18:32:55,system_user,2025-03-06 14:42:38,1,0
49,2310,10a6120400201001,1095120400000002,发生时间,10a5120400200009,10a5120400200009,,1,5,system_user,2024-01-16 18:32:55,system_user,2025-03-06 14:42:38,1,0
50,2315,10a6120500203009,1095120500000005,结束时间,10a512050020000c,10a512050020000c,,1,5,system_user,2024-01-16 18:32:55,system_user,2025-03-06 14:42:38,1,0
51,2316,10a6120500202000,1095120500000005,开始时间,10a512050020000c,10a512050020000c,,1,5,system_user,2024-01-16 18:32:55,system_user,2025-03-06 14:42:38,1,0
52,2317,10a6120500201004,1095120500000005,发生时间,10a512050020000c,10a512050020000c,,1,5,system_user,2024-01-16 18:32:55,system_user,2025-03-06 14:42:38,1,0
53,2322,10a612060020300c,1095120600000008,结束时间,10a5120600200002,10a5120600200002,,1,5,system_user,2024-01-16 18:32:55,system_user,2025-04-08 15:59:21,1,0
54,2323,10a6120600202003,1095120600000008,开始时间,10a5120600200002,10a5120600200002,,1,5,system_user,2024-01-16 18:32:55,system_user,2025-04-08 15:59:21,1,0
55,2324,10a6120600201007,1095120600000008,发生时间,10a5120600200002,10a5120600200002,,1,5,system_user,2024-01-16 18:32:55,system_user,2025-04-08 15:59:21,1,0
56,2329,10a6120700203002,109512070000000b,结束时间,10a5120700200005,10a5120700200005,,1,5,system_user,2024-01-16 18:32:55,system_user,2025-03-06 14:42:38,1,0
57,2330,10a6120700202006,109512070000000b,开始时间,10a5120700200005,10a5120700200005,,1,5,system_user,2024-01-16 18:32:55,system_user,2025-03-06 14:42:38,1,0
58,2331,10a612070020100a,109512070000000b,发生时间,10a5120700200005,10a5120700200005,,1,5,system_user,2024-01-16 18:32:55,system_user,2025-03-06 14:42:38,1,0
59,2336,10a6120800203005,1095120800000001,结束时间,10a5120800200008,10a5120800200008,,1,5,system_user,2024-01-16 18:32:55,system_user,2025-03-06 14:42:38,1,0
60,2337,10a6120800202009,1095120800000001,开始时间,10a5120800200008,10a5120800200008,,1,5,system_user,2024-01-16 18:32:55,system_user,2025-03-06 14:42:38,1,0
61,2338,10a6120800201000,1095120800000001,发生时间,10a5120800200008,10a5120800200008,,1,5,system_user,2024-01-16 18:32:55,system_user,2025-03-06 14:42:38,1,0
62,2343,10a614010020300c,1095140100000008,结束时间,10a5140100200002,10a5140100200002,,1,5,system_user,2024-01-16 18:32:55,system_user,2025-03-06 14:42:38,1,0
63,2344,10a6140100202003,1095140100000008,开始时间,10a5140100200002,10a5140100200002,,1,5,system_user,2024-01-16 18:32:55,system_user,2025-03-06 14:42:38,1,0
64,2345,10a6140100201007,1095140100000008,发生时间,10a5140100200002,10a5140100200002,,1,5,system_user,2024-01-16 18:32:55,system_user,2025-03-06 14:42:38,1,0
65,2350,10a6140200203002,109514020000000b,结束时间,10a5140200200005,10a5140200200005,,1,5,system_user,2024-01-16 18:32:55,system_user,2025-03-06 14:42:38,1,0
66,2351,10a6140200202006,109514020000000b,开始时间,10a5140200200005,10a5140200200005,,1,5,system_user,2024-01-16 18:32:55,system_user,2025-03-06 14:42:38,1,0
67,2352,10a614020020100a,109514020000000b,发生时间,10a5140200200005,10a5140200200005,,1,5,system_user,2024-01-16 18:32:55,system_user,2025-03-06 14:42:38,1,0
68,2357,10a6140300203005,1095140300000001,结束时间,10a5140300200008,10a5140300200008,,1,5,system_user,2024-01-16 18:32:55,system_user,2025-03-06 14:42:38,1,0
69,2358,10a6140300202009,1095140300000001,开始时间,10a5140300200008,10a5140300200008,,1,5,system_user,2024-01-16 18:32:55,system_user,2025-03-06 14:42:38,1,0
70,2359,10a6140300201000,1095140300000001,发生时间,10a5140300200008,10a5140300200008,,1,5,system_user,2024-01-16 18:32:55,system_user,2025-03-06 14:42:38,1,0
71,2364,10a6140400203008,1095140400000004,结束时间,10a514040020000b,10a514040020000b,,1,5,system_user,2024-01-16 18:32:55,system_user,2025-03-06 14:42:38,1,0
72,2365,10a614040020200c,1095140400000004,开始时间,10a514040020000b,10a514040020000b,,1,5,system_user,2024-01-16 18:32:55,system_user,2025-03-06 14:42:38,1,0
73,2366,10a6140400201003,1095140400000004,发生时间,10a514040020000b,10a514040020000b,,1,5,system_user,2024-01-16 18:32:55,system_user,2025-03-06 14:42:38,1,0
74,2371,10a614050020300b,1095140500000007,结束时间,10a5140500200001,10a5140500200001,,1,5,system_user,2024-01-16 18:32:55,system_user,2025-04-08 15:59:21,1,0
75,2372,10a6140500202002,1095140500000007,开始时间,10a5140500200001,10a5140500200001,,1,5,system_user,2024-01-16 18:32:55,system_user,2025-04-08 15:59:21,1,0
76,2373,10a6140500201006,1095140500000007,发生时间,10a5140500200001,10a5140500200001,,1,5,system_user,2024-01-16 18:32:55,system_user,2025-04-08 15:59:21,1,0
77,2378,10a6140600203001,109514060000000a,结束时间,10a5140600200004,10a5140600200004,,1,5,system_user,2024-01-16 18:32:55,system_user,2025-03-06 14:42:38,1,0
78,2379,10a6140600202005,109514060000000a,开始时间,10a5140600200004,10a5140600200004,,1,5,system_user,2024-01-16 18:32:55,system_user,2025-03-06 14:42:38,1,0
79,2380,10a6140600201009,109514060000000a,发生时间,10a5140600200004,10a5140600200004,,1,5,system_user,2024-01-16 18:32:55,system_user,2025-03-06 14:42:38,1,0
80,2385,10a6140700203004,1095140700000000,结束时间,10a5140700200007,10a5140700200007,,1,5,system_user,2024-01-16 18:32:55,system_user,2025-03-06 14:42:38,1,0
81,2386,10a6140700202008,1095140700000000,开始时间,10a5140700200007,10a5140700200007,,1,5,system_user,2024-01-16 18:32:55,system_user,2025-03-06 14:42:38,1,0
82,2387,10a614070020100c,1095140700000000,发生时间,10a5140700200007,10a5140700200007,,1,5,system_user,2024-01-16 18:32:55,system_user,2025-03-06 14:42:38,1,0
83,2392,10a6140800203007,1095140800000003,结束时间,10a514080020000a,10a514080020000a,,1,5,system_user,2024-01-16 18:32:55,system_user,2025-03-06 14:42:38,1,0
84,2393,10a614080020200b,1095140800000003,开始时间,10a514080020000a,10a514080020000a,,1,5,system_user,2024-01-16 18:32:55,system_user,2025-03-06 14:42:38,1,0
85,2394,10a6140800201002,1095140800000003,发生时间,10a514080020000a,10a514080020000a,,1,5,system_user,2024-01-16 18:32:55,system_user,2025-03-06 14:42:38,1,0
86,2399,10a6150100203000,1095150100000009,结束时间,10a5150100200003,10a5150100200003,,1,5,system_user,2024-01-16 18:32:55,system_user,2025-03-06 14:42:38,1,0
87,2400,10a6150100202004,1095150100000009,开始时间,10a5150100200003,10a5150100200003,,1,5,system_user,2024-01-16 18:32:55,system_user,2025-03-06 14:42:38,1,0
88,2401,10a6150100201008,1095150100000009,发生时间,10a5150100200003,10a5150100200003,,1,5,system_user,2024-01-16 18:32:55,system_user,2025-03-06 14:42:38,1,0
89,2406,10a6150200203003,109515020000000c,结束时间,10a5150200200006,10a5150200200006,,1,5,system_user,2024-01-16 18:32:55,system_user,2025-03-06 14:42:38,1,0
90,2407,10a6150200202007,109515020000000c,开始时间,10a5150200200006,10a5150200200006,,1,5,system_user,2024-01-16 18:32:55,system_user,2025-03-06 14:42:38,1,0
91,2408,10a615020020100b,109515020000000c,发生时间,10a5150200200006,10a5150200200006,,1,5,system_user,2024-01-16 18:32:55,system_user,2025-03-06 14:42:38,1,0
92,2413,10a6150300203006,1095150300000002,结束时间,10a5150300200009,10a5150300200009,,1,5,system_user,2024-01-16 18:32:55,system_user,2025-03-06 14:42:38,1,0
93,2414,10a615030020200a,1095150300000002,开始时间,10a5150300200009,10a5150300200009,,1,5,system_user,2024-01-16 18:32:55,system_user,2025-03-06 14:42:38,1,0
94,2415,10a6150300201001,1095150300000002,发生时间,10a5150300200009,10a5150300200009,,1,5,system_user,2024-01-16 18:32:55,system_user,2025-03-06 14:42:38,1,0
95,2420,10a6150400203009,1095150400000005,结束时间,10a515040020000c,10a515040020000c,,1,5,system_user,2024-01-16 18:32:55,admin,2025-03-06 14:42:38,1,0
96,2421,10a6150400202000,1095150400000005,开始时间,10a515040020000c,10a515040020000c,,1,5,system_user,2024-01-16 18:32:55,admin,2025-03-06 14:42:38,1,0
97,2422,10a6150400201004,1095150400000005,发生时间,10a515040020000c,10a515040020000c,,1,5,system_user,2024-01-16 18:32:55,admin,2025-03-06 14:42:38,1,0
98,2427,10a615050020300c,1095150500000008,结束时间,10a5150500200002,10a5150500200002,,1,5,system_user,2024-01-16 18:32:55,system_user,2025-03-06 14:42:38,1,0
99,2428,10a6150500202003,1095150500000008,开始时间,10a5150500200002,10a5150500200002,,1,5,system_user,2024-01-16 18:32:55,system_user,2025-03-06 14:42:38,1,0
100,2429,10a6150500201007,1095150500000008,发生时间,10a5150500200002,10a5150500200002,,1,5,system_user,2024-01-16 18:32:55,system_user,2025-03-06 14:42:38,1,0
101,2434,10a6220100303003,1095220100000009,结束时间,10a5220100300006,10a5220100300006,,1,5,system_user,2024-01-16 18:32:55,system_user,2025-03-06 14:42:38,1,0
102,2435,10a6220100302007,1095220100000009,开始时间,10a5220100300006,10a5220100300006,,1,5,system_user,2024-01-16 18:32:55,system_user,2025-03-06 14:42:38,1,0
103,2436,10a622010030100b,1095220100000009,发生时间,10a5220100300006,10a5220100300006,,1,5,system_user,2024-01-16 18:32:55,system_user,2025-03-06 14:42:38,1,0
104,2441,10a622020050300c,109522020000000c,结束时间,10a5220200500002,10a5220200500002,,1,5,system_user,2024-01-16 18:32:55,system_user,2025-03-06 14:42:38,1,0
105,2442,10a6220200502003,109522020000000c,开始时间,10a5220200500002,10a5220200500002,,1,5,system_user,2024-01-16 18:32:55,system_user,2025-03-06 14:42:38,1,0
106,2443,10a6220200501007,109522020000000c,发生时间,10a5220200500002,10a5220200500002,,1,5,system_user,2024-01-16 18:32:55,system_user,2025-03-06 14:42:38,1,0
107,2448,10a6240100303005,109524010000000b,结束时间,10a5240100300008,10a5240100300008,,1,5,system_user,2024-01-16 18:32:55,admin,2025-03-06 14:42:38,1,0
108,2449,10a6240100302009,109524010000000b,开始时间,10a5240100300008,10a5240100300008,,1,5,system_user,2024-01-16 18:32:55,admin,2025-03-06 14:42:38,1,0
109,2450,10a6240100301000,109524010000000b,发生时间,10a5240100300008,10a5240100300008,,1,5,system_user,2024-01-16 18:32:55,admin,2025-03-06 14:42:38,1,0
110,2462,10a6340100203005,1095340100000001,结束时间,10a5340100200008,10a5340100200008,,1,5,system_user,2024-01-16 18:32:55,system_user,2025-03-06 14:42:38,1,0
111,2463,10a6340100202009,1095340100000001,开始时间,10a5340100200008,10a5340100200008,,1,5,system_user,2024-01-16 18:32:55,system_user,2025-03-06 14:42:38,1,0
112,2464,10a6340100201000,1095340100000001,发生时间,10a5340100200008,10a5340100200008,,1,5,system_user,2024-01-16 18:32:55,system_user,2025-03-06 14:42:38,1,0
113,2469,10a6340200203008,1095340200000004,结束时间,10a534020020000b,10a534020020000b,,1,5,system_user,2024-01-16 18:32:55,system_user,2025-03-06 14:42:38,1,0
114,2470,10a634020020200c,1095340200000004,开始时间,10a534020020000b,10a534020020000b,,1,5,system_user,2024-01-16 18:32:55,system_user,2025-03-06 14:42:38,1,0
115,2471,10a6340200201003,1095340200000004,发生时间,10a534020020000b,10a534020020000b,,1,5,system_user,2024-01-16 18:32:55,system_user,2025-03-06 14:42:38,1,0
116,2476,10a634030020300b,1095340300000007,结束时间,10a5340300200001,10a5340300200001,,1,5,system_user,2024-01-16 18:32:55,system_user,2025-03-06 14:42:38,1,0
117,2477,10a6340300202002,1095340300000007,开始时间,10a5340300200001,10a5340300200001,,1,5,system_user,2024-01-16 18:32:55,system_user,2025-03-06 14:42:38,1,0
118,2478,10a6340300201006,1095340300000007,发生时间,10a5340300200001,10a5340300200001,,1,5,system_user,2024-01-16 18:32:55,system_user,2025-03-06 14:42:38,1,0
119,2483,10a6440100203008,1095440100000004,结束时间,10a544010020000b,10a544010020000b,,1,5,system_user,2024-01-16 18:32:55,system_user,2025-03-06 14:42:38,1,0
120,2484,10a644010020200c,1095440100000004,开始时间,10a544010020000b,10a544010020000b,,1,5,system_user,2024-01-16 18:32:55,system_user,2025-03-06 14:42:38,1,0
121,2485,10a6440100201003,1095440100000004,发生时间,10a544010020000b,10a544010020000b,,1,5,system_user,2024-01-16 18:32:55,system_user,2025-03-06 14:42:38,1,0
122,2490,10a644020020300b,1095440200000007,结束时间,10a5440200200001,10a5440200200001,,1,5,system_user,2024-01-16 18:32:55,system_user,2025-03-06 14:42:38,1,0
123,2491,10a6440200202002,1095440200000007,开始时间,10a5440200200001,10a5440200200001,,1,5,system_user,2024-01-16 18:32:55,system_user,2025-03-06 14:42:38,1,0
124,2492,10a6440200201006,1095440200000007,发生时间,10a5440200200001,10a5440200200001,,1,5,system_user,2024-01-16 18:32:55,system_user,2025-03-06 14:42:38,1,0
125,2497,10a6440300203001,109544030000000a,结束时间,10a5440300200004,10a5440300200004,,1,5,system_user,2024-01-16 18:32:55,system_user,2025-03-06 14:42:38,1,0
126,2498,10a6440300202005,109544030000000a,开始时间,10a5440300200004,10a5440300200004,,1,5,system_user,2024-01-16 18:32:55,system_user,2025-03-06 14:42:38,1,0
127,2499,10a6440300201009,109544030000000a,发生时间,10a5440300200004,10a5440300200004,,1,5,system_user,2024-01-16 18:32:55,system_user,2025-03-06 14:42:38,1,0
128,2504,10a6440400203004,1095440400000000,结束时间,10a5440400200007,10a5440400200007,,1,5,system_user,2024-01-16 18:32:55,system_user,2025-03-06 14:42:38,1,0
129,2505,10a6440400202008,1095440400000000,开始时间,10a5440400200007,10a5440400200007,,1,5,system_user,2024-01-16 18:32:55,system_user,2025-03-06 14:42:38,1,0
130,2506,10a644040020100c,1095440400000000,发生时间,10a5440400200007,10a5440400200007,,1,5,system_user,2024-01-16 18:32:55,system_user,2025-03-06 14:42:38,1,0
131,2511,10a6520100203009,1095520100000005,结束时间,10a552010020000c,10a552010020000c,,1,5,system_user,2024-01-16 18:32:55,system_user,2025-03-06 14:42:38,1,0
132,2512,10a6520100202000,1095520100000005,开始时间,10a552010020000c,10a552010020000c,,1,5,system_user,2024-01-16 18:32:55,system_user,2025-03-06 14:42:38,1,0
133,2513,10a6520100201004,1095520100000005,发生时间,10a552010020000c,10a552010020000c,,1,5,system_user,2024-01-16 18:32:55,system_user,2025-03-06 14:42:38,1,0
134,2518,10a6520200303002,1095520200000008,结束时间,10a5520200300005,10a5520200300005,,1,5,system_user,2024-01-16 18:32:55,system_user,2025-03-06 14:42:38,1,0
135,2519,10a6520200302006,1095520200000008,开始时间,10a5520200300005,10a5520200300005,,1,5,system_user,2024-01-16 18:32:55,system_user,2025-03-06 14:42:38,1,0
136,2520,10a652020030100a,1095520200000008,发生时间,10a5520200300005,10a5520200300005,,1,5,system_user,2024-01-16 18:32:55,system_user,2025-03-06 14:42:38,1,0
137,2525,10a6520300203002,109552030000000b,结束时间,10a5520300200005,10a5520300200005,,1,5,system_user,2024-01-16 18:32:55,system_user,2025-03-06 14:42:38,1,0
138,2526,10a6520300202006,109552030000000b,开始时间,10a5520300200005,10a5520300200005,,1,5,system_user,2024-01-16 18:32:55,system_user,2025-03-06 14:42:38,1,0
139,2527,10a652030020100a,109552030000000b,发生时间,10a5520300200005,10a5520300200005,,1,5,system_user,2024-01-16 18:32:55,system_user,2025-03-06 14:42:38,1,0
140,2532,10a6520400203005,1095520400000001,结束时间,10a5520400200008,10a5520400200008,,1,5,system_user,2024-01-16 18:32:55,system_user,2025-04-08 15:59:21,1,0
141,2533,10a6520400202009,1095520400000001,开始时间,10a5520400200008,10a5520400200008,,1,5,system_user,2024-01-16 18:32:55,system_user,2025-04-08 15:59:21,1,0
142,2534,10a6520400201000,1095520400000001,发生时间,10a5520400200008,10a5520400200008,,1,5,system_user,2024-01-16 18:32:55,system_user,2025-04-08 15:59:21,1,0
143,2539,10a6520500203008,1095520500000004,结束时间,10a552050020000b,10a552050020000b,,1,5,system_user,2024-01-16 18:32:55,system_user,2025-03-06 14:42:38,1,0
144,2540,10a652050020200c,1095520500000004,开始时间,10a552050020000b,10a552050020000b,,1,5,system_user,2024-01-16 18:32:55,system_user,2025-03-06 14:42:38,1,0
145,2541,10a6520500201003,1095520500000004,发生时间,10a552050020000b,10a552050020000b,,1,5,system_user,2024-01-16 18:32:55,system_user,2025-03-06 14:42:38,1,0
146,2546,10a652060020300b,1095520600000007,结束时间,10a5520600200001,10a5520600200001,,1,5,system_user,2024-01-16 18:32:55,system_user,2025-03-06 14:42:38,1,0
147,2547,10a6520600202002,1095520600000007,开始时间,10a5520600200001,10a5520600200001,,1,5,system_user,2024-01-16 18:32:55,system_user,2025-03-06 14:42:38,1,0
148,2548,10a6520600201006,1095520600000007,发生时间,10a5520600200001,10a5520600200001,,1,5,system_user,2024-01-16 18:32:55,system_user,2025-03-06 14:42:38,1,0
149,2553,10a653010020300a,1095530100000006,结束时间,10a5530100200000,10a5530100200000,,1,5,system_user,2024-01-16 18:32:55,system_user,2025-03-06 14:42:38,1,0
150,2554,10a6530100202001,1095530100000006,开始时间,10a5530100200000,10a5530100200000,,1,5,system_user,2024-01-16 18:32:55,system_user,2025-03-06 14:42:38,1,0
151,2555,10a6530100201005,1095530100000006,发生时间,10a5530100200000,10a5530100200000,,1,5,system_user,2024-01-16 18:32:55,system_user,2025-03-06 14:42:38,1,0
152,2560,10a6530200303003,1095530200000009,结束时间,10a5530200300006,10a5530200300006,,1,5,system_user,2024-01-16 18:32:55,system_user,2025-03-06 14:42:38,1,0
153,2561,10a6530200302007,1095530200000009,开始时间,10a5530200300006,10a5530200300006,,1,5,system_user,2024-01-16 18:32:55,system_user,2025-03-06 14:42:38,1,0
154,2562,10a653020030100b,1095530200000009,发生时间,10a5530200300006,10a5530200300006,,1,5,system_user,2024-01-16 18:32:55,system_user,2025-03-06 14:42:38,1,0
155,2567,10a6530300203003,109553030000000c,结束时间,10a5530300200006,10a5530300200006,,1,5,system_user,2024-01-16 18:32:55,system_user,2025-03-06 14:42:38,1,0
156,2568,10a6530300202007,109553030000000c,开始时间,10a5530300200006,10a5530300200006,,1,5,system_user,2024-01-16 18:32:55,system_user,2025-03-06 14:42:38,1,0
157,2569,10a653030020100b,109553030000000c,发生时间,10a5530300200006,10a5530300200006,,1,5,system_user,2024-01-16 18:32:55,system_user,2025-03-06 14:42:38,1,0
158,2574,10a6530400303009,1095530400000002,结束时间,10a553040030000c,10a553040030000c,,1,5,system_user,2024-01-16 18:32:55,system_user,2025-03-06 14:42:38,1,0
159,2575,10a6530400302000,1095530400000002,开始时间,10a553040030000c,10a553040030000c,,1,5,system_user,2024-01-16 18:32:55,system_user,2025-03-06 14:42:38,1,0
160,2576,10a6530400301004,1095530400000002,发生时间,10a553040030000c,10a553040030000c,,1,5,system_user,2024-01-16 18:32:55,system_user,2025-03-06 14:42:38,1,0
161,2581,10a654010020300b,1095540100000007,结束时间,10a5540100200001,10a5540100200001,,1,5,system_user,2024-01-16 18:32:55,system_user,2025-03-06 14:42:38,1,0
162,2582,10a6540100202002,1095540100000007,开始时间,10a5540100200001,10a5540100200001,,1,5,system_user,2024-01-16 18:32:55,system_user,2025-03-06 14:42:38,1,0
163,2583,10a6540100201006,1095540100000007,发生时间,10a5540100200001,10a5540100200001,,1,5,system_user,2024-01-16 18:32:55,system_user,2025-03-06 14:42:38,1,0
164,2588,10a6540200203001,109554020000000a,结束时间,10a5540200200004,10a5540200200004,,1,5,system_user,2024-01-16 18:32:55,system_user,2025-03-06 14:42:38,1,0
165,2589,10a6540200202005,109554020000000a,开始时间,10a5540200200004,10a5540200200004,,1,5,system_user,2024-01-16 18:32:55,system_user,2025-03-06 14:42:38,1,0
166,2590,10a6540200201009,109554020000000a,发生时间,10a5540200200004,10a5540200200004,,1,5,system_user,2024-01-16 18:32:55,system_user,2025-03-06 14:42:38,1,0
167,2595,10a6540300203004,1095540300000000,结束时间,10a5540300200007,10a5540300200007,,1,5,system_user,2024-01-16 18:32:55,system_user,2025-04-08 15:59:21,1,0
168,2596,10a6540300202008,1095540300000000,开始时间,10a5540300200007,10a5540300200007,,1,5,system_user,2024-01-16 18:32:55,system_user,2025-04-08 15:59:21,1,0
169,2597,10a654030020100c,1095540300000000,发生时间,10a5540300200007,10a5540300200007,,1,5,system_user,2024-01-16 18:32:55,system_user,2025-04-08 15:59:21,1,0
170,2602,10a6540400203007,1095540400000003,结束时间,10a554040020000a,10a554040020000a,,1,5,system_user,2024-01-16 18:32:55,system_user,2025-03-06 14:42:38,1,0
171,2603,10a654040020200b,1095540400000003,开始时间,10a554040020000a,10a554040020000a,,1,5,system_user,2024-01-16 18:32:55,system_user,2025-03-06 14:42:38,1,0
172,2604,10a6540400201002,1095540400000003,发生时间,10a554040020000a,10a554040020000a,,1,5,system_user,2024-01-16 18:32:55,system_user,2025-03-06 14:42:38,1,0
173,2609,10a654050020300a,1095540500000006,结束时间,10a5540500200000,10a5540500200000,,1,5,system_user,2024-01-16 18:32:55,system_user,2025-03-06 14:42:38,1,0
174,2610,10a6540500202001,1095540500000006,开始时间,10a5540500200000,10a5540500200000,,1,5,system_user,2024-01-16 18:32:55,system_user,2025-03-06 14:42:38,1,0
175,2611,10a6540500201005,1095540500000006,发生时间,10a5540500200000,10a5540500200000,,1,5,system_user,2024-01-16 18:32:55,system_user,2025-03-06 14:42:38,1,0
176,2616,10a6540600203000,1095540600000009,结束时间,10a5540600200003,10a5540600200003,,1,5,system_user,2024-01-16 18:32:55,system_user,2025-03-06 14:42:38,1,0
177,2617,10a6540600202004,1095540600000009,开始时间,10a5540600200003,10a5540600200003,,1,5,system_user,2024-01-16 18:32:55,system_user,2025-03-06 14:42:38,1,0
178,2618,10a6540600201008,1095540600000009,发生时间,10a5540600200003,10a5540600200003,,1,5,system_user,2024-01-16 18:32:55,system_user,2025-03-06 14:42:38,1,0
179,2623,10a6540700303006,109554070000000c,结束时间,10a5540700300009,10a5540700300009,,1,5,system_user,2024-01-16 18:32:55,system_user,2025-03-06 14:42:38,1,0
180,2624,10a654070030200a,109554070000000c,开始时间,10a5540700300009,10a5540700300009,,1,5,system_user,2024-01-16 18:32:55,system_user,2025-03-06 14:42:38,1,0
181,2625,10a6540700301001,109554070000000c,发生时间,10a5540700300009,10a5540700300009,,1,5,system_user,2024-01-16 18:32:55,system_user,2025-03-06 14:42:38,1,0
182,2630,10a655010020300c,1095550100000008,结束时间,10a5550100200002,10a5550100200002,,1,5,system_user,2024-01-16 18:32:55,system_user,2025-03-06 14:42:38,1,0
183,2631,10a6550100202003,1095550100000008,开始时间,10a5550100200002,10a5550100200002,,1,5,system_user,2024-01-16 18:32:55,system_user,2025-03-06 14:42:38,1,0
184,2632,10a6550100201007,1095550100000008,发生时间,10a5550100200002,10a5550100200002,,1,5,system_user,2024-01-16 18:32:55,system_user,2025-03-06 14:42:38,1,0
185,2637,10a6550200203002,109555020000000b,结束时间,10a5550200200005,10a5550200200005,,1,5,system_user,2024-01-16 18:32:55,system_user,2025-04-08 15:59:21,1,0
186,2638,10a6550200202006,109555020000000b,开始时间,10a5550200200005,10a5550200200005,,1,5,system_user,2024-01-16 18:32:55,system_user,2025-04-08 15:59:21,1,0
187,2639,10a655020020100a,109555020000000b,发生时间,10a5550200200005,10a5550200200005,,1,5,system_user,2024-01-16 18:32:55,system_user,2025-04-08 15:59:21,1,0
188,2644,10a6550300203005,1095550300000001,结束时间,10a5550300200008,10a5550300200008,,1,5,system_user,2024-01-16 18:32:55,system_user,2025-03-06 14:42:38,1,0
189,2645,10a6550300202009,1095550300000001,开始时间,10a5550300200008,10a5550300200008,,1,5,system_user,2024-01-16 18:32:55,system_user,2025-03-06 14:42:38,1,0
190,2646,10a6550300201000,1095550300000001,发生时间,10a5550300200008,10a5550300200008,,1,5,system_user,2024-01-16 18:32:55,system_user,2025-03-06 14:42:38,1,0
191,2651,10a6550400203008,1095550400000004,结束时间,10a555040020000b,10a555040020000b,,1,5,system_user,2024-01-16 18:32:55,system_user,2025-03-06 14:42:38,1,0
192,2652,10a655040020200c,1095550400000004,开始时间,10a555040020000b,10a555040020000b,,1,5,system_user,2024-01-16 18:32:55,system_user,2025-03-06 14:42:38,1,0
193,2653,10a6550400201003,1095550400000004,发生时间,10a555040020000b,10a555040020000b,,1,5,system_user,2024-01-16 18:32:55,system_user,2025-03-06 14:42:38,1,0
194,2658,10a655050020300b,1095550500000007,结束时间,10a5550500200001,10a5550500200001,,1,5,system_user,2024-01-16 18:32:55,system_user,2025-03-06 14:42:38,1,0
195,2659,10a6550500202002,1095550500000007,开始时间,10a5550500200001,10a5550500200001,,1,5,system_user,2024-01-16 18:32:55,system_user,2025-03-06 14:42:38,1,0
196,2660,10a6550500201006,1095550500000007,发生时间,10a5550500200001,10a5550500200001,,1,5,system_user,2024-01-16 18:32:55,system_user,2025-03-06 14:42:38,1,0
197,2665,10a6230100203001,109523010000000a,结束时间,10a5230100200004,10a5230100200004,,1,5,system_user,2024-01-16 18:32:55,system_user,2025-03-06 14:42:38,1,0
198,2666,10a6230100202005,109523010000000a,开始时间,10a5230100200004,10a5230100200004,,1,5,system_user,2024-01-16 18:32:55,system_user,2025-03-06 14:42:38,1,0
199,2667,10a6230100201009,109523010000000a,发生时间,10a5230100200004,10a5230100200004,,1,5,system_user,2024-01-16 18:32:55,system_user,2025-03-06 14:42:38,1,0
200,2672,10a6220400103006,1095220400000005,结束时间,10a5220400100009,10a5220400100009,,1,5,system_user,2024-01-16 18:32:55,system_user,2025-03-06 14:42:38,1,0
201,2673,10a622040010200a,1095220400000005,开始时间,10a5220400100009,10a5220400100009,,1,5,system_user,2024-01-16 18:32:55,system_user,2025-03-06 14:42:38,1,0
202,2674,10a6220400101001,1095220400000005,发生时间,10a5220400100009,10a5220400100009,,1,5,system_user,2024-01-16 18:32:55,system_user,2025-03-06 14:42:38,1,0
203,2679,10a6440500103004,1095440500000003,结束时间,10a5440500100007,10a5440500100007,,1,5,system_user,2024-01-16 18:32:55,system_user,2025-03-06 14:42:38,1,0
204,2680,10a6440500102008,1095440500000003,开始时间,10a5440500100007,10a5440500100007,,1,5,system_user,2024-01-16 18:32:55,system_user,2025-03-06 14:42:38,1,0
205,2681,10a644050010100c,1095440500000003,发生时间,10a5440500100007,10a5440500100007,,1,5,system_user,2024-01-16 18:32:55,system_user,2025-03-06 14:42:38,1,0
206,2686,10a6130500303000,1095130500000006,结束时间,10a5130500300003,10a5130500300003,,1,5,system_user,2024-01-16 18:32:55,system_user,2025-03-06 14:42:38,1,0
207,2687,10a6130500302004,1095130500000006,开始时间,10a5130500300003,10a5130500300003,,1,5,system_user,2024-01-16 18:32:55,system_user,2025-03-06 14:42:38,1,0
208,2688,10a6130500301008,1095130500000006,发生时间,10a5130500300003,10a5130500300003,,1,5,system_user,2024-01-16 18:32:55,system_user,2025-03-06 14:42:38,1,0
209,2693,10a6130100903006,1095130100000007,结束时间,10a5130100900009,10a5130100900009,,1,5,system_user,2024-01-16 18:32:55,system_user,2025-03-06 14:42:38,1,0
210,2694,10a613010090200a,1095130100000007,开始时间,10a5130100900009,10a5130100900009,,1,5,system_user,2024-01-16 18:32:55,system_user,2025-03-06 14:42:38,1,0
211,2695,10a6130100901001,1095130100000007,发生时间,10a5130100900009,10a5130100900009,,1,5,system_user,2024-01-16 18:32:55,system_user,2025-03-06 14:42:38,1,0
212,2700,10a6130200803006,109513020000000a,结束时间,10a5130200800009,10a5130200800009,,1,5,system_user,2024-01-16 18:32:55,system_user,2025-03-06 14:42:38,1,0
213,2701,10a613020080200a,109513020000000a,开始时间,10a5130200800009,10a5130200800009,,1,5,system_user,2024-01-16 18:32:55,system_user,2025-03-06 14:42:38,1,0
214,2702,10a6130200801001,109513020000000a,发生时间,10a5130200800009,10a5130200800009,,1,5,system_user,2024-01-16 18:32:55,system_user,2025-03-06 14:42:38,1,0
215,2707,10a6130300803009,1095130300000000,结束时间,10a513030080000c,10a513030080000c,,1,5,system_user,2024-01-16 18:32:55,system_user,2025-03-06 14:42:38,1,0
216,2708,10a6130300802000,1095130300000000,开始时间,10a513030080000c,10a513030080000c,,1,5,system_user,2024-01-16 18:32:55,system_user,2025-03-06 14:42:38,1,0
217,2709,10a6130300801004,1095130300000000,发生时间,10a513030080000c,10a513030080000c,,1,5,system_user,2024-01-16 18:32:55,system_user,2025-03-06 14:42:38,1,0
218,2714,10a6130400903002,1095130400000003,结束时间,10a5130400900005,10a5130400900005,,1,5,system_user,2024-01-16 18:32:55,system_user,2025-03-06 14:42:38,1,0
219,2715,10a6130400902006,1095130400000003,开始时间,10a5130400900005,10a5130400900005,,1,5,system_user,2024-01-16 18:32:55,system_user,2025-03-06 14:42:38,1,0
220,2716,10a613040090100a,1095130400000003,发生时间,10a5130400900005,10a5130400900005,,1,5,system_user,2024-01-16 18:32:55,system_user,2025-03-06 14:42:38,1,0
221,2721,10a6220300603005,1095220300000002,结束时间,10a5220300600008,10a5220300600008,,1,5,system_user,2024-01-16 18:32:55,system_user,2025-03-06 14:42:38,1,0
222,2722,10a6220300602009,1095220300000002,开始时间,10a5220300600008,10a5220300600008,,1,5,system_user,2024-01-16 18:32:55,system_user,2025-03-06 14:42:38,1,0
223,2723,10a6220300601000,1095220300000002,发生时间,10a5220300600008,10a5220300600008,,1,5,system_user,2024-01-16 18:32:55,system_user,2025-03-06 14:42:38,1,0
224,2728,10a6240200503001,1095240200000001,结束时间,10a5240200500004,10a5240200500004,,1,5,system_user,2024-01-16 18:32:55,system_user,2025-03-06 14:42:38,1,0
225,2729,10a6240200502005,1095240200000001,开始时间,10a5240200500004,10a5240200500004,,1,5,system_user,2024-01-16 18:32:55,system_user,2025-03-06 14:42:38,1,0
226,2730,10a6240200501009,1095240200000001,发生时间,10a5240200500004,10a5240200500004,,1,5,system_user,2024-01-16 18:32:55,system_user,2025-03-06 14:42:38,1,0
227,2735,10a6240300403001,1095240300000004,结束时间,10a5240300400004,10a5240300400004,,1,5,system_user,2024-01-16 18:32:55,system_user,2025-03-06 14:42:38,1,0
228,2736,10a6240300402005,1095240300000004,开始时间,10a5240300400004,10a5240300400004,,1,5,system_user,2024-01-16 18:32:55,system_user,2025-03-06 14:42:38,1,0
229,2737,10a6240300401009,1095240300000004,发生时间,10a5240300400004,10a5240300400004,,1,5,system_user,2024-01-16 18:32:55,system_user,2025-03-06 14:42:38,1,0
230,2742,10a6330100603003,1095330100000000,结束时间,10a5330100600006,10a5330100600006,,1,5,system_user,2024-01-16 18:32:55,system_user,2025-03-06 14:42:38,1,0
231,2743,10a6330100602007,1095330100000000,开始时间,10a5330100600006,10a5330100600006,,1,5,system_user,2024-01-16 18:32:55,system_user,2025-03-06 14:42:38,1,0
232,2744,10a633010060100b,1095330100000000,发生时间,10a5330100600006,10a5330100600006,,1,5,system_user,2024-01-16 18:32:55,system_user,2025-03-06 14:42:38,1,0
233,2749,10a6330200403000,1095330200000003,结束时间,10a5330200400003,10a5330200400003,,1,5,system_user,2024-01-16 18:32:55,system_user,2025-03-06 14:42:38,1,0
234,2750,10a6330200402004,1095330200000003,开始时间,10a5330200400003,10a5330200400003,,1,5,system_user,2024-01-16 18:32:55,system_user,2025-03-06 14:42:38,1,0
235,2751,10a6330200401008,1095330200000003,发生时间,10a5330200400003,10a5330200400003,,1,5,system_user,2024-01-16 18:32:55,system_user,2025-03-06 14:42:38,1,0
236,2756,10a6330300503006,1095330300000006,结束时间,10a5330300500009,10a5330300500009,,1,5,system_user,2024-01-16 18:32:55,system_user,2025-03-06 14:42:38,1,0
237,2757,10a633030050200a,1095330300000006,开始时间,10a5330300500009,10a5330300500009,,1,5,system_user,2024-01-16 18:32:55,system_user,2025-03-06 14:42:38,1,0
238,2758,10a6330300501001,1095330300000006,发生时间,10a5330300500009,10a5330300500009,,1,5,system_user,2024-01-16 18:32:55,system_user,2025-03-06 14:42:38,1,0
239,2763,10a6530500203009,1095530500000005,结束时间,10a553050020000c,10a553050020000c,,1,5,system_user,2024-01-16 18:32:55,system_user,2025-03-06 14:42:38,1,0
240,2764,10a6530500202000,1095530500000005,开始时间,10a553050020000c,10a553050020000c,,1,5,system_user,2024-01-16 18:32:55,system_user,2025-03-06 14:42:38,1,0
241,2765,10a6530500201004,1095530500000005,发生时间,10a553050020000c,10a553050020000c,,1,5,system_user,2024-01-16 18:32:55,system_user,2025-03-06 14:42:38,1,0
242,3269,106601000030100a,1055010000000008,中文名,1065010000300005,1065010000300005,,1,4,admin,2024-01-19 12:46:25,guochengjie,2025-03-06 14:42:38,1,0
243,3270,1066010000302006,1055010000000008,昵称,1065010000300005,1065010000300005,,1,5,admin,2024-01-19 12:46:32,guochengjie,2025-03-06 14:42:38,0,0
244,3272,1066010000303002,1055010000000008,曾用名,1065010000300005,1065010000300005,,1,4,admin,2024-01-19 12:47:25,guochengjie,2025-03-06 14:42:38,0,0
245,3273,10a6230300201002,1095230300000003,发生时间,10a523030020000a,10a523030020000a,,1,5,admin,2024-01-19 12:57:00,system_user,2025-03-06 14:42:38,1,0
246,3274,10a623030020200b,1095230300000003,开始时间,10a523030020000a,10a523030020000a,,1,5,admin,2024-01-19 12:57:08,system_user,2025-03-06 14:42:38,1,0
247,3276,10a6230300203007,1095230300000003,结束时间,10a523030020000a,10a523030020000a,,1,5,admin,2024-01-19 12:57:30,system_user,2025-03-06 14:42:38,1,0
248,3294,106601000030400b,1065010000300005,test,1065010000300005,1065010000300005,,1,5,admin,2024-01-23 22:47:58,admin,2025-03-06 14:42:38,1,0
249,3295,10a6110100701006,10a5110100700001,付款方式,10a5110100700001,10a5110100700001,,1,5,admin,2024-04-15 16:31:36,qidekang,2025-03-06 14:42:38,1,0
250,3296,1096150100001001,1095150100000009,出资额,1095150100000009,1095150100000009,,1,4,admin,2024-04-15 16:36:38,system_user,2025-04-08 15:59:21,1,0
251,3297,1096150300001007,1095150300000002,离职原因,1095150300000002,1095150300000002,,1,4,admin,2024-04-15 16:36:57,guochengjie,2025-03-04 20:04:38,1,0
252,3298,10a615030010100b,10a5150300100006,学号,10a5150300100006,10a5150300100006,,1,5,admin,2024-04-15 16:37:43,system_user,2025-03-06 14:42:38,0,0
253,3299,10a6150300102007,10a5150300100006,工号,10a5150300100006,10a5150300100006,,1,5,admin,2024-04-15 16:37:51,system_user,2025-03-06 14:42:38,0,0
254,3300,10a6150300b01002,10a5150300b0000a,五险一金,10a5150300b0000a,10a5150300b0000a,,1,5,admin,2024-04-15 16:38:14,system_user,2025-03-06 14:42:38,0,0
255,3301,10a6150300b0200b,10a5150300b0000a,餐饮福利,10a5150300b0000a,10a5150300b0000a,,1,5,admin,2024-04-15 16:38:29,system_user,2025-03-06 14:42:38,0,0
256,3302,10a6150300b03007,10a5150300b0000a,住房福利,10a5150300b0000a,10a5150300b0000a,,1,5,admin,2024-04-15 16:38:41,system_user,2025-03-06 14:42:38,0,0
257,3303,1066020000101005,1065020000100000,邮政编码,1065020000100000,1065020000100000,,1,5,admin,2024-04-15 16:44:35,admin,2025-03-06 14:42:38,0,0
258,3304,1066020000102001,1065020000100000,地区代码,1065020000100000,1065020000100000,,1,5,admin,2024-04-15 16:44:46,system_user,2025-03-06 14:42:38,0,0
259,3305,1066010001201003,106501000120000b,残疾,106501000120000b,106501000120000b,,1,5,admin,2024-04-15 16:47:03,qidekang,2025-03-06 14:42:38,1,0
260,3306,106a010000301007,1069010000300002,人数,1069010000300002,1069010000300002,,1,5,admin,2024-04-15 16:48:57,qidekang,2025-03-06 14:42:38,1,0
261,3307,106a010000302003,1069010000300002,农业人口数,1069010000300002,1069010000300002,,1,5,admin,2024-04-15 16:49:09,qidekang,2025-03-06 14:42:38,0,0
262,3308,106a01000030300c,1069010000300002,户数,1069010000300002,1069010000300002,,1,5,admin,2024-04-15 16:49:26,qidekang,2025-03-06 14:42:38,0,0
263,3309,106a010000304008,1069010000300002,农业户数,1069010000300002,1069010000300002,,1,5,admin,2024-04-15 16:49:35,admin,2025-03-06 14:42:38,1,0
264,3310,106a030000301009,1069030000300004,完成数量,1069030000300004,1069030000300004,,1,5,admin,2024-04-15 16:50:23,qidekang,2025-03-06 14:42:38,1,0
265,3311,106a030000302005,1069030000300004,未完成数量,1069030000300004,1069030000300004,,1,5,admin,2024-04-15 16:50:31,qidekang,2025-03-06 14:42:38,1,0
266,3312,1066040000401003,106504000040000b,车辆能源类型,106504000040000b,106504000040000b,,1,5,admin,2024-04-15 16:51:02,guochengjie,2025-03-06 14:42:38,1,0
267,3313,106604000040200c,106504000040000b,载具类型,106504000040000b,106504000040000b,,1,1,admin,2024-04-15 16:51:17,guochengjie,2025-03-06 14:42:38,0,0
268,3314,1066040000101007,1065040000100002,单位社保号,1065040000100002,1065040000100002,,1,5,admin,2024-04-15 16:51:35,qidekang,2025-03-06 14:42:38,1,0
269,3315,1066040000102003,1065040000100002,个人参保号,1065040000100002,1065040000100002,,1,5,admin,2024-04-15 16:51:44,qidekang,2025-03-06 14:42:38,1,0
270,3316,1066050000401004,106505000040000c,行业分类,106505000040000c,106505000040000c,农，林，牧，渔业，采矿业，制造业，电力，热力，燃气及水的生产和供应业，建筑业，批发和零售业，交通运输，仓储和邮政业，住宿和餐饮业，信息传输，软件和信息技术服务业，金融业，房地产业，租赁和商务服务业，科学研究和技术服务业，水利，环境和公共设施管理业，居民服务，修理和其他服务业，教育，卫生和社会工作，文化，体育和娱乐业，公共管理，社会保障和社会组织，国际组织,1,5,admin,2024-04-15 16:52:13,qidekang,2025-03-12 17:47:25,1,0
271,3317,1066050000101008,1065050000100003,统一社会信用代码,1065050000100003,1065050000100003,,1,5,admin,2024-04-15 16:52:49,qidekang,2025-03-06 14:42:38,0,0
272,3318,106605000060100a,1065050000600005,经营状态,1065050000600005,1065050000600005,营业，停业，停业，筹建,1,0,admin,2024-04-15 16:53:11,qidekang,2025-03-12 17:46:47,1,0
273,3319,1066040000501006,1065040000500001,用途,1065040000500001,1065040000500001,,1,5,admin,2024-04-15 17:08:19,system_user,2025-03-06 14:42:38,0,0
274,3320,1066040001301009,1065040001300004,金额,1065040001300004,1065040001300004,,1,5,admin,2024-04-15 17:10:22,system_user,2025-03-06 14:42:38,0,0
275,3321,1066040001302005,1065040001300004,费用,1065040001300004,1065040001300004,,1,5,admin,2024-04-15 17:10:27,system_user,2025-03-06 14:42:38,0,0
276,3322,10a6150500401000,10a5150500400008,劳务派遣,10a5150500400008,10a5150500400008,,1,5,admin,2024-04-15 17:17:21,qidekang,2025-03-06 14:42:38,1,0
277,3323,1066050000402000,106505000040000c,优抚家庭,106505000040000c,106505000040000c,,1,5,admin,2024-04-15 17:20:54,qidekang,2025-03-06 14:42:38,1,0
278,3324,1066050000403009,106505000040000c,低保家庭,106505000040000c,106505000040000c,,1,5,admin,2024-04-15 17:21:09,qidekang,2025-03-06 14:42:38,1,0
279,3325,106601000120200c,106501000120000b,体温,106501000120000b,106501000120000b,,1,5,admin,2024-04-15 17:25:11,admin,2025-03-06 14:42:38,1,0
280,3326,1066010001203008,106501000120000b,脉搏,106501000120000b,106501000120000b,,1,5,admin,2024-04-15 17:25:22,admin,2025-03-06 14:42:38,1,0
281,3327,1066010001204004,106501000120000b,血压,106501000120000b,106501000120000b,,1,5,admin,2024-04-15 17:25:34,admin,2025-03-06 14:42:38,1,0
282,3328,1066010000201007,1065010000200002,身份证号,1065010000200002,1065010000200002,,1,5,admin,2024-04-15 17:32:50,qidekang,2025-03-06 14:42:38,1,0
283,3329,1066010000202003,1065010000200002,护照号,1065010000200002,1065010000200002,,1,5,admin,2024-04-15 17:33:00,qidekang,2025-03-06 14:42:38,1,0
284,3330,106601000020300c,1065010000200002,台胞证编号,1065010000200002,1065010000200002,,1,5,admin,2024-04-15 17:33:09,qidekang,2025-03-06 14:42:38,1,0
285,3331,1066010000204008,1065010000200002,社保编码,1065010000200002,1065010000200002,,1,5,admin,2024-04-15 17:33:19,qidekang,2025-03-06 14:42:38,1,0
286,3332,1066010000205004,1065010000200002,学号,1065010000200002,1065010000200002,,1,5,admin,2024-04-15 17:33:35,qidekang,2025-03-06 14:42:38,1,0
287,3333,1066010000206000,1065010000200002,工号,1065010000200002,1065010000200002,,1,5,admin,2024-04-15 17:33:48,qidekang,2025-03-06 14:42:38,1,0
288,3334,1066010001701005,1065010001700000,常住类型,1065010001700000,1065010001700000,自有住房，租赁住房，‌集体宿舍，户籍所在地，非户籍所在地,1,5,admin,2024-04-15 17:36:31,baishumeng,2025-03-06 14:42:38,1,0
289,3335,1066010001401009,1065010001400004,技能,1065010001400004,1065010001400004,,1,5,admin,2024-04-15 17:39:28,admin,2025-03-06 14:42:38,1,0
290,3336,1066040000403008,106504000040000b,证明文件类型,106504000040000b,106504000040000b,,1,5,admin,2024-04-15 17:44:55,guochengjie,2025-03-06 14:42:38,1,0
291,3337,10a6110100a01002,10a5110100a0000a,上岗限制,10a5110100a0000a,10a5110100a0000a,,1,5,admin,2024-04-15 17:45:15,qidekang,2025-03-06 14:42:38,1,0
292,3338,10a6150300204002,10a5150300200009,毕业时间,10a5150300200009,10a5150300200009,,1,5,admin,2024-04-15 17:45:35,admin,2025-03-06 14:42:38,1,0
293,3339,1066050000404005,106505000040000c,户口性质,106505000040000c,106505000040000c,,1,5,admin,2024-04-15 17:46:07,qidekang,2025-03-06 14:42:38,1,0
294,3341,1066050000405001,106505000040000c,登记注册类型,106505000040000c,106505000040000c,政府机关，事业单位，社会团体，国有企业，私营企业，外资企业，合资企业,1,5,admin,2024-04-15 17:47:08,guochengjie,2025-03-06 14:42:38,0,0
295,3342,1066030000901004,106503000090000c,发生原因,106503000090000c,106503000090000c,,1,5,admin,2024-04-15 17:49:47,qidekang,2025-03-06 14:42:38,1,0
296,3343,1066030000902000,106503000090000c,例外原因,106503000090000c,106503000090000c,,1,7,admin,2024-04-15 17:49:58,guochengjie,2025-03-06 14:42:38,0,0
297,3344,1066020000201008,1065020000200003,邮政编码,1065020000200003,1065020000200003,,1,5,admin,2024-04-15 17:52:58,admin,2025-03-06 14:42:38,1,0
298,3345,10a6150300801006,10a5150300800001,工资,10a5150300800001,10a5150300800001,,1,5,admin,2024-04-15 17:57:35,system_user,2025-03-06 14:42:38,0,0
299,3346,10a6150300802002,10a5150300800001,补助,10a5150300800001,10a5150300800001,,1,5,admin,2024-04-15 17:57:46,guochengjie,2025-03-06 14:42:38,0,0
300,3347,10a615030080300b,10a5150300800001,奖金,10a5150300800001,10a5150300800001,,1,5,admin,2024-04-15 17:57:56,guochengjie,2025-03-06 14:42:38,0,0
301,3348,1066010001601002,106501000160000a,孤残,106501000160000a,106501000160000a,,1,5,admin,2024-04-15 18:01:26,qidekang,2025-03-06 14:42:38,1,0
302,3349,106601000160200b,106501000160000a,单亲,106501000160000a,106501000160000a,,1,5,admin,2024-04-15 18:01:36,qidekang,2025-03-06 14:42:38,1,0
303,3350,1066010001603007,106501000160000a,烈士子女,106501000160000a,106501000160000a,,1,5,admin,2024-04-15 18:01:46,qidekang,2025-03-06 14:42:38,1,0
304,3351,1011515060001004,101051506000000c,是否服从调剂,1010515060020001,1010515060020001,,1,4,admin,2024-04-15 18:03:02,system_user,2025-04-08 15:59:21,1,0
305,3352,1066050000602006,1065050000600005,家庭状况,1065050000600005,1065050000600005,,1,5,admin,2024-04-15 20:47:00,system_user,2025-03-06 14:42:38,0,0
306,3353,10a613020070100b,10a5130200700006,获取学分,10a5130200700006,10a5130200700006,,1,5,admin,2024-04-15 20:47:31,system_user,2025-03-06 14:42:38,0,0
307,3354,10a6130200702007,10a5130200700006,取得薪酬,10a5130200700006,10a5130200700006,,1,5,admin,2024-04-15 20:47:45,system_user,2025-03-06 14:42:38,0,0
308,3355,10a6130100201006,10a5130100200001,申请理由,10a5130100200001,10a5130100200001,,1,5,admin,2024-04-15 20:47:56,system_user,2025-03-06 14:42:38,0,0
309,3356,1066030000601008,1065030000600003,课程类型,1065030000600003,1065030000600003,,1,5,admin,2024-04-15 20:49:23,system_user,2025-03-06 14:42:38,0,0
310,3357,1066040000404004,106504000040000b,科目类型,106504000040000b,106504000040000b,,1,5,admin,2024-04-15 20:49:39,qidekang,2025-03-06 14:42:38,1,0
311,3358,10a6130200501005,10a5130200500000,报名费,10a5130200500000,10a5130200500000,,1,5,admin,2024-04-15 20:50:25,system_user,2025-03-06 14:42:38,0,0
312,3359,10a6130200502001,10a5130200500000,入场费,10a5130200500000,10a5130200500000,,1,5,admin,2024-04-15 20:50:38,system_user,2025-03-06 14:42:38,0,0
313,3360,1066050000701000,1065050000700008,员工人数,1065050000700008,1065050000700008,,1,5,admin,2024-04-15 20:54:01,guochengjie,2025-03-06 14:42:38,1,0
314,3361,1066050000702009,1065050000700008,教职工人数,1065050000700008,1065050000700008,,1,5,admin,2024-04-15 20:54:10,guochengjie,2025-03-06 14:42:38,1,0
315,3362,1066050000703005,1065050000700008,在校生人数,1065050000700008,1065050000700008,,1,5,admin,2024-04-15 20:54:17,guochengjie,2025-03-06 14:42:38,1,0
316,3363,106605000020100b,1065050000200006,单位邮箱,1065050000200006,1065050000200006,,1,5,admin,2024-04-15 20:54:32,admin,2025-03-06 14:42:38,1,0
317,3364,1066050000202007,1065050000200006,单位电话,1065050000200006,1065050000200006,,1,5,admin,2024-04-15 20:54:52,admin,2025-03-06 14:42:38,1,0
318,3365,1066050000203003,1065050000200006,单位传真,1065050000200006,1065050000200006,,1,5,admin,2024-04-15 20:55:01,admin,2025-03-06 14:42:38,1,0
319,3366,106605000020400c,1065050000200006,单位邮编,1065050000200006,1065050000200006,,1,5,admin,2024-04-15 20:55:08,admin,2025-03-06 14:42:38,1,0
320,3367,1066030000a01007,1065030000a00002,开始受理,1065030000a00002,1065030000a00002,,1,5,admin,2024-04-15 20:55:39,qidekang,2025-03-06 14:42:38,1,0
321,3368,1066030000a02003,1065030000a00002,处置中,1065030000a00002,1065030000a00002,,1,5,admin,2024-04-15 20:55:48,qidekang,2025-03-06 14:42:38,1,0
322,3369,1066030000a0300c,1065030000a00002,已完成,1065030000a00002,1065030000a00002,,1,5,admin,2024-04-15 20:55:57,qidekang,2025-03-06 14:42:38,1,0
323,3370,10a6150300401007,10a5150300400002,政治表现,10a5150300400002,10a5150300400002,,1,5,admin,2024-04-15 20:59:32,guochengjie,2025-03-06 14:42:38,0,0
324,3371,10a6150300402003,10a5150300400002,学生表现,10a5150300400002,10a5150300400002,,1,5,admin,2024-04-15 20:59:41,xiexinyu,2025-03-06 14:42:38,0,0
325,3372,1066010001a01001,1065010001a00009,低保户,1065010001a00009,1065010001a00009,,1,5,admin,2024-04-15 21:11:45,qidekang,2025-03-06 14:42:38,1,0
326,3373,1066010001e01000,1065010001e00008,退休,1065010001e00008,1065010001e00008,,1,5,admin,2024-04-15 21:18:35,qidekang,2025-03-06 14:42:38,1,0
327,3374,1066010001e02009,1065010001e00008,下岗,1065010001e00008,1065010001e00008,,1,5,admin,2024-04-15 21:18:53,qidekang,2025-03-06 14:42:38,1,0
328,3375,1066010001e03005,1065010001e00008,在职,1065010001e00008,1065010001e00008,,1,5,admin,2024-04-15 21:19:04,qidekang,2025-03-06 14:42:38,1,0
329,3376,1066010002001006,1065010002000001,手机号码,1065010002000001,1065010002000001,,1,5,admin,2024-04-15 21:25:53,qidekang,2025-03-06 14:42:38,0,0
330,3377,1066010002002002,1065010002000001,微信号,1065010002000001,1065010002000001,,1,5,admin,2024-04-15 21:26:00,xiexinyu,2025-03-06 14:42:38,0,0
331,3378,106601000200300b,1065010002000001,邮箱,1065010002000001,1065010002000001,,1,5,admin,2024-04-15 21:26:08,qidekang,2025-03-06 14:42:38,0,0
332,3379,1066010002101009,1065010002100004,工作年限,1065010002100004,1065010002100004,,1,5,admin,2024-04-15 21:27:16,system_user,2025-03-06 14:42:38,0,0
333,3380,1066010002102005,1065010002100004,接害工龄,1065010002100004,1065010002100004,,1,5,admin,2024-04-15 21:27:26,system_user,2025-03-06 14:42:38,0,0
334,3381,1066050001501003,106505000150000b,经营方式,106505000150000b,106505000150000b,采掘， 制造，批发，零售，咨询，租赁，代理等,1,5,admin,2024-04-15 21:29:57,qidekang,2025-03-12 17:47:25,0,0
335,3382,10a6150301001004,10a515030100000c,离校类别,10a515030100000c,10a515030100000c,毕业，肄业，结业，转学,1,5,admin,2024-04-15 21:35:19,guochengjie,2025-03-06 14:42:38,0,0
336,3383,10a6150300301004,10a515030030000c,毕业时间,10a515030030000c,10a515030030000c,,1,5,admin,2024-04-18 18:03:14,system_user,2025-03-06 14:42:38,0,0
337,3384,10a6150600601009,10a5150600600004,入党申请时间,10a5150600600004,10a5150600600004,,1,5,admin,2024-04-18 18:17:05,system_user,2025-03-06 14:42:38,1,0
338,3385,10a6150600602005,10a5150600600004,成为积极分子时间,10a5150600600004,10a5150600600004,,1,5,admin,2024-04-18 18:17:51,system_user,2025-03-06 14:42:38,1,0
339,3386,1066050001900006,106505000190000a,单位电话,106505000190000a,106505000190000a,,1,5,admin,2024-05-07 09:00:45,system_user,2025-03-06 14:42:38,1,0
340,3387,1066050001901002,106505000190000a,单位邮箱,106505000190000a,106505000190000a,,1,5,admin,2024-05-07 09:01:00,system_user,2025-03-06 14:42:38,1,0
341,3388,106605000190200b,106505000190000a,单位传真,106505000190000a,106505000190000a,,1,5,admin,2024-05-07 09:01:15,system_user,2025-03-06 14:42:38,1,0
342,3389,1066050001903007,106505000190000a,单位邮编,106505000190000a,106505000190000a,,1,5,admin,2024-05-07 09:01:43,system_user,2025-03-06 14:42:38,1,0
343,3390,1066020001500004,1065020001500008,长度,1065020001500008,1065020001500008,,1,5,admin,2024-05-07 09:03:01,qidekang,2025-03-06 14:42:38,0,0
344,3391,1066020001501000,1065020001500008,宽度,1065020001500008,1065020001500008,,1,5,admin,2024-05-07 09:03:23,qidekang,2025-03-06 14:42:38,0,0
345,3392,1066020001502009,1065020001500008,高度,1065020001500008,1065020001500008,,1,5,admin,2024-05-07 09:03:31,qidekang,2025-03-06 14:42:38,0,0
346,3393,1066040001800002,1065040001800006,长度,1065040001800006,1065040001800006,,1,5,admin,2024-05-07 09:04:34,guochengjie,2025-03-06 14:42:38,1,0
347,3394,106604000180100b,1065040001800006,宽度,1065040001800006,1065040001800006,,1,5,admin,2024-05-07 09:04:44,guochengjie,2025-03-06 14:42:38,1,0
348,3395,1066040001802007,1065040001800006,高度,1065040001800006,1065040001800006,,1,5,admin,2024-05-07 09:04:51,guochengjie,2025-03-06 14:42:38,1,0
349,3396,1066020001503005,1065020001500008,面积,1065020001500008,1065020001500008,,1,5,admin,2024-05-07 09:05:51,guochengjie,2025-03-06 14:42:38,0,0
350,3397,1066010001402005,1065010001400004,外语水平,1065010001400004,1065010001400004,,1,5,admin,2024-05-14 14:10:02,admin,2025-03-06 14:42:38,1,0
351,3398,1066010000207009,1065010000200002,出生证号,1065010000200002,1065010000200002,,1,5,admin,2024-05-14 14:11:35,qidekang,2025-03-06 14:42:38,1,0
352,3399,1066040000200001,1065040000200005,社保卡号,1065040000200005,1065040000200005,,1,5,admin,2024-05-14 14:15:34,qidekang,2025-03-06 14:42:38,1,0
353,3400,106604000020100a,1065040000200005,账户编号,1065040000200005,1065040000200005,,1,5,admin,2024-05-14 14:15:56,qidekang,2025-03-06 14:42:38,0,0
354,3401,1066040000202006,1065040000200005,项目代码,1065040000200005,1065040000200005,,1,5,admin,2024-05-14 14:16:19,baishumeng,2025-03-06 14:42:38,1,0
355,3402,1066050001100008,106505000110000c,应纳税额,106505000110000c,106505000110000c,,1,5,admin,2024-05-14 14:28:51,system_user,2025-03-06 14:42:38,1,0
356,3403,1066050001101004,106505000110000c,减免税额,106505000110000c,106505000110000c,,1,5,admin,2024-05-14 14:29:02,system_user,2025-03-06 14:42:38,1,0
357,3404,1066050001102000,106505000110000c,已缴税额,106505000110000c,106505000110000c,,1,5,admin,2024-05-14 14:29:26,system_user,2025-03-06 14:42:38,1,0
358,3405,1066050001103009,106505000110000c,应补税额,106505000110000c,106505000110000c,,1,5,admin,2024-05-14 14:30:05,system_user,2025-03-06 14:42:38,1,0
359,3406,1066010002400009,1065010002400000,外语水平,1065010002400000,1065010002400000,,1,5,admin,2024-05-14 15:00:23,admin,2025-03-06 14:42:38,1,0
360,3407,1066010002401005,1065010002400000,技能,1065010002400000,1065010002400000,,1,5,admin,2024-05-14 15:00:40,admin,2025-03-06 14:42:38,1,0
361,3408,1066010002402001,1065010002400000,计算机水平,1065010002400000,1065010002400000,,1,5,admin,2024-05-14 15:00:53,admin,2025-03-06 14:42:38,1,0
362,3409,106601000240300a,1065010002400000,劳动能力,1065010002400000,1065010002400000,,1,5,admin,2024-05-14 15:01:05,qidekang,2025-03-06 14:42:38,1,0
363,3410,1066010002501008,1065010002500003,个人简介,1065010002500003,1065010002500003,,1,5,admin,2024-05-20 08:16:05,guochengjie,2025-03-06 14:42:38,1,0
364,3411,1066010002502004,1065010002500003,教育经历,1065010002500003,1065010002500003,,1,5,admin,2024-05-20 08:16:17,system_user,2025-03-06 14:42:38,0,0
365,3412,1066010002503000,1065010002500003,工作经历,1065010002500003,1065010002500003,,1,5,admin,2024-05-20 08:16:26,system_user,2025-03-06 14:42:38,0,0
366,3413,1066010001801008,1065010001800003,咳嗽,1065010001800003,1065010001800003,,1,5,admin,2024-05-20 08:17:18,qidekang,2025-03-06 14:42:38,1,0
367,3414,1066010001802004,1065010001800003,腹泻,1065010001800003,1065010001800003,,1,5,admin,2024-05-20 08:17:25,qidekang,2025-03-06 14:42:38,1,0
368,3415,1066010001803000,1065010001800003,高血压,1065010001800003,1065010001800003,,1,5,admin,2024-05-20 08:17:30,qidekang,2025-03-06 14:42:38,1,0
369,3416,1066010001804009,1065010001800003,癌症,1065010001800003,1065010001800003,,1,5,admin,2024-05-20 08:17:40,qidekang,2025-03-06 14:42:38,1,0
370,3417,106601000260100b,1065010002600006,呼吸频率,1065010002600006,1065010002600006,,1,5,admin,2024-05-20 08:23:54,system_user,2025-03-06 14:42:38,0,0
371,3418,1066010002602007,1065010002600006,体温,1065010002600006,1065010002600006,,1,5,admin,2024-05-20 08:24:05,system_user,2025-03-06 14:42:38,0,0
372,3419,1066010002603003,1065010002600006,脉搏,1065010002600006,1065010002600006,,1,5,admin,2024-05-20 08:24:18,system_user,2025-03-06 14:42:38,0,0
373,3420,106601000260400c,1065010002600006,血压,1065010002600006,1065010002600006,,1,5,admin,2024-05-20 08:24:22,system_user,2025-03-06 14:42:38,0,0
374,3421,1066010001205000,106501000120000b,健康,106501000120000b,106501000120000b,,1,5,admin,2024-05-20 08:44:35,qidekang,2025-03-06 14:42:38,1,0
375,3422,1066010001206009,106501000120000b,亚健康,106501000120000b,106501000120000b,,1,5,admin,2024-05-20 08:48:37,qidekang,2025-03-06 14:42:38,1,0
376,3423,1066010001207005,106501000120000b,慢性疾病,106501000120000b,106501000120000b,,1,5,admin,2024-05-20 08:50:34,qidekang,2025-03-06 14:42:38,1,0
377,3424,1066010001208001,106501000120000b,急性疾病,106501000120000b,106501000120000b,,1,5,admin,2024-05-20 08:50:40,qidekang,2025-03-06 14:42:38,1,0
378,3425,1066010001a0200a,1065010001a00009,高净值人群,1065010001a00009,1065010001a00009,,1,5,admin,2024-05-22 10:22:10,qidekang,2025-03-06 14:42:38,1,0
379,3426,1066030000602004,1065030000600003,事件分类,1065030000600003,1065030000600003,,1,5,admin,2024-05-22 10:28:16,qidekang,2025-03-06 14:42:38,1,0
380,3427,106605000150200c,106505000150000b,所属行业,106505000150000b,106505000150000b,农，林，牧，渔业，采矿业，制造业，电力，热力，燃气及水的生产和供应业，建筑业，批发和零售业，交通运输，仓储和邮政业，住宿和餐饮业，信息传输，软件和信息技术服务业，金融业，房地产业，租赁和商务服务业，科学研究和技术服务业，水利，环境和公共设施管理业，居民服务，修理和其他服务业，教育，卫生和社会工作，文化，体育和娱乐业，公共管理，社会保障和社会组织，国际组织,1,5,admin,2024-05-22 10:30:31,qidekang,2025-03-12 17:47:25,0,0
381,3428,10a6150800401009,10a5150800400004,是否接受调剂,10a5150800400004,10a5150800400004,,1,5,admin,2024-05-22 11:00:52,system_user,2025-03-06 14:42:38,0,0
382,3429,10a6150800402005,10a5150800400004,是否被调剂,10a5150800400004,10a5150800400004,,1,5,admin,2024-05-22 11:01:09,guochengjie,2025-03-06 14:42:38,1,0
383,3430,1066040000203002,1065040000200005,车牌号,1065040000200005,1065040000200005,,1,5,admin,2024-06-03 07:40:35,qidekang,2025-03-06 14:42:38,1,0
384,3431,106604000020400b,1065040000200005,车架号,1065040000200005,1065040000200005,,1,5,admin,2024-06-03 07:40:43,qidekang,2025-03-06 14:42:38,1,0
385,3432,1066010002404006,1065010002400000,自理能力,1065010002400000,1065010002400000,,1,5,admin,2024-06-04 14:48:05,qidekang,2025-03-06 14:42:38,1,0
386,3433,1066010000101004,106501000010000c,身份证号,106501000010000c,106501000010000c,,1,1,qidekang,2024-06-25 03:48:17,guochengjie,2025-03-12 15:58:16,0,0
387,3434,1066010000102000,106501000010000c,护照号,106501000010000c,106501000010000c,,1,2,qidekang,2024-06-25 03:48:41,guochengjie,2025-03-12 15:58:20,0,0
388,3435,1066010000103009,106501000010000c,军官证号,106501000010000c,106501000010000c,,1,8,qidekang,2024-06-25 03:48:57,guochengjie,2025-03-06 14:42:38,0,0
389,3436,1066010000104005,106501000010000c,警官证号,106501000010000c,106501000010000c,,1,10,qidekang,2024-06-25 03:49:08,guochengjie,2025-03-06 14:42:38,1,0
390,3437,1066010000105001,106501000010000c,港澳居民来往内地通行证号,106501000010000c,106501000010000c,,1,5,qidekang,2024-06-25 03:49:23,guochengjie,2025-03-06 14:42:38,0,0
391,3438,106601000010600a,106501000010000c,台湾居民来往大陆通行证号,106501000010000c,106501000010000c,,1,6,qidekang,2024-06-25 03:49:37,guochengjie,2025-03-12 15:59:59,0,0
392,3439,1066010000107006,106501000010000c,外国人永久居留身份证号,106501000010000c,106501000010000c,,1,7,qidekang,2024-06-25 03:49:45,guochengjie,2025-03-06 14:42:38,0,0
393,3440,1066010000108002,106501000010000c,出生证号,106501000010000c,106501000010000c,,1,18,qidekang,2024-06-25 03:50:31,guochengjie,2025-03-06 14:42:38,0,0
394,3441,106604000010300c,1065040000100002,物件编码,1065040000100002,1065040000100002,,1,5,qidekang,2024-06-25 04:04:44,guochengjie,2025-03-06 14:42:38,1,0
395,3442,1066040000104008,1065040000100002,电话号码,1065040000100002,1065040000100002,,1,5,qidekang,2024-06-25 04:04:55,guochengjie,2025-03-06 14:42:38,1,0
396,3443,1066040000105004,1065040000100002,身份证号,1065040000100002,1065040000100002,,1,5,qidekang,2024-06-25 04:09:55,guochengjie,2025-03-06 14:42:38,1,0
397,3444,1066040000106000,1065040000100002,护照号,1065040000100002,1065040000100002,,1,5,qidekang,2024-06-25 04:10:01,guochengjie,2025-03-06 14:42:38,1,0
398,3445,1066040000107009,1065040000100002,军官证号,1065040000100002,1065040000100002,,1,5,qidekang,2024-06-25 04:10:08,guochengjie,2025-03-06 14:42:38,1,0
399,3446,1066040000108005,1065040000100002,警官证号,1065040000100002,1065040000100002,,1,5,qidekang,2024-06-25 04:10:14,guochengjie,2025-03-06 14:42:38,1,0
400,3447,1066040000109001,1065040000100002,港澳居民来往内地通行证号,1065040000100002,1065040000100002,,1,5,qidekang,2024-06-25 04:10:21,guochengjie,2025-03-06 14:42:38,1,0
401,3448,106604000010a00a,1065040000100002,台湾居民来往内地通行证号,1065040000100002,1065040000100002,,1,5,qidekang,2024-06-25 04:10:28,guochengjie,2025-03-06 14:42:38,1,0
402,3449,106604000010b006,1065040000100002,外国人永久居留身份证号,1065040000100002,1065040000100002,,1,5,qidekang,2024-06-25 04:10:34,guochengjie,2025-03-06 14:42:38,1,0
403,3450,106604000010c002,1065040000100002,出生证号,1065040000100002,1065040000100002,,1,5,qidekang,2024-06-25 04:10:42,guochengjie,2025-03-06 14:42:38,1,0
404,3451,1066040000205007,1065040000200005,银行卡号,1065040000200005,1065040000200005,,1,5,qidekang,2024-06-25 04:18:38,qidekang,2025-03-06 14:42:38,1,0
405,3452,106604000010d00b,1065040000100002,车牌号,1065040000100002,1065040000100002,,1,5,qidekang,2024-06-25 04:26:01,guochengjie,2025-03-06 14:42:38,1,0
406,3453,106604000010e007,1065040000100002,车架号,1065040000100002,1065040000100002,,1,5,qidekang,2024-06-25 04:26:07,guochengjie,2025-03-06 14:42:38,1,0
407,3454,106601000010900b,106501000010000c,港澳居民居住证号,106501000010000c,106501000010000c,,1,3,qidekang,2024-06-25 05:59:54,guochengjie,2025-03-12 15:58:47,0,0
408,3455,106601000010a007,106501000010000c,驾驶证号,106501000010000c,106501000010000c,,1,12,qidekang,2024-06-25 06:01:09,guochengjie,2025-03-06 14:42:38,1,0
409,3456,106601000010b003,106501000010000c,学生证号,106501000010000c,106501000010000c,,1,17,qidekang,2024-06-25 06:25:06,guochengjie,2025-03-06 14:42:38,0,0
410,3457,106601000010c00c,106501000010000c,工作证号,106501000010000c,106501000010000c,,1,8,qidekang,2024-06-25 06:25:16,guochengjie,2025-03-06 14:42:38,1,0
411,3458,106604000010f003,1065040000100002,银行卡号,1065040000100002,1065040000100002,,1,5,qidekang,2024-06-25 06:28:04,guochengjie,2025-03-06 14:42:38,1,0
412,3459,1066010000305007,1065010000300005,英文名,1065010000300005,1065010000300005,,1,6,qidekang,2024-06-27 07:09:38,guochengjie,2025-03-06 14:42:38,0,0
413,3460,1066010002004007,1065010002000001,座机号码,1065010002000001,1065010002000001,,1,5,qidekang,2024-07-01 09:13:19,qidekang,2025-03-06 14:42:38,0,0
414,3461,106601000010d008,106501000010000c,社保卡号,106501000010000c,106501000010000c,,1,9,qidekang,2024-07-05 16:44:06,guochengjie,2025-03-06 14:42:38,1,0
415,3462,106601000010e004,106501000010000c,残疾人证号,106501000010000c,106501000010000c,,1,11,qidekang,2024-07-05 16:44:13,guochengjie,2025-03-06 14:42:38,1,0
416,3463,106601000010f000,106501000010000c,学生教育ID号,106501000010000c,106501000010000c,,1,10,qidekang,2024-07-05 16:44:22,guochengjie,2025-03-06 14:42:38,1,0
417,3464,1066010000110009,106501000010000c,养老助残卡号,106501000010000c,106501000010000c,,1,12,qidekang,2024-07-05 16:44:32,guochengjie,2025-03-06 14:42:38,1,0
418,3465,106604000011000c,1065040000100002,社保卡号,1065040000100002,1065040000100002,,1,5,qidekang,2024-07-05 16:44:42,guochengjie,2025-03-06 14:42:38,1,0
419,3466,1066040000111008,1065040000100002,残疾人证号,1065040000100002,1065040000100002,,1,5,qidekang,2024-07-05 16:44:47,guochengjie,2025-03-06 14:42:38,1,0
420,3467,1066040000112004,1065040000100002,学生教育ID号,1065040000100002,1065040000100002,,1,5,qidekang,2024-07-05 16:44:52,guochengjie,2025-03-06 14:42:38,1,0
421,3468,1066040000113000,1065040000100002,养老助残卡号,1065040000100002,1065040000100002,,1,5,qidekang,2024-07-05 16:44:58,guochengjie,2025-03-06 14:42:38,1,0
422,3469,1066040000114009,1065040000100002,港澳台居民居住证号,1065040000100002,1065040000100002,,1,5,qidekang,2024-07-30 14:02:04,guochengjie,2025-03-06 14:42:38,1,0
423,3470,1066040000115005,1065040000100002,驾驶证号,1065040000100002,1065040000100002,,1,5,qidekang,2024-07-30 14:03:20,guochengjie,2025-03-06 14:42:38,1,0
424,3471,1066040000116001,1065040000100002,学生证号,1065040000100002,1065040000100002,,1,5,qidekang,2024-07-30 14:08:05,guochengjie,2025-03-06 14:42:38,1,0
425,3472,106604000011700a,1065040000100002,工作证号,1065040000100002,1065040000100002,,1,5,qidekang,2024-07-30 14:08:10,guochengjie,2025-03-06 14:42:38,1,0
426,3473,1066020001701006,105102000000000c,经度,1065020001700001,1065020001700001,,1,5,qidekang,2024-11-06 17:58:00,xiexinyu,2025-03-06 14:42:38,0,0
427,3474,1066020001702002,105102000000000c,纬度,1065020001700001,1065020001700001,,1,5,qidekang,2024-11-06 17:58:05,qidekang,2025-03-06 14:42:38,0,0
428,3475,106602000170300b,105102000000000c,海拔,1065020001700001,1065020001700001,,1,5,qidekang,2024-11-06 17:58:12,qidekang,2025-03-06 14:42:38,0,0
429,3476,1066020001704007,105102000000000c,经纬度,1065020001700001,1065020001700001,,1,5,qidekang,2024-11-06 17:58:25,qidekang,2025-03-06 14:42:38,0,0
430,3477,1066020001705003,105102000000000c,经纬度序列,1065020001700001,1065020001700001,,1,5,qidekang,2024-11-06 17:58:32,guochengjie,2025-03-06 14:42:38,1,0
431,3478,106602000170600c,105102000000000c,外包边界,1065020001700001,1065020001700001,,1,5,qidekang,2024-11-06 17:58:38,guochengjie,2025-03-06 14:42:38,1,0
432,3743,1066010000306003,1055010000000008,姓氏,1065010000300005,1065010000300005,,1,2,admin,2024-01-19 12:46:25,guochengjie,2025-03-06 14:42:38,0,0
433,3744,106601000030700c,1055010000000008,名称,1065010000300005,1065010000300005,,1,3,admin,2024-01-19 12:46:25,guochengjie,2025-03-06 14:42:38,0,0
434,3745,106a010000305004,109501000000000c,数值,1069010000300002,1069010000300002,,1,5,qidekang,2024-12-09 15:37:33,qidekang,2025-03-06 14:42:38,1,0
435,3746,106a010000306000,109501000000000c,数据单位,1069010000300002,1069010000300002,,1,5,qidekang,2024-12-09 15:37:41,qidekang,2025-03-06 14:42:38,1,0
436,3747,106a020000301008,1095020000000000,数值,1069020000300003,1069020000300003,,1,5,qidekang,2024-12-09 15:38:11,qidekang,2025-03-06 14:42:38,1,0
437,3748,106a020000302004,1095020000000000,数据单位,1069020000300003,1069020000300003,,1,5,qidekang,2024-12-09 15:38:14,qidekang,2025-03-06 14:42:38,1,0
438,3749,106a030000303001,1095030000000001,数值,1069030000300004,1069030000300004,,1,5,qidekang,2024-12-09 15:38:27,qidekang,2025-03-06 14:42:38,1,0
439,3750,106a03000030400a,1095030000000001,数据单位,1069030000300004,1069030000300004,,1,5,qidekang,2024-12-09 15:38:30,qidekang,2025-03-06 14:42:38,1,0
440,3751,106a04000030100a,1095040000000002,数值,1069040000300005,1069040000300005,,1,5,qidekang,2024-12-09 15:38:41,qidekang,2025-03-06 14:42:38,1,0
441,3752,106a040000302006,1095040000000002,数据单位,1069040000300005,1069040000300005,,1,5,qidekang,2024-12-09 15:38:44,qidekang,2025-03-06 14:42:38,1,0
442,3753,106a05000030100b,1095050000000003,数值,1069050000300006,1069050000300006,,1,5,qidekang,2024-12-09 15:38:52,qidekang,2025-03-06 14:42:38,1,0
443,3754,106a050000302007,1095050000000003,数据单位,1069050000300006,1069050000300006,,1,5,qidekang,2024-12-09 15:38:58,qidekang,2025-03-06 14:42:38,1,0
444,3755,1066020000202004,105102000000000c,备案号,1065020000200003,1065020000200003,,1,1,qidekang,2024-12-10 17:52:01,guochengjie,2025-03-06 14:42:38,0,0
445,3756,1066030000401002,1051030000000000,统计时间,106503000040000a,106503000040000a,,1,5,qidekang,2024-12-10 17:56:47,qidekang,2025-03-06 14:42:38,0,0
446,3757,1066050001a01005,1051050000000002,收入额,1065050001a00000,1065050001a00000,,1,5,qidekang,2024-12-10 20:50:32,guochengjie,2025-03-06 14:42:38,0,0
447,3758,1066050001a02001,1051050000000002,支出额,1065050001a00000,1065050001a00000,,1,5,qidekang,2024-12-10 20:50:42,guochengjie,2025-03-06 14:42:38,0,0
448,3759,1066050001a0300a,1051050000000002,利润,1065050001a00000,1065050001a00000,,1,5,qidekang,2024-12-10 20:50:47,guochengjie,2025-03-06 14:42:38,0,0
449,3760,1066050001a04006,1051050000000002,税额,1065050001a00000,1065050001a00000,,1,5,qidekang,2024-12-10 20:50:58,xiexinyu,2025-03-06 14:42:38,0,0
450,3761,1066050000b0100c,1051050000000002,法定代表人,1065050000b00007,1065050000b00007,,1,5,qidekang,2024-12-11 11:23:09,xiexinyu,2025-03-06 14:42:38,0,0
451,3762,10a6150301101007,1095150300000002,入学时间,10a5150301100002,10a5150301100002,,1,5,qidekang,2025-02-12 12:27:59,system_user,2025-03-06 14:42:38,0,0
452,3763,10a6520800401005,1095520800000000,GDP,10a5520800400000,10a5520800400000,,1,5,guochengjie,2025-02-13 10:56:22,system_user,2025-03-06 14:42:38,0,0
453,3764,10a6520800402001,1095520800000000,GDP增长率,10a5520800400000,10a5520800400000,,1,5,guochengjie,2025-02-13 10:56:34,guochengjie,2025-03-06 14:42:38,1,0
454,3765,10a652080040300a,1095520800000000,CPI,10a5520800400000,10a5520800400000,,1,5,guochengjie,2025-02-13 10:56:39,system_user,2025-03-06 14:42:38,0,0
455,3766,10a6520800404006,1095520800000000,CPI涨跌幅,10a5520800400000,10a5520800400000,,1,5,guochengjie,2025-02-13 10:57:55,guochengjie,2025-03-06 14:42:38,1,0
456,3767,10a6520800901007,1095520800000000,税收贡献,10a5520800900002,10a5520800900002,,1,5,guochengjie,2025-02-13 11:17:56,xiexinyu,2025-03-06 14:42:38,0,0
457,3768,10a6520800902003,1095520800000000,环境影响,10a5520800900002,10a5520800900002,,1,5,guochengjie,2025-02-13 11:18:12,xiexinyu,2025-03-06 14:42:38,0,0
458,3769,10a652080090300c,1095520800000000,新增就业,10a5520800900002,10a5520800900002,,1,5,guochengjie,2025-02-13 11:18:20,baishumeng,2025-03-06 14:42:38,0,0
459,3770,1066040000f0100a,1051040000000001,起始日期,1065040000f00005,1065040000f00005,,1,5,guochengjie,2025-02-14 11:40:05,qidekang,2025-03-06 14:42:38,1,0
460,3771,1066040000f02006,1051040000000001,过期时间,1065040000f00005,1065040000f00005,,1,5,guochengjie,2025-02-14 11:40:15,guochengjie,2025-03-06 14:42:38,1,0
461,3772,1066040000f03002,1051040000000001,持续时间,1065040000f00005,1065040000f00005,,1,5,guochengjie,2025-02-14 11:40:18,qidekang,2025-03-06 14:42:38,1,0
462,3773,1066050000b02008,1051050000000002,负责人,1065050000b00007,1065050000b00007,,1,5,guochengjie,2025-02-14 11:40:30,system_user,2025-03-06 14:42:38,0,0
463,3774,1066030001601004,1051030000000000,频率,106503000160000c,106503000160000c,,1,5,guochengjie,2025-02-14 11:40:52,qidekang,2025-03-06 14:42:38,1,0
464,3775,1066030001602000,1051030000000000,次数,106503000160000c,106503000160000c,,1,5,guochengjie,2025-02-14 11:40:57,qidekang,2025-03-06 14:42:38,1,0
465,3776,1066050001a05002,1051050000000002,支出项目,1065050001a00000,1065050001a00000,,1,5,guochengjie,2025-02-14 11:41:44,guochengjie,2025-03-06 14:42:38,0,0
466,3777,1066050001a0600b,1051050000000002,收入项目,1065050001a00000,1065050001a00000,,1,5,guochengjie,2025-02-14 11:41:49,guochengjie,2025-03-06 14:42:38,0,0
467,3778,1066030000801001,1051030000000000,成功率,1065030000800009,1065030000800009,,1,5,guochengjie,2025-02-14 11:46:39,qidekang,2025-03-06 14:42:38,1,0
468,3779,106603000080200a,1051030000000000,成功数,1065030000800009,1065030000800009,,1,5,guochengjie,2025-02-14 11:46:46,qidekang,2025-03-06 14:42:38,1,0
469,3780,1066030000803006,1051030000000000,失败率,1065030000800009,1065030000800009,,1,5,guochengjie,2025-02-14 11:46:51,qidekang,2025-03-06 14:42:38,1,0
470,3781,1066030000804002,1051030000000000,失败数,1065030000800009,1065030000800009,,1,5,guochengjie,2025-02-14 11:46:56,qidekang,2025-03-06 14:42:38,1,0
471,3782,1066020000501004,105102000000000c,使用性质,106502000050000c,106502000050000c,农用地，建设用地和未利用地,1,5,guochengjie,2025-02-26 17:46:17,qidekang,2025-03-06 14:42:38,0,0
472,3783,1066020000502000,105102000000000c,规划用途,106502000050000c,106502000050000c,交通，居住，生态，医疗，教育等,1,5,guochengjie,2025-02-26 17:50:27,qidekang,2025-03-06 14:42:38,0,0
473,3784,1066020001707008,105102000000000c,坐标,1065020001700001,1065020001700001,,1,5,guochengjie,2025-02-26 17:53:16,guochengjie,2025-03-06 14:42:38,0,0
474,3785,1062020000401004,1095020000000000,外包边界,106102000040000c,106102000040000c,,1,5,guochengjie,2025-02-26 17:54:18,qidekang,2025-03-06 14:42:38,1,0
475,3786,1062020000402000,1095020000000000,地域轮廓,106102000040000c,106102000040000c,,1,5,guochengjie,2025-02-26 17:54:26,qidekang,2025-03-06 14:42:38,1,0
476,3787,1062020000403009,1095020000000000,经纬度序列,106102000040000c,106102000040000c,,1,5,guochengjie,2025-02-26 17:54:43,qidekang,2025-03-06 14:42:38,1,0
477,3788,1062020000404005,1095020000000000,途径线路,106102000040000c,106102000040000c,,1,5,guochengjie,2025-02-26 17:57:03,qidekang,2025-03-06 14:42:38,1,0
478,3789,1062020000405001,1095020000000000,线路描述,106102000040000c,106102000040000c,,1,5,guochengjie,2025-02-26 17:57:19,qidekang,2025-03-06 14:42:38,1,0
479,3790,1066020001504001,105102000000000c,容量,1065020001500008,1065020001500008,,1,5,guochengjie,2025-02-26 18:20:34,xiexinyu,2025-03-06 14:42:38,0,0
480,3791,1066020000401001,105102000000000c,地理类型,1065020000400009,1065020000400009,地点，线路，地域，建筑体,1,5,guochengjie,2025-02-26 18:23:58,qidekang,2025-03-06 14:42:38,0,0
481,3792,106602000040200a,105102000000000c,地点类型,1065020000400009,1065020000400009,,1,5,guochengjie,2025-02-26 18:28:26,xiexinyu,2025-03-06 14:42:38,0,0
482,3793,1066020000503009,105102000000000c,线路类型,106502000050000c,106502000050000c,,1,5,guochengjie,2025-02-26 18:29:31,guochengjie,2025-03-06 14:42:38,1,0
483,3794,1066020000504005,105102000000000c,地域类型,106502000050000c,106502000050000c,,1,5,guochengjie,2025-02-26 18:29:36,guochengjie,2025-03-06 14:42:38,1,0
484,3795,1066020000505001,105102000000000c,地貌类型,106502000050000c,106502000050000c,,1,5,guochengjie,2025-02-26 18:30:28,guochengjie,2025-03-06 14:42:38,1,0
485,3796,1066020000403006,105102000000000c,线路类型,1065020000400009,1065020000400009,,1,5,guochengjie,2025-02-26 18:30:50,guochengjie,2025-03-06 14:42:38,0,0
486,3797,1066020000404002,105102000000000c,地域类型,1065020000400009,1065020000400009,,1,5,guochengjie,2025-02-26 18:30:55,system_user,2025-03-06 14:42:38,0,0
487,3798,106602000040500b,105102000000000c,地貌类型,1065020000400009,1065020000400009,山地，高原，丘陵，平原，盆地,1,5,guochengjie,2025-02-26 18:30:59,guochengjie,2025-03-06 14:42:38,0,0
488,3799,1066010000111005,105101000000000b,证件号,106501000010000c,106501000010000c,简化属性，人物拥有，物识别码,1,0,guochengjie,2025-02-27 15:25:47,xiexinyu,2025-03-04 20:06:06,1,0
489,3800,1066010000112001,105101000000000b,证件号,106501000010000c,106501000010000c,,1,0,xiexinyu,2025-02-27 15:31:29,guochengjie,2025-03-04 20:06:06,1,0
490,3801,1066010000308008,105101000000000b,姓名,1065010000300005,1065010000300005,,1,0,xiexinyu,2025-02-27 15:33:45,system_user,2025-03-04 20:06:06,0,0
491,3802,1066010000208005,105101000000000b,编号,1065010000200002,1065010000200002,,1,0,xiexinyu,2025-02-27 15:34:06,system_user,2025-03-04 20:06:06,0,0
492,3803,1066010000401000,105101000000000b,性别,1065010000400008,1065010000400008,男，女,1,0,xiexinyu,2025-02-27 15:34:49,system_user,2025-03-04 20:06:06,0,0
493,3804,106601000150100c,105101000000000b,年龄,1065010001500007,1065010001500007,,1,0,xiexinyu,2025-02-27 15:34:56,system_user,2025-03-04 20:06:06,0,0
494,3805,1066010000501003,105101000000000b,出生日期,106501000050000b,106501000050000b,,1,0,xiexinyu,2025-02-27 15:35:06,system_user,2025-03-04 20:06:06,0,0
495,3806,1066010002005003,105101000000000b,联系方式,1065010002000001,1065010002000001,,1,0,xiexinyu,2025-02-27 15:35:14,guochengjie,2025-03-04 20:06:06,0,0
496,3807,1066010000601006,105101000000000b,国籍,1065010000600001,1065010000600001,,1,0,xiexinyu,2025-02-27 15:35:54,guochengjie,2025-03-04 20:06:06,0,0
497,3808,1066010000701009,105101000000000b,民族,1065010000700004,1065010000700004,汉族，蒙古族，回族，藏族，维吾尔族，苗族，彝族，壮族，布依族，朝鲜族，满族等,1,0,xiexinyu,2025-02-27 15:36:00,guochengjie,2025-03-04 20:06:06,0,0
498,3809,106601000080100c,105101000000000b,籍贯,1065010000800007,1065010000800007,,1,0,xiexinyu,2025-02-27 15:36:18,guochengjie,2025-03-04 20:06:06,0,0
499,3810,1066010001702001,105101000000000b,户籍地址,1065010001700000,1065010001700000,,1,5,xiexinyu,2025-02-27 15:36:41,guochengjie,2025-03-06 14:42:38,0,0
500,3811,1066010000a01005,105101000000000b,出生地,1065010000a00000,1065010000a00000,,1,0,xiexinyu,2025-02-27 15:36:50,guochengjie,2025-03-04 20:06:06,0,0
501,3812,1066010000901002,105101000000000b,政治面貌,106501000090000a,106501000090000a,中共党员，中共预备党员，共青团员，民革党员，民盟盟员，民建会员，民进会员，农工党党员，致公党党员，九三学社社员，台盟盟员，无党派人士，群众,1,0,xiexinyu,2025-02-27 15:36:59,guochengjie,2025-03-04 20:06:06,0,0
502,3813,106601000220100c,105101000000000b,宗教信仰,1065010002200007,1065010002200007,佛教，道教，伊斯兰教，天主教，基督教，无宗教信仰,1,0,xiexinyu,2025-02-27 15:37:15,guochengjie,2025-03-04 20:06:06,0,0
503,3814,1066010001301006,105101000000000b,婚姻状况,1065010001300001,1065010001300001,未婚，已婚，离异，丧偶,1,0,xiexinyu,2025-02-27 15:37:24,guochengjie,2025-03-04 20:06:06,0,0
504,3815,1066010000c0100b,105101000000000b,身高,1065010000c00006,1065010000c00006,,1,0,xiexinyu,2025-02-27 15:37:34,system_user,2025-03-04 20:06:06,0,0
505,3816,1066010000b01008,105101000000000b,体重,1065010000b00003,1065010000b00003,,1,0,xiexinyu,2025-02-27 15:37:43,system_user,2025-03-04 20:06:06,0,0
506,3817,1066010002301002,105101000000000b,性格,106501000230000a,106501000230000a,,1,0,xiexinyu,2025-02-27 15:37:51,system_user,2025-03-04 20:06:06,0,0
507,3818,1066010002405002,105101000000000b,能力,1065010002400000,1065010002400000,,1,0,xiexinyu,2025-02-27 15:38:00,qidekang,2025-03-04 20:06:06,1,0
508,3819,106601000190100b,105101000000000b,爱好,1065010001900006,1065010001900006,,1,0,xiexinyu,2025-02-27 15:44:59,system_user,2025-03-04 20:06:06,0,0
509,3820,1066010001403001,105101000000000b,特长,1065010001400004,1065010001400004,,1,5,xiexinyu,2025-02-27 15:45:08,guochengjie,2025-03-06 14:42:38,0,0
510,3821,1066010000d01001,105101000000000b,学历,1065010000d00009,1065010000d00009,初中及以下，高中及中专，大专，本科，硕士研究生，博士研究生,1,0,xiexinyu,2025-02-27 15:45:32,qidekang,2025-03-12 17:46:47,0,0
511,3822,106601000100100a,105101000000000b,专业,1065010001000005,1065010001000005,,1,0,xiexinyu,2025-02-27 15:48:32,system_user,2025-03-04 20:06:06,0,0
512,3823,1066010001002006,105101000000000b,专业,1065010001000005,1065010001000005,,1,0,xiexinyu,2025-02-27 15:48:32,xiexinyu,2025-03-04 20:06:06,1,0
513,3824,1066010001f01003,105101000000000b,健康状态,1065010001f0000b,1065010001f0000b,健康，亚健康，生病，康复；是否残疾,1,5,qidekang,2025-02-27 15:48:34,guochengjie,2025-03-12 17:47:25,0,0
514,3825,1066010001003002,105101000000000b,专业,1065010001000005,1065010001000005,,1,0,xiexinyu,2025-02-27 15:48:34,xiexinyu,2025-03-04 20:06:06,1,0
515,3826,1066010001f0200c,105101000000000b,就职状态,1065010001f0000b,1065010001f0000b,无业，有稳定工作，退休；单位就业，个体经营，灵活就业，失业,1,5,qidekang,2025-02-27 15:48:42,guochengjie,2025-03-12 17:47:25,0,0
516,3827,1066010001f03008,105101000000000b,生存状态,1065010001f0000b,1065010001f0000b,胎儿，正常，已死亡，历史人物,1,5,qidekang,2025-02-27 15:48:51,guochengjie,2025-03-12 17:47:25,0,0
517,3828,106603000040200b,1051030000000000,开始时间,106503000040000a,106503000040000a,,1,5,qidekang,2025-02-27 15:57:31,guochengjie,2025-03-06 14:42:38,1,0
518,3829,1066010000e01004,105101000000000b,职业,1065010000e0000c,1065010000e0000c,老师，工程师，医生，会计，律师，警察等,1,0,xiexinyu,2025-02-27 16:00:14,qidekang,2025-03-12 17:46:47,0,0
519,3830,1066010000f01007,105101000000000b,血型,1065010000f00002,1065010000f00002,A，B，AB，O，熊猫血,1,0,xiexinyu,2025-02-27 16:00:15,system_user,2025-03-12 17:46:47,0,0
520,3831,1066010001101000,105101000000000b,职称,1065010001100008,1065010001100008,,1,0,xiexinyu,2025-02-27 16:00:15,system_user,2025-03-04 20:06:06,0,0
521,3832,1066020000203000,105102000000000c,编号,1065020000200003,1065020000200003,,1,1,xiexinyu,2025-02-27 16:00:16,guochengjie,2025-03-06 14:42:38,1,0
522,3833,106602000030100b,105102000000000c,名称,1065020000300006,1065020000300006,,1,0,xiexinyu,2025-02-27 16:00:16,system_user,2025-03-04 20:06:06,0,0
523,3834,1066020000406007,105102000000000c,类型,1065020000400009,1065020000400009,,1,0,xiexinyu,2025-02-27 16:00:16,xiexinyu,2025-03-12 17:26:20,0,0
524,3835,106602000050600a,105102000000000c,功能,106502000050000c,106502000050000c,,1,0,xiexinyu,2025-02-27 16:00:17,guochengjie,2025-03-04 20:06:06,0,0
525,3836,1066020000801000,105102000000000c,地址,1065020000800008,1065020000800008,,1,0,xiexinyu,2025-02-27 16:00:17,system_user,2025-03-04 20:06:06,0,0
526,3837,1066050001b01008,1051050000000002,性别比例,1065050001b00003,1065050001b00003,,1,5,qidekang,2025-02-27 16:06:07,xiexinyu,2025-03-06 14:42:38,0,0
527,3838,1066050001b02004,1051050000000002,年龄比例,1065050001b00003,1065050001b00003,,1,5,qidekang,2025-02-27 16:06:20,system_user,2025-03-06 14:42:38,0,0
528,3839,1066020000d01002,105102000000000c,地貌,1065020000d0000a,1065020000d0000a,平原，高原，丘陵，山地,1,0,xiexinyu,2025-02-27 16:07:05,qidekang,2025-03-12 17:46:47,1,0
529,3840,1066030000201009,1051030000000000,编号,1065030000200004,1065030000200004,,1,1,xiexinyu,2025-02-27 16:07:06,system_user,2025-03-06 14:42:38,0,0
530,3841,106603000030100c,1051030000000000,名称,1065030000300007,1065030000300007,,1,0,xiexinyu,2025-02-27 16:07:06,system_user,2025-03-04 20:06:06,0,0
531,3842,1066030000403007,1051030000000000,发生时间,106503000040000a,106503000040000a,开始时间，会议时间，案发时间,1,0,xiexinyu,2025-02-27 16:07:06,guochengjie,2025-03-04 20:06:06,0,0
532,3843,1066030000501005,1051030000000000,结束时间,1065030000500000,1065030000500000,,1,0,xiexinyu,2025-02-27 16:07:07,system_user,2025-03-04 20:06:06,0,0
533,3844,1066030000603000,1051030000000000,事件类型,1065030000600003,1065030000600003,处置，投诉，执法等,1,0,xiexinyu,2025-02-27 16:07:07,qidekang,2025-03-04 20:06:06,0,0
534,3845,106603000070100b,1051030000000000,描述,1065030000700006,1065030000700006,,1,0,xiexinyu,2025-02-27 16:07:07,system_user,2025-03-04 20:06:06,0,0
535,3846,106603000080500b,1051030000000000,结果,1065030000800009,1065030000800009,,1,0,xiexinyu,2025-02-27 16:07:08,qidekang,2025-03-04 20:06:06,0,0
536,3847,1066030000903009,1051030000000000,原因,106503000090000c,106503000090000c,,1,0,xiexinyu,2025-02-27 16:07:08,system_user,2025-03-04 20:06:06,0,0
537,3848,1066030000a04008,1051030000000000,状态,1065030000a00002,1065030000a00002,进行中，已完成,1,0,xiexinyu,2025-02-27 16:07:08,qidekang,2025-03-04 20:06:06,0,0
538,3849,1066040000206003,1051040000000001,编号,1065040000200005,1065040000200005,,1,1,xiexinyu,2025-02-27 16:07:09,xiexinyu,2025-03-06 14:42:38,0,0
539,3850,1066040000301000,1051040000000001,名称,1065040000300008,1065040000300008,,1,0,xiexinyu,2025-02-27 16:07:09,system_user,2025-03-04 20:06:06,0,0
540,3851,1066040000405000,1051040000000001,类型,106504000040000b,106504000040000b,,1,0,xiexinyu,2025-02-27 16:07:09,system_user,2025-03-04 20:06:06,0,0
541,3852,1066040000118006,1051040000000001,识别码,1065040000100002,1065040000100002,,1,0,xiexinyu,2025-02-27 16:07:10,xiexinyu,2025-03-12 17:15:27,0,0
542,3853,1066040000502002,1051040000000001,功能,1065040000500001,1065040000500001,,1,0,xiexinyu,2025-02-27 16:07:10,system_user,2025-03-04 20:06:06,0,0
543,3854,1066040000601009,1051040000000001,品牌,1065040000600004,1065040000600004,,1,0,xiexinyu,2025-02-27 16:07:10,system_user,2025-03-04 20:06:06,0,0
544,3855,106604000070100c,1051040000000001,型号,1065040000700007,1065040000700007,,1,0,xiexinyu,2025-02-27 16:07:11,system_user,2025-03-04 20:06:06,0,0
545,3856,1066040000b0100b,1051040000000001,重量,1065040000b00006,1065040000b00006,,1,0,xiexinyu,2025-02-27 16:07:11,system_user,2025-03-04 20:06:06,0,0
546,3857,1066040000c01001,1051040000000001,容量,1065040000c00009,1065040000c00009,,1,0,xiexinyu,2025-02-27 16:07:11,qidekang,2025-03-04 20:06:06,1,0
547,3858,1066040000d01004,1051040000000001,材质,1065040000d0000c,1065040000d0000c,塑料，金属，木质等,1,0,xiexinyu,2025-02-27 16:07:12,system_user,2025-03-04 20:06:06,0,0
548,3859,1066040000e01007,1051040000000001,生产日期,1065040000e00002,1065040000e00002,,1,0,xiexinyu,2025-02-27 16:07:12,guochengjie,2025-03-04 20:06:06,0,0
549,3860,1066040000f0400b,1051040000000001,有效期限,1065040000f00005,1065040000f00005,,1,0,xiexinyu,2025-02-27 16:07:12,guochengjie,2025-03-04 20:06:06,0,0
550,3861,1066040001001000,1051040000000001,状态,1065040001000008,1065040001000008,正常，待维修，损坏,1,0,xiexinyu,2025-02-27 16:07:13,qidekang,2025-03-12 17:46:47,0,0
551,3862,1066050000205008,1051050000000002,编号,1065050000200006,1065050000200006,,1,1,xiexinyu,2025-02-27 16:07:13,system_user,2025-03-06 14:42:38,0,0
552,3863,1066050000301001,1051050000000002,名称,1065050000300009,1065050000300009,,1,0,xiexinyu,2025-02-27 16:07:13,system_user,2025-03-04 20:06:06,0,0
553,3864,106605000040600a,1051050000000002,类型,106505000040000c,106505000040000c,,1,0,xiexinyu,2025-02-27 16:07:14,qidekang,2025-03-12 17:06:15,0,0
554,3865,1066050000501007,1051050000000002,职责愿景,1065050000500002,1065050000500002,,1,0,xiexinyu,2025-02-27 16:07:14,qidekang,2025-03-04 20:06:06,0,0
555,3866,1066050000603002,1051050000000002,经营状态,1065050000600005,1065050000600005,营业，停业，停业，筹建,1,0,xiexinyu,2025-02-27 16:07:14,qidekang,2025-03-12 17:46:47,0,0
556,3867,1066050000704001,1051050000000002,人员规模,1065050000700008,1065050000700008,员工人数，实习生人数,1,0,xiexinyu,2025-02-27 16:07:15,guochengjie,2025-03-04 20:06:06,0,0
557,3868,1066050000801003,1051050000000002,成立日期,106505000080000b,106505000080000b,,1,0,xiexinyu,2025-02-27 16:07:15,system_user,2025-03-04 20:06:06,0,0
558,3869,1066050000901006,1051050000000002,注销日期,1065050000900001,1065050000900001,,1,0,xiexinyu,2025-02-27 16:07:15,system_user,2025-03-04 20:06:06,0,0
559,3870,1066050000a01009,1051050000000002,联系方式,1065050000a00004,1065050000a00004,,1,0,xiexinyu,2025-02-27 16:07:16,guochengjie,2025-03-12 17:06:34,0,0
560,3871,1066050000b03004,1051050000000002,联络人,1065050000b00007,1065050000b00007,,1,0,xiexinyu,2025-02-27 16:07:16,guochengjie,2025-03-04 20:06:06,0,0
561,3872,1066050000102004,1051050000000002,识别码,1065050000100003,1065050000100003,,1,0,xiexinyu,2025-02-27 16:07:16,system_user,2025-03-04 20:06:06,0,0
562,3873,10a6110100204005,1095110100000005,服务时长,10a511010020000c,10a511010020000c,,1,0,xiexinyu,2025-02-27 16:07:17,system_user,2025-03-04 20:06:06,0,0
563,3874,10a611010040100a,1095110100000005,服务价格,10a5110100400005,10a5110100400005,,1,0,xiexinyu,2025-02-27 16:07:17,system_user,2025-03-04 20:06:06,0,0
564,3875,10a6110100501000,1095110100000005,服务频次,10a5110100500008,10a5110100500008,一天一次，每周一次,1,0,xiexinyu,2025-02-27 16:07:17,system_user,2025-03-12 17:46:47,0,0
565,3876,10a6110100601003,1095110100000005,服务类型,10a511010060000b,10a511010060000b,咨询，代理，家政，餐饮，医护，转运,1,0,xiexinyu,2025-02-27 16:07:18,system_user,2025-03-12 17:46:47,0,0
566,3877,10a6110100702002,1095110100000005,服务方式,10a5110100700001,10a5110100700001,线上咨询，线下交谈，实地走访,1,0,xiexinyu,2025-02-27 16:07:18,system_user,2025-03-12 17:46:47,0,0
567,3878,10a6110100801009,1095110100000005,使用工具,10a5110100800004,10a5110100800004,,1,0,xiexinyu,2025-02-27 16:07:18,guochengjie,2025-03-12 17:07:17,1,0
568,3879,10a611010090100c,1095110100000005,服务评价,10a5110100900007,10a5110100900007,质量高，态度好，效率高，质量高，态度差，效率低,1,0,xiexinyu,2025-02-27 16:07:19,qidekang,2025-03-12 17:46:47,1,0
569,3880,10a6110100a0200b,1095110100000005,上岗要求,10a5110100a0000a,10a5110100a0000a,身体健康，政治面貌，工作经验,1,0,xiexinyu,2025-02-27 16:07:19,system_user,2025-03-12 17:46:47,0,0
570,3881,10a6110100b01005,1095110100000005,结果产物,10a5110100b00000,10a5110100b00000,流调报告，体检报告，按时送达,1,0,xiexinyu,2025-02-27 16:07:19,system_user,2025-03-12 17:46:47,0,0
571,3882,10a6110200204008,1095110200000008,冲突时长,10a5110200200002,10a5110200200002,,1,0,xiexinyu,2025-02-27 16:07:20,system_user,2025-03-04 20:06:06,0,0
572,3883,10a6110200401000,1095110200000008,冲突类型,10a5110200400008,10a5110200400008,经济纠纷，资源冲突，产权纠纷，身体冲突，言语纠纷，文化冲突,1,0,xiexinyu,2025-02-27 16:07:20,system_user,2025-03-12 17:46:47,0,0
573,3884,10a6110200501003,1095110200000008,冲突原因,10a511020050000b,10a511020050000b,事故，目标不同，分配不均，沟通不畅,1,0,xiexinyu,2025-02-27 16:07:20,system_user,2025-03-12 17:46:47,0,0
574,3885,10a6110200601006,1095110200000008,冲突后果,10a5110200600001,10a5110200600001,财产损失，人身伤害，精神损失,1,0,xiexinyu,2025-02-27 16:07:21,system_user,2025-03-12 17:46:47,0,0
575,3886,10a611030020400b,109511030000000b,持续时长,10a5110300200005,10a5110300200005,,1,0,xiexinyu,2025-02-27 16:07:21,system_user,2025-03-04 20:06:06,0,0
576,3887,10a6110300401003,109511030000000b,管理方式,10a511030040000b,10a511030040000b,直接，间接,1,0,xiexinyu,2025-02-27 16:07:21,system_user,2025-03-12 17:46:47,0,0
577,3888,10a6110300501006,109511030000000b,依据条例,10a5110300500001,10a5110300500001,部门管理条例，道路行驶规则，禁止乱搭乱建制度,1,0,xiexinyu,2025-02-27 16:07:22,system_user,2025-03-12 17:46:47,0,0
578,3889,10a6110300601009,109511030000000b,权限范畴,10a5110300600004,10a5110300600004,全面管理，业务管理，人事管理，财务管理,1,0,xiexinyu,2025-02-27 16:07:22,system_user,2025-03-12 17:46:47,0,0
579,3890,10a611030070100c,109511030000000b,效果评价,10a5110300700007,10a5110300700007,效率高，效果好，效率低，效果好,1,0,xiexinyu,2025-02-27 16:07:22,qidekang,2025-03-12 17:46:47,1,0
580,3891,10a6110400204001,1095110400000001,合作时长,10a5110400200008,10a5110400200008,,1,0,xiexinyu,2025-02-27 16:07:23,system_user,2025-03-04 20:06:06,0,0
581,3892,10a6110400401006,1095110400000001,协作类型,10a5110400400001,10a5110400400001,资源协作，技术协作，信息协作,1,0,xiexinyu,2025-02-27 16:07:23,system_user,2025-03-12 17:46:47,0,0
582,3893,10a6110400501009,1095110400000001,职责分工,10a5110400500004,10a5110400500004,,1,0,xiexinyu,2025-02-27 16:07:23,system_user,2025-03-04 20:06:06,0,0
583,3894,10a611040060100c,1095110400000001,合作目的,10a5110400600007,10a5110400600007,提升效率，降低成本,1,0,xiexinyu,2025-02-27 16:07:24,system_user,2025-03-12 17:46:47,0,0
584,3895,10a6110400701002,1095110400000001,效果评价,10a511040070000a,10a511040070000a,配合默契，沟通通畅，协作及时，态度积极,1,0,xiexinyu,2025-02-27 16:07:24,qidekang,2025-03-12 17:46:47,1,0
585,3896,10a6110400801005,1095110400000001,合作进程,10a5110400800000,10a5110400800000,,1,0,xiexinyu,2025-02-27 16:07:24,system_user,2025-03-04 20:06:06,0,0
586,3897,10a6110500204004,1095110500000004,指导时长,10a511050020000b,10a511050020000b,,1,0,xiexinyu,2025-02-27 16:07:25,system_user,2025-03-04 20:06:06,0,0
587,3898,10a6110500401009,1095110500000004,身份角色,10a5110500400004,10a5110500400004,老师，顾问，执教,1,0,xiexinyu,2025-02-27 16:07:25,system_user,2025-03-12 17:46:47,0,0
588,3899,10a611050050100c,1095110500000004,讲授方向,10a5110500500007,10a5110500500007,数学，物理，足球，篮球,1,0,xiexinyu,2025-02-27 16:07:27,system_user,2025-03-12 17:46:47,0,0
589,3900,10a6110500601002,1095110500000004,教学工具,10a511050060000a,10a511050060000a,,1,0,xiexinyu,2025-02-27 16:07:27,guochengjie,2025-03-04 20:06:06,0,0
590,3901,10a6110500701005,1095110500000004,指导方式,10a5110500700000,10a5110500700000,线上，线下，理论，实操,1,0,xiexinyu,2025-02-27 16:07:27,system_user,2025-03-12 17:46:47,0,0
591,3902,10a6110500801008,1095110500000004,效果评价,10a5110500800003,10a5110500800003,评价反馈优，考核绩效优，评价反馈差，考核绩效优,1,0,xiexinyu,2025-02-27 16:07:28,qidekang,2025-03-12 17:46:47,1,0
592,3903,10a611050090100b,1095110500000004,指导频次,10a5110500900006,10a5110500900006,一天一次，每周一次,1,0,xiexinyu,2025-02-27 16:07:28,system_user,2025-03-12 17:46:47,0,0
593,3904,10a6110500a01001,1095110500000004,指导目的,10a5110500a00009,10a5110500a00009,技能提升，业务提升,1,0,xiexinyu,2025-02-27 16:07:28,system_user,2025-03-12 17:46:47,0,0
594,3905,10a6120100204006,1095120100000006,驻留时长,10a5120100200000,10a5120100200000,,1,0,xiexinyu,2025-02-27 16:07:29,system_user,2025-03-04 20:06:06,0,0
595,3906,10a6120100301008,1095120100000006,离开时间,10a5120100300003,10a5120100300003,,1,0,xiexinyu,2025-02-27 16:07:29,system_user,2025-03-04 20:06:06,0,0
596,3907,10a612010040100b,1095120100000006,常驻类型,10a5120100400006,10a5120100400006,家庭居住，工作场所，外出派驻，法律管控，学校进修，旅游度假，医学隔离,1,0,xiexinyu,2025-02-27 16:07:29,system_user,2025-03-12 17:46:47,0,0
597,3908,10a6120100501001,1095120100000006,费用负担方式,10a5120100500009,10a5120100500009,自有购买，个人租赁，个人支付，单位承担，政府安置，受赠继承,1,0,xiexinyu,2025-02-27 16:07:30,system_user,2025-03-12 17:46:47,0,0
598,3909,10a6120100601004,1095120100000006,驻留费用,10a512010060000c,10a512010060000c,,1,0,xiexinyu,2025-02-27 16:07:30,system_user,2025-03-04 20:06:06,0,0
599,3910,10a6120100701007,1095120100000006,驻留周期,10a5120100700002,10a5120100700002,持续驻留，工作日驻留，周末驻留，每周1~3天，每周4~6天,1,0,xiexinyu,2025-02-27 16:07:30,system_user,2025-03-12 17:46:47,0,0
600,3911,10a6120200204009,1095120200000009,停留时长,10a5120200200003,10a5120200200003,,1,0,xiexinyu,2025-02-27 16:07:31,system_user,2025-03-04 20:06:06,0,0
601,3912,10a612020030100b,1095120200000009,离开时间,10a5120200300006,10a5120200300006,,1,0,xiexinyu,2025-02-27 16:07:31,system_user,2025-03-04 20:06:06,0,0
602,3913,10a6120200401001,1095120200000009,到访目的,10a5120200400009,10a5120200400009,上班工作，逛街购物，会议研讨，婚礼庆典，聚餐宴请，核酸检测，隔离转运，承诺签署,1,0,xiexinyu,2025-02-27 16:07:31,system_user,2025-03-12 17:46:47,0,0
603,3914,10a6120200501004,1095120200000009,到访成本,10a512020050000c,10a512020050000c,,1,0,xiexinyu,2025-02-27 16:07:32,guochengjie,2025-03-04 20:06:06,0,0
604,3915,10a6120200601007,1095120200000009,到访状态,10a5120200600002,10a5120200600002,正在访问，曾经到访,1,0,xiexinyu,2025-02-27 16:07:32,system_user,2025-03-04 20:06:06,0,0
605,3916,10a612020070100a,1095120200000009,到访频次,10a5120200700005,10a5120200700005,每周一次，一年一次，一次性,1,0,xiexinyu,2025-02-27 16:07:32,system_user,2025-03-12 17:46:47,0,0
606,3917,10a6120200801000,1095120200000009,入场要求,10a5120200800008,10a5120200800008,出具邀请函，健康宝绿码，开具罚单,1,0,xiexinyu,2025-02-27 16:07:33,system_user,2025-03-12 17:46:47,0,0
607,3918,10a612030020400c,109512030000000c,耗费时长,10a5120300200006,10a5120300200006,,1,0,xiexinyu,2025-02-27 16:07:33,system_user,2025-03-04 20:06:06,0,0
608,3919,10a6120300401004,109512030000000c,途经频次,10a512030040000c,10a512030040000c,每周一次，每月一次，不定时间,1,0,xiexinyu,2025-02-27 16:07:33,system_user,2025-03-12 17:46:47,0,0
609,3920,10a6120300501007,109512030000000c,影响,10a5120300500002,10a5120300500002,垃圾外溢，事故风险，行程码带星，健康码变黄，疫情外溢传播，无法入境,1,0,xiexinyu,2025-02-27 16:07:34,guochengjie,2025-03-12 17:46:47,1,0
610,3921,10a6120400204002,1095120400000002,建设时长,10a5120400200009,10a5120400200009,,1,0,xiexinyu,2025-02-27 16:07:34,system_user,2025-03-04 20:06:06,0,0
611,3922,10a6120400301004,1095120400000002,完工时间,10a512040030000c,10a512040030000c,,1,0,xiexinyu,2025-02-27 16:07:34,system_user,2025-03-04 20:06:06,0,0
612,3923,10a6120400401007,1095120400000002,建设类型,10a5120400400002,10a5120400400002,新建，改造，设计,1,0,xiexinyu,2025-02-27 16:07:35,system_user,2025-03-12 17:46:47,0,0
613,3924,10a612040050100a,1095120400000002,角色,10a5120400500005,10a5120400500005,设计师，工长，工人，投资人,1,0,xiexinyu,2025-02-27 16:07:35,system_user,2025-03-12 17:46:47,0,0
614,3925,10a6120400601000,1095120400000002,施工工期,10a5120400600008,10a5120400600008,,1,0,xiexinyu,2025-02-27 16:07:35,system_user,2025-03-04 20:06:06,0,0
615,3926,10a6120400701003,1095120400000002,建设进程,10a512040070000b,10a512040070000b,,1,0,xiexinyu,2025-02-27 16:07:36,system_user,2025-03-04 20:06:06,0,0
616,3927,10a6120400801006,1095120400000002,建造原因,10a5120400800001,10a5120400800001,合同履约，自用，创造收入,1,0,xiexinyu,2025-02-27 16:07:36,system_user,2025-03-12 17:46:47,0,0
617,3928,10a6120400901009,1095120400000002,技能要求,10a5120400900004,10a5120400900004,二级建造师，造价师，电焊师,1,0,xiexinyu,2025-02-27 16:07:36,system_user,2025-03-12 17:46:47,0,0
618,3929,10a6120400a0100c,1095120400000002,评估结果,10a5120400a00007,10a5120400a00007,达标，不达标,1,0,xiexinyu,2025-02-27 16:07:37,qidekang,2025-03-12 17:46:47,1,0
619,3930,10a6120400b01002,1095120400000002,建设成本,10a5120400b0000a,10a5120400b0000a,,1,0,xiexinyu,2025-02-27 16:07:37,system_user,2025-03-04 20:06:06,0,0
620,3931,10a6120500204005,1095120500000005,持有时长,10a512050020000c,10a512050020000c,,1,0,xiexinyu,2025-02-27 16:07:38,system_user,2025-03-04 20:06:06,0,0
621,3932,10a612050040100a,1095120500000005,来源方式,10a5120500400005,10a5120500400005,自建，购买，赠与，奖励，分配,1,0,xiexinyu,2025-02-27 16:07:38,system_user,2025-03-12 17:46:47,0,0
622,3933,10a6120500701006,1095120500000005,权限范畴,10a5120500700001,10a5120500700001,拥有权，使用权,1,0,xiexinyu,2025-02-27 16:07:38,system_user,2025-03-12 17:46:47,0,0
623,3934,10a6120500801009,1095120500000005,用途,10a5120500800004,10a5120500800004,居住，租赁，生产,1,0,xiexinyu,2025-02-27 16:07:39,system_user,2025-03-12 17:46:47,0,0
624,3935,10a612050090100c,1095120500000005,评估结果,10a5120500900007,10a5120500900007,合法，违法,1,0,xiexinyu,2025-02-27 16:07:39,guochengjie,2025-03-12 17:46:47,1,0
625,3936,10a6120600204008,1095120600000008,时间,10a5120600200002,10a5120600200002,,1,0,xiexinyu,2025-02-27 16:07:39,system_user,2025-04-08 15:59:21,1,0
626,3937,10a612060030100a,1095120600000008,结束时间,10a5120600300005,10a5120600300005,,1,0,xiexinyu,2025-02-27 16:07:40,system_user,2025-04-08 15:59:21,1,0
627,3938,10a6120600401000,1095120600000008,类型,10a5120600400008,10a5120600400008,抵押，出让，捐赠,1,0,xiexinyu,2025-02-27 16:07:40,system_user,2025-04-08 15:59:21,1,0
628,3939,10a6120600501003,1095120600000008,动因,10a512060050000b,10a512060050000b,变现需求，福利捐赠，废弃处理,1,0,xiexinyu,2025-02-27 16:07:40,system_user,2025-04-08 15:59:21,1,0
629,3940,10a6120600601006,1095120600000008,评估,10a5120600600001,10a5120600600001,合法，违法,1,0,xiexinyu,2025-02-27 16:07:41,system_user,2025-04-08 15:59:21,1,0
630,3941,10a6120600701009,1095120600000008,方式,10a5120600700004,10a5120600700004,拍卖，招标，挂牌,1,0,xiexinyu,2025-02-27 16:07:41,system_user,2025-04-08 15:59:21,1,0
631,3942,10a612060080100c,1095120600000008,结果,10a5120600800007,10a5120600800007,现金，荣誉,1,0,xiexinyu,2025-02-27 16:07:41,system_user,2025-04-08 15:59:21,1,0
632,3943,10a6120600901002,1095120600000008,成本,10a512060090000a,10a512060090000a,,1,0,xiexinyu,2025-02-27 16:07:42,system_user,2025-04-08 15:59:21,1,0
633,3944,10a6120600a01005,1095120600000008,权利类型,10a5120600a00000,10a5120600a00000,使用权，拥有权，,1,0,xiexinyu,2025-02-27 16:07:42,system_user,2025-04-08 15:59:21,1,0
634,3945,10a6120600b01008,1095120600000008,状态,10a5120600b00003,10a5120600b00003,合同签订中，权属登记中，租赁中，租约到期,1,0,xiexinyu,2025-02-27 16:07:43,system_user,2025-04-08 15:59:21,1,0
635,3946,10a612070020400b,109512070000000b,管理年限,10a5120700200005,10a5120700200005,,1,0,xiexinyu,2025-02-27 16:07:43,system_user,2025-03-04 20:06:06,0,0
636,3947,10a6120700401003,109512070000000b,管理类型,10a512070040000b,10a512070040000b,直接，间接,1,0,xiexinyu,2025-02-27 16:07:43,system_user,2025-03-12 17:46:47,0,0
637,3948,10a6120700501006,109512070000000b,权限范畴,10a5120700500001,10a5120700500001,合规进出，合规行为,1,0,xiexinyu,2025-02-27 16:07:44,system_user,2025-03-12 17:46:47,0,0
638,3949,10a6120700601009,109512070000000b,管理方式,10a5120700600004,10a5120700600004,远程监控，文件审阅，定期抽检，现场督办,1,0,xiexinyu,2025-02-27 16:07:44,system_user,2025-03-12 17:46:47,0,0
639,3950,10a612070070100c,109512070000000b,管理工具,10a5120700700007,10a5120700700007,防疫工作服，消杀喷壶，防疫封条，摄像头，移动终端设备，CIM平台，数字楼宇系统,1,0,xiexinyu,2025-02-27 16:07:44,system_user,2025-03-12 17:46:47,0,0
640,3951,10a6120700801002,109512070000000b,评估结果,10a512070080000a,10a512070080000a,合格，不合格,1,0,xiexinyu,2025-02-27 16:07:45,qidekang,2025-03-12 17:46:47,1,0
641,3952,10a6120700901005,109512070000000b,管理职责,10a5120700900000,10a5120700900000,管控，监测，督导,1,0,xiexinyu,2025-02-27 16:07:45,system_user,2025-03-12 17:46:47,0,0
642,3953,10a6120700a01008,109512070000000b,管理角色,10a5120700a00003,10a5120700a00003,社区管理员，防疫人员，停车场管理员,1,0,xiexinyu,2025-02-27 16:07:45,system_user,2025-03-12 17:46:47,0,0
643,3954,10a6120700b0100b,109512070000000b,管理成本,10a5120700b00006,10a5120700b00006,,1,0,xiexinyu,2025-02-27 16:07:46,system_user,2025-03-04 20:06:06,0,0
644,3955,10a6120700c01001,109512070000000b,权力来源,10a5120700c00009,10a5120700c00009,法律赋予，机构授予,1,0,xiexinyu,2025-02-27 16:07:46,system_user,2025-03-12 17:46:47,0,0
645,3956,10a6120800204001,1095120800000001,维护时长,10a5120800200008,10a5120800200008,,1,0,xiexinyu,2025-02-27 16:07:46,system_user,2025-03-04 20:06:06,0,0
646,3957,10a6120800401006,1095120800000001,维护成本,10a5120800400001,10a5120800400001,,1,0,xiexinyu,2025-02-27 16:07:47,system_user,2025-03-04 20:06:06,0,0
647,3958,10a6120800501009,1095120800000001,评估结果,10a5120800500004,10a5120800500004,优，良，合格，不合格,1,0,xiexinyu,2025-02-27 16:07:47,system_user,2025-03-12 17:46:47,0,0
648,3959,10a612080060100c,1095120800000001,使用工具,10a5120800600007,10a5120800600007,消杀喷壶，记录本，清洁工具，耗材，防护用品,1,0,xiexinyu,2025-02-27 16:07:47,system_user,2025-03-12 17:46:47,0,0
649,3960,10a6120800701002,1095120800000001,角色,10a512080070000a,10a512080070000a,消杀员，排查员,1,0,xiexinyu,2025-02-27 16:07:48,system_user,2025-03-12 17:46:47,0,0
650,3961,10a6120800801005,1095120800000001,维护频次,10a5120800800000,10a5120800800000,一天一次，每周一次,1,0,xiexinyu,2025-02-27 16:07:48,system_user,2025-03-12 17:46:47,0,0
651,3962,10a6120800901008,1095120800000001,维护原因,10a5120800900003,10a5120800900003,安全屏障，公共安全，公共卫生，筛查病例,1,0,xiexinyu,2025-02-27 16:07:48,system_user,2025-03-12 17:46:47,0,0
652,3963,10a6120800a0100b,1095120800000001,技能要求,10a5120800a00006,10a5120800a00006,无，初级工，中级工，高级工,1,0,xiexinyu,2025-02-27 16:07:49,system_user,2025-03-12 17:46:47,0,0
653,3964,10a6130100202002,1095130100000007,制造原因,10a5130100200001,10a5130100200001,引发关注，获取利益，意识丧失，报复社会,1,0,xiexinyu,2025-02-27 16:07:49,system_user,2025-03-12 17:46:47,0,0
654,3965,10a6130100301009,1095130100000007,意图类型,10a5130100300004,10a5130100300004,蓄意，无意,1,0,xiexinyu,2025-02-27 16:07:50,system_user,2025-03-12 17:46:47,0,0
655,3966,10a613010040100c,1095130100000007,影响程度,10a5130100400007,10a5130100400007,高，中，低,1,0,xiexinyu,2025-02-27 16:07:50,system_user,2025-03-12 17:46:47,0,0
656,3967,10a6130100501002,1095130100000007,角色,10a513010050000a,10a513010050000a,发起人，策划人,1,0,xiexinyu,2025-02-27 16:07:50,system_user,2025-03-12 17:46:47,0,0
657,3968,10a6130100601005,1095130100000007,使用工具,10a5130100600000,10a5130100600000,简化属性，人物使用。社交网络，媒体平台，交通工具,1,0,xiexinyu,2025-02-27 16:07:51,system_user,2025-03-12 17:46:47,0,0
658,3969,10a6130100701008,1095130100000007,当前进程,10a5130100700003,10a5130100700003,策划，筹备，发起,1,0,xiexinyu,2025-02-27 16:07:51,system_user,2025-03-12 17:46:47,0,0
659,3970,10a613010080100b,1095130100000007,成本,10a5130100800006,10a5130100800006,,1,0,xiexinyu,2025-02-27 16:07:51,system_user,2025-03-04 20:06:06,0,0
660,3971,10a6130200201009,109513020000000a,参与原因,10a5130200200004,10a5130200200004,宣传知识，获取利益,1,0,xiexinyu,2025-02-27 16:07:52,system_user,2025-03-12 17:46:47,0,0
661,3972,10a613020030100c,109513020000000a,参与方式,10a5130200300007,10a5130200300007,发表演讲，现场指导，进度推进,1,0,xiexinyu,2025-02-27 16:07:52,system_user,2025-03-12 17:46:47,0,0
662,3973,10a6130200401002,109513020000000a,扮演角色,10a513020040000a,10a513020040000a,主要，辅助,1,0,xiexinyu,2025-02-27 16:07:52,system_user,2025-03-12 17:46:47,0,0
663,3974,10a613020050300a,109513020000000a,参与成本,10a5130200500000,10a5130200500000,,1,0,xiexinyu,2025-02-27 16:07:53,system_user,2025-03-04 20:06:06,0,0
664,3975,10a6130200601008,109513020000000a,参与条件,10a5130200600003,10a5130200600003,职业技能，行业影响力，学术权威,1,0,xiexinyu,2025-02-27 16:07:53,system_user,2025-03-12 17:46:47,0,0
665,3976,10a6130200703003,109513020000000a,最终结果,10a5130200700006,10a5130200700006,提升影响力，获取薪酬，行政拘留,1,0,xiexinyu,2025-02-27 16:07:53,system_user,2025-03-12 17:46:47,0,0
666,3977,10a613030020100c,1095130300000000,响应时间,10a5130300200007,10a5130300200007,,1,0,xiexinyu,2025-02-27 16:07:54,system_user,2025-03-04 20:06:06,0,0
667,3978,10a6130300301002,1095130300000000,当前进程,10a513030030000a,10a513030030000a,接受任务，到达现场，了解情况，纠纷调解,1,0,xiexinyu,2025-02-27 16:07:54,guochengjie,2025-03-12 17:46:47,0,0
668,3979,10a6130300401005,1095130300000000,处置结论,10a5130300400000,10a5130300400000,罚款，关押，奖励，举报，移交，下发,1,0,xiexinyu,2025-02-27 16:07:55,system_user,2025-03-12 17:46:47,0,0
669,3980,10a6130300501008,1095130300000000,处置方式,10a5130300500003,10a5130300500003,线上，线下,1,0,xiexinyu,2025-02-27 16:07:55,system_user,2025-03-12 17:46:47,0,0
670,3981,10a613030060100b,1095130300000000,处置工具,10a5130300600006,10a5130300600006,防爆盾，移动终端，执法记录仪,1,0,xiexinyu,2025-02-27 16:07:55,system_user,2025-03-12 17:46:47,0,0
671,3982,10a6130300701001,1095130300000000,评估结果,10a5130300700009,10a5130300700009,合规处置，违规处置,1,0,xiexinyu,2025-02-27 16:07:56,qidekang,2025-03-12 17:46:47,1,0
672,3983,10a6130400201002,1095130400000003,监管类型,10a513040020000a,10a513040020000a,合规，安全,1,0,xiexinyu,2025-02-27 16:07:56,system_user,2025-03-12 17:46:47,0,0
673,3984,10a6130400301005,1095130400000003,监管方式,10a5130400300000,10a5130400300000,远程监控，定期抽检，现场督办,1,0,xiexinyu,2025-02-27 16:07:56,system_user,2025-03-12 17:46:47,0,0
674,3985,10a6130400401008,1095130400000003,权限范畴,10a5130400400003,10a5130400400003,,1,0,xiexinyu,2025-02-27 16:07:57,system_user,2025-03-04 20:06:06,0,0
675,3986,10a613040050100b,1095130400000003,监管工具,10a5130400500006,10a5130400500006,,1,0,xiexinyu,2025-02-27 16:07:57,system_user,2025-03-12 17:21:27,0,0
676,3987,10a6130400601001,1095130400000003,监管成本,10a5130400600009,10a5130400600009,,1,0,xiexinyu,2025-02-27 16:07:57,system_user,2025-03-04 20:06:06,0,0
677,3988,10a6130400701004,1095130400000003,评估结果,10a513040070000c,10a513040070000c,,1,5,xiexinyu,2025-02-27 16:07:58,system_user,2025-03-06 14:42:38,0,0
678,3989,10a6130400801007,1095130400000003,监管频次,10a5130400800002,10a5130400800002,一小时一次，一天一次,1,0,xiexinyu,2025-02-27 16:07:58,system_user,2025-03-12 17:46:47,0,0
679,3990,10a6140100204008,1095140100000008,耗费时长,10a5140100200002,10a5140100200002,,1,0,xiexinyu,2025-02-27 16:07:58,system_user,2025-03-04 20:06:06,0,0
680,3991,10a6140100401000,1095140100000008,创意类型,10a5140100400008,10a5140100400008,原创性，改进型,1,0,xiexinyu,2025-02-27 16:07:59,system_user,2025-03-12 17:46:47,0,0
681,3992,10a6140100501003,1095140100000008,设计风格,10a514010050000b,10a514010050000b,抽象派，现代派，中国风，简约风,1,0,xiexinyu,2025-02-27 16:07:59,system_user,2025-03-12 17:46:47,0,0
682,3993,10a6140100601006,1095140100000008,角色,10a5140100600001,10a5140100600001,总设计，总执行，小组长，绘图员,1,0,xiexinyu,2025-02-27 16:07:59,system_user,2025-03-12 17:46:47,0,0
683,3994,10a6140100701009,1095140100000008,评估结果,10a5140100700004,10a5140100700004,优秀，一般，普通,1,0,xiexinyu,2025-02-27 16:08:00,qidekang,2025-03-12 17:46:47,1,0
684,3995,10a614010080100c,1095140100000008,来源,10a5140100800007,10a5140100800007,公开招标，定向邀请，民间征集,1,0,xiexinyu,2025-02-27 16:08:00,system_user,2025-03-12 17:46:47,0,0
685,3996,10a6140100901002,1095140100000008,影响,10a514010090000a,10a514010090000a,舆论热议，获取关注度,1,0,xiexinyu,2025-02-27 16:08:00,system_user,2025-03-12 17:46:47,0,0
686,3997,10a6140100a01005,1095140100000008,进程,10a5140100a00000,10a5140100a00000,预调研，草图设计，局部细化，完善迭代,1,0,xiexinyu,2025-02-27 16:08:01,guochengjie,2025-03-12 17:46:47,1,0
687,3998,10a614020020400b,109514020000000b,耗费时长,10a5140200200005,10a5140200200005,,1,0,xiexinyu,2025-02-27 16:08:01,system_user,2025-03-04 20:06:06,0,0
688,3999,10a6140200401003,109514020000000b,工艺水平,10a514020040000b,10a514020040000b,纯手工，半自动，全自动,1,0,xiexinyu,2025-02-27 16:08:02,guochengjie,2025-03-12 17:46:47,0,0
689,4000,10a6140200501006,109514020000000b,使用工艺,10a5140200500001,10a5140200500001,陶制，绘画，木工,1,0,xiexinyu,2025-02-27 16:08:02,system_user,2025-03-12 17:46:47,0,0
690,4001,10a6140200601009,109514020000000b,使用工具,10a5140200600004,10a5140200600004,电锯，雕刻刀，陶炉,1,0,xiexinyu,2025-02-27 16:08:02,system_user,2025-03-12 17:46:47,0,0
691,4002,10a614020070100c,109514020000000b,成本,10a5140200700007,10a5140200700007,,1,0,xiexinyu,2025-02-27 16:08:03,system_user,2025-03-04 20:06:06,0,0
692,4003,10a6140200801002,109514020000000b,收益,10a514020080000a,10a514020080000a,薪酬，声誉,1,0,xiexinyu,2025-02-27 16:08:03,system_user,2025-03-12 17:46:47,0,0
693,4004,10a6140200901005,109514020000000b,评估结果,10a5140200900000,10a5140200900000,优秀，良，待提升,1,0,xiexinyu,2025-02-27 16:08:03,qidekang,2025-03-12 17:46:47,1,0
694,4005,10a6140200a01008,109514020000000b,制造进程,10a5140200a00003,10a5140200a00003,完成10%，完成90%,1,0,xiexinyu,2025-02-27 16:08:04,guochengjie,2025-03-12 17:46:47,1,0
695,4006,10a6140300204001,1095140300000001,使用时长,10a5140300200008,10a5140300200008,,1,0,xiexinyu,2025-02-27 16:08:04,system_user,2025-03-04 20:06:06,0,0
696,4007,10a6140300401006,1095140300000001,类型,10a5140300400001,10a5140300400001,生产，服务，乘坐,1,0,xiexinyu,2025-02-27 16:08:04,system_user,2025-03-12 17:46:47,0,0
697,4008,10a6140300501009,1095140300000001,使用目的,10a5140300500004,10a5140300500004,时间效率，经济成本，人力节省，舒适度，情感因素,1,0,xiexinyu,2025-02-27 16:08:05,system_user,2025-03-12 17:46:47,0,0
698,4009,10a614030060100c,1095140300000001,使用成本,10a5140300600007,10a5140300600007,,1,0,xiexinyu,2025-02-27 16:08:05,system_user,2025-03-04 20:06:06,0,0
699,4010,10a6140300701002,1095140300000001,技能要求,10a514030070000a,10a514030070000a,驾驶证，执业医师证,1,0,xiexinyu,2025-02-27 16:08:06,system_user,2025-03-12 17:46:47,0,0
700,4011,10a6140300801005,1095140300000001,评估结果,10a5140300800000,10a5140300800000,,1,5,xiexinyu,2025-02-27 16:08:06,baishumeng,2025-03-06 14:42:38,1,0
701,4012,10a6140400204004,1095140400000004,持有时长,10a514040020000b,10a514040020000b,,1,0,xiexinyu,2025-02-27 16:08:06,system_user,2025-03-04 20:06:06,0,0
702,4013,10a6140400401009,1095140400000004,来源,10a5140400400004,10a5140400400004,奖励，购买，赠与，奖励，行政授予，申请获取,1,0,xiexinyu,2025-02-27 16:08:07,system_user,2025-03-12 17:46:47,0,0
703,4014,10a614040050100c,1095140400000004,获取成本,10a5140400500007,10a5140400500007,,1,0,xiexinyu,2025-02-27 16:08:07,system_user,2025-03-04 20:06:06,0,0
704,4015,10a6140400601002,1095140400000004,拥有成本,10a514040060000a,10a514040060000a,,1,5,xiexinyu,2025-02-27 16:08:07,guochengjie,2025-03-06 14:42:38,1,0
705,4016,10a6140400701005,1095140400000004,评估结果,10a5140400700000,10a5140400700000,合规，违规,1,0,xiexinyu,2025-02-27 16:08:08,qidekang,2025-03-12 17:46:47,1,0
706,4017,10a6140400801008,1095140400000004,类型,10a5140400800003,10a5140400800003,,1,0,xiexinyu,2025-02-27 16:08:08,system_user,2025-03-04 20:06:06,0,0
707,4018,10a6140500204007,1095140500000007,时间,10a5140500200001,10a5140500200001,,1,0,xiexinyu,2025-02-27 16:08:08,system_user,2025-04-08 15:59:21,1,0
708,4019,10a6140500301009,1095140500000007,结束时间,10a5140500300004,10a5140500300004,,1,0,xiexinyu,2025-02-27 16:08:09,system_user,2025-04-08 15:59:21,1,0
709,4020,10a614050040100c,1095140500000007,类型,10a5140500400007,10a5140500400007,抵押，出让，卖出，捐赠，赠送,1,0,xiexinyu,2025-02-27 16:08:09,system_user,2025-04-08 15:59:21,1,0
710,4021,10a6140500501002,1095140500000007,动因,10a514050050000a,10a514050050000a,变现需求，公益事业，闲置处理,1,0,xiexinyu,2025-02-27 16:08:10,system_user,2025-04-08 15:59:21,1,0
711,4022,10a6140500601005,1095140500000007,结果,10a5140500600000,10a5140500600000,现金，荣誉,1,0,xiexinyu,2025-02-27 16:08:10,system_user,2025-04-08 15:59:21,1,0
712,4023,10a6140500701008,1095140500000007,成本,10a5140500700003,10a5140500700003,,1,0,xiexinyu,2025-02-27 16:08:10,system_user,2025-04-08 15:59:21,1,0
713,4024,10a614050080100b,1095140500000007,评估,10a5140500800006,10a5140500800006,合法，违法,1,0,xiexinyu,2025-02-27 16:08:11,system_user,2025-04-08 15:59:21,1,0
714,4025,10a6140500901001,1095140500000007,方式,10a5140500900009,10a5140500900009,拍卖，招标，挂牌,1,0,xiexinyu,2025-02-27 16:08:11,system_user,2025-04-08 15:59:21,1,0
715,4026,10a6140500a01004,1095140500000007,权利类型,10a5140500a0000c,10a5140500a0000c,使用权，拥有权，,1,0,xiexinyu,2025-02-27 16:08:11,system_user,2025-04-08 15:59:21,1,0
716,4027,10a6140500b01007,1095140500000007,进程,10a5140500b00002,10a5140500b00002,合同签订中，权属登记中，租赁中，租约到期,1,0,xiexinyu,2025-02-27 16:08:12,system_user,2025-04-08 15:59:21,1,0
717,4028,10a614060020400a,109514060000000a,管理年限,10a5140600200004,10a5140600200004,,1,0,xiexinyu,2025-02-27 16:08:12,system_user,2025-03-04 20:06:06,0,0
718,4029,10a6140600401002,109514060000000a,管理类型,10a514060040000a,10a514060040000a,直接管理，间接管理,1,0,xiexinyu,2025-02-27 16:08:12,system_user,2025-03-12 17:46:47,0,0
719,4030,10a6140600501005,109514060000000a,权限范畴,10a5140600500000,10a5140600500000,使用权，审核权,1,0,xiexinyu,2025-02-27 16:08:13,system_user,2025-03-12 17:46:47,0,0
720,4031,10a6140600601008,109514060000000a,管理方式,10a5140600600003,10a5140600600003,远程监控，文件审阅，定期抽检，现场督办,1,0,xiexinyu,2025-02-27 16:08:13,system_user,2025-03-12 17:46:47,0,0
721,4032,10a614060070100b,109514060000000a,成本,10a5140600700006,10a5140600700006,,1,0,xiexinyu,2025-02-27 16:08:14,system_user,2025-03-04 20:06:06,0,0
722,4033,10a6140600801001,109514060000000a,评估结果,10a5140600800009,10a5140600800009,合格，不合格，,1,0,xiexinyu,2025-02-27 16:08:14,qidekang,2025-03-12 17:47:03,1,0
723,4034,10a6140600901004,109514060000000a,权力来源,10a514060090000c,10a514060090000c,法律赋予，机构授予,1,0,xiexinyu,2025-02-27 16:08:14,guochengjie,2025-03-12 17:46:47,1,0
724,4035,10a6140600a01007,109514060000000a,角色,10a5140600a00002,10a5140600a00002,社区管理员，防疫人员，停车场管理员，交警,1,0,xiexinyu,2025-02-27 16:08:15,system_user,2025-03-12 17:46:47,0,0
725,4036,10a6140600b0100a,109514060000000a,管理措施,10a5140600b00005,10a5140600b00005,制定政策，开具罚单，扣押车辆,1,0,xiexinyu,2025-02-27 16:08:15,system_user,2025-03-12 17:46:47,0,0
726,4037,10a6140600c01000,109514060000000a,结果产物,10a5140600c00008,10a5140600c00008,管理日志，安装报告，维修报告,1,0,xiexinyu,2025-02-27 16:08:15,system_user,2025-03-12 17:46:47,0,0
727,4038,10a6140700204000,1095140700000000,耗费时长,10a5140700200007,10a5140700200007,,1,0,xiexinyu,2025-02-27 16:08:16,system_user,2025-03-04 20:06:06,0,0
728,4039,10a6140700401005,1095140700000000,类型,10a5140700400000,10a5140700400000,,1,5,xiexinyu,2025-02-27 16:08:16,guochengjie,2025-03-06 14:42:38,1,0
729,4040,10a6140700501008,1095140700000000,成本,10a5140700500003,10a5140700500003,,1,5,xiexinyu,2025-02-27 16:08:16,guochengjie,2025-03-06 14:42:38,1,0
730,4041,10a614070060100b,1095140700000000,评估结果,10a5140700600006,10a5140700600006,优，良，合格，不合格,1,0,xiexinyu,2025-02-27 16:08:17,qidekang,2025-03-12 17:46:47,1,0
731,4042,10a6140700701001,1095140700000000,使用工具,10a5140700700009,10a5140700700009,清洁工具，消杀工具,1,0,xiexinyu,2025-02-27 16:08:17,system_user,2025-03-12 17:46:47,0,0
732,4043,10a6140700801004,1095140700000000,角色,10a514070080000c,10a514070080000c,清洁员工，技修人员,1,0,xiexinyu,2025-02-27 16:08:17,system_user,2025-03-12 17:46:47,0,0
733,4044,10a6140700901007,1095140700000000,维护频次,10a5140700900002,10a5140700900002,每周一次，每月一次，一次性,1,0,xiexinyu,2025-02-27 16:08:18,system_user,2025-03-12 17:46:47,0,0
734,4045,10a6140700a0100a,1095140700000000,维护目的,10a5140700a00005,10a5140700a00005,设备稳定，设备调试，安全保障，杀毒消菌,1,0,xiexinyu,2025-02-27 16:08:18,system_user,2025-03-12 17:46:47,0,0
735,4046,10a6140700b01000,1095140700000000,技能要求,10a5140700b00008,10a5140700b00008,初级工，中级工，高级工,1,0,xiexinyu,2025-02-27 16:08:18,system_user,2025-03-12 17:46:47,0,0
736,4047,10a6140800204003,1095140800000003,耗费时长,10a514080020000a,10a514080020000a,,1,0,xiexinyu,2025-02-27 16:08:19,system_user,2025-03-04 20:06:06,0,0
737,4048,10a6140800401008,1095140800000003,识别类型,10a5140800400003,10a5140800400003,主动，被动,1,0,xiexinyu,2025-02-27 16:08:19,system_user,2025-03-12 17:46:47,0,0
738,4049,10a614080050100b,1095140800000003,识别方式,10a5140800500006,10a5140800500006,远程，接触,1,0,xiexinyu,2025-02-27 16:08:19,system_user,2025-03-12 17:46:47,0,0
739,4050,10a6140800601001,1095140800000003,目的,10a5140800600009,10a5140800600009,数据获取，设备操作,1,0,xiexinyu,2025-02-27 16:08:20,system_user,2025-03-12 17:46:47,0,0
740,4051,10a6140800701004,1095140800000003,成本,10a514080070000c,10a514080070000c,,1,0,xiexinyu,2025-02-27 16:08:20,system_user,2025-03-04 20:06:06,0,0
741,4052,10a6150100204009,1095150100000009,营业年限,10a5150100200003,10a5150100200003,,1,0,xiexinyu,2025-02-27 16:08:20,system_user,2025-03-04 20:06:06,0,0
742,4053,10a615010030100b,1095150100000009,注销时间,10a5150100300006,10a5150100300006,,1,0,xiexinyu,2025-02-27 16:08:21,system_user,2025-03-04 20:06:06,0,0
743,4054,10a6150100401001,1095150100000009,类型,10a5150100400009,10a5150100400009,新建，分拆，合并,1,0,xiexinyu,2025-02-27 16:08:21,system_user,2025-03-12 17:46:47,0,0
744,4055,10a6150100501004,1095150100000009,目的,10a515010050000c,10a515010050000c,行业需求，政策福利，公益事业，业务拓展,1,0,xiexinyu,2025-02-27 16:08:21,system_user,2025-03-12 17:46:47,0,0
745,4056,10a6150100601007,1095150100000009,角色,10a5150100600002,10a5150100600002,倡议人，投资人，创始人，合伙人,1,0,xiexinyu,2025-02-27 16:08:22,system_user,2025-03-12 17:46:47,0,0
746,4057,10a615010070100a,1095150100000009,资金来源,10a5150100700005,10a5150100700005,股权融资，自有资金，债权融资，政策性贷款，金融租赁，天使投资,1,0,xiexinyu,2025-02-27 16:08:22,system_user,2025-03-12 17:46:47,0,0
747,4058,10a6150100801000,1095150100000009,进程,10a5150100800008,10a5150100800008,筹备，审批，成立,1,0,xiexinyu,2025-02-27 16:08:22,guochengjie,2025-03-12 17:46:47,1,0
748,4059,10a6150100901003,1095150100000009,社会价值,10a515010090000b,10a515010090000b,解决就业问题，促进产业发展，促进消费，加快人才培养，加速科技创新,1,0,xiexinyu,2025-02-27 16:08:23,system_user,2025-03-12 17:46:47,0,0
749,4060,10a615020020400c,109515020000000c,持续时长,10a5150200200006,10a5150200200006,,1,0,xiexinyu,2025-02-27 16:08:23,system_user,2025-03-04 20:06:06,0,0
750,4061,10a6150200401004,109515020000000c,绩效,10a515020040000c,10a515020040000c,,1,0,xiexinyu,2025-02-27 16:08:23,guochengjie,2025-03-04 20:06:06,1,0
751,4062,10a6150200501007,109515020000000c,担任职位,10a5150200500002,10a5150200500002,法人，董事长，总经理，校长，局长，市长，部长，主任，局长,1,0,xiexinyu,2025-02-27 16:08:24,system_user,2025-03-12 17:46:47,0,0
752,4063,10a615020060100a,109515020000000c,任命方式,10a5150200600005,10a5150200600005,派任，竞选，提拔，出让，轮岗，借调,1,0,xiexinyu,2025-02-27 16:08:24,system_user,2025-03-12 17:46:47,0,0
753,4064,10a6150200701000,109515020000000c,权限范畴,10a5150200700008,10a5150200700008,常务，人事，财务,1,0,xiexinyu,2025-02-27 16:08:24,system_user,2025-03-12 17:46:47,0,0
754,4065,10a6150200801003,109515020000000c,权限大小,10a515020080000b,10a515020080000b,一票否决，主要决策，参与决策,1,0,xiexinyu,2025-02-27 16:08:25,system_user,2025-03-12 17:46:47,0,0
755,4066,10a6150200901006,109515020000000c,工作奖励,10a5150200900001,10a5150200900001,现金，股票，期权,1,0,xiexinyu,2025-02-27 16:08:25,guochengjie,2025-03-12 17:46:47,1,0
756,4067,10a6150300302000,1095150300000002,离职时间,10a515030030000c,10a515030030000c,试用期结束时间，合同到期时间,1,5,xiexinyu,2025-02-27 16:08:25,guochengjie,2025-03-06 14:42:38,0,0
757,4068,10a615030040300c,1095150300000002,工作绩效,10a5150300400002,10a5150300400002,,1,5,xiexinyu,2025-02-27 16:08:26,guochengjie,2025-03-06 14:42:38,1,0
758,4069,10a615030050100a,1095150300000002,任职岗位,10a5150300500005,10a5150300500005,公务员，医生，护士，老师，律师，财务，人力，政府关系，工程师，销售,1,5,xiexinyu,2025-02-27 16:08:26,guochengjie,2025-03-12 17:46:47,0,0
759,4070,10a6150300601000,1095150300000002,工作职责,10a5150300600008,10a5150300600008,,1,5,xiexinyu,2025-02-27 16:08:26,system_user,2025-03-06 14:42:38,0,0
760,4071,10a6150300701003,1095150300000002,员工职级,10a515030070000b,10a515030070000b,,1,5,xiexinyu,2025-02-27 16:08:27,qidekang,2025-03-06 14:42:38,0,0
761,4072,10a6150300804007,1095150300000002,酬劳,10a5150300800001,10a5150300800001,,1,0,xiexinyu,2025-02-27 16:08:27,guochengjie,2025-03-04 20:06:06,0,0
762,4073,10a6150300901009,1095150300000002,入职方式,10a5150300900004,10a5150300900004,校园招聘，社会招聘，内部推荐，猎头引进，竞聘上岗,1,5,xiexinyu,2025-02-27 16:08:27,qidekang,2025-03-06 14:42:38,0,0
763,4074,10a6150300b04003,1095150300000002,福利待遇,10a5150300b0000a,10a5150300b0000a,,1,0,xiexinyu,2025-02-27 16:08:28,system_user,2025-03-12 17:25:41,0,0
764,4075,10a6150300c01005,1095150300000002,汇报链路,10a5150300c00000,10a5150300c00000,,1,0,xiexinyu,2025-02-27 16:08:28,guochengjie,2025-03-04 20:06:06,1,0
765,4076,10a6150300d01008,1095150300000002,任职要求,10a5150300d00003,10a5150300d00003,,1,5,xiexinyu,2025-02-27 16:08:29,system_user,2025-03-06 14:42:38,0,0
766,4077,10a6150400204005,1095150400000005,持有时长,10a515040020000c,10a515040020000c,,1,5,xiexinyu,2025-02-27 16:08:29,system_user,2025-03-06 14:42:38,0,0
767,4078,10a615040040100a,1095150400000005,荣誉称号,10a5150400400005,10a5150400400005,,1,0,xiexinyu,2025-02-27 16:08:29,system_user,2025-03-04 20:06:06,0,0
768,4079,10a6150400501000,1095150400000005,奖励级别,10a5150400500008,10a5150400500008,国家级，省级，市级，区级，校级,1,0,xiexinyu,2025-02-27 16:08:30,system_user,2025-03-12 17:46:47,0,0
769,4080,10a6150400601003,1095150400000005,主要贡献,10a515040060000b,10a515040060000b,人才培养，技术创新，政府管理，商业模式创新,1,0,xiexinyu,2025-02-27 16:08:30,system_user,2025-03-12 17:46:47,0,0
770,4081,10a6150400701006,1095150400000005,激励方式,10a5150400700001,10a5150400700001,现金，股票，职级晋升，社会褒奖，权威头衔,1,0,xiexinyu,2025-02-27 16:08:30,qidekang,2025-03-12 17:46:47,1,0
771,4082,10a6150400801009,1095150400000005,评选方式,10a5150400800004,10a5150400800004,公开投票，部门提报，评委会评选,1,0,xiexinyu,2025-02-27 16:08:31,system_user,2025-03-12 17:46:47,0,0
772,4083,10a6150500204008,1095150500000008,任职时长,10a5150500200002,10a5150500200002,,1,5,xiexinyu,2025-02-27 16:08:31,system_user,2025-03-06 14:42:38,0,0
773,4084,10a615050030100a,1095150500000008,离职时间,10a5150500300005,10a5150500300005,,1,5,xiexinyu,2025-02-27 16:08:31,system_user,2025-03-06 14:42:38,0,0
774,4085,10a6150500402009,1095150500000008,服务类型,10a5150500400008,10a5150500400008,顾问，志愿者，借调，独立董事,1,0,xiexinyu,2025-02-27 16:08:32,qidekang,2025-03-04 20:06:06,0,0
775,4086,10a6150500501003,1095150500000008,职责,10a515050050000b,10a515050050000b,政策建议，参与决策，专业队伍补充，日常事务维系,1,0,xiexinyu,2025-02-27 16:08:32,system_user,2025-03-12 17:46:47,0,0
776,4087,10a6150500601006,1095150500000008,任职要求,10a5150500600001,10a5150500600001,,1,5,xiexinyu,2025-02-27 16:08:32,system_user,2025-03-06 14:42:38,0,0
777,4088,10a6150500701009,1095150500000008,回报方式,10a5150500700004,10a5150500700004,证书，劳务费，股权，无偿,1,0,xiexinyu,2025-02-27 16:08:33,system_user,2025-03-12 17:46:47,0,0
778,4089,10a615050080100c,1095150500000008,工作强度,10a5150500800007,10a5150500800007,,1,5,xiexinyu,2025-02-27 16:08:33,baishumeng,2025-03-06 14:42:38,1,0
779,4090,10a6150500901002,1095150500000008,产物价值,10a515050090000a,10a515050090000a,商机，销售线索，新增订单，产值增长，人才培养，量化科技成果,1,0,xiexinyu,2025-02-27 16:08:33,system_user,2025-03-12 17:46:47,0,0
780,4091,10a6150500a01005,1095150500000008,招募方式,10a5150500a00000,10a5150500a00000,线下活动，线上报名，主动邀请,1,0,xiexinyu,2025-02-27 16:08:34,system_user,2025-03-12 17:46:47,0,0
781,4092,10a6220100201008,1095220100000009,从属类型,10a5220100200003,10a5220100200003,构成单元，所属子集,1,0,xiexinyu,2025-02-27 16:08:34,system_user,2025-03-12 17:46:47,0,0
782,4093,10a6220100501004,1095220100000009,功能,10a522010050000c,10a522010050000c,分流，供给，办公,1,0,xiexinyu,2025-02-27 16:08:34,system_user,2025-03-12 17:46:47,0,0
783,4094,10a6220100601007,1095220100000009,评估结果,10a5220100600002,10a5220100600002,合理，不合理,1,0,xiexinyu,2025-02-27 16:08:35,qidekang,2025-03-12 17:46:47,1,0
784,4095,10a622020020100b,109522020000000c,连接类型,10a5220200200006,10a5220200200006,串联，并联，混联,1,0,xiexinyu,2025-02-27 16:08:35,system_user,2025-03-12 17:46:47,0,0
785,4096,10a6220200301001,109522020000000c,容量,10a5220200300009,10a5220200300009,,1,0,xiexinyu,2025-02-27 16:08:35,system_user,2025-03-12 17:26:02,0,0
786,4097,10a6220200401004,109522020000000c,连接方式,10a522020040000c,10a522020040000c,天桥，隧道，接壤,1,0,xiexinyu,2025-02-27 16:08:36,system_user,2025-03-12 17:46:47,0,0
787,4098,10a6220200701000,109522020000000c,目的,10a5220200700008,10a5220200700008,通行，运输,1,0,xiexinyu,2025-02-27 16:08:36,system_user,2025-03-12 17:46:47,0,0
788,4099,10a6220200801003,109522020000000c,连接效果,10a522020080000b,10a522020080000b,通行效率高，安全系数高，通行效率低，安全系数高,1,0,xiexinyu,2025-02-27 16:08:36,qidekang,2025-03-12 17:46:47,0,0
789,4100,10a6220300201001,1095220300000002,空间类型,10a5220300200009,10a5220300200009,附近，周围，内部，外部，远处,1,0,xiexinyu,2025-02-27 16:08:37,guochengjie,2025-03-04 20:06:06,0,0
790,4101,10a6220300301004,1095220300000002,距离远近,10a522030030000c,10a522030030000c,,1,0,xiexinyu,2025-02-27 16:08:37,system_user,2025-03-04 20:06:06,0,0
791,4102,10a6220300401007,1095220300000002,方位角度,10a5220300400002,10a5220300400002,左前方10度，北偏东15度,1,0,xiexinyu,2025-02-27 16:08:37,system_user,2025-03-12 17:46:47,0,0
792,4103,10a622030050100a,1095220300000002,评估结果,10a5220300500005,10a5220300500005,遮挡程度高，转乘时间长,1,0,xiexinyu,2025-02-27 16:08:38,qidekang,2025-03-12 17:46:47,1,0
793,4104,10a624010020100a,109524010000000b,空间位置类型,10a5240100200005,10a5240100200005,相邻，相交，上下，相离,1,0,xiexinyu,2025-02-27 16:08:38,system_user,2025-03-12 17:46:47,0,0
794,4105,10a6240100304001,109524010000000b,物品停留时长,10a5240100300008,10a5240100300008,,1,0,xiexinyu,2025-02-27 16:08:38,system_user,2025-03-04 20:06:06,0,0
795,4106,10a6240100401003,109524010000000b,方位角度,10a524010040000b,10a524010040000b,左前方10度，北偏东15度,1,0,xiexinyu,2025-02-27 16:08:39,system_user,2025-03-12 17:46:47,0,0
796,4107,10a6240100501006,109524010000000b,距离远近,10a5240100500001,10a5240100500001,,1,0,xiexinyu,2025-02-27 16:08:39,system_user,2025-03-04 20:06:06,0,0
797,4108,10a6240200201000,1095240200000001,停留原因,10a5240200200008,10a5240200200008,便利，指引，经停,1,0,xiexinyu,2025-02-27 16:08:39,system_user,2025-03-12 17:46:47,0,0
798,4109,10a6240200301003,1095240200000001,承载类型,10a524020030000b,10a524020030000b,支援，包含,1,0,xiexinyu,2025-02-27 16:08:40,system_user,2025-03-12 17:46:47,0,0
799,4110,10a6240200401006,1095240200000001,状态,10a5240200400001,10a5240200400001,异常驻留，合理停留，常驻,1,0,xiexinyu,2025-02-27 16:08:40,system_user,2025-03-12 17:46:47,0,0
800,4111,10a6230300204003,1095230300000003,持续时长,10a523030020000a,10a523030020000a,,1,0,xiexinyu,2025-02-27 16:08:40,system_user,2025-03-04 20:06:06,0,0
801,4112,10a6230300401008,1095230300000003,结果,10a5230300400003,10a5230300400003,,1,0,xiexinyu,2025-02-27 16:08:41,system_user,2025-03-04 20:06:06,0,0
802,4113,10a623030050100b,1095230300000003,类型,10a5230300500006,10a5230300500006,维护，破坏,1,0,xiexinyu,2025-02-27 16:08:41,system_user,2025-03-12 17:46:47,0,0
803,4114,10a6230300601001,1095230300000003,程度,10a5230300600009,10a5230300600009,高，中，低,1,0,xiexinyu,2025-02-27 16:08:41,system_user,2025-03-12 17:46:47,0,0
804,4115,10a6230300701004,1095230300000003,责任方,10a523030070000c,10a523030070000c,,1,0,xiexinyu,2025-02-27 16:08:42,guochengjie,2025-03-04 20:06:06,1,0
805,4116,10a633010020100c,1095330100000000,从属类型,10a5330100200007,10a5330100200007,组件，子集，,1,0,xiexinyu,2025-02-27 16:08:42,system_user,2025-03-12 17:47:03,0,0
806,4117,10a6330100301002,1095330100000000,功能,10a533010030000a,10a533010030000a,宣传，提供信息，树立标杆,1,0,xiexinyu,2025-02-27 16:08:42,system_user,2025-03-12 17:46:47,0,0
807,4118,10a6330100401005,1095330100000000,依据,10a5330100400000,10a5330100400000,内容相关，目标一致,1,0,xiexinyu,2025-02-27 16:08:43,system_user,2025-03-12 17:46:47,0,0
808,4119,10a6330100501008,1095330100000000,评估结果,10a5330100500003,10a5330100500003,正面影响，负面影响，中,1,0,xiexinyu,2025-02-27 16:08:43,qidekang,2025-03-12 17:46:47,1,0
809,4120,10a6330200201002,1095330200000003,因果类型,10a533020020000a,10a533020020000a,一因一果，一因多果，多因一果，多因多果,1,0,xiexinyu,2025-02-27 16:08:43,system_user,2025-03-12 17:46:47,0,0
810,4121,10a6330200301005,1095330200000003,影响程度,10a5330200300000,10a5330200300000,高，中，低,1,0,xiexinyu,2025-02-27 16:08:44,system_user,2025-03-12 17:46:47,0,0
811,4122,10a6330300201005,1095330300000006,关联类型,10a5330300200000,10a5330300200000,前序，后序，并行,1,0,xiexinyu,2025-02-27 16:08:44,system_user,2025-03-12 17:46:47,0,0
812,4123,10a6330300301008,1095330300000006,角色,10a5330300300003,10a5330300300003,主要，次要,1,0,xiexinyu,2025-02-27 16:08:44,guochengjie,2025-03-12 17:46:47,1,0
813,4124,10a633030040100b,1095330300000006,相关程度,10a5330300400006,10a5330300400006,高，中，低,1,0,xiexinyu,2025-02-27 16:08:45,system_user,2025-03-12 17:46:47,0,0
814,4125,10a6340100204001,1095340100000001,持续时长,10a5340100200008,10a5340100200008,,1,0,xiexinyu,2025-02-27 16:08:45,system_user,2025-03-04 20:06:06,0,0
815,4126,10a6340100401006,1095340100000001,承载类型,10a5340100400001,10a5340100400001,记录，伴随,1,0,xiexinyu,2025-02-27 16:08:45,system_user,2025-03-12 17:46:47,0,0
816,4127,10a6340100501009,1095340100000001,事件影响,10a5340100500004,10a5340100500004,人员伤亡，物件损坏,1,0,xiexinyu,2025-02-27 16:08:46,system_user,2025-03-12 17:46:47,0,0
817,4128,10a6340200204004,1095340200000004,持续时长,10a534020020000b,10a534020020000b,,1,0,xiexinyu,2025-02-27 16:08:46,system_user,2025-03-04 20:06:06,0,0
818,4129,10a6340200401009,1095340200000004,重要性,10a5340200400004,10a5340200400004,主要，次要,1,0,xiexinyu,2025-02-27 16:08:46,guochengjie,2025-03-12 17:46:47,0,0
819,4130,10a634020050100c,1095340200000004,作用,10a5340200500007,10a5340200500007,执法，执教，自动驾驶,1,0,xiexinyu,2025-02-27 16:08:47,guochengjie,2025-03-12 17:46:47,0,0
820,4131,10a6340300204007,1095340300000007,持续时长,10a5340300200001,10a5340300200001,,1,0,xiexinyu,2025-02-27 16:08:47,system_user,2025-03-04 20:06:06,0,0
821,4132,10a634030040100c,1095340300000007,影响结果,10a5340300400007,10a5340300400007,损坏，减排,1,0,xiexinyu,2025-02-27 16:08:47,system_user,2025-03-12 17:46:47,0,0
822,4133,10a6340300501002,1095340300000007,影响程度,10a534030050000a,10a534030050000a,高，中，低,1,0,xiexinyu,2025-02-27 16:08:48,system_user,2025-03-12 17:46:47,0,0
823,4134,10a6340300601005,1095340300000007,影响原因,10a5340300600000,10a5340300600000,,1,0,xiexinyu,2025-02-27 16:08:48,system_user,2025-03-04 20:06:06,0,0
824,4135,10a6340300701008,1095340300000007,影响方式,10a5340300700003,10a5340300700003,直接推进，间接促进,1,0,xiexinyu,2025-02-27 16:08:48,system_user,2025-03-12 17:46:47,0,0
825,4136,10a6440100204004,1095440100000004,持续时长,10a544010020000b,10a544010020000b,,1,0,xiexinyu,2025-02-27 16:08:49,system_user,2025-03-04 20:06:06,0,0
826,4137,10a6440100401009,1095440100000004,从属类型,10a5440100400004,10a5440100400004,组件，子集,1,0,xiexinyu,2025-02-27 16:08:49,system_user,2025-03-12 17:46:47,0,0
827,4138,10a644010050100c,1095440100000004,设备功能,10a5440100500007,10a5440100500007,安全保障，动力来源，计算中枢,1,0,xiexinyu,2025-02-27 16:08:49,guochengjie,2025-03-12 17:46:47,1,0
828,4139,10a6440100601002,1095440100000004,引入方式,10a544010060000a,10a544010060000a,人工组装，机械组装，一键安装,1,0,xiexinyu,2025-02-27 16:08:50,system_user,2025-03-12 17:46:47,0,0
829,4140,10a6440100701005,1095440100000004,评估结果,10a5440100700000,10a5440100700000,合规，不合规,1,0,xiexinyu,2025-02-27 16:08:50,qidekang,2025-03-12 17:46:47,1,0
830,4141,10a6440200204007,1095440200000007,持续时长,10a5440200200001,10a5440200200001,,1,0,xiexinyu,2025-02-27 16:08:51,system_user,2025-03-04 20:06:06,0,0
831,4142,10a644020040100c,1095440200000007,连接类型,10a5440200400007,10a5440200400007,串联，并联，混联,1,0,xiexinyu,2025-02-27 16:08:51,system_user,2025-03-12 17:46:47,0,0
832,4143,10a6440200501002,1095440200000007,传输容量,10a544020050000a,10a544020050000a,数据量，电流量,1,0,xiexinyu,2025-02-27 16:08:51,system_user,2025-03-12 17:46:47,0,0
833,4144,10a6440200601005,1095440200000007,传输内容,10a5440200600000,10a5440200600000,电流，数据,1,0,xiexinyu,2025-02-27 16:08:52,system_user,2025-03-12 17:46:47,0,0
834,4145,10a6440200701008,1095440200000007,目的,10a5440200700003,10a5440200700003,通信，传输，牵引,1,0,xiexinyu,2025-02-27 16:08:52,system_user,2025-03-12 17:46:47,0,0
835,4146,10a644020080100b,1095440200000007,评估结果,10a5440200800006,10a5440200800006,合格，不合格,1,0,xiexinyu,2025-02-27 16:08:52,qidekang,2025-03-12 17:46:47,1,0
836,4147,10a6440200901001,1095440200000007,连接频次,10a5440200900009,10a5440200900009,一秒一次，一年一次,1,0,xiexinyu,2025-02-27 16:08:53,system_user,2025-03-12 17:46:47,0,0
837,4148,10a6440200a01004,1095440200000007,使用媒介,10a5440200a0000c,10a5440200a0000c,电磁波，光纤,1,0,xiexinyu,2025-02-27 16:08:53,system_user,2025-03-12 17:46:47,0,0
838,4149,10a644030020400a,109544030000000a,持续时长,10a5440300200004,10a5440300200004,,1,0,xiexinyu,2025-02-27 16:08:53,system_user,2025-03-04 20:06:06,0,0
839,4150,10a6440300401002,109544030000000a,空间位置类型,10a544030040000a,10a544030040000a,相邻，相交，上下，相离,1,0,xiexinyu,2025-02-27 16:08:54,system_user,2025-03-12 17:46:47,0,0
840,4151,10a6440300501005,109544030000000a,距离远近,10a5440300500000,10a5440300500000,,1,0,xiexinyu,2025-02-27 16:08:54,system_user,2025-03-04 20:06:06,0,0
841,4152,10a6440300601008,109544030000000a,方位角度,10a5440300600003,10a5440300600003,左前方10度，北偏东15度,1,0,xiexinyu,2025-02-27 16:08:54,system_user,2025-03-12 17:46:47,0,0
842,4153,10a644030070100b,109544030000000a,变化情况,10a5440300700006,10a5440300700006,相对速度，相对位置,1,0,xiexinyu,2025-02-27 16:08:55,system_user,2025-03-12 17:46:47,0,0
843,4154,10a6440400204000,1095440400000000,持续时长,10a5440400200007,10a5440400200007,,1,0,xiexinyu,2025-02-27 16:08:55,system_user,2025-03-04 20:06:06,0,0
844,4155,10a6440400401005,1095440400000000,承载类型,10a5440400400000,10a5440400400000,支撑型，收纳型,1,0,xiexinyu,2025-02-27 16:08:55,system_user,2025-03-12 17:46:47,0,0
845,4156,10a6440400501008,1095440400000000,承重量,10a5440400500003,10a5440400500003,,1,0,xiexinyu,2025-02-27 16:08:56,system_user,2025-03-04 20:06:06,0,0
846,4157,10a644040060100b,1095440400000000,容量,10a5440400600006,10a5440400600006,,1,0,xiexinyu,2025-02-27 16:08:56,system_user,2025-03-04 20:06:06,0,0
847,4158,10a6440400701001,1095440400000000,相对位置,10a5440400700009,10a5440400700009,前，中，后,1,0,xiexinyu,2025-02-27 16:08:56,system_user,2025-03-12 17:46:47,0,0
848,4159,10a6440400801004,1095440400000000,目的,10a544040080000c,10a544040080000c,运输，保护,1,0,xiexinyu,2025-02-27 16:08:57,system_user,2025-03-12 17:46:47,0,0
849,4160,10a6440400901007,1095440400000000,评估结果,10a5440400900002,10a5440400900002,合规，不合规,1,0,xiexinyu,2025-02-27 16:08:57,qidekang,2025-03-12 17:46:47,1,0
850,4161,10a6520100204005,1095520100000005,持续时长,10a552010020000c,10a552010020000c,,1,0,xiexinyu,2025-02-27 16:08:57,system_user,2025-03-04 20:06:06,0,0
851,4162,10a6520100301007,1095520100000005,离开时间,10a5520100300002,10a5520100300002,,1,0,xiexinyu,2025-02-27 16:08:58,system_user,2025-03-04 20:06:06,0,0
852,4163,10a652010040100a,1095520100000005,驻扎类型,10a5520100400005,10a5520100400005,办工用地，仓储用地，生产用地,1,0,xiexinyu,2025-02-27 16:08:58,system_user,2025-03-12 17:46:47,0,0
853,4164,10a6520100501000,1095520100000005,入驻方式,10a5520100500008,10a5520100500008,自建，购买，租赁,1,0,xiexinyu,2025-02-27 16:08:58,system_user,2025-03-12 17:46:47,0,0
854,4165,10a6520100601003,1095520100000005,费用金额,10a552010060000b,10a552010060000b,,1,0,xiexinyu,2025-02-27 16:08:59,system_user,2025-03-04 20:06:06,0,0
855,4166,10a6520200201007,1095520200000008,建设类型,10a5520200200002,10a5520200200002,新建，改建，维修,1,0,xiexinyu,2025-02-27 16:08:59,guochengjie,2025-03-12 17:46:47,0,0
856,4167,10a652020030400b,1095520200000008,建设时长,10a5520200300005,10a5520200300005,,1,0,xiexinyu,2025-02-27 16:08:59,system_user,2025-03-04 20:06:06,0,0
857,4168,10a6520200401000,1095520200000008,完工时间,10a5520200400008,10a5520200400008,,1,0,xiexinyu,2025-02-27 16:09:00,system_user,2025-03-04 20:06:06,0,0
858,4169,10a6520200501003,1095520200000008,工期,10a552020050000b,10a552020050000b,5.1-5.6地基，5.7-5.9建筑外墙，5.10-5.15水电气，5.16-5.25软装,1,5,xiexinyu,2025-02-27 16:09:00,system_user,2025-03-12 17:46:47,0,0
859,4170,10a6520200601006,1095520200000008,工程进度,10a5520200600001,10a5520200600001,工程进度10%，工程进度90%,1,0,xiexinyu,2025-02-27 16:09:00,system_user,2025-03-12 17:46:47,0,0
860,4171,10a6520200701009,1095520200000008,建设原因,10a5520200700004,10a5520200700004,自用，履行合同，创造收入,1,0,xiexinyu,2025-02-27 16:09:01,system_user,2025-03-12 17:46:47,0,0
861,4172,10a652020080100c,1095520200000008,评估结果,10a5520200800007,10a5520200800007,效率低，质量高，效率高，质量高,1,0,xiexinyu,2025-02-27 16:09:01,qidekang,2025-03-12 17:46:47,1,0
862,4173,10a6520200901002,1095520200000008,建设成本,10a552020090000a,10a552020090000a,,1,0,xiexinyu,2025-02-27 16:09:02,system_user,2025-03-04 20:06:06,0,0
863,4174,10a652030020400b,109552030000000b,持有时长,10a5520300200005,10a5520300200005,,1,0,xiexinyu,2025-02-27 16:09:02,system_user,2025-03-04 20:06:06,0,0
864,4175,10a6520300301000,109552030000000b,出手时间,10a5520300300008,10a5520300300008,,1,0,xiexinyu,2025-02-27 16:09:02,system_user,2025-03-04 20:06:06,0,0
865,4176,10a6520300401003,109552030000000b,产权来源,10a552030040000b,10a552030040000b,自身建设，市场买入，他人赠与，奖励获取,1,0,xiexinyu,2025-02-27 16:09:03,system_user,2025-03-12 17:46:47,0,0
866,4177,10a6520300501006,109552030000000b,获取成本,10a5520300500001,10a5520300500001,,1,0,xiexinyu,2025-02-27 16:09:03,system_user,2025-03-04 20:06:06,0,0
867,4178,10a6520300601009,109552030000000b,持有成本,10a5520300600004,10a5520300600004,,1,0,xiexinyu,2025-02-27 16:09:03,system_user,2025-03-04 20:06:06,0,0
868,4179,10a652030070100c,109552030000000b,权利类型,10a5520300700007,10a5520300700007,拥有权，使用权，经营权,1,0,xiexinyu,2025-02-27 16:09:04,system_user,2025-03-12 17:46:47,0,0
869,4180,10a6520300801002,109552030000000b,用途,10a552030080000a,10a552030080000a,办工，生产，仓储，出租，服务,1,0,xiexinyu,2025-02-27 16:09:04,system_user,2025-03-12 17:46:47,0,0
870,4181,10a6520300901005,109552030000000b,评估结果,10a5520300900000,10a5520300900000,合法，违法,1,0,xiexinyu,2025-02-27 16:09:04,qidekang,2025-03-12 17:46:47,1,0
871,4182,10a6520400204001,1095520400000001,时间,10a5520400200008,10a5520400200008,,1,0,xiexinyu,2025-02-27 16:09:05,system_user,2025-04-08 15:59:21,1,0
872,4183,10a6520400301003,1095520400000001,结束时间,10a552040030000b,10a552040030000b,,1,0,xiexinyu,2025-02-27 16:09:05,system_user,2025-04-08 15:59:21,1,0
873,4184,10a6520400401006,1095520400000001,类型,10a5520400400001,10a5520400400001,买卖，赠与，互易，遗赠，出租,1,0,xiexinyu,2025-02-27 16:09:05,system_user,2025-04-08 15:59:21,1,0
874,4185,10a6520400501009,1095520400000001,权利类型,10a5520400500004,10a5520400500004,使用权，拥有权,1,0,xiexinyu,2025-02-27 16:09:06,system_user,2025-04-08 15:59:21,1,0
875,4186,10a652040060100c,1095520400000001,动因,10a5520400600007,10a5520400600007,变现需求，福利捐赠，废弃处理,1,0,xiexinyu,2025-02-27 16:09:06,system_user,2025-04-08 15:59:21,1,0
876,4187,10a6520400701002,1095520400000001,评估结果,10a552040070000a,10a552040070000a,合规，违规,1,0,xiexinyu,2025-02-27 16:09:06,system_user,2025-04-08 15:59:21,1,0
877,4188,10a6520400801005,1095520400000001,进程,10a5520400800000,10a5520400800000,合同签订中，权属登记中，出让完成，租赁中，租约到期,1,0,xiexinyu,2025-02-27 16:09:07,system_user,2025-04-08 15:59:21,1,0
878,4189,10a6520400901008,1095520400000001,结果,10a5520400900003,10a5520400900003,现金，荣誉,1,0,xiexinyu,2025-02-27 16:09:07,system_user,2025-04-08 15:59:21,1,0
879,4190,10a6520400a0100b,1095520400000001,方式,10a5520400a00006,10a5520400a00006,拍卖，招标，挂牌,1,0,xiexinyu,2025-02-27 16:09:07,system_user,2025-04-08 15:59:21,1,0
880,4191,10a6520500204004,1095520500000004,持续时长,10a552050020000b,10a552050020000b,,1,0,xiexinyu,2025-02-27 16:09:08,system_user,2025-03-04 20:06:06,0,0
881,4192,10a6520500401009,1095520500000004,管理类型,10a5520500400004,10a5520500400004,直接管理，间接管理,1,0,xiexinyu,2025-02-27 16:09:08,system_user,2025-03-12 17:46:47,0,0
882,4193,10a652050050100c,1095520500000004,权限范畴,10a5520500500007,10a5520500500007,使用权限，操作规范，状态监管，质量把关,1,0,xiexinyu,2025-02-27 16:09:09,system_user,2025-03-12 17:46:47,0,0
883,4194,10a6520500601002,1095520500000004,管理方式,10a552050060000a,10a552050060000a,远程监控，定期抽检，现场督办，主动报送,1,0,xiexinyu,2025-02-27 16:09:09,system_user,2025-03-12 17:46:47,0,0
884,4195,10a6520500701005,1095520500000004,使用工具,10a5520500700000,10a5520500700000,摄像头，移动终端设备，疫情上报平台，数字楼宇系统,1,0,xiexinyu,2025-02-27 16:09:09,system_user,2025-03-12 17:46:47,0,0
885,4196,10a6520500801008,1095520500000004,成本,10a5520500800003,10a5520500800003,,1,0,xiexinyu,2025-02-27 16:09:10,system_user,2025-03-04 20:06:06,0,0
886,4197,10a652050090100b,1095520500000004,评估结果,10a5520500900006,10a5520500900006,执行力强，管理水平高，执行力待提升，管理水平高,1,0,xiexinyu,2025-02-27 16:09:10,qidekang,2025-03-12 17:46:47,1,0
887,4198,10a6520600204007,1095520600000007,耗费时长,10a5520600200001,10a5520600200001,,1,0,xiexinyu,2025-02-27 16:09:10,system_user,2025-03-04 20:06:06,0,0
888,4199,10a652060040100c,1095520600000007,维护类型,10a5520600400007,10a5520600400007,生态环境，公共安全,1,0,xiexinyu,2025-02-27 16:09:11,system_user,2025-03-12 17:46:47,0,0
889,4200,10a6520600501002,1095520600000007,角色,10a552060050000a,10a552060050000a,建设方，第三方，所有方,1,0,xiexinyu,2025-02-27 16:09:11,system_user,2025-03-12 17:46:47,0,0
890,4201,10a6520600601005,1095520600000007,使用工具,10a5520600600000,10a5520600600000,清洁工具，消杀工具，执法设备,1,0,xiexinyu,2025-02-27 16:09:11,system_user,2025-03-12 17:46:47,0,0
891,4202,10a6520600701008,1095520600000007,成本,10a5520600700003,10a5520600700003,,1,0,xiexinyu,2025-02-27 16:09:12,system_user,2025-03-04 20:06:06,0,0
892,4203,10a652060080100b,1095520600000007,评估结果,10a5520600800006,10a5520600800006,效率低，质量高，服务好，效率高，质量高，服务差,1,0,xiexinyu,2025-02-27 16:09:12,qidekang,2025-03-12 17:46:47,1,0
893,4204,10a6520600901001,1095520600000007,维护频次,10a5520600900009,10a5520600900009,一天一次，每周一次,1,0,xiexinyu,2025-02-27 16:09:12,system_user,2025-03-12 17:46:47,0,0
894,4205,10a6530100204006,1095530100000006,参与时长,10a5530100200000,10a5530100200000,,1,0,xiexinyu,2025-02-27 16:09:13,system_user,2025-03-04 20:06:06,0,0
895,4206,10a6530100301008,1095530100000006,角色职责,10a5530100300003,10a5530100300003,执行，赞助,1,0,xiexinyu,2025-02-27 16:09:13,system_user,2025-03-12 17:46:47,0,0
896,4207,10a653010040100b,1095530100000006,参与原因,10a5530100400006,10a5530100400006,,1,0,xiexinyu,2025-02-27 16:09:13,system_user,2025-03-04 20:06:06,0,0
897,4208,10a6530100601004,1095530100000006,参与方式,10a553010060000c,10a553010060000c,发布公告，现场指导，进度推进，集成总包,1,0,xiexinyu,2025-02-27 16:09:14,system_user,2025-03-12 17:46:47,0,0
898,4209,10a6530100701007,1095530100000006,影响程度,10a5530100700002,10a5530100700002,高，中，低,1,0,xiexinyu,2025-02-27 16:09:14,system_user,2025-03-12 17:46:47,0,0
899,4210,10a6530200201008,1095530200000009,影响类型,10a5530200200003,10a5530200200003,经济影响，社会影响,1,0,xiexinyu,2025-02-27 16:09:14,system_user,2025-03-12 17:46:47,0,0
900,4211,10a653020030400c,1095530200000009,持续时长,10a5530200300006,10a5530200300006,,1,0,xiexinyu,2025-02-27 16:09:15,system_user,2025-03-04 20:06:06,0,0
901,4212,10a6530200501004,1095530200000009,结果,10a553020050000c,10a553020050000c,扩大规模，变更名称，财产损失,1,0,xiexinyu,2025-02-27 16:09:15,system_user,2025-03-12 17:46:47,0,0
902,4213,10a6530200601007,1095530200000009,影响程度,10a5530200600002,10a5530200600002,高，中，低,1,0,xiexinyu,2025-02-27 16:09:15,system_user,2025-03-12 17:46:47,0,0
903,4214,10a653030020400c,109553030000000c,耗费时长,10a5530300200006,10a5530300200006,,1,0,xiexinyu,2025-02-27 16:09:16,system_user,2025-03-04 20:06:06,0,0
904,4215,10a6530300401004,109553030000000c,处置流程,10a553030040000c,10a553030040000c,,1,0,xiexinyu,2025-02-27 16:09:16,guochengjie,2025-03-04 20:06:06,1,0
905,4216,10a6530300501007,109553030000000c,处置结果,10a5530300500002,10a5530300500002,罚款，奖励,1,0,xiexinyu,2025-02-27 16:09:16,system_user,2025-03-12 17:46:47,0,0
906,4217,10a653030060100a,109553030000000c,结果评估,10a5530300600005,10a5530300600005,合规处置，违规处置,1,0,xiexinyu,2025-02-27 16:09:17,qidekang,2025-03-12 17:46:47,1,0
907,4218,10a6530300701000,109553030000000c,当前状态,10a5530300700008,10a5530300700008,举报，移交，下发，办结,1,0,xiexinyu,2025-02-27 16:09:17,guochengjie,2025-03-12 17:46:47,1,0
908,4219,10a6530300801003,109553030000000c,处置方式,10a553030080000b,10a553030080000b,线上，线下,1,0,xiexinyu,2025-02-27 16:09:17,system_user,2025-03-12 17:46:47,0,0
909,4220,10a6530300901006,109553030000000c,使用工具,10a5530300900001,10a5530300900001,网络舆情，信息化系统,1,0,xiexinyu,2025-02-27 16:09:18,system_user,2025-03-12 17:46:47,0,0
910,4221,10a6530400201001,1095530400000002,监管类型,10a5530400200009,10a5530400200009,合规，安全,1,0,xiexinyu,2025-02-27 16:09:18,system_user,2025-03-12 17:46:47,0,0
911,4222,10a6530400304005,1095530400000002,持续时长,10a553040030000c,10a553040030000c,,1,0,xiexinyu,2025-02-27 16:09:18,system_user,2025-03-04 20:06:06,0,0
912,4223,10a6530400401007,1095530400000002,职责,10a5530400400002,10a5530400400002,,1,0,xiexinyu,2025-02-27 16:09:19,system_user,2025-03-04 20:06:06,0,0
913,4224,10a653040050100a,1095530400000002,权限范畴,10a5530400500005,10a5530400500005,使用权限，操作规范，状态监管，质量把关,1,0,xiexinyu,2025-02-27 16:09:19,system_user,2025-03-12 17:46:47,0,0
914,4225,10a6530400601000,1095530400000002,监管方式,10a5530400600008,10a5530400600008,远程监控，定期抽检，现场督办，主动报送,1,0,xiexinyu,2025-02-27 16:09:19,system_user,2025-03-12 17:46:47,0,0
915,4226,10a6530400701003,1095530400000002,使用工具,10a553040070000b,10a553040070000b,测速仪，摄像头，移动app，线上系统,1,0,xiexinyu,2025-02-27 16:09:20,system_user,2025-03-12 17:46:47,0,0
916,4227,10a6530400801006,1095530400000002,成本,10a5530400800001,10a5530400800001,,1,0,xiexinyu,2025-02-27 16:09:20,system_user,2025-03-04 20:06:06,0,0
917,4228,10a6530400901009,1095530400000002,结果评估,10a5530400900004,10a5530400900004,监管效率，安全稳定,1,0,xiexinyu,2025-02-27 16:09:20,qidekang,2025-03-12 17:46:47,1,0
918,4229,10a6540100204007,1095540100000007,耗费时长,10a5540100200001,10a5540100200001,,1,0,xiexinyu,2025-02-27 16:09:21,system_user,2025-03-04 20:06:06,0,0
919,4230,10a654010040100c,1095540100000007,工艺水平,10a5540100400007,10a5540100400007,手工，半自动，全自动,1,0,xiexinyu,2025-02-27 16:09:21,guochengjie,2025-03-12 17:46:47,0,0
920,4231,10a6540100501002,1095540100000007,使用工具,10a554010050000a,10a554010050000a,数字机床，数字孪生设备，电锯，雕刻刀，陶炉,1,0,xiexinyu,2025-02-27 16:09:22,system_user,2025-03-12 17:46:47,0,0
921,4232,10a6540100601005,1095540100000007,目标产量,10a5540100600000,10a5540100600000,,1,0,xiexinyu,2025-02-27 16:09:22,system_user,2025-03-04 20:06:06,0,0
922,4233,10a6540100701008,1095540100000007,实际产量,10a5540100700003,10a5540100700003,,1,0,xiexinyu,2025-02-27 16:09:22,system_user,2025-03-04 20:06:06,0,0
923,4234,10a654010080100b,1095540100000007,成本,10a5540100800006,10a5540100800006,,1,0,xiexinyu,2025-02-27 16:09:23,system_user,2025-03-04 20:06:06,0,0
924,4235,10a6540100901001,1095540100000007,评估结果,10a5540100900009,10a5540100900009,效率低，质量高，效率高，质量高,1,0,xiexinyu,2025-02-27 16:09:23,qidekang,2025-03-12 17:46:47,1,0
925,4236,10a654020020400a,109554020000000a,持有时长,10a5540200200004,10a5540200200004,,1,0,xiexinyu,2025-02-27 16:09:23,system_user,2025-03-04 20:06:06,0,0
926,4237,10a654020030100c,109554020000000a,出手时间,10a5540200300007,10a5540200300007,,1,0,xiexinyu,2025-02-27 16:09:24,system_user,2025-03-04 20:06:06,0,0
927,4238,10a6540200401002,109554020000000a,产权来源,10a554020040000a,10a554020040000a,自身生产，市场买入，他人赠与，奖励获取，意外收获,1,0,xiexinyu,2025-02-27 16:09:24,system_user,2025-03-12 17:46:47,0,0
928,4239,10a6540200501005,109554020000000a,获取成本,10a5540200500000,10a5540200500000,,1,0,xiexinyu,2025-02-27 16:09:24,system_user,2025-03-04 20:06:06,0,0
929,4240,10a6540200601008,109554020000000a,持有成本,10a5540200600003,10a5540200600003,,1,0,xiexinyu,2025-02-27 16:09:25,system_user,2025-03-04 20:06:06,0,0
930,4241,10a654020070100b,109554020000000a,用途,10a5540200700006,10a5540200700006,原料，生产设备，办公设备，医疗用品,1,0,xiexinyu,2025-02-27 16:09:25,system_user,2025-03-12 17:46:47,0,0
931,4242,10a6540200801001,109554020000000a,评估结果,10a5540200800009,10a5540200800009,合法，违法,1,0,xiexinyu,2025-02-27 16:09:25,qidekang,2025-03-12 17:46:47,1,0
932,4243,10a6540300204000,1095540300000000,时间,10a5540300200007,10a5540300200007,,1,0,xiexinyu,2025-02-27 16:09:26,system_user,2025-04-08 15:59:21,1,0
933,4244,10a6540300301002,1095540300000000,结束时间,10a554030030000a,10a554030030000a,,1,0,xiexinyu,2025-02-27 16:09:26,system_user,2025-04-08 15:59:21,1,0
934,4245,10a6540300401005,1095540300000000,价格,10a5540300400000,10a5540300400000,,1,0,xiexinyu,2025-02-27 16:09:26,system_user,2025-04-08 15:59:21,1,0
935,4246,10a6540300501008,1095540300000000,类型,10a5540300500003,10a5540300500003,动产抵押，股权出质,1,0,xiexinyu,2025-02-27 16:09:27,system_user,2025-04-08 15:59:21,1,0
936,4247,10a654030060100b,1095540300000000,动因,10a5540300600006,10a5540300600006,变现需求，福利捐赠，闲置处理,1,0,xiexinyu,2025-02-27 16:09:27,system_user,2025-04-08 15:59:21,1,0
937,4248,10a6540300701001,1095540300000000,评估结果,10a5540300700009,10a5540300700009,合法，违法,1,0,xiexinyu,2025-02-27 16:09:27,system_user,2025-04-08 15:59:21,1,0
938,4249,10a6540300801004,1095540300000000,结果,10a554030080000c,10a554030080000c,金钱，荣誉,1,0,xiexinyu,2025-02-27 16:09:28,system_user,2025-04-08 15:59:21,1,0
939,4250,10a6540300901007,1095540300000000,方式,10a5540300900002,10a5540300900002,拍卖，招标，挂牌,1,0,xiexinyu,2025-02-27 16:09:28,system_user,2025-04-08 15:59:21,1,0
940,4251,10a6540300a0100a,1095540300000000,权利类型,10a5540300a00005,10a5540300a00005,使用权，拥有权，,1,0,xiexinyu,2025-02-27 16:09:28,system_user,2025-04-08 15:59:21,1,0
941,4252,10a6540300b01000,1095540300000000,进程,10a5540300b00008,10a5540300b00008,合同签订中，权属登记中，租赁中，租约到期,1,0,xiexinyu,2025-02-27 16:09:29,system_user,2025-04-08 15:59:21,1,0
942,4253,10a6540400204003,1095540400000003,持续时长,10a554040020000a,10a554040020000a,,1,0,xiexinyu,2025-02-27 16:09:29,system_user,2025-03-04 20:06:06,0,0
943,4254,10a6540400401008,1095540400000003,管理类型,10a5540400400003,10a5540400400003,直接管理，间接管理,1,0,xiexinyu,2025-02-27 16:09:29,system_user,2025-03-12 17:46:47,0,0
944,4255,10a654040050100b,1095540400000003,权限范畴,10a5540400500006,10a5540400500006,使用权限，操作规范，状态监管，质量把关,1,0,xiexinyu,2025-02-27 16:09:30,system_user,2025-03-12 17:46:47,0,0
945,4256,10a6540400601001,1095540400000003,管理方式,10a5540400600009,10a5540400600009,远程监控，定期抽检，现场督办，主动报送,1,0,xiexinyu,2025-02-27 16:09:30,system_user,2025-03-12 17:46:47,0,0
946,4257,10a6540400701004,1095540400000003,依据条例,10a554040070000c,10a554040070000c,测速仪，摄像头，移动终端设备,1,0,xiexinyu,2025-02-27 16:09:30,baishumeng,2025-03-12 17:46:47,0,0
947,4258,10a6540400801007,1095540400000003,成本,10a5540400800002,10a5540400800002,,1,0,xiexinyu,2025-02-27 16:09:31,system_user,2025-03-04 20:06:06,0,0
948,4259,10a654040090100a,1095540400000003,评估结果,10a5540400900005,10a5540400900005,管理效率高，效果好，管理效率低，效果差,1,0,xiexinyu,2025-02-27 16:09:31,qidekang,2025-03-12 17:46:47,1,0
949,4260,10a6540500204006,1095540500000006,耗费时长,10a5540500200000,10a5540500200000,,1,0,xiexinyu,2025-02-27 16:09:31,system_user,2025-03-04 20:06:06,0,0
950,4261,10a654050040100b,1095540500000006,维护类型,10a5540500400006,10a5540500400006,维护，维修，更换；保养维护，燃料补充,1,0,xiexinyu,2025-02-27 16:09:32,system_user,2025-03-04 20:06:06,0,0
951,4262,10a6540500501001,1095540500000006,维护范围,10a5540500500009,10a5540500500009,外观保养，零件更换，电路维修,1,0,xiexinyu,2025-02-27 16:09:32,system_user,2025-03-12 17:46:47,0,0
952,4263,10a6540500601004,1095540500000006,角色,10a554050060000c,10a554050060000c,厂家，第三方，所有方,1,0,xiexinyu,2025-02-27 16:09:32,system_user,2025-03-12 17:46:47,0,0
953,4264,10a6540500701007,1095540500000006,使用工具,10a5540500700002,10a5540500700002,清洁工具，保养工具,1,0,xiexinyu,2025-02-27 16:09:33,system_user,2025-03-12 17:46:47,0,0
954,4265,10a654050080100a,1095540500000006,成本,10a5540500800005,10a5540500800005,,1,0,xiexinyu,2025-02-27 16:09:33,system_user,2025-03-04 20:06:06,0,0
955,4266,10a6540500901000,1095540500000006,评估结果,10a5540500900008,10a5540500900008,效率低，质量高，服务好，效率高，质量高，服务差,1,0,xiexinyu,2025-02-27 16:09:33,qidekang,2025-03-12 17:46:47,1,0
956,4267,10a6540600204009,1095540600000009,耗费时长,10a5540600200003,10a5540600200003,,1,0,xiexinyu,2025-02-27 16:09:34,system_user,2025-03-04 20:06:06,0,0
957,4268,10a6540600401001,1095540600000009,创意类型,10a5540600400009,10a5540600400009,原创型，改进型，组合型,1,0,xiexinyu,2025-02-27 16:09:34,system_user,2025-03-12 17:46:47,0,0
958,4269,10a6540600501004,1095540600000009,设计风格,10a554060050000c,10a554060050000c,抽象派，现代派，中国风，简约风,1,0,xiexinyu,2025-02-27 16:09:34,system_user,2025-03-12 17:46:47,0,0
959,4270,10a6540600601007,1095540600000009,职责,10a5540600600002,10a5540600600002,公开招标，定向邀请，民间征集,1,0,xiexinyu,2025-02-27 16:09:35,system_user,2025-03-12 17:46:47,0,0
960,4271,10a654060070100a,1095540600000009,来源,10a5540600700005,10a5540600700005,公开竞赛，邀请,1,0,xiexinyu,2025-02-27 16:09:35,system_user,2025-03-12 17:46:47,0,0
961,4272,10a6540600801000,1095540600000009,评估结果,10a5540600800008,10a5540600800008,优秀，一般，普通,1,0,xiexinyu,2025-02-27 16:09:35,qidekang,2025-03-12 17:46:47,1,0
962,4273,10a6540600901003,1095540600000009,影响,10a554060090000b,10a554060090000b,舆论热议，获取关注度,1,0,xiexinyu,2025-02-27 16:09:36,system_user,2025-03-12 17:46:47,0,0
963,4274,10a6540600a01006,1095540600000009,当前进程,10a5540600a00001,10a5540600a00001,预调研，草图设计，局部细化，完善迭代,1,0,xiexinyu,2025-02-27 16:09:36,system_user,2025-03-12 17:46:47,0,0
964,4275,10a654070020100b,109554070000000c,使用类型,10a5540700200006,10a5540700200006,生产设备，办公设备，授权凭证，奖励凭证,1,0,xiexinyu,2025-02-27 16:09:36,system_user,2025-03-12 17:46:47,0,0
965,4276,10a6540700304002,109554070000000c,使用时长,10a5540700300009,10a5540700300009,,1,0,xiexinyu,2025-02-27 16:09:37,system_user,2025-03-04 20:06:06,0,0
966,4277,10a6540700501007,109554070000000c,使用目的,10a5540700500002,10a5540700500002,时间效率，经济成本，人力节省，舒适度，情感因素,1,0,xiexinyu,2025-02-27 16:09:37,system_user,2025-03-12 17:46:47,0,0
967,4278,10a654070060100a,109554070000000c,评估结果,10a5540700600005,10a5540700600005,合规，违规,1,0,xiexinyu,2025-02-27 16:09:37,qidekang,2025-03-12 17:46:47,1,0
968,4279,10a6550100204008,1095550100000008,持续时长,10a5550100200002,10a5550100200002,,1,0,xiexinyu,2025-02-27 16:09:38,system_user,2025-03-04 20:06:06,0,0
969,4280,10a6550100401000,1095550100000008,汇报链路,10a5550100400008,10a5550100400008,单线汇报，双线汇报,1,0,xiexinyu,2025-02-27 16:09:38,guochengjie,2025-03-12 17:46:47,1,0
970,4281,10a6550100501003,1095550100000008,评估结果,10a555010050000b,10a555010050000b,评价反馈优秀，考核绩效良好,1,0,xiexinyu,2025-02-27 16:09:38,qidekang,2025-03-12 17:46:47,1,0
971,4282,10a655020020400b,109555020000000b,时间,10a5550200200005,10a5550200200005,,1,0,xiexinyu,2025-02-27 16:09:39,system_user,2025-04-08 15:59:21,1,0
972,4283,10a6550200301000,109555020000000b,结束时间,10a5550200300008,10a5550200300008,,1,0,xiexinyu,2025-02-27 16:09:39,system_user,2025-04-08 15:59:21,1,0
973,4284,10a6550200401003,109555020000000b,类型,10a555020040000b,10a555020040000b,直接上级，间接上级，虚线管理，控股关系,1,0,xiexinyu,2025-02-27 16:09:39,system_user,2025-04-08 15:59:21,1,0
974,4285,10a6550200501006,109555020000000b,汇报链,10a5550200500001,10a5550200500001,单线汇报，双线汇报,1,0,xiexinyu,2025-02-27 16:09:40,system_user,2025-04-08 15:59:21,1,0
975,4286,10a6550200601009,109555020000000b,权限范畴,10a5550200600004,10a5550200600004,操作规范，状态监管，质量把关,1,0,xiexinyu,2025-02-27 16:09:40,system_user,2025-04-08 15:59:21,1,0
976,4287,10a655020070100c,109555020000000b,方式,10a5550200700007,10a5550200700007,远程督办，定期检查，现场督办，主动报送,1,0,xiexinyu,2025-02-27 16:09:40,system_user,2025-04-08 15:59:21,1,0
977,4288,10a6550200801002,109555020000000b,评估结果,10a555020080000a,10a555020080000a,评价反馈优秀，考核绩效良好,1,0,xiexinyu,2025-02-27 16:09:40,system_user,2025-04-08 15:59:21,1,0
978,4289,10a6550300204001,1095550300000001,持续时长,10a5550300200008,10a5550300200008,,1,0,xiexinyu,2025-02-27 16:09:41,system_user,2025-03-04 20:06:06,0,0
979,4290,10a6550300401006,1095550300000001,指导频次,10a5550300400001,10a5550300400001,每月一次，每周一次，不定时间,1,0,xiexinyu,2025-02-27 16:09:41,system_user,2025-03-12 17:46:47,0,0
980,4291,10a6550300501009,1095550300000001,管辖范畴,10a5550300500004,10a5550300500004,复工复产，物资生产，管控政策，检测要求，消杀措施,1,5,xiexinyu,2025-02-27 16:09:41,baishumeng,2025-03-12 17:46:47,1,0
981,4292,10a655030060100c,1095550300000001,指导方式,10a5550300600007,10a5550300600007,政策发布，定向通知，定期会晤，现场指导,1,0,xiexinyu,2025-02-27 16:09:42,system_user,2025-03-12 17:46:47,0,0
982,4293,10a6550300701002,1095550300000001,成本费用,10a555030070000a,10a555030070000a,,1,0,xiexinyu,2025-02-27 16:09:42,system_user,2025-03-04 20:06:06,0,0
983,4294,10a6550300801005,1095550300000001,评估结果,10a5550300800000,10a5550300800000,评价反馈优秀，考核绩效良好,1,0,xiexinyu,2025-02-27 16:09:42,qidekang,2025-03-12 17:46:47,1,0
984,4295,10a6550400204004,1095550400000004,合作时长,10a555040020000b,10a555040020000b,,1,0,xiexinyu,2025-02-27 16:09:43,system_user,2025-03-04 20:06:06,0,0
985,4296,10a6550400401009,1095550400000004,合作类型,10a5550400400004,10a5550400400004,资源协作，技术协作，配合协作，信息协作,1,0,xiexinyu,2025-02-27 16:09:43,system_user,2025-03-12 17:46:47,0,0
986,4297,10a655040050100c,1095550400000004,职责分工,10a5550400500007,10a5550400500007,生产物资，技术支持，制定政策，提供需求,1,0,xiexinyu,2025-02-27 16:09:43,system_user,2025-03-12 17:46:47,0,0
987,4298,10a6550400601002,1095550400000004,合作目的,10a555040060000a,10a555040060000a,物资供给，密接分析，人员筛查，数据挖掘,1,0,xiexinyu,2025-02-27 16:09:44,system_user,2025-03-12 17:46:47,0,0
988,4299,10a6550400701005,1095550400000004,合作方式,10a5550400700000,10a5550400700000,人员互派，预留名额，政策执行，需求提报,1,0,xiexinyu,2025-02-27 16:09:44,system_user,2025-03-12 17:46:47,0,0
989,4300,10a6550400801008,1095550400000004,当前进程,10a5550400800003,10a5550400800003,90%，50%，100%,1,0,xiexinyu,2025-02-27 16:09:44,system_user,2025-03-12 17:46:47,0,0
990,4301,10a655040090100b,1095550400000004,评估结果,10a5550400900006,10a5550400900006,配合默契，沟通通畅，协作及时，态度积极,1,0,xiexinyu,2025-02-27 16:09:45,qidekang,2025-03-12 17:46:47,1,0
991,4302,10a6550400a01001,1095550400000004,合作收益,10a5550400a00009,10a5550400a00009,营收，名声,1,0,xiexinyu,2025-02-27 16:09:45,system_user,2025-03-12 17:46:47,0,0
992,4303,10a6550500204007,1095550500000007,持续时长,10a5550500200001,10a5550500200001,,1,0,xiexinyu,2025-02-27 16:09:45,system_user,2025-03-04 20:06:06,0,0
993,4304,10a655050040100c,1095550500000007,竞争类型,10a5550500400007,10a5550500400007,商业竞争，学术竞争,1,0,xiexinyu,2025-02-27 16:09:46,system_user,2025-03-12 17:46:47,0,0
994,4305,10a6550500501002,1095550500000007,竞争目的,10a555050050000a,10a555050050000a,项目，客户，产品,1,0,xiexinyu,2025-02-27 16:09:46,guochengjie,2025-03-12 17:46:47,0,0
995,4306,10a6550500601005,1095550500000007,竞争领域,10a5550500600000,10a5550500600000,电子商务，数字政府,1,0,xiexinyu,2025-02-27 16:09:46,system_user,2025-03-12 17:46:47,0,0
996,4307,10a6550500701008,1095550500000007,竞争方式,10a5550500700003,10a5550500700003,价值型，价格型,1,0,xiexinyu,2025-02-27 16:09:47,system_user,2025-03-12 17:46:47,0,0
997,4308,10a655050080100b,1095550500000007,当前状态,10a5550500800006,10a5550500800006,垄断，僵持，良性,1,0,xiexinyu,2025-02-27 16:09:47,guochengjie,2025-03-12 17:46:47,1,0
998,4309,10a6230100401002,109523010000000a,相对位置,10a523010040000a,10a523010040000a,,1,0,xiexinyu,2025-02-27 16:09:47,system_user,2025-03-04 20:06:06,0,0
999,4310,10a6110100101001,1095110100000005,编号,10a5110100100009,10a5110100100009,,1,0,xiexinyu,2025-02-27 16:09:48,system_user,2025-03-04 20:06:06,0,0
1000,4311,10a6110200101004,1095110200000008,编号,10a511020010000c,10a511020010000c,,1,0,xiexinyu,2025-02-27 16:09:48,system_user,2025-03-04 20:06:06,0,0
1001,4312,10a6110300101007,109511030000000b,编号,10a5110300100002,10a5110300100002,,1,0,xiexinyu,2025-02-27 16:09:48,system_user,2025-03-04 20:06:06,0,0
1002,4313,10a611040010100a,1095110400000001,编号,10a5110400100005,10a5110400100005,,1,0,xiexinyu,2025-02-27 16:09:49,system_user,2025-03-04 20:06:06,0,0
1003,4314,10a6110500101000,1095110500000004,编号,10a5110500100008,10a5110500100008,,1,0,xiexinyu,2025-02-27 16:09:49,system_user,2025-03-04 20:06:06,0,0
1004,4315,10a6120100101002,1095120100000006,编号,10a512010010000a,10a512010010000a,,1,0,xiexinyu,2025-02-27 16:09:49,system_user,2025-03-04 20:06:06,0,0
1005,4316,10a6120200101005,1095120200000009,编号,10a5120200100000,10a5120200100000,,1,0,xiexinyu,2025-02-27 16:09:50,system_user,2025-03-04 20:06:06,0,0
1006,4317,10a6120300101008,109512030000000c,编号,10a5120300100003,10a5120300100003,,1,0,xiexinyu,2025-02-27 16:09:50,system_user,2025-03-04 20:06:06,0,0
1007,4318,10a612040010100b,1095120400000002,编号,10a5120400100006,10a5120400100006,,1,0,xiexinyu,2025-02-27 16:09:50,system_user,2025-03-04 20:06:06,0,0
1008,4319,10a6120500101001,1095120500000005,编号,10a5120500100009,10a5120500100009,,1,0,xiexinyu,2025-02-27 16:09:51,system_user,2025-03-04 20:06:06,0,0
1009,4320,10a6120600101004,1095120600000008,编号,10a512060010000c,10a512060010000c,,1,0,xiexinyu,2025-02-27 16:09:51,system_user,2025-04-08 15:59:21,1,0
1010,4321,10a6120700101007,109512070000000b,编号,10a5120700100002,10a5120700100002,,1,0,xiexinyu,2025-02-27 16:09:51,system_user,2025-03-04 20:06:06,0,0
1011,4322,10a612080010100a,1095120800000001,编号,10a5120800100005,10a5120800100005,,1,0,xiexinyu,2025-02-27 16:09:51,system_user,2025-03-04 20:06:06,0,0
1012,4323,10a6130100101003,1095130100000007,编号,10a513010010000b,10a513010010000b,,1,0,xiexinyu,2025-02-27 16:09:52,system_user,2025-03-04 20:06:06,0,0
1013,4324,10a6130200101006,109513020000000a,编号,10a5130200100001,10a5130200100001,,1,0,xiexinyu,2025-02-27 16:09:52,system_user,2025-03-04 20:06:06,0,0
1014,4325,10a6130300101009,1095130300000000,编号,10a5130300100004,10a5130300100004,,1,0,xiexinyu,2025-02-27 16:09:52,system_user,2025-03-04 20:06:06,0,0
1015,4326,10a613040010100c,1095130400000003,编号,10a5130400100007,10a5130400100007,,1,0,xiexinyu,2025-02-27 16:09:53,system_user,2025-03-04 20:06:06,0,0
1016,4327,10a6140100101004,1095140100000008,编号,10a514010010000c,10a514010010000c,,1,0,xiexinyu,2025-02-27 16:09:53,system_user,2025-03-04 20:06:06,0,0
1017,4328,10a6140200101007,109514020000000b,编号,10a5140200100002,10a5140200100002,,1,0,xiexinyu,2025-02-27 16:09:53,system_user,2025-03-04 20:06:06,0,0
1018,4329,10a614030010100a,1095140300000001,编号,10a5140300100005,10a5140300100005,,1,0,xiexinyu,2025-02-27 16:09:54,system_user,2025-03-04 20:06:06,0,0
1019,4330,10a6140400101000,1095140400000004,编号,10a5140400100008,10a5140400100008,,1,0,xiexinyu,2025-02-27 16:09:54,system_user,2025-03-04 20:06:06,0,0
1020,4331,10a6140500101003,1095140500000007,编号,10a514050010000b,10a514050010000b,,1,0,xiexinyu,2025-02-27 16:09:54,system_user,2025-04-08 15:59:21,1,0
1021,4332,10a6140600101006,109514060000000a,编号,10a5140600100001,10a5140600100001,,1,0,xiexinyu,2025-02-27 16:09:55,system_user,2025-03-04 20:06:06,0,0
1022,4333,10a6140700101009,1095140700000000,编号,10a5140700100004,10a5140700100004,,1,0,xiexinyu,2025-02-27 16:09:55,system_user,2025-03-04 20:06:06,0,0
1023,4334,10a614080010100c,1095140800000003,编号,10a5140800100007,10a5140800100007,,1,0,xiexinyu,2025-02-27 16:09:55,system_user,2025-03-04 20:06:06,0,0
1024,4335,10a6150100101005,1095150100000009,编号,10a5150100100000,10a5150100100000,,1,0,xiexinyu,2025-02-27 16:09:56,system_user,2025-03-04 20:06:06,0,0
1025,4336,10a6150200101008,109515020000000c,编号,10a5150200100003,10a5150200100003,,1,0,xiexinyu,2025-02-27 16:09:56,system_user,2025-03-04 20:06:06,0,0
1026,4337,10a6150300103003,1095150300000002,编号,10a5150300100006,10a5150300100006,,1,0,xiexinyu,2025-02-27 16:09:56,system_user,2025-03-04 20:06:06,0,0
1027,4338,10a6150400101001,1095150400000005,编号,10a5150400100009,10a5150400100009,,1,0,xiexinyu,2025-02-27 16:09:57,system_user,2025-03-04 20:06:06,0,0
1028,4339,10a6150500101004,1095150500000008,编号,10a515050010000c,10a515050010000c,,1,0,xiexinyu,2025-02-27 16:09:57,system_user,2025-03-04 20:06:06,0,0
1029,4340,10a6220100101005,1095220100000009,编号,10a5220100100000,10a5220100100000,,1,0,xiexinyu,2025-02-27 16:09:57,system_user,2025-03-04 20:06:06,0,0
1030,4341,10a6220200101008,109522020000000c,编号,10a5220200100003,10a5220200100003,,1,0,xiexinyu,2025-02-27 16:09:58,system_user,2025-03-04 20:06:06,0,0
1031,4342,10a622030010100b,1095220300000002,编号,10a5220300100006,10a5220300100006,,1,0,xiexinyu,2025-02-27 16:09:58,system_user,2025-03-04 20:06:06,0,0
1032,4343,10a6230100101006,109523010000000a,编号,10a5230100100001,10a5230100100001,,1,0,xiexinyu,2025-02-27 16:09:58,system_user,2025-03-04 20:06:06,0,0
1033,4344,10a623030010100c,1095230300000003,编号,10a5230300100007,10a5230300100007,,1,0,xiexinyu,2025-02-27 16:09:59,system_user,2025-03-04 20:06:06,0,0
1034,4345,10a6240100101007,109524010000000b,编号,10a5240100100002,10a5240100100002,,1,0,xiexinyu,2025-02-27 16:09:59,system_user,2025-03-04 20:06:06,0,0
1035,4346,10a624020010100a,1095240200000001,编号,10a5240200100005,10a5240200100005,,1,0,xiexinyu,2025-02-27 16:09:59,system_user,2025-03-04 20:06:06,0,0
1036,4347,10a6330100101009,1095330100000000,编号,10a5330100100004,10a5330100100004,,1,0,xiexinyu,2025-02-27 16:10:00,system_user,2025-03-04 20:06:06,0,0
1037,4348,10a633020010100c,1095330200000003,编号,10a5330200100007,10a5330200100007,,1,0,xiexinyu,2025-02-27 16:10:00,system_user,2025-03-04 20:06:06,0,0
1038,4349,10a6330300101002,1095330300000006,编号,10a533030010000a,10a533030010000a,,1,0,xiexinyu,2025-02-27 16:10:00,system_user,2025-03-04 20:06:06,0,0
1039,4350,10a634010010100a,1095340100000001,编号,10a5340100100005,10a5340100100005,,1,0,xiexinyu,2025-02-27 16:10:01,system_user,2025-03-04 20:06:06,0,0
1040,4351,10a6340200101000,1095340200000004,编号,10a5340200100008,10a5340200100008,,1,0,xiexinyu,2025-02-27 16:10:01,system_user,2025-03-04 20:06:06,0,0
1041,4352,10a6340300101003,1095340300000007,编号,10a534030010000b,10a534030010000b,,1,0,xiexinyu,2025-02-27 16:10:01,system_user,2025-03-04 20:06:06,0,0
1042,4353,10a6440100101000,1095440100000004,编号,10a5440100100008,10a5440100100008,,1,0,xiexinyu,2025-02-27 16:10:02,system_user,2025-03-04 20:06:06,0,0
1043,4354,10a6440200101003,1095440200000007,编号,10a544020010000b,10a544020010000b,,1,0,xiexinyu,2025-02-27 16:10:02,system_user,2025-03-04 20:06:06,0,0
1044,4355,10a6440300101006,109544030000000a,编号,10a5440300100001,10a5440300100001,,1,0,xiexinyu,2025-02-27 16:10:02,system_user,2025-03-04 20:06:06,0,0
1045,4356,10a6440400101009,1095440400000000,编号,10a5440400100004,10a5440400100004,,1,0,xiexinyu,2025-02-27 16:10:03,system_user,2025-03-04 20:06:06,0,0
1046,4357,10a6520100101001,1095520100000005,编号,10a5520100100009,10a5520100100009,,1,0,xiexinyu,2025-02-27 16:10:03,system_user,2025-03-04 20:06:06,0,0
1047,4358,10a6520200101004,1095520200000008,编号,10a552020010000c,10a552020010000c,,1,0,xiexinyu,2025-02-27 16:10:03,system_user,2025-03-04 20:06:06,0,0
1048,4359,10a6520300101007,109552030000000b,编号,10a5520300100002,10a5520300100002,,1,0,xiexinyu,2025-02-27 16:10:04,system_user,2025-03-04 20:06:06,0,0
1049,4360,10a652040010100a,1095520400000001,编号,10a5520400100005,10a5520400100005,,1,0,xiexinyu,2025-02-27 16:10:04,system_user,2025-04-08 15:59:21,1,0
1050,4361,10a6520500101000,1095520500000004,编号,10a5520500100008,10a5520500100008,,1,0,xiexinyu,2025-02-27 16:10:04,system_user,2025-03-04 20:06:06,0,0
1051,4362,10a6520600101003,1095520600000007,编号,10a552060010000b,10a552060010000b,,1,0,xiexinyu,2025-02-27 16:10:04,system_user,2025-03-04 20:06:06,0,0
1052,4363,10a6530100101002,1095530100000006,编号,10a553010010000a,10a553010010000a,,1,0,xiexinyu,2025-02-27 16:10:05,system_user,2025-03-04 20:06:06,0,0
1053,4364,10a6530200101005,1095530200000009,编号,10a5530200100000,10a5530200100000,,1,0,xiexinyu,2025-02-27 16:10:05,system_user,2025-03-04 20:06:06,0,0
1054,4365,10a6530300101008,109553030000000c,编号,10a5530300100003,10a5530300100003,,1,0,xiexinyu,2025-02-27 16:10:05,system_user,2025-03-04 20:06:06,0,0
1055,4366,10a653040010100b,1095530400000002,编号,10a5530400100006,10a5530400100006,,1,0,xiexinyu,2025-02-27 16:10:06,system_user,2025-03-04 20:06:06,0,0
1056,4367,10a6540100101003,1095540100000007,编号,10a554010010000b,10a554010010000b,,1,0,xiexinyu,2025-02-27 16:10:06,system_user,2025-03-04 20:06:06,0,0
1057,4368,10a6540200101006,109554020000000a,编号,10a5540200100001,10a5540200100001,,1,0,xiexinyu,2025-02-27 16:10:06,system_user,2025-03-04 20:06:06,0,0
1058,4369,10a6540300101009,1095540300000000,编号,10a5540300100004,10a5540300100004,,1,0,xiexinyu,2025-02-27 16:10:07,system_user,2025-04-08 15:59:21,1,0
1059,4370,10a654040010100c,1095540400000003,编号,10a5540400100007,10a5540400100007,,1,0,xiexinyu,2025-02-27 16:10:07,system_user,2025-03-04 20:06:06,0,0
1060,4371,10a6540500101002,1095540500000006,编号,10a554050010000a,10a554050010000a,,1,0,xiexinyu,2025-02-27 16:10:07,system_user,2025-03-04 20:06:06,0,0
1061,4372,10a6540600101005,1095540600000009,编号,10a5540600100000,10a5540600100000,,1,0,xiexinyu,2025-02-27 16:10:08,system_user,2025-03-04 20:06:06,0,0
1062,4373,10a6540700101008,109554070000000c,编号,10a5540700100003,10a5540700100003,,1,0,xiexinyu,2025-02-27 16:10:08,system_user,2025-03-04 20:06:06,0,0
1063,4374,10a6550100101004,1095550100000008,编号,10a555010010000c,10a555010010000c,,1,0,xiexinyu,2025-02-27 16:10:08,system_user,2025-03-04 20:06:06,0,0
1064,4375,10a6550200101007,109555020000000b,编号,10a5550200100002,10a5550200100002,,1,0,xiexinyu,2025-02-27 16:10:09,system_user,2025-04-08 15:59:21,1,0
1065,4376,10a655030010100a,1095550300000001,编号,10a5550300100005,10a5550300100005,,1,0,xiexinyu,2025-02-27 16:10:09,system_user,2025-03-04 20:06:06,0,0
1066,4377,10a6550400101000,1095550400000004,编号,10a5550400100008,10a5550400100008,,1,0,xiexinyu,2025-02-27 16:10:09,system_user,2025-03-04 20:06:06,0,0
1067,4378,10a6550500101003,1095550500000007,编号,10a555050010000b,10a555050010000b,,1,0,xiexinyu,2025-02-27 16:10:10,system_user,2025-03-04 20:06:06,0,0
1068,4379,1066050000c01002,1051050000000002,注册金额,1065050000c0000a,1065050000c0000a,,1,0,xiexinyu,2025-02-27 16:10:10,system_user,2025-03-04 20:06:06,0,0
1069,4380,10a6220400201004,1095220400000005,拆迁时间,10a522040020000c,10a522040020000c,,1,0,xiexinyu,2025-02-27 16:10:10,guochengjie,2025-03-04 20:06:06,1,0
1070,4381,10a6220400301007,1095220400000005,承载类型,10a5220400300002,10a5220400300002,支撑型，收纳型,1,0,xiexinyu,2025-02-27 16:10:11,guochengjie,2025-03-12 17:47:25,1,0
1071,4382,10a6220400501000,1095220400000005,容量,10a5220400500008,10a5220400500008,,1,0,xiexinyu,2025-02-27 16:10:11,guochengjie,2025-03-04 20:06:06,1,0
1072,4383,10a6220400601003,1095220400000005,相对位置,10a522040060000b,10a522040060000b,前，中，后,1,0,xiexinyu,2025-02-27 16:10:11,guochengjie,2025-03-12 17:30:59,1,0
1073,4384,10a6220400701006,1095220400000005,目的,10a5220400700001,10a5220400700001,,1,0,xiexinyu,2025-02-27 16:10:12,qidekang,2025-03-04 20:06:06,1,0
1074,4385,10a6220400801009,1095220400000005,评估结果,10a5220400800004,10a5220400800004,合规，不合规,1,0,xiexinyu,2025-02-27 16:10:12,qidekang,2025-03-12 17:47:25,1,0
1075,4386,10a6440500104000,1095440500000003,耗费时长,10a5440500100007,10a5440500100007,,1,0,xiexinyu,2025-02-27 16:10:12,system_user,2025-03-04 20:06:06,0,0
1076,4387,10a6440500301005,1095440500000003,感知类型,10a5440500300000,10a5440500300000,主动，被动,1,0,xiexinyu,2025-02-27 16:10:13,system_user,2025-03-12 17:31:09,0,0
1077,4388,10a6440500401008,1095440500000003,感知方式,10a5440500400003,10a5440500400003,远程，接触,1,0,xiexinyu,2025-02-27 16:10:13,system_user,2025-03-12 17:31:05,0,0
1078,4389,10a644050050100b,1095440500000003,感知目的,10a5440500500006,10a5440500500006,数据获取，设备操作,1,0,xiexinyu,2025-02-27 16:10:13,system_user,2025-03-12 17:47:25,0,0
1079,4390,10a6440500601001,1095440500000003,结果,10a5440500600009,10a5440500600009,,1,0,xiexinyu,2025-02-27 16:10:14,system_user,2025-03-04 20:06:06,0,0
1080,4391,10a6440500701004,1095440500000003,成本,10a544050070000c,10a544050070000c,,1,0,xiexinyu,2025-02-27 16:10:14,system_user,2025-03-04 20:06:06,0,0
1081,4392,10a6130500101002,1095130500000006,编号,10a513050010000a,10a513050010000a,,1,0,xiexinyu,2025-02-27 16:10:14,system_user,2025-03-04 20:06:06,0,0
1082,4393,1066040001101003,1051040000000001,描述,106504000110000b,106504000110000b,,1,0,xiexinyu,2025-02-27 16:10:15,system_user,2025-03-04 20:06:06,0,0
1083,4394,1066040001201006,1051040000000001,颜色,1065040001200001,1065040001200001,,1,0,xiexinyu,2025-02-27 16:10:15,system_user,2025-03-04 20:06:06,0,0
1084,4395,10a6130500201005,1095130500000006,影响类型,10a5130500200000,10a5130500200000,人身影响，经济影响，名誉影响,1,0,xiexinyu,2025-02-27 16:10:16,system_user,2025-03-04 20:06:06,0,0
1085,4396,10a6130500304009,1095130500000006,持续时长,10a5130500300003,10a5130500300003,,1,0,xiexinyu,2025-02-27 16:10:16,system_user,2025-03-04 20:06:06,0,0
1086,4397,10a6130500501001,1095130500000006,结果,10a5130500500009,10a5130500500009,身体残疾，平安康复，精神崩溃，心情舒畅，名誉损失，恢复名誉，财产损失，财产增殖,1,0,xiexinyu,2025-02-27 16:10:16,system_user,2025-03-12 17:46:47,0,0
1087,4398,10a6130500601004,1095130500000006,影响程度,10a513050060000c,10a513050060000c,高，中，低,1,0,xiexinyu,2025-02-27 16:10:17,system_user,2025-03-12 17:46:47,0,0
1088,4399,10a612010080100a,1095120100000006,驻留状态,10a5120100800005,10a5120100800005,,1,0,xiexinyu,2025-02-27 16:10:17,guochengjie,2025-03-04 20:06:06,1,0
1089,4400,1066010001604003,105101000000000b,类型,106501000160000a,106501000160000a,居民类型，特殊人群类型等,1,0,xiexinyu,2025-02-27 16:10:17,system_user,2025-03-04 20:06:06,0,0
1090,4401,1066020000e01005,105102000000000c,状态,1065020000e00000,1065020000e00000,,1,0,xiexinyu,2025-02-27 16:10:18,guochengjie,2025-03-04 20:06:06,0,0
1091,4402,10a6130100904002,1095130100000007,耗费时长,10a5130100900009,10a5130100900009,,1,0,xiexinyu,2025-02-27 16:10:18,system_user,2025-03-04 20:06:06,0,0
1092,4403,10a6130200804002,109513020000000a,持续时长,10a5130200800009,10a5130200800009,,1,0,xiexinyu,2025-02-27 16:10:18,system_user,2025-03-04 20:06:06,0,0
1093,4404,10a6130200901004,109513020000000a,结束时间,10a513020090000c,10a513020090000c,,1,0,xiexinyu,2025-02-27 16:10:19,system_user,2025-03-04 20:06:06,0,0
1094,4405,10a6130300804005,1095130300000000,耗费时长,10a513030080000c,10a513030080000c,,1,0,xiexinyu,2025-02-27 16:10:19,system_user,2025-03-04 20:06:06,0,0
1095,4406,10a613040090400b,1095130400000003,持续时长,10a5130400900005,10a5130400900005,,1,0,xiexinyu,2025-02-27 16:10:19,system_user,2025-03-04 20:06:06,0,0
1096,4407,10a624020050400a,1095240200000001,停留时长,10a5240200500004,10a5240200500004,,1,0,xiexinyu,2025-02-27 16:10:19,system_user,2025-03-04 20:06:06,0,0
1097,4408,10a624020060100c,1095240200000001,离开时间,10a5240200600007,10a5240200600007,,1,0,xiexinyu,2025-02-27 16:10:20,system_user,2025-03-04 20:06:06,0,0
1098,4409,10a633010060400c,1095330100000000,持续时长,10a5330100600006,10a5330100600006,,1,0,xiexinyu,2025-02-27 16:10:20,system_user,2025-03-04 20:06:06,0,0
1099,4410,10a6330200404009,1095330200000003,持续时长,10a5330200400003,10a5330200400003,,1,0,xiexinyu,2025-02-27 16:10:20,system_user,2025-03-04 20:06:06,0,0
1100,4411,10a6330300504002,1095330300000006,持续时长,10a5330300500009,10a5330300500009,,1,0,xiexinyu,2025-02-27 16:10:21,system_user,2025-03-04 20:06:06,0,0
1101,4412,1066020000f01008,105102000000000c,描述,1065020000f00003,1065020000f00003,,1,0,xiexinyu,2025-02-27 16:10:21,system_user,2025-03-04 20:06:06,0,0
1102,4413,10a6230100501005,109523010000000a,原因,10a5230100500000,10a5230100500000,,1,0,xiexinyu,2025-02-27 16:10:21,system_user,2025-03-04 20:06:06,0,0
1103,4414,1066010001805005,105101000000000b,病症,1065010001800003,1065010001800003,高血压，糖尿病，冠心病等,1,0,xiexinyu,2025-02-27 16:10:22,guochengjie,2025-03-04 20:06:06,0,0
1104,4415,10a6550100601006,1095550100000008,管理类型,10a5550100600001,10a5550100600001,直接上级，间接上级，控股关系,1,0,xiexinyu,2025-02-27 16:10:22,system_user,2025-03-12 17:46:47,0,0
1105,4416,10a6550100701009,1095550100000008,权限范畴,10a5550100700004,10a5550100700004,操作规范，状态监管，质量把关,1,0,xiexinyu,2025-02-27 16:10:23,system_user,2025-03-12 17:46:47,0,0
1106,4417,10a655010080100c,1095550100000008,管理方式,10a5550100800007,10a5550100800007,远程督办，定期检查，现场督办，主动报送,1,0,xiexinyu,2025-02-27 16:10:23,system_user,2025-03-12 17:46:47,0,0
1107,4418,10a6150300e0100b,1095150300000002,工龄,10a5150300e00006,10a5150300e00006,,1,5,xiexinyu,2025-02-27 16:10:23,system_user,2025-03-06 14:42:38,0,0
1108,4419,10a6530500101001,1095530500000005,成本,10a5530500100009,10a5530500100009,,1,0,xiexinyu,2025-02-27 16:10:24,system_user,2025-03-04 20:06:06,0,0
1109,4420,10a6530500204005,1095530500000005,耗费时长,10a553050020000c,10a553050020000c,,1,0,xiexinyu,2025-02-27 16:10:24,system_user,2025-03-04 20:06:06,0,0
1110,4421,10a653050040100a,1095530500000005,编号,10a5530500400005,10a5530500400005,,1,0,xiexinyu,2025-02-27 16:10:24,system_user,2025-03-04 20:06:06,0,0
1111,4422,10a6530500501000,1095530500000005,原因,10a5530500500008,10a5530500500008,,1,0,xiexinyu,2025-02-27 16:10:25,system_user,2025-03-04 20:06:06,0,0
1112,4423,10a6530500601003,1095530500000005,制造类型,10a553050060000b,10a553050060000b,,1,0,xiexinyu,2025-02-27 16:10:25,system_user,2025-03-04 20:06:06,0,0
1113,4424,10a6530500701006,1095530500000005,影响程度,10a5530500700001,10a5530500700001,高，中，低,1,0,xiexinyu,2025-02-27 16:10:25,system_user,2025-03-12 17:46:47,0,0
1114,4425,10a6530500801009,1095530500000005,角色,10a5530500800004,10a5530500800004,发起组织，策划组织,1,0,xiexinyu,2025-02-27 16:10:25,system_user,2025-03-12 17:46:47,0,0
1115,4426,10a653050090100c,1095530500000005,使用工具,10a5530500900007,10a5530500900007,,1,0,xiexinyu,2025-02-27 16:10:26,system_user,2025-03-04 20:06:06,0,0
1116,4427,10a6530500a01002,1095530500000005,当前进程,10a5530500a0000a,10a5530500a0000a,策划，筹备，发起,1,0,xiexinyu,2025-02-27 16:10:26,system_user,2025-03-12 17:46:47,0,0
1117,4428,1066030000b0100a,1051030000000000,紧急程度,1065030000b00005,1065030000b00005,,1,0,xiexinyu,2025-02-27 16:10:26,system_user,2025-03-04 20:06:06,0,0
1118,4429,1066030000c01000,1051030000000000,重要程度,1065030000c00008,1065030000c00008,,1,0,xiexinyu,2025-02-27 16:10:27,system_user,2025-03-04 20:06:06,0,0
1119,4430,10a6130100b01007,1095130100000007,前置条件,10a5130100b00002,10a5130100b00002,,1,0,xiexinyu,2025-02-27 16:10:27,system_user,2025-03-04 20:06:06,0,0
1120,4431,10a6130300a0100a,1095130300000000,条件,10a5130300a00005,10a5130300a00005,,1,0,xiexinyu,2025-02-27 16:10:27,system_user,2025-03-04 20:06:06,0,0
1121,4432,10a6130400b01003,1095130400000003,条件,10a5130400b0000b,10a5130400b0000b,,1,0,xiexinyu,2025-02-27 16:10:28,qidekang,2025-03-04 20:06:06,1,0
1122,4433,10a6530100901000,1095530100000006,准入门槛,10a5530100900008,10a5530100900008,,1,0,xiexinyu,2025-02-27 16:10:28,system_user,2025-03-04 20:06:06,0,0
1123,4434,10a6530300a01009,109553030000000c,前置条件,10a5530300a00004,10a5530300a00004,,1,0,xiexinyu,2025-02-27 16:10:28,system_user,2025-03-04 20:06:06,0,0
1124,4435,10a6530400b01002,1095530400000002,前置条件,10a5530400b0000a,10a5530400b0000a,,1,0,xiexinyu,2025-02-27 16:10:29,system_user,2025-03-04 20:06:06,0,0
1125,4436,10a6530500b01005,1095530500000005,前置条件,10a5530500b00000,10a5530500b00000,,1,0,xiexinyu,2025-02-27 16:10:29,system_user,2025-03-04 20:06:06,0,0
1126,4437,10a6110200701009,1095110200000008,冲突频次,10a5110200700004,10a5110200700004,一天一次，每周一次,1,0,xiexinyu,2025-02-27 16:10:29,system_user,2025-03-12 17:46:47,0,0
1127,4438,10a6110300801002,109511030000000b,管理频次,10a511030080000a,10a511030080000a,一天一次，每周一次,1,0,xiexinyu,2025-02-27 16:10:30,system_user,2025-03-12 17:46:47,0,0
1128,4439,10a6110400901008,1095110400000001,合作频次,10a5110400900003,10a5110400900003,一天一次，每周一次,1,0,xiexinyu,2025-02-27 16:10:30,system_user,2025-03-12 17:46:47,0,0
1129,4507,106601000160500c,105101000000000b,居民类型,106501000160000a,106501000160000a,楼门院长，居民代表，党组成员等,1,5,qidekang,2025-02-27 16:14:33,system_user,2025-03-06 14:42:38,0,0
1130,4508,1066010001606008,105101000000000b,特殊人群类型,106501000160000a,106501000160000a,非特殊人群，高龄老人，独居，空巢，肢体残疾，精神病人，孕妇，婴幼儿，失能老人，重病，透析，重点人，孤残，烈士子女等,1,5,qidekang,2025-02-27 16:14:50,qidekang,2025-03-06 14:42:38,0,0
1131,4510,106602000010300a,105102000000000c,识别码,1065020000100000,1065020000100000,,1,0,xiexinyu,2025-02-27 16:19:47,system_user,2025-03-04 20:06:06,0,0
1132,4511,1066030000101006,1051030000000000,识别码,1065030000100001,1065030000100001,,1,0,xiexinyu,2025-02-27 16:19:47,system_user,2025-03-04 20:06:06,0,0
1133,4512,106a010000307009,105101000000000b,人员数量,1069010000300002,1069010000300002,,1,0,xiexinyu,2025-02-27 16:19:47,qidekang,2025-03-04 20:06:06,0,0
1134,4513,106a020000303000,105102000000000c,数量,1069020000300003,1069020000300003,,1,0,xiexinyu,2025-02-27 16:19:48,system_user,2025-03-04 20:06:06,0,0
1135,4514,106a030000305006,1051030000000000,数量,1069030000300004,1069030000300004,,1,5,xiexinyu,2025-02-27 16:19:48,qidekang,2025-03-06 14:42:38,1,0
1136,4515,106a040000303002,1051040000000001,物品数量,1069040000300005,1069040000300005,,1,0,xiexinyu,2025-02-27 16:19:48,qidekang,2025-03-04 20:06:06,0,0
1137,4516,106a050000303003,1051050000000002,组织数量,1069050000300006,1069050000300006,,1,0,xiexinyu,2025-02-27 16:19:49,qidekang,2025-03-04 20:06:06,0,0
1138,4517,1066040001303001,1051040000000001,价格,1065040001300004,1065040001300004,,1,0,xiexinyu,2025-02-27 16:19:49,system_user,2025-03-04 20:06:06,0,0
1139,4518,1066010001a03006,105101000000000b,收入情况,1065010001a00009,1065010001a00009,,1,0,xiexinyu,2025-02-27 16:19:50,guochengjie,2025-03-04 20:06:06,0,0
1140,4519,1066010001b01004,105101000000000b,资产情况,1065010001b0000c,1065010001b0000c,,1,0,xiexinyu,2025-02-27 16:19:50,guochengjie,2025-03-04 20:06:06,0,0
1141,4520,1066030000e01006,1051030000000000,影响,1065030000e00001,1065030000e00001,,1,0,xiexinyu,2025-02-27 16:19:50,system_user,2025-03-04 20:06:06,0,0
1142,4521,1066030000f01009,1051030000000000,意义,1065030000f00004,1065030000f00004,,1,0,xiexinyu,2025-02-27 16:19:51,qidekang,2025-03-04 20:06:06,1,0
1143,4522,106603000100100c,1051030000000000,期限,1065030001000007,1065030001000007,,1,0,xiexinyu,2025-02-27 16:19:51,qidekang,2025-03-04 20:06:06,1,0
1144,4523,1066050001503008,1051050000000002,经营范围,106505000150000b,106505000150000b,,1,0,xiexinyu,2025-02-27 16:19:51,system_user,2025-03-04 20:06:06,0,0
1145,4524,1066010001f04004,105101000000000b,状态,1065010001f0000b,1065010001f0000b,健康状态，就业状态，生存状态,1,0,xiexinyu,2025-02-27 16:19:52,system_user,2025-03-04 20:06:06,0,0
1146,4525,10a6120800c01004,1095120800000001,使用措施,10a5120800c0000c,10a5120800c0000c,,1,0,xiexinyu,2025-02-27 16:19:52,system_user,2025-03-04 20:06:06,0,0
1147,4526,1066030001101002,1051030000000000,责任人,106503000110000a,106503000110000a,,1,0,xiexinyu,2025-02-27 16:19:52,guochengjie,2025-03-04 20:06:06,0,0
1148,4527,1066030001201005,1051030000000000,发生地点,1065030001200000,1065030001200000,,1,0,xiexinyu,2025-02-27 16:19:53,guochengjie,2025-03-04 20:06:06,0,0
1149,4528,1066030001301008,1051030000000000,所用工具,1065030001300003,1065030001300003,,1,0,xiexinyu,2025-02-27 16:19:53,guochengjie,2025-03-04 20:06:06,0,0
1150,4529,106603000140100b,1051030000000000,责任单位,1065030001400006,1065030001400006,,1,0,xiexinyu,2025-02-27 16:19:53,guochengjie,2025-03-04 20:06:06,0,0
1151,4530,10a6120200a01006,1095120200000009,交通方式,10a5120200a00001,10a5120200a00001,步行，乘车，自驾,1,0,xiexinyu,2025-02-27 16:19:53,system_user,2025-03-12 17:31:27,0,0
1152,4531,1066030001501001,1051030000000000,目标,1065030001500009,1065030001500009,,1,0,xiexinyu,2025-02-27 16:19:54,qidekang,2025-03-04 20:06:06,1,0
1153,4532,1066010002103001,105101000000000b,工龄,1065010002100004,1065010002100004,,1,0,xiexinyu,2025-02-27 16:19:54,guochengjie,2025-03-04 20:06:06,0,0
1154,4533,106604000140100c,1051040000000001,使用方式,1065040001400007,1065040001400007,口服给药，肌内注射，皮下注射，静脉注射，静脉滴注，吸入给药，直肠给药,1,0,xiexinyu,2025-02-27 16:19:55,qidekang,2025-03-12 17:31:46,0,0
1155,4534,1066040001501002,1051040000000001,使用量,106504000150000a,106504000150000a,,1,0,xiexinyu,2025-02-27 16:19:55,qidekang,2025-03-04 20:06:06,1,0
1156,4535,1066030001603009,1051030000000000,频次,106503000160000c,106503000160000c,,1,5,xiexinyu,2025-02-27 16:19:55,qidekang,2025-03-06 14:42:38,1,0
1157,4536,10a6110500c01007,1095110500000004,指导类型,10a5110500c00002,10a5110500c00002,,1,0,xiexinyu,2025-02-27 16:19:56,system_user,2025-03-04 20:06:06,0,0
1158,4537,10a6150301002000,1095150300000002,离职方式,10a515030100000c,10a515030100000c,主动离职，辞退，退休，调岗,1,5,xiexinyu,2025-02-27 16:19:56,guochengjie,2025-03-06 14:42:38,0,0
1159,4538,10a6150400a01002,1095150400000005,实物金额,10a5150400a0000a,10a5150400a0000a,,1,0,xiexinyu,2025-02-27 16:19:56,system_user,2025-03-04 20:06:06,0,0
1160,4539,1066040001701008,1051040000000001,合规标准,1065040001700003,1065040001700003,简化属性，物物关联,1,0,xiexinyu,2025-02-27 16:19:57,qidekang,2025-03-04 20:06:06,1,0
1161,4540,10a6130100d01000,1095130100000007,最终结果,10a5130100d00008,10a5130100d00008,,1,0,xiexinyu,2025-02-27 16:19:57,system_user,2025-03-04 20:06:06,0,0
1162,4541,10a6110100e01001,1095110100000005,客户需求,10a5110100e00009,10a5110100e00009,,1,0,xiexinyu,2025-02-27 16:19:58,system_user,2025-03-04 20:06:06,0,0
1163,4542,10a6120100a01003,1095120100000006,入驻时间,10a5120100a0000b,10a5120100a0000b,,1,0,xiexinyu,2025-02-27 16:19:58,system_user,2025-03-04 20:06:06,0,0
1164,4543,10a6120200b01009,1095120200000009,到访时间,10a5120200b00004,10a5120200b00004,,1,0,xiexinyu,2025-02-27 16:19:58,system_user,2025-03-04 20:06:06,0,0
1165,4544,10a6120400d01008,1095120400000002,开工时间,10a5120400d00003,10a5120400d00003,,1,0,xiexinyu,2025-02-27 16:19:59,system_user,2025-03-04 20:06:06,0,0
1166,4545,10a6150100b01009,1095150100000009,创立时间,10a5150100b00004,10a5150100b00004,,1,0,xiexinyu,2025-02-27 16:19:59,system_user,2025-03-04 20:06:06,0,0
1167,4546,10a6150301102003,1095150300000002,入职时间,10a5150301100002,10a5150301100002,试用期开始时间，转正时间，合同签订时间,1,5,xiexinyu,2025-02-27 16:19:59,guochengjie,2025-03-06 14:42:38,0,0
1168,4547,10a6150500c0100b,1095150500000008,任职时间,10a5150500c00006,10a5150500c00006,,1,5,xiexinyu,2025-02-27 16:20:00,system_user,2025-03-06 14:42:38,0,0
1169,4548,10a6220400a01002,1095220400000005,建成时间,10a5220400a0000a,10a5220400a0000a,,1,0,xiexinyu,2025-02-27 16:20:00,guochengjie,2025-03-04 20:06:06,1,0
1170,4549,10a6240200801005,1095240200000001,进入时间,10a5240200800000,10a5240200800000,,1,0,xiexinyu,2025-02-27 16:20:00,system_user,2025-03-04 20:06:06,0,0
1171,4550,10a6520100801009,1095520100000005,入驻时间,10a5520100800004,10a5520100800004,,1,0,xiexinyu,2025-02-27 16:20:01,system_user,2025-03-04 20:06:06,0,0
1172,4551,10a6520200b01008,1095520200000008,开工时间,10a5520200b00003,10a5520200b00003,,1,0,xiexinyu,2025-02-27 16:20:01,system_user,2025-03-04 20:06:06,0,0
1173,4552,10a6520300b0100b,109552030000000b,入手时间,10a5520300b00006,10a5520300b00006,,1,0,xiexinyu,2025-02-27 16:20:02,system_user,2025-03-04 20:06:06,0,0
1174,4553,10a6540200a01007,109554020000000a,入手时间,10a5540200a00002,10a5540200a00002,,1,0,xiexinyu,2025-02-27 16:20:03,system_user,2025-03-04 20:06:06,0,0
1175,4554,10a6140a00101005,1095140a00000009,编号,10a5140a00100000,10a5140a00100000,,1,0,xiexinyu,2025-02-27 16:20:03,system_user,2025-03-04 20:06:06,0,0
1176,4555,10a6140a00201008,1095140a00000009,影响类型,10a5140a00200003,10a5140a00200003,损害健康，财产损失,1,0,xiexinyu,2025-02-27 16:20:03,system_user,2025-03-12 17:31:52,0,0
1177,4557,10a6140a00601007,1095140a00000009,持续时长,10a5140a00600002,10a5140a00600002,,1,0,xiexinyu,2025-02-27 16:20:04,system_user,2025-03-04 20:06:06,0,0
1178,4558,10a6140a0070100a,1095140a00000009,详情描述,10a5140a00700005,10a5140a00700005,,1,0,xiexinyu,2025-02-27 16:20:04,system_user,2025-03-04 20:06:06,0,0
1179,4559,10a6140a00801000,1095140a00000009,影响程度,10a5140a00800008,10a5140a00800008,一级伤残，二级伤残,1,0,xiexinyu,2025-02-27 16:20:05,system_user,2025-03-12 17:31:57,0,0
1180,4560,10a6220400b01005,1095220400000005,编号,10a5220400b00000,10a5220400b00000,,1,0,xiexinyu,2025-02-27 16:20:05,guochengjie,2025-03-04 20:06:06,1,0
1181,4561,10a6440500a01000,1095440500000003,编号,10a5440500a00008,10a5440500a00008,,1,0,xiexinyu,2025-02-27 16:20:05,system_user,2025-03-04 20:06:06,0,0
1182,4562,10a6550300b01001,1095550300000001,管辖类型,10a5550300b00009,10a5550300b00009,税务稽查，消防排查，环卫检查,1,5,xiexinyu,2025-02-27 16:20:06,baishumeng,2025-03-12 17:47:25,1,0
1183,4563,10a6110a00101002,1095110a00000006,编号,10a5110a0010000a,10a5110a0010000a,,1,0,xiexinyu,2025-02-27 16:20:06,system_user,2025-03-04 20:06:06,0,0
1184,4564,10a6110a00201005,1095110a00000006,亲属类型,10a5110a00200000,10a5110a00200000,直系血亲，旁系血亲，夫妻，姻亲，收养子女,1,0,xiexinyu,2025-02-27 16:20:06,system_user,2025-03-12 17:46:47,0,0
1185,4565,10a6110a00301008,1095110a00000006,称谓,10a5110a00300003,10a5110a00300003,父亲，母亲，儿子，女儿，祖父/外祖父，祖母/外祖母，哥哥/弟弟，姐姐/妹妹，孙子/外孙子，孙女/外孙女，叔伯/舅舅，姑父/姨父，堂/表兄弟，堂/表姐妹，侄子/外甥，侄女/外甥女，丈夫，妻子，前妻，前夫，丈夫，妻子，岳父/公公，岳母/婆婆，嫂子/弟媳，姐夫/妹夫，女婿，儿媳，婶婶/舅妈，婶婶/舅妈，继父，继母，继子，继女，养父/养母，养子/养女,1,0,xiexinyu,2025-02-27 16:20:07,system_user,2025-03-12 17:46:47,0,0
1186,4566,10a6110a00601004,1095110a00000006,持续时长,10a5110a0060000c,10a5110a0060000c,,1,0,xiexinyu,2025-02-27 16:20:07,system_user,2025-03-04 20:06:06,0,0
1187,4568,10a6110b00101005,1095110b00000009,编号,10a5110b00100000,10a5110b00100000,,1,0,xiexinyu,2025-02-27 16:20:08,system_user,2025-03-04 20:06:06,0,0
1188,4569,10a6110b00201008,1095110b00000009,朋友类型,10a5110b00200003,10a5110b00200003,情侣，同学，同事,1,0,xiexinyu,2025-02-27 16:20:08,system_user,2025-03-04 20:06:06,0,0
1189,4570,10a6110b0030100b,1095110b00000009,称谓,10a5110b00300006,10a5110b00300006,,1,0,xiexinyu,2025-02-27 16:20:08,system_user,2025-03-04 20:06:06,0,0
1190,4571,10a6110b00601007,1095110b00000009,持续时长,10a5110b00600002,10a5110b00600002,,1,0,xiexinyu,2025-02-27 16:20:09,system_user,2025-03-04 20:06:06,0,0
1191,4573,10a6140b00101008,1095140b0000000c,编号,10a5140b00100003,10a5140b00100003,,1,0,xiexinyu,2025-02-27 16:20:09,system_user,2025-03-04 20:06:06,0,0
1192,4574,10a6140b0020100b,1095140b0000000c,出让类型,10a5140b00200006,10a5140b00200006,抵押，出让，捐赠，许可，授权,1,0,xiexinyu,2025-02-27 16:20:10,guochengjie,2025-03-04 20:06:06,0,0
1193,4575,10a6140b00301001,1095140b0000000c,出让原因,10a5140b00300009,10a5140b00300009,变现需求，福利捐赠，废弃处理,1,0,xiexinyu,2025-02-27 16:20:10,system_user,2025-03-12 17:46:47,0,0
1194,4576,10a6140b00401004,1095140b0000000c,出让方式,10a5140b0040000c,10a5140b0040000c,拍卖，招标，挂牌,1,0,xiexinyu,2025-02-27 16:20:10,system_user,2025-03-12 17:46:47,0,0
1195,4577,10a6140b00501007,1095140b0000000c,出让结果,10a5140b00500002,10a5140b00500002,现金收入，荣誉奖励,1,0,xiexinyu,2025-02-27 16:20:11,system_user,2025-03-12 17:46:47,0,0
1196,4578,10a6140b0060100a,1095140b0000000c,出让成本,10a5140b00600005,10a5140b00600005,,1,0,xiexinyu,2025-02-27 16:20:11,system_user,2025-03-04 20:06:06,0,0
1197,4579,10a6140b00701000,1095140b0000000c,权利类型,10a5140b00700008,10a5140b00700008,所有权，使用权,1,0,xiexinyu,2025-02-27 16:20:11,system_user,2025-03-12 17:47:25,0,0
1198,4580,10a6140b00801003,1095140b0000000c,当前状态,10a5140b0080000b,10a5140b0080000b,意向购买，合同签订，权属登记，实物交割，合约到期,1,5,xiexinyu,2025-02-27 16:20:12,system_user,2025-03-12 17:47:25,0,0
1199,4581,10a6140b00901006,1095140b0000000c,签订时间,10a5140b00900001,10a5140b00900001,,1,0,xiexinyu,2025-02-27 16:20:12,system_user,2025-03-04 20:06:06,0,0
1200,4582,10a6140b00a01009,1095140b0000000c,到期时间,10a5140b00a00004,10a5140b00a00004,,1,0,xiexinyu,2025-02-27 16:20:12,system_user,2025-03-04 20:06:06,0,0
1201,4583,10a6140b00b0100c,1095140b0000000c,合约期限,10a5140b00b00007,10a5140b00b00007,10天内，1月内,1,0,xiexinyu,2025-02-27 16:20:13,guochengjie,2025-03-04 20:06:06,0,0
1202,4584,10a6140b00c01002,1095140b0000000c,结果评估,10a5140b00c0000a,10a5140b00c0000a,合法，违法,1,0,xiexinyu,2025-02-27 16:20:13,qidekang,2025-03-12 17:46:47,1,0
1203,4585,10a6120a00101003,1095120a00000007,编号,10a5120a0010000b,10a5120a0010000b,,1,0,xiexinyu,2025-02-27 16:20:13,system_user,2025-03-04 20:06:06,0,0
1204,4586,10a6120a00201006,1095120a00000007,出让类型,10a5120a00200001,10a5120a00200001,抵押，出让，捐赠,1,0,xiexinyu,2025-02-27 16:20:14,system_user,2025-03-12 17:46:47,0,0
1205,4587,10a6120a00301009,1095120a00000007,出让原因,10a5120a00300004,10a5120a00300004,变现需求，福利捐赠，废弃处理,1,0,xiexinyu,2025-02-27 16:20:14,system_user,2025-03-12 17:46:47,0,0
1206,4588,10a6120a0040100c,1095120a00000007,出让方式,10a5120a00400007,10a5120a00400007,拍卖，招标，挂牌,1,0,xiexinyu,2025-02-27 16:20:14,system_user,2025-03-12 17:46:47,0,0
1207,4589,10a6120a00501002,1095120a00000007,出让结果,10a5120a0050000a,10a5120a0050000a,现金收入，荣誉奖励,1,0,xiexinyu,2025-02-27 16:20:15,system_user,2025-03-12 17:46:47,0,0
1208,4590,10a6120a00601005,1095120a00000007,出让成本,10a5120a00600000,10a5120a00600000,,1,0,xiexinyu,2025-02-27 16:20:15,system_user,2025-03-04 20:06:06,0,0
1209,4591,10a6120a00701008,1095120a00000007,权利类型,10a5120a00700003,10a5120a00700003,所有权，使用权,1,0,xiexinyu,2025-02-27 16:20:15,system_user,2025-03-12 17:47:25,0,0
1210,4592,10a6120a0080100b,1095120a00000007,当前状态,10a5120a00800006,10a5120a00800006,合同签订，权属登记，实物交割，合约到期,1,0,xiexinyu,2025-02-27 16:20:16,guochengjie,2025-03-12 17:47:25,1,0
1211,4593,10a6120a00901001,1095120a00000007,结果评估,10a5120a00900009,10a5120a00900009,合法，违法,1,0,xiexinyu,2025-02-27 16:20:16,qidekang,2025-03-12 17:46:47,1,0
1212,4594,10a6120a00a01004,1095120a00000007,签订时间,10a5120a00a0000c,10a5120a00a0000c,,1,0,xiexinyu,2025-02-27 16:20:16,system_user,2025-03-04 20:06:06,0,0
1213,4595,10a6120a00b01007,1095550300000001,管辖指导频次,10a5120a00b00002,10a5120a00b00002,每月一次，每周一次，不定时间,1,0,xiexinyu,2025-02-27 16:20:16,guochengjie,2025-03-12 17:46:47,1,0
1214,4596,10a6120a00c0100a,1095120a00000007,合约期限,10a5120a00c00005,10a5120a00c00005,,1,0,xiexinyu,2025-02-27 16:20:17,system_user,2025-03-04 20:06:06,0,0
1215,4597,10a6110c00101008,1095110c0000000c,编号,10a5110c00100003,10a5110c00100003,,1,0,xiexinyu,2025-02-27 16:20:17,system_user,2025-03-04 20:06:06,0,0
1216,4598,10a6110c0020100b,1095110c0000000c,交易类型,10a5110c00200006,10a5110c00200006,,1,0,xiexinyu,2025-02-27 16:20:17,system_user,2025-03-04 20:06:06,0,0
1217,4599,10a6110c00301001,1095110c0000000c,交易原因,10a5110c00300009,10a5110c00300009,,1,0,xiexinyu,2025-02-27 16:20:18,system_user,2025-03-04 20:06:06,0,0
1218,4600,10a6110c00401004,1095110c0000000c,交易方式,10a5110c0040000c,10a5110c0040000c,线上，线下,1,0,xiexinyu,2025-02-27 16:20:18,system_user,2025-03-12 17:47:25,0,0
1219,4601,10a6110c00501007,1095110c0000000c,交易结果,10a5110c00500002,10a5110c00500002,,1,0,xiexinyu,2025-02-27 16:20:18,system_user,2025-03-12 17:47:46,0,0
1220,4602,10a6110c0060100a,1095110c0000000c,交易成本,10a5110c00600005,10a5110c00600005,,1,0,xiexinyu,2025-02-27 16:20:19,guochengjie,2025-03-04 20:06:06,0,0
1221,4603,10a6110c00701000,1095110c0000000c,当前状态,10a5110c00700008,10a5110c00700008,,1,5,xiexinyu,2025-02-27 16:20:19,guochengjie,2025-03-06 14:42:38,1,0
1222,4604,10a6110c00801003,1095110c0000000c,结果评估,10a5110c0080000b,10a5110c0080000b,合法，违法,1,0,xiexinyu,2025-02-27 16:20:19,guochengjie,2025-03-12 17:46:47,1,0
1223,4605,10a6110c00901006,1095110c0000000c,签订时间,10a5110c00900001,10a5110c00900001,,1,5,xiexinyu,2025-02-27 16:20:20,system_user,2025-03-06 14:42:38,0,0
1224,4606,10a6110c00a01009,1095110c0000000c,到期时间,10a5110c00a00004,10a5110c00a00004,,1,0,xiexinyu,2025-02-27 16:20:20,system_user,2025-03-04 20:06:06,0,0
1225,4607,10a6110c00b0100c,1095110c0000000c,合约期限,10a5110c00b00007,10a5110c00b00007,,1,0,xiexinyu,2025-02-27 16:20:20,system_user,2025-03-04 20:06:06,0,0
1226,4608,10a654080010100b,1095540800000002,编号,10a5540800100006,10a5540800100006,,1,0,xiexinyu,2025-02-27 16:20:21,system_user,2025-03-04 20:06:06,0,0
1227,4609,10a6540800201001,1095540800000002,出让类型,10a5540800200009,10a5540800200009,抵押，出让，捐赠,1,0,xiexinyu,2025-02-27 16:20:21,system_user,2025-03-12 17:46:47,0,0
1228,4610,10a6540800301004,1095540800000002,出让原因,10a554080030000c,10a554080030000c,变现需求，福利捐赠，废弃处理,1,0,xiexinyu,2025-02-27 16:20:21,system_user,2025-03-12 17:46:47,0,0
1229,4611,10a6540800401007,1095540800000002,出让方式,10a5540800400002,10a5540800400002,拍卖，招标，挂牌,1,0,xiexinyu,2025-02-27 16:20:22,system_user,2025-03-12 17:46:47,0,0
1230,4612,10a654080050100a,1095540800000002,出让结果,10a5540800500005,10a5540800500005,现金收入，荣誉奖励,1,0,xiexinyu,2025-02-27 16:20:22,system_user,2025-03-12 17:46:47,0,0
1231,4613,10a6540800601000,1095540800000002,出让成本,10a5540800600008,10a5540800600008,,1,0,xiexinyu,2025-02-27 16:20:22,system_user,2025-03-04 20:06:06,0,0
1232,4614,10a6540800701003,1095540800000002,权利类型,10a554080070000b,10a554080070000b,所有权，使用权,1,0,xiexinyu,2025-02-27 16:20:23,system_user,2025-03-12 17:47:25,0,0
1233,4615,10a6540800801006,1095540800000002,当前状态,10a5540800800001,10a5540800800001,合同签订，权属登记，实物交割，合约到期,1,0,xiexinyu,2025-02-27 16:20:23,system_user,2025-03-12 17:47:25,0,0
1234,4616,10a6540800901009,1095540800000002,结果评估,10a5540800900004,10a5540800900004,合法，违法,1,0,xiexinyu,2025-02-27 16:20:23,qidekang,2025-03-12 17:46:47,1,0
1235,4617,10a6540800a0100c,1095540800000002,签订时间,10a5540800a00007,10a5540800a00007,,1,0,xiexinyu,2025-02-27 16:20:24,system_user,2025-03-04 20:06:06,0,0
1236,4618,10a6540800b01002,1095540800000002,到期时间,10a5540800b0000a,10a5540800b0000a,,1,0,xiexinyu,2025-02-27 16:20:24,system_user,2025-03-04 20:06:06,0,0
1237,4619,10a6540800c01005,1095540800000002,合约期限,10a5540800c00000,10a5540800c00000,,1,0,xiexinyu,2025-02-27 16:20:24,system_user,2025-03-04 20:06:06,0,0
1238,4620,10a6520700101006,109552070000000a,编号,10a5520700100001,10a5520700100001,,1,0,xiexinyu,2025-02-27 16:20:25,system_user,2025-03-04 20:06:06,0,0
1239,4621,10a6520700201009,109552070000000a,出让类型,10a5520700200004,10a5520700200004,抵押，出让，捐赠,1,0,xiexinyu,2025-02-27 16:20:25,system_user,2025-03-12 17:46:47,0,0
1240,4622,10a652070030100c,109552070000000a,出让原因,10a5520700300007,10a5520700300007,变现需求，福利捐赠，废弃处理,1,0,xiexinyu,2025-02-27 16:20:25,system_user,2025-03-12 17:46:47,0,0
1241,4623,10a6520700401002,109552070000000a,出让方式,10a552070040000a,10a552070040000a,拍卖，招标，挂牌,1,0,xiexinyu,2025-02-27 16:20:26,system_user,2025-03-12 17:46:47,0,0
1242,4624,10a6520700501005,109552070000000a,出让结果,10a5520700500000,10a5520700500000,,1,0,xiexinyu,2025-02-27 16:20:26,system_user,2025-03-12 17:33:35,0,0
1243,4625,10a6520700601008,109552070000000a,出让成本,10a5520700600003,10a5520700600003,,1,0,xiexinyu,2025-02-27 16:20:26,system_user,2025-03-04 20:06:06,0,0
1244,4626,10a652070070100b,109552070000000a,权利类型,10a5520700700006,10a5520700700006,所有权，使用权,1,0,xiexinyu,2025-02-27 16:20:27,system_user,2025-03-12 17:47:25,0,0
1245,4627,10a6520700801001,109552070000000a,当前状态,10a5520700800009,10a5520700800009,意向沟通，合同签订，权属登记，实物交割，合约到期,1,5,xiexinyu,2025-02-27 16:20:28,system_user,2025-03-06 14:42:38,0,0
1246,4628,10a6520700901004,109552070000000a,结果评估,10a552070090000c,10a552070090000c,合法，违法,1,0,xiexinyu,2025-02-27 16:20:28,qidekang,2025-03-12 17:46:47,1,0
1247,4629,10a6520700a01007,109552070000000a,签订时间,10a5520700a00002,10a5520700a00002,,1,0,xiexinyu,2025-02-27 16:20:29,system_user,2025-03-04 20:06:06,0,0
1248,4630,10a6520700b0100a,109552070000000a,到期时间,10a5520700b00005,10a5520700b00005,,1,0,xiexinyu,2025-02-27 16:20:29,system_user,2025-03-04 20:06:06,0,0
1249,4631,10a6520700c01000,109552070000000a,合约期限,10a5520700c00008,10a5520700c00008,,1,0,xiexinyu,2025-02-27 16:20:29,system_user,2025-03-04 20:06:06,0,0
1250,4632,10a6550600101006,109555060000000a,编号,10a5550600100001,10a5550600100001,,1,0,xiexinyu,2025-02-27 16:20:30,system_user,2025-03-04 20:06:06,0,0
1251,4633,10a6550600201009,109555060000000a,交易类型,10a5550600200004,10a5550600200004,,1,0,xiexinyu,2025-02-27 16:20:30,system_user,2025-03-04 20:06:06,0,0
1252,4634,10a655060030100c,109555060000000a,交易原因,10a5550600300007,10a5550600300007,,1,0,xiexinyu,2025-02-27 16:20:30,guochengjie,2025-03-04 20:06:06,1,0
1253,4635,10a6550600401002,109555060000000a,交易方式,10a555060040000a,10a555060040000a,线上，线下,1,0,xiexinyu,2025-02-27 16:20:31,system_user,2025-03-12 17:47:25,0,0
1254,4636,10a6550600501005,109555060000000a,交易结果,10a5550600500000,10a5550600500000,,1,0,xiexinyu,2025-02-27 16:20:31,system_user,2025-03-12 17:32:48,0,0
1255,4637,10a6550600601008,109555060000000a,交易成本,10a5550600600003,10a5550600600003,,1,0,xiexinyu,2025-02-27 16:20:31,system_user,2025-03-04 20:06:06,0,0
1256,4638,10a655060070100b,109555060000000a,当前状态,10a5550600700006,10a5550600700006,合同签订，权属登记，实物交割，合约到期,1,5,xiexinyu,2025-02-27 16:20:32,system_user,2025-03-12 17:47:25,0,0
1257,4639,10a6550600801001,109555060000000a,结果评估,10a5550600800009,10a5550600800009,合法，违法,1,0,xiexinyu,2025-02-27 16:20:32,qidekang,2025-03-12 17:46:47,1,0
1258,4640,10a6550600901004,109555060000000a,签订时间,10a555060090000c,10a555060090000c,,1,0,xiexinyu,2025-02-27 16:20:32,system_user,2025-03-04 20:06:06,0,0
1259,4641,10a6550600a01007,109555060000000a,到期时间,10a5550600a00002,10a5550600a00002,,1,0,xiexinyu,2025-02-27 16:20:33,system_user,2025-03-04 20:06:06,0,0
1260,4642,10a6550600b0100a,109555060000000a,合约期限,10a5550600b00005,10a5550600b00005,,1,0,xiexinyu,2025-02-27 16:20:33,system_user,2025-03-04 20:06:06,0,0
1261,4643,10a615070010100a,1095150700000001,编号,10a5150700100005,10a5150700100005,,1,0,xiexinyu,2025-02-27 16:20:33,system_user,2025-03-04 20:06:06,0,0
1262,4644,10a6150700201000,1095150700000001,交易类型,10a5150700200008,10a5150700200008,,1,0,xiexinyu,2025-02-27 16:20:35,system_user,2025-03-04 20:06:06,0,0
1263,4645,10a6150700301003,1095150700000001,交易原因,10a515070030000b,10a515070030000b,,1,0,xiexinyu,2025-02-27 16:20:35,system_user,2025-03-04 20:06:06,0,0
1264,4646,10a6150700401006,1095150700000001,交易方式,10a5150700400001,10a5150700400001,线上，线下,1,0,xiexinyu,2025-02-27 16:20:35,system_user,2025-03-12 17:47:25,0,0
1265,4647,10a6150700501009,1095150700000001,交易结果,10a5150700500004,10a5150700500004,,1,0,xiexinyu,2025-02-27 16:20:35,system_user,2025-03-12 17:47:51,0,0
1266,4648,10a615070060100c,1095150700000001,交易成本,10a5150700600007,10a5150700600007,,1,0,xiexinyu,2025-02-27 16:20:36,system_user,2025-03-04 20:06:06,0,0
1267,4649,10a6150700701002,1095150700000001,当前状态,10a515070070000a,10a515070070000a,,1,5,xiexinyu,2025-02-27 16:20:36,system_user,2025-03-06 14:42:38,0,0
1268,4650,10a6150700801005,1095150700000001,结果评估,10a5150700800000,10a5150700800000,合法，违法,1,0,xiexinyu,2025-02-27 16:20:36,qidekang,2025-03-12 17:46:47,1,0
1269,4651,10a6150700901008,1095150700000001,签订时间,10a5150700900003,10a5150700900003,,1,0,xiexinyu,2025-02-27 16:20:37,system_user,2025-03-04 20:06:06,0,0
1270,4652,10a6150700a0100b,1095150700000001,到期时间,10a5150700a00006,10a5150700a00006,,1,0,xiexinyu,2025-02-27 16:20:37,system_user,2025-03-04 20:06:06,0,0
1271,4653,10a6150700b01001,1095150700000001,合约期限,10a5150700b00009,10a5150700b00009,,1,0,xiexinyu,2025-02-27 16:20:38,system_user,2025-03-04 20:06:06,0,0
1272,4654,1066030001701007,1051030000000000,持续时长,1065030001700002,1065030001700002,,1,0,xiexinyu,2025-02-27 16:20:38,system_user,2025-03-04 20:06:06,0,0
1273,4655,10a6110100f01004,1095110100000005,服务时间,10a5110100f0000c,10a5110100f0000c,,1,0,xiexinyu,2025-02-27 16:20:38,system_user,2025-03-04 20:06:06,0,0
1274,4656,10a6110200a01005,1095110200000008,冲突时间,10a5110200a00000,10a5110200a00000,,1,0,xiexinyu,2025-02-27 16:20:38,system_user,2025-03-04 20:06:06,0,0
1275,4657,10a6110300b0100b,109511030000000b,发生时间,10a5110300b00006,10a5110300b00006,,1,0,xiexinyu,2025-02-27 16:20:39,system_user,2025-03-04 20:06:06,0,0
1276,4658,10a6110400c01004,1095110400000001,合作时间,10a5110400c0000c,10a5110400c0000c,,1,0,xiexinyu,2025-02-27 16:20:39,system_user,2025-03-04 20:06:06,0,0
1277,4659,10a6110500e01000,1095110500000004,发生时间,10a5110500e00008,10a5110500e00008,,1,0,xiexinyu,2025-02-27 16:20:39,system_user,2025-03-04 20:06:06,0,0
1278,4660,10a6110a0080100a,1095110a00000006,发生时间,10a5110a00800005,10a5110a00800005,,1,0,xiexinyu,2025-02-27 16:20:40,system_user,2025-03-04 20:06:06,0,0
1279,4661,10a6110b00801000,1095110b00000009,发生时间,10a5110b00800008,10a5110b00800008,,1,0,xiexinyu,2025-02-27 16:20:40,system_user,2025-03-04 20:06:06,0,0
1280,4662,10a6120300801003,109512030000000c,发生时间,10a512030080000b,10a512030080000b,,1,0,xiexinyu,2025-02-27 16:20:40,system_user,2025-03-04 20:06:06,0,0
1281,4663,10a6120500c01008,1095120500000005,发生时间,10a5120500c00003,10a5120500c00003,,1,5,xiexinyu,2025-02-27 16:20:41,system_user,2025-03-06 14:42:38,0,0
1282,4664,10a6120700f0100a,109512070000000b,发生时间,10a5120700f00005,10a5120700f00005,,1,0,xiexinyu,2025-02-27 16:20:41,system_user,2025-03-04 20:06:06,0,0
1283,4665,10a6120800e0100a,1095120800000001,发生时间,10a5120800e00005,10a5120800e00005,,1,0,xiexinyu,2025-02-27 16:20:41,system_user,2025-03-04 20:06:06,0,0
1284,4666,10a6130100f01006,1095130100000007,发生时间,10a5130100f00001,10a5130100f00001,,1,0,xiexinyu,2025-02-27 16:20:42,system_user,2025-03-04 20:06:06,0,0
1285,4667,10a6130200c01000,109513020000000a,参与时间,10a5130200c00008,10a5130200c00008,,1,0,xiexinyu,2025-02-27 16:20:42,system_user,2025-03-04 20:06:06,0,0
1286,4668,10a6130300d01006,1095130300000000,处置时间,10a5130300d00001,10a5130300d00001,,1,0,xiexinyu,2025-02-27 16:20:42,system_user,2025-03-04 20:06:06,0,0
1287,4669,10a6130400e0100c,1095130400000003,发生时间,10a5130400e00007,10a5130400e00007,,1,5,xiexinyu,2025-02-27 16:20:43,guochengjie,2025-03-06 14:42:38,1,0
1288,4670,10a6130500901000,1095130500000006,发生时间,10a5130500900008,10a5130500900008,,1,0,xiexinyu,2025-02-27 16:20:43,system_user,2025-03-04 20:06:06,0,0
1289,4671,10a6140100d01001,1095140100000008,开始时间,10a5140100d00009,10a5140100d00009,,1,0,xiexinyu,2025-02-27 16:20:44,guochengjie,2025-03-04 20:06:06,0,0
1290,4672,10a6140200d01004,109514020000000b,开始时间,10a5140200d0000c,10a5140200d0000c,,1,0,xiexinyu,2025-02-27 16:20:45,guochengjie,2025-03-04 20:06:06,0,0
1291,4673,10a6140300b01001,1095140300000001,使用时间,10a5140300b00009,10a5140300b00009,,1,0,xiexinyu,2025-02-27 16:20:45,system_user,2025-03-04 20:06:06,0,0
1292,4674,10a6140400b01004,1095140400000004,获得时间,10a5140400b0000c,10a5140400b0000c,,1,0,xiexinyu,2025-02-27 16:20:45,system_user,2025-03-04 20:06:06,0,0
1293,4675,10a6140600f01009,109514060000000a,起始时间,10a5140600f00004,10a5140600f00004,,1,0,xiexinyu,2025-02-27 16:20:46,guochengjie,2025-03-04 20:06:06,0,0
1294,4676,10a6140700e01009,1095140700000000,发生时间,10a5140700e00004,10a5140700e00004,,1,0,xiexinyu,2025-02-27 16:20:46,system_user,2025-03-04 20:06:06,0,0
1295,4677,10a6140800a01000,1095140800000003,发生时间,10a5140800a00008,10a5140800a00008,,1,0,xiexinyu,2025-02-27 16:20:46,system_user,2025-03-04 20:06:06,0,0
1296,4678,10a6140a00901003,1095140a00000009,发生时间,10a5140a0090000b,10a5140a0090000b,,1,0,xiexinyu,2025-02-27 16:20:47,system_user,2025-03-04 20:06:06,0,0
1297,4679,10a6150200c01002,109515020000000c,开始时间,10a5150200c0000a,10a5150200c0000a,,1,0,xiexinyu,2025-02-27 16:20:47,system_user,2025-03-04 20:06:06,0,0
1298,4680,10a615030120100a,1095150300000002,工作时间,10a5150301200005,10a5150301200005,,1,5,xiexinyu,2025-02-27 16:20:47,system_user,2025-03-06 14:42:38,0,0
1299,4681,10a6150400c01008,1095150400000005,授予时间,10a5150400c00003,10a5150400c00003,,1,0,xiexinyu,2025-02-27 16:20:48,system_user,2025-03-04 20:06:06,0,0
1300,4682,10a6150500d01001,1095150500000008,工作时间,10a5150500d00009,10a5150500d00009,,1,5,xiexinyu,2025-02-27 16:20:48,system_user,2025-03-06 14:42:38,0,0
1301,4683,10a6220100901003,1095220100000009,发生时间,10a522010090000b,10a522010090000b,,1,0,xiexinyu,2025-02-27 16:20:48,system_user,2025-03-04 20:06:06,0,0
1302,4684,10a6220200b0100c,109522020000000c,发生时间,10a5220200b00007,10a5220200b00007,,1,0,xiexinyu,2025-02-27 16:20:49,system_user,2025-03-04 20:06:06,0,0
1303,4685,10a6220300a0100c,1095220300000002,发生时间,10a5220300a00007,10a5220300a00007,,1,0,xiexinyu,2025-02-27 16:20:49,system_user,2025-03-04 20:06:06,0,0
1304,4686,10a6230100901004,109523010000000a,发生时间,10a523010090000c,10a523010090000c,,1,0,xiexinyu,2025-02-27 16:20:49,system_user,2025-03-04 20:06:06,0,0
1305,4687,10a6230300a01000,1095230300000003,发生时间,10a5230300a00008,10a5230300a00008,,1,0,xiexinyu,2025-02-27 16:20:50,system_user,2025-03-04 20:06:06,0,0
1306,4688,10a6230100a01007,109523010000000a,持续时长,10a5230100a00002,10a5230100a00002,,1,0,xiexinyu,2025-02-27 16:20:50,system_user,2025-03-04 20:06:06,0,0
1307,4689,10a6220400c01008,1095220400000005,持续时长,10a5220400c00003,10a5220400c00003,,1,0,xiexinyu,2025-02-27 16:20:50,guochengjie,2025-03-04 20:06:06,1,0
1308,4690,10a6220100a01006,1095220100000009,持续时长,10a5220100a00001,10a5220100a00001,,1,0,xiexinyu,2025-02-27 16:20:51,system_user,2025-03-04 20:06:06,0,0
1309,4691,10a6220200c01002,109522020000000c,持续时长,10a5220200c0000a,10a5220200c0000a,,1,0,xiexinyu,2025-02-27 16:20:51,system_user,2025-03-04 20:06:06,0,0
1310,4692,10a6220300b01002,1095220300000002,持续时长,10a5220300b0000a,10a5220300b0000a,,1,0,xiexinyu,2025-02-27 16:20:51,system_user,2025-03-04 20:06:06,0,0
1311,4693,10a6240100a01008,109524010000000b,发生时间,10a5240100a00003,10a5240100a00003,,1,0,xiexinyu,2025-02-27 16:20:52,system_user,2025-03-04 20:06:06,0,0
1312,4694,10a6330200801007,1095330200000003,发生时间,10a5330200800002,10a5330200800002,,1,0,xiexinyu,2025-02-27 16:20:52,system_user,2025-03-04 20:06:06,0,0
1313,4695,10a6330100a0100a,1095330100000000,发生时间,10a5330100a00005,10a5330100a00005,,1,0,xiexinyu,2025-02-27 16:20:52,system_user,2025-03-04 20:06:06,0,0
1314,4696,10a6330300901000,1095330300000006,发生时间,10a5330300900008,10a5330300900008,,1,0,xiexinyu,2025-02-27 16:20:52,system_user,2025-03-04 20:06:06,0,0
1315,4697,10a6340100801005,1095340100000001,发生时间,10a5340100800000,10a5340100800000,,1,0,xiexinyu,2025-02-27 16:20:53,system_user,2025-03-04 20:06:06,0,0
1316,4698,10a6340200801008,1095340200000004,发生时间,10a5340200800003,10a5340200800003,,1,0,xiexinyu,2025-02-27 16:20:53,system_user,2025-03-04 20:06:06,0,0
1317,4699,10a6340300a01004,1095340300000007,发生时间,10a5340300a0000c,10a5340300a0000c,,1,0,xiexinyu,2025-02-27 16:20:53,system_user,2025-03-04 20:06:06,0,0
1318,4700,10a6440100a01001,1095440100000004,发生时间,10a5440100a00009,10a5440100a00009,,1,0,xiexinyu,2025-02-27 16:20:54,system_user,2025-03-04 20:06:06,0,0
1319,4701,10a6440200d01000,1095440200000007,连通时间,10a5440200d00008,10a5440200d00008,,1,0,xiexinyu,2025-02-27 16:20:54,system_user,2025-03-04 20:06:06,0,0
1320,4702,10a6440300a01007,109544030000000a,发生时间,10a5440300a00002,10a5440300a00002,,1,0,xiexinyu,2025-02-27 16:20:54,system_user,2025-03-04 20:06:06,0,0
1321,4703,10a6440400c01003,1095440400000000,发生时间,10a5440400c0000b,10a5440400c0000b,,1,0,xiexinyu,2025-02-27 16:20:55,system_user,2025-03-04 20:06:06,0,0
1322,4704,10a6440500b01003,1095440500000003,发生时间,10a5440500b0000b,10a5440500b0000b,,1,0,xiexinyu,2025-02-27 16:20:55,system_user,2025-03-04 20:06:06,0,0
1323,4705,10a6520500c01007,1095520500000004,发生时间,10a5520500c00002,10a5520500c00002,,1,0,xiexinyu,2025-02-27 16:20:55,system_user,2025-03-04 20:06:06,0,0
1324,4706,10a6520600c0100a,1095520600000007,发生时间,10a5520600c00005,10a5520600c00005,,1,0,xiexinyu,2025-02-27 16:20:56,system_user,2025-03-04 20:06:06,0,0
1325,4707,10a6530100c01009,1095530100000006,参与时间,10a5530100c00004,10a5530100c00004,,1,0,xiexinyu,2025-02-27 16:20:56,system_user,2025-03-04 20:06:06,0,0
1326,4708,10a6530200901003,1095530200000009,发生时间,10a553020090000b,10a553020090000b,,1,0,xiexinyu,2025-02-27 16:20:56,system_user,2025-03-04 20:06:06,0,0
1327,4709,10a6530300d01005,109553030000000c,处置时间,10a5530300d00000,10a5530300d00000,,1,0,xiexinyu,2025-02-27 16:20:57,system_user,2025-03-04 20:06:06,0,0
1328,4710,10a6530400e0100b,1095530400000002,发生时间,10a5530400e00006,10a5530400e00006,,1,0,xiexinyu,2025-02-27 16:20:57,system_user,2025-03-04 20:06:06,0,0
1329,4711,10a6530500e01001,1095530500000005,制造时间,10a5530500e00009,10a5530500e00009,,1,0,xiexinyu,2025-02-27 16:20:57,system_user,2025-03-04 20:06:06,0,0
1330,4712,10a6540100c0100a,1095540100000007,生产时间,10a5540100c00005,10a5540100c00005,,1,5,xiexinyu,2025-02-27 16:20:58,system_user,2025-03-06 14:42:38,0,0
1331,4713,10a6540400c01006,1095540400000003,发生时间,10a5540400c00001,10a5540400c00001,,1,0,xiexinyu,2025-02-27 16:20:58,system_user,2025-03-04 20:06:06,0,0
1332,4714,10a6540500c01009,1095540500000006,发生时间,10a5540500c00004,10a5540500c00004,,1,0,xiexinyu,2025-02-27 16:20:58,system_user,2025-03-04 20:06:06,0,0
1333,4715,10a6540600d01002,1095540600000009,设计时间,10a5540600d0000a,10a5540600d0000a,,1,0,xiexinyu,2025-02-27 16:20:59,system_user,2025-03-04 20:06:06,0,0
1334,4716,10a6540700901006,109554070000000c,使用时间,10a5540700900001,10a5540700900001,,1,0,xiexinyu,2025-02-27 16:20:59,system_user,2025-03-04 20:06:06,0,0
1335,4717,10a6550100b01008,1095550100000008,发生时间,10a5550100b00003,10a5550100b00003,,1,0,xiexinyu,2025-02-27 16:20:59,system_user,2025-03-04 20:06:06,0,0
1336,4718,10a6550300c01004,1095550300000001,发生时间,10a5550300c0000c,10a5550300c0000c,,1,0,xiexinyu,2025-02-27 16:21:00,system_user,2025-03-04 20:06:06,0,0
1337,4719,10a6550400d0100a,1095550400000004,合作时间,10a5550400d00005,10a5550400d00005,,1,0,xiexinyu,2025-02-27 16:21:00,system_user,2025-03-04 20:06:06,0,0
1338,4720,10a6550500b01007,1095550500000007,发生时间,10a5550500b00002,10a5550500b00002,,1,0,xiexinyu,2025-02-27 16:21:00,system_user,2025-03-04 20:06:06,0,0
1339,4721,106605000180100c,1051050000000002,级别,1065050001800007,1065050001800007,央企，国企，省属，市属；总公司，一级子公司，二级子公司等,1,0,xiexinyu,2025-02-27 16:21:01,qidekang,2025-03-04 20:06:06,0,0
1340,4722,10a6120500d0100b,1095120500000005,成本,10a5120500d00006,10a5120500d00006,,1,5,xiexinyu,2025-02-27 16:21:01,baishumeng,2025-03-06 14:42:38,1,0
1341,4723,1066040001803003,1051040000000001,尺寸,1065040001800006,1065040001800006,,1,0,xiexinyu,2025-02-27 16:21:01,guochengjie,2025-03-04 20:06:06,1,0
1342,4724,10a6150100c0100c,1095150100000009,股权份额,10a5150100c00007,10a5150100c00007,,1,0,xiexinyu,2025-02-27 16:21:02,system_user,2025-03-04 20:06:06,0,0
1343,4725,10a6150301301000,1095150300000002,离职原因,10a5150301300008,10a5150301300008,,1,5,xiexinyu,2025-02-27 16:21:02,system_user,2025-03-06 14:42:38,0,0
1344,4726,106603000180100a,1051030000000000,成本,1065030001800005,1065030001800005,,1,0,xiexinyu,2025-02-27 16:21:02,system_user,2025-03-04 20:06:06,0,0
1345,4727,1066030001901000,1051030000000000,风险等级,1065030001900008,1065030001900008,,1,0,xiexinyu,2025-02-27 16:21:03,system_user,2025-03-04 20:06:06,0,0
1346,4728,106602000150500a,105102000000000c,尺寸,1065020001500008,1065020001500008,,1,0,xiexinyu,2025-02-27 16:21:03,guochengjie,2025-03-04 20:06:06,0,0
1347,4729,1066040001901001,1051040000000001,规格,1065040001900009,1065040001900009,,1,0,xiexinyu,2025-02-27 16:21:03,system_user,2025-03-04 20:06:06,0,0
1348,4730,10a6440600101002,1095440600000006,编号,10a544060010000a,10a544060010000a,,1,0,xiexinyu,2025-02-27 16:21:04,system_user,2025-03-04 20:06:06,0,0
1349,4731,10a6440600201005,1095440600000006,关联类型,10a5440600200000,10a5440600200000,,1,0,xiexinyu,2025-02-27 16:21:04,system_user,2025-03-04 20:06:06,0,0
1350,4732,10a6440600301008,1095440600000006,关联程度,10a5440600300003,10a5440600300003,直接关联，间接关联,1,0,xiexinyu,2025-02-27 16:21:04,system_user,2025-03-12 17:47:25,0,0
1351,4733,10a644060040100b,1095440600000006,开始时间,10a5440600400006,10a5440600400006,,1,0,xiexinyu,2025-02-27 16:21:05,system_user,2025-03-04 20:06:06,0,0
1352,4734,10a6440600501001,1095440600000006,结束时间,10a5440600500009,10a5440600500009,,1,0,xiexinyu,2025-02-27 16:21:05,system_user,2025-03-04 20:06:06,0,0
1353,4735,10a6440600601004,1095440600000006,持续时长,10a544060060000c,10a544060060000c,,1,0,xiexinyu,2025-02-27 16:21:05,system_user,2025-03-04 20:06:06,0,0
1354,4737,1066010002504009,105101000000000b,履历,1065010002500003,1065010002500003,,1,0,xiexinyu,2025-02-27 16:21:06,system_user,2025-03-04 20:06:06,0,0
1355,4738,10a6130200d01003,109513020000000a,参与类型,10a5130200d0000b,10a5130200d0000b,,1,0,xiexinyu,2025-02-27 16:21:06,system_user,2025-03-04 20:06:06,0,0
1356,4739,10a6150301601009,1095150300000002,用工类型,10a5150301600004,10a5150301600004,,1,5,xiexinyu,2025-02-27 16:21:07,system_user,2025-03-06 14:42:38,0,0
1357,4740,10a6150800101000,1095150800000004,编号,10a5150800100008,10a5150800100008,,1,0,xiexinyu,2025-02-27 16:21:07,system_user,2025-03-04 20:06:06,0,0
1358,4741,10a6150800201003,1095150800000004,申报类型,10a515080020000b,10a515080020000b,求职，报考，申报奖项,1,0,xiexinyu,2025-02-27 16:21:07,system_user,2025-03-12 17:47:25,0,0
1359,4742,10a6150800301006,1095150800000004,意愿排序,10a5150800300001,10a5150800300001,第一志愿，第二志愿,1,0,xiexinyu,2025-02-27 16:21:08,system_user,2025-03-12 17:47:25,0,0
1360,4743,10a6150800403001,1095150800000004,是否调剂,10a5150800400004,10a5150800400004,,1,0,xiexinyu,2025-02-27 16:21:08,system_user,2025-03-04 20:06:06,0,0
1361,4744,10a615080050100c,1095150800000004,报名开始时间,10a5150800500007,10a5150800500007,,1,0,xiexinyu,2025-02-27 16:21:08,system_user,2025-03-04 20:06:06,0,0
1362,4745,10a6150800601002,1095150800000004,报名截止时间,10a515080060000a,10a515080060000a,,1,0,xiexinyu,2025-02-27 16:21:09,system_user,2025-03-04 20:06:06,0,0
1363,4746,10a6150800701005,1095150800000004,提交时间,10a5150800700000,10a5150800700000,,1,0,xiexinyu,2025-02-27 16:21:09,system_user,2025-03-04 20:06:06,0,0
1364,4747,10a6150800801008,1095150800000004,公布时间,10a5150800800003,10a5150800800003,,1,0,xiexinyu,2025-02-27 16:21:09,system_user,2025-03-04 20:06:06,0,0
1365,4749,10a6550700101009,1095550700000000,编号,10a5550700100004,10a5550700100004,,1,0,xiexinyu,2025-02-27 16:21:11,system_user,2025-03-04 20:06:06,0,0
1366,4750,10a655070020100c,1095550700000000,申报类型,10a5550700200007,10a5550700200007,申报奖项，投标,1,0,xiexinyu,2025-02-27 16:21:11,system_user,2025-03-04 20:06:06,0,0
1367,4751,10a6550700301002,1095550700000000,报名开始时间,10a555070030000a,10a555070030000a,,1,0,xiexinyu,2025-02-27 16:21:12,system_user,2025-03-04 20:06:06,0,0
1368,4752,10a6550700401005,1095550700000000,报名截止时间,10a5550700400000,10a5550700400000,,1,0,xiexinyu,2025-02-27 16:21:12,system_user,2025-03-04 20:06:06,0,0
1369,4753,10a6550700501008,1095550700000000,提交时间,10a5550700500003,10a5550700500003,,1,0,xiexinyu,2025-02-27 16:21:12,system_user,2025-03-04 20:06:06,0,0
1370,4754,10a655070060100b,1095550700000000,公告时间,10a5550700600006,10a5550700600006,,1,0,xiexinyu,2025-02-27 16:21:13,system_user,2025-03-04 20:06:06,0,0
1371,4756,1066010002605008,105101000000000b,生命体征,1065010002600006,1065010002600006,,1,0,xiexinyu,2025-02-27 16:21:13,guochengjie,2025-03-04 20:06:06,0,0
1372,4759,10a6530100d0100c,1095530100000006,最终结果,10a5530100d00007,10a5530100d00007,,1,0,xiexinyu,2025-02-27 16:21:14,system_user,2025-03-04 20:06:06,0,0
1373,4760,1066050001a07007,1051050000000002,经营指标,1065050001a00000,1065050001a00000,,1,0,xiexinyu,2025-02-27 16:21:14,guochengjie,2025-03-04 20:06:06,0,0
1374,4761,1066040001b01007,1051040000000001,等级,1065040001b00002,1065040001b00002,,1,0,xiexinyu,2025-02-27 16:21:15,system_user,2025-03-04 20:06:06,0,0
1375,4762,10a6150900101003,1095150900000007,管理类型,10a515090010000b,10a515090010000b,法院判决，交警罚款,1,0,xiexinyu,2025-02-27 16:21:15,system_user,2025-03-04 20:06:06,0,0
1376,4763,10a6150900201006,1095150900000007,管理方式,10a5150900200001,10a5150900200001,直接，间接,1,0,xiexinyu,2025-02-27 16:21:15,system_user,2025-03-04 20:06:06,0,0
1377,4764,10a6110300c01001,109511030000000b,管理类型,10a5110300c00009,10a5110300c00009,,1,0,xiexinyu,2025-02-27 16:21:16,system_user,2025-03-04 20:06:06,0,0
1378,4765,10a6150900301009,1095150900000007,依据条例,10a5150900300004,10a5150900300004,,1,0,xiexinyu,2025-02-27 16:21:16,system_user,2025-03-04 20:06:06,0,0
1379,4766,10a615090040100c,1095150900000007,权限范畴,10a5150900400007,10a5150900400007,,1,0,xiexinyu,2025-02-27 16:21:16,system_user,2025-03-04 20:06:06,0,0
1380,4767,10a6150900501002,1095150900000007,管理频次,10a515090050000a,10a515090050000a,一天一次，每周一次,1,0,xiexinyu,2025-02-27 16:21:17,system_user,2025-03-12 17:46:47,0,0
1381,4768,10a6150900601005,1095150900000007,效果评价,10a5150900600000,10a5150900600000,效率高，效果好，效率低，效果好,1,0,xiexinyu,2025-02-27 16:21:17,system_user,2025-03-12 17:46:47,0,0
1382,4769,10a6150900701008,1095150900000007,发生时间,10a5150900700003,10a5150900700003,,1,5,xiexinyu,2025-02-27 16:21:17,system_user,2025-03-06 14:42:38,0,0
1383,4770,10a615090080100b,1095150900000007,持续时长,10a5150900800006,10a5150900800006,,1,0,xiexinyu,2025-02-27 16:21:18,system_user,2025-03-04 20:06:06,0,0
1384,4771,10a6150a00101006,1095150a0000000a,服务类型,10a5150a00100001,10a5150a00100001,咨询，代理，家政，餐饮，医护，转运,1,0,xiexinyu,2025-02-27 16:21:18,system_user,2025-03-12 17:46:47,0,0
1385,4772,10a6150a00201009,1095150a0000000a,服务方式,10a5150a00200004,10a5150a00200004,线上咨询，线下交谈，实地走访,1,0,xiexinyu,2025-02-27 16:21:18,system_user,2025-03-12 17:46:47,0,0
1386,4773,10a6150a0030100c,1095150a0000000a,服务时间,10a5150a00300007,10a5150a00300007,,1,0,xiexinyu,2025-02-27 16:21:19,system_user,2025-03-04 20:06:06,0,0
1387,4774,10a6150a00401002,1095150a0000000a,服务时长,10a5150a0040000a,10a5150a0040000a,,1,0,xiexinyu,2025-02-27 16:21:19,system_user,2025-03-04 20:06:06,0,0
1388,4775,10a6150a00501005,1095150a0000000a,服务价格,10a5150a00500000,10a5150a00500000,,1,0,xiexinyu,2025-02-27 16:21:19,system_user,2025-03-04 20:06:06,0,0
1389,4776,10a6150a00601008,1095150a0000000a,服务频次,10a5150a00600003,10a5150a00600003,,1,0,xiexinyu,2025-02-27 16:21:20,system_user,2025-03-04 20:06:06,0,0
1390,4777,10a6150a0070100b,1095150a0000000a,使用工具,10a5150a00700006,10a5150a00700006,,1,0,xiexinyu,2025-02-27 16:21:20,system_user,2025-03-04 20:06:06,0,0
1391,4778,10a6150a00801001,1095150a0000000a,服务评价,10a5150a00800009,10a5150a00800009,,1,0,xiexinyu,2025-02-27 16:21:20,qidekang,2025-03-04 20:06:06,1,0
1392,4779,10a6150a00901004,1095150a0000000a,结果产物,10a5150a0090000c,10a5150a0090000c,,1,0,xiexinyu,2025-02-27 16:21:21,system_user,2025-03-04 20:06:06,0,0
1393,4781,10a6150a00b0100a,1095150a0000000a,服务内容,10a5150a00b00005,10a5150a00b00005,,1,0,xiexinyu,2025-02-27 16:21:21,guochengjie,2025-03-04 20:06:06,0,0
1394,4782,10a6140400c01007,1095140400000004,有效期限,10a5140400c00002,10a5140400c00002,,1,0,xiexinyu,2025-02-27 16:21:22,qidekang,2025-03-04 20:06:06,1,0
1395,4783,10a6140400d0100a,1095140400000004,失效时间,10a5140400d00005,10a5140400d00005,,1,0,xiexinyu,2025-02-27 16:21:22,system_user,2025-03-04 20:06:06,0,0
1396,4784,10a6150b00101009,1095150b00000000,学制类型,10a5150b00100004,10a5150b00100004,全日制，非全日制,1,0,xiexinyu,2025-02-27 16:21:22,system_user,2025-04-07 12:57:35,1,0
1397,4785,10a6150b0020100c,1095150b00000000,入学时间,10a5150b00200007,10a5150b00200007,,1,0,xiexinyu,2025-02-27 16:21:23,system_user,2025-04-07 12:57:40,1,0
1398,4786,10a6150b00301002,1095150b00000000,毕业时间,10a5150b0030000a,10a5150b0030000a,,1,0,xiexinyu,2025-02-27 16:21:23,system_user,2025-04-07 12:57:42,1,0
1399,4787,10a6150b00401005,1095150b00000000,入学方式,10a5150b00400000,10a5150b00400000,,1,0,xiexinyu,2025-02-27 16:21:23,system_user,2025-04-07 12:57:45,1,0
1400,4788,10a6150b00501008,1095150b00000000,年级,10a5150b00500003,10a5150b00500003,,1,0,xiexinyu,2025-02-27 16:21:25,system_user,2025-04-07 12:57:47,1,0
1401,4789,10a6150b0060100b,1095150b00000000,学业成绩,10a5150b00600006,10a5150b00600006,,1,0,xiexinyu,2025-02-27 16:21:25,system_user,2025-04-07 12:57:49,1,0
1402,4790,10a6150b00701001,1095150b00000000,入学要求,10a5150b00700009,10a5150b00700009,,1,0,xiexinyu,2025-02-27 16:21:25,system_user,2025-04-07 12:57:53,1,0
1403,4792,10a6150b00901007,1095150b00000000,学制时长,10a5150b00900002,10a5150b00900002,4年制，5年制,1,0,xiexinyu,2025-02-27 16:21:26,system_user,2025-04-07 12:57:55,1,0
1404,4793,1066020001601003,105102000000000c,等级,106502000160000b,106502000160000b,,1,0,xiexinyu,2025-02-27 16:21:26,guochengjie,2025-03-04 20:06:06,0,0
1405,4794,10a6240400101003,1095240400000007,关联类型,10a524040010000b,10a524040010000b,,1,0,xiexinyu,2025-02-27 16:21:27,system_user,2025-03-04 20:06:06,0,0
1406,4795,10a6240400201006,1095240400000007,关联程度,10a5240400200001,10a5240400200001,直接关联，间接关联,1,0,xiexinyu,2025-02-27 16:21:27,system_user,2025-03-12 17:47:25,0,0
1407,4796,10a6240400301009,1095240400000007,开始时间,10a5240400300004,10a5240400300004,,1,0,xiexinyu,2025-02-27 16:21:27,system_user,2025-03-04 20:06:06,0,0
1408,4797,10a624040040100c,1095240400000007,结束时间,10a5240400400007,10a5240400400007,,1,0,xiexinyu,2025-02-27 16:21:28,system_user,2025-03-04 20:06:06,0,0
1409,4798,10a6240400501002,1095240400000007,持续时长,10a524040050000a,10a524040050000a,,1,0,xiexinyu,2025-02-27 16:21:28,system_user,2025-03-04 20:06:06,0,0
1410,4800,1066020001708004,105102000000000c,位置,1065020001700001,1065020001700001,,1,0,xiexinyu,2025-02-27 16:21:29,guochengjie,2025-03-04 20:06:06,0,0
1411,4801,10a6150400d0100b,1095150400000005,奖励类型,10a5150400d00006,10a5150400d00006,,1,5,xiexinyu,2025-02-27 16:21:29,baishumeng,2025-03-06 14:42:38,0,0
1412,4802,10a6110101001007,1095110100000005,付款方式,10a5110101000002,10a5110101000002,,1,0,xiexinyu,2025-02-27 16:21:29,system_user,2025-03-04 20:06:06,0,0
1413,4803,10a6520800101009,1095520800000000,开始时间,10a5520800100004,10a5520800100004,,1,0,xiexinyu,2025-02-27 16:21:30,system_user,2025-03-04 20:06:06,0,0
1414,4804,10a652080020100c,1095520800000000,经营时长,10a5520800200007,10a5520800200007,,1,0,xiexinyu,2025-02-27 16:21:30,system_user,2025-03-04 20:06:06,0,0
1415,4805,10a6520800301002,1095520800000000,经营方式,10a552080030000a,10a552080030000a,,1,0,xiexinyu,2025-02-27 16:21:30,system_user,2025-03-04 20:06:06,0,0
1416,4806,10a6520800405002,1095520800000000,经营指标,10a5520800400000,10a5520800400000,GDP，GDP增长率，CPI等,1,0,xiexinyu,2025-02-27 16:21:31,xiexinyu,2025-03-04 20:06:06,0,0
1417,4808,10a652080060100b,1095520800000000,经营类型,10a5520800600006,10a5520800600006,,1,0,xiexinyu,2025-02-27 16:21:31,system_user,2025-03-04 20:06:06,0,0
1418,4809,10a6520800701001,1095520800000000,经营状态,10a5520800700009,10a5520800700009,正常经营，停止经营,1,0,xiexinyu,2025-02-27 16:21:31,system_user,2025-03-12 17:47:03,0,0
1419,4810,10a6520800801004,1095520800000000,结束时间,10a552080080000c,10a552080080000c,,1,0,xiexinyu,2025-02-27 16:21:32,system_user,2025-03-04 20:06:06,0,0
1420,4811,10a6520800904008,1095520800000000,社会影响,10a5520800900002,10a5520800900002,,1,0,xiexinyu,2025-02-27 16:21:32,guochengjie,2025-03-04 20:06:06,0,0
1421,4812,10a6150900901001,1095150900000007,编号,10a5150900900009,10a5150900900009,,1,0,xiexinyu,2025-02-27 16:21:32,system_user,2025-03-04 20:06:06,0,0
1422,4813,10a6150b00a0100a,1095150b00000000,编号,10a5150b00a00005,10a5150b00a00005,,1,0,xiexinyu,2025-02-27 16:21:33,system_user,2025-04-07 12:57:56,1,0
1423,4814,10a6150a00c01000,1095150a0000000a,编号,10a5150a00c00008,10a5150a00c00008,,1,0,xiexinyu,2025-02-27 16:21:33,system_user,2025-03-04 20:06:06,0,0
1424,4815,10a6240400701008,1095240400000007,编号,10a5240400700003,10a5240400700003,,1,0,xiexinyu,2025-02-27 16:21:33,system_user,2025-03-04 20:06:06,0,0
1425,4816,10a6520800a0100a,1095520800000000,编号,10a5520800a00005,10a5520800a00005,,1,0,xiexinyu,2025-02-27 16:21:34,system_user,2025-03-04 20:06:06,0,0
1426,4817,10a6140c0010100b,1095140c00000002,编号,10a5140c00100006,10a5140c00100006,,1,0,xiexinyu,2025-02-27 16:21:34,system_user,2025-03-04 20:06:06,0,0
1427,4819,10a6140c00301004,1095140c00000002,耗费时长,10a5140c0030000c,10a5140c0030000c,,1,0,xiexinyu,2025-02-27 16:21:35,system_user,2025-03-04 20:06:06,0,0
1428,4820,10a6140c00401007,1095140c00000002,感知类型,10a5140c00400002,10a5140c00400002,主动，被动,1,0,xiexinyu,2025-02-27 16:21:35,system_user,2025-03-12 17:47:25,0,0
1429,4821,10a6140c0050100a,1095140c00000002,感知方式,10a5140c00500005,10a5140c00500005,远程，接触,1,0,xiexinyu,2025-02-27 16:21:35,system_user,2025-03-12 17:47:25,0,0
1430,4822,10a6140c00601000,1095140c00000002,感知目的,10a5140c00600008,10a5140c00600008,,1,0,xiexinyu,2025-02-27 16:21:36,system_user,2025-03-04 20:06:06,0,0
1431,4823,10a6140c00701003,1095140c00000002,结果,10a5140c0070000b,10a5140c0070000b,,1,0,xiexinyu,2025-02-27 16:21:36,system_user,2025-03-04 20:06:06,0,0
1432,4824,10a6140c00801006,1095140c00000002,成本,10a5140c00800001,10a5140c00800001,,1,0,xiexinyu,2025-02-27 16:21:36,system_user,2025-03-04 20:06:06,0,0
1433,4825,10a6140c00901009,1095140c00000002,发生时间,10a5140c00900004,10a5140c00900004,,1,0,xiexinyu,2025-02-27 16:21:37,system_user,2025-03-04 20:06:06,0,0
1434,4826,10a6240500101006,109524050000000a,编号,10a5240500100001,10a5240500100001,,1,0,xiexinyu,2025-02-27 16:21:37,system_user,2025-03-04 20:06:06,0,0
1435,4828,10a624050030100c,109524050000000a,耗费时长,10a5240500300007,10a5240500300007,,1,0,xiexinyu,2025-02-27 16:21:38,system_user,2025-03-04 20:06:06,0,0
1436,4829,10a6240500401002,109524050000000a,感知类型,10a524050040000a,10a524050040000a,,1,0,xiexinyu,2025-02-27 16:21:38,system_user,2025-03-04 20:06:06,0,0
1437,4830,10a6240500501005,109524050000000a,感知方式,10a5240500500000,10a5240500500000,远程，接触,1,0,xiexinyu,2025-02-27 16:21:39,system_user,2025-03-12 17:47:25,0,0
1438,4831,10a6240500601008,109524050000000a,感知目的,10a5240500600003,10a5240500600003,数据获取，设备操作,1,0,xiexinyu,2025-02-27 16:21:39,system_user,2025-03-12 17:47:25,0,0
1439,4832,10a624050070100b,109524050000000a,结果,10a5240500700006,10a5240500700006,,1,0,xiexinyu,2025-02-27 16:21:39,system_user,2025-03-04 20:06:06,0,0
1440,4833,10a6240500801001,109524050000000a,成本,10a5240500800009,10a5240500800009,,1,0,xiexinyu,2025-02-27 16:21:39,system_user,2025-03-04 20:06:06,0,0
1441,4834,10a6240500901004,109524050000000a,发生时间,10a524050090000c,10a524050090000c,,1,0,xiexinyu,2025-02-27 16:21:40,system_user,2025-03-04 20:06:06,0,0
1442,4835,10a6550700801004,1095550700000000,申报内容,10a555070080000c,10a555070080000c,,1,0,xiexinyu,2025-02-27 16:21:40,system_user,2025-03-04 20:06:06,0,0
1443,4836,10a6150800a01001,1095150800000004,申报内容,10a5150800a00009,10a5150800a00009,,1,0,xiexinyu,2025-02-27 16:21:40,system_user,2025-03-04 20:06:06,0,0
1444,4837,10a6120500e01001,1095120500000005,结束时间,10a5120500e00009,10a5120500e00009,,1,5,xiexinyu,2025-02-27 16:21:41,system_user,2025-03-06 14:42:38,0,0
1445,4838,10a6150800b01004,1095150800000004,申报结果,10a5150800b0000c,10a5150800b0000c,,1,0,xiexinyu,2025-02-27 16:21:41,system_user,2025-03-04 20:06:06,0,0
1446,4839,10a6550700901007,1095550700000000,申报结果,10a5550700900002,10a5550700900002,,1,0,xiexinyu,2025-02-27 16:21:41,system_user,2025-03-04 20:06:06,0,0
1447,4840,106202000040600a,105102000000000c,形状,106102000040000c,106102000040000c,,1,0,xiexinyu,2025-02-27 16:21:42,qidekang,2025-03-04 20:06:06,1,0
1448,4841,1066050001b03000,1051050000000002,人员比例,1065050001b00003,1065050001b00003,,1,0,xiexinyu,2025-02-27 16:21:42,xiexinyu,2025-03-04 20:06:06,0,0
1449,4842,1066050001c0100b,1051050000000002,营业时间,1065050001c00006,1065050001c00006,,1,2,xiexinyu,2025-02-27 16:21:42,guochengjie,2025-03-06 14:42:38,0,0
1450,4843,1066030001a01003,1051030000000000,参与人数,1065030001a0000b,1065030001a0000b,,1,0,xiexinyu,2025-02-27 16:21:43,guochengjie,2025-03-04 20:06:06,0,0
1451,4844,1066030000502001,1051030000000000,限定期限,1065030000500000,1065030000500000,,1,5,qidekang,2025-02-27 16:33:03,qidekang,2025-03-06 14:42:38,0,0
1452,4845,1066030000904005,1051030000000000,目标,106503000090000c,106503000090000c,,1,5,qidekang,2025-02-27 16:34:30,guochengjie,2025-03-06 14:42:38,1,0
1453,4846,1066030000806007,1051030000000000,意义,1065030000800009,1065030000800009,,1,3,qidekang,2025-02-27 16:34:47,guochengjie,2025-03-06 14:42:38,1,0
1454,4847,1066030000807003,1051030000000000,影响,1065030000800009,1065030000800009,,1,5,qidekang,2025-02-27 16:35:07,qidekang,2025-03-06 14:42:38,1,0
1455,4848,106604000180400c,1051040000000001,容量,1065040001800006,1065040001800006,,1,5,qidekang,2025-02-27 16:38:53,guochengjie,2025-03-06 14:42:38,1,0
1456,4849,1066040001805008,1051040000000001,体积,1065040001800006,1065040001800006,,1,5,qidekang,2025-02-27 16:39:01,guochengjie,2025-03-06 14:42:38,1,0
1457,4850,106a04000030400b,1095040000000002,使用量,1069040000300005,1069040000300005,,1,1,qidekang,2025-02-27 16:52:50,guochengjie,2025-03-06 14:42:38,0,0
1458,4851,106601000140400a,105101000000000b,能力,1065010001400004,1065010001400004,,1,0,qidekang,2025-02-27 17:03:21,guochengjie,2025-03-04 20:06:06,0,0
1459,4852,1066020001506006,105102000000000c,体积,1065020001500008,1065020001500008,,1,5,qidekang,2025-02-27 17:16:11,qidekang,2025-03-06 14:42:38,0,0
1460,4853,1066020001801009,105102000000000c,形状,1065020001800004,1065020001800004,,1,0,qidekang,2025-02-27 17:19:23,guochengjie,2025-03-04 20:06:06,0,0
1461,4854,1066020001802005,105102000000000c,地域轮廓,1065020001800004,1065020001800004,,1,5,qidekang,2025-02-27 17:19:44,system_user,2025-03-06 14:42:38,0,0
1462,4855,1066020001803001,105102000000000c,外包边界,1065020001800004,1065020001800004,,1,5,qidekang,2025-02-27 17:19:53,system_user,2025-03-06 14:42:38,0,0
1463,4856,106602000180400a,105102000000000c,线路走向,1065020001800004,1065020001800004,,1,5,qidekang,2025-02-27 17:20:05,guochengjie,2025-03-06 14:42:38,0,0
1464,4857,1066020001805006,105102000000000c,途径线路,1065020001800004,1065020001800004,,1,5,qidekang,2025-02-27 17:20:13,system_user,2025-03-06 14:42:38,0,0
1465,4858,1066020001806002,105102000000000c,经纬度序列,1065020001800004,1065020001800004,,1,5,qidekang,2025-02-27 17:20:18,system_user,2025-03-06 14:42:38,0,0
1466,4859,106a010000308005,109501000000000c,非农人口数,1069010000300002,1069010000300002,,1,5,qidekang,2025-02-27 17:44:53,qidekang,2025-03-06 14:42:38,0,0
1467,4860,1066050000502003,1051050000000002,职责愿景,1065050000500002,1065050000500002,,1,0,xiexinyu,2025-02-27 17:50:00,qidekang,2025-03-04 20:06:06,1,0
1468,4861,10a6110100c01008,1095110100000005,服务状态,10a5110100c00003,10a5110100c00003,已预订，服务中，已完成，无服务等,1,0,xiexinyu,2025-02-27 17:51:35,system_user,2025-03-04 20:06:06,0,0
1469,4862,10a611020080100c,1095110200000008,冲突状态,10a5110200800007,10a5110200800007,冲突中，已结束，无冲突,1,0,xiexinyu,2025-02-27 17:51:35,system_user,2025-03-04 20:06:06,0,0
1470,4863,10a6110300901005,109511030000000b,管理状态,10a5110300900000,10a5110300900000,,1,0,xiexinyu,2025-02-27 17:51:37,system_user,2025-03-04 20:06:06,0,0
1471,4864,10a6110400a0100b,1095110400000001,协作状态,10a5110400a00006,10a5110400a00006,,1,0,xiexinyu,2025-02-27 17:51:37,system_user,2025-03-04 20:06:06,0,0
1472,4865,10a6110500b01004,1095110500000004,指导状态,10a5110500b0000c,10a5110500b0000c,,1,0,xiexinyu,2025-02-27 17:51:37,system_user,2025-03-04 20:06:06,0,0
1473,4866,10a6120100901000,1095120100000006,常驻状态,10a5120100900008,10a5120100900008,已入驻，已离开，未曾入驻,1,0,xiexinyu,2025-02-27 17:51:38,system_user,2025-03-04 20:06:06,0,0
1474,4867,10a6120200901003,1095120200000009,访问状态,10a512020090000b,10a512020090000b,,1,0,xiexinyu,2025-02-27 17:51:38,system_user,2025-03-04 20:06:06,0,0
1475,4868,10a612030060100a,109512030000000c,途经状态,10a5120300600005,10a5120300600005,,1,0,xiexinyu,2025-02-27 17:51:38,system_user,2025-03-04 20:06:06,0,0
1476,4869,10a6120400c01005,1095120400000002,建设状态,10a5120400c00000,10a5120400c00000,,1,0,xiexinyu,2025-02-27 17:51:39,system_user,2025-03-04 20:06:06,0,0
1477,4870,10a6120500a01002,1095120500000005,拥有状态,10a5120500a0000a,10a5120500a0000a,,1,0,xiexinyu,2025-02-27 17:51:39,system_user,2025-03-04 20:06:06,0,0
1478,4871,10a6120700d01004,109512070000000b,管理状态,10a5120700d0000c,10a5120700d0000c,,1,0,xiexinyu,2025-02-27 17:51:39,system_user,2025-03-04 20:06:06,0,0
1479,4872,10a6120800b01001,1095120800000001,维护状态,10a5120800b00009,10a5120800b00009,,1,0,xiexinyu,2025-02-27 17:51:40,system_user,2025-03-04 20:06:06,0,0
1480,4873,10a6130100c0100a,1095130100000007,发起状态,10a5130100c00005,10a5130100c00005,,1,0,xiexinyu,2025-02-27 17:51:40,system_user,2025-03-04 20:06:06,0,0
1481,4874,10a6130200a01007,109513020000000a,参与状态,10a5130200a00002,10a5130200a00002,,1,0,xiexinyu,2025-02-27 17:51:40,system_user,2025-03-04 20:06:06,0,0
1482,4875,10a6130300b01000,1095130300000000,处置状态,10a5130300b00008,10a5130300b00008,已处置，未处置,1,0,xiexinyu,2025-02-27 17:51:41,guochengjie,2025-03-04 20:06:06,0,0
1483,4876,10a6130400c01006,1095130400000003,监管状态,10a5130400c00001,10a5130400c00001,,1,0,xiexinyu,2025-02-27 17:51:41,system_user,2025-03-04 20:06:06,0,0
1484,4877,10a6130500701007,1095130500000006,影响状态,10a5130500700002,10a5130500700002,,1,0,xiexinyu,2025-02-27 17:51:41,system_user,2025-03-04 20:06:06,0,0
1485,4878,10a6140100b01008,1095140100000008,设计状态,10a5140100b00003,10a5140100b00003,预调研，草图设计，局部细化，完善迭代,1,0,xiexinyu,2025-02-27 17:51:42,guochengjie,2025-03-12 17:46:47,0,0
1486,4879,10a6140200b0100b,109514020000000b,制造状态,10a5140200b00006,10a5140200b00006,待开始，已完成,1,0,xiexinyu,2025-02-27 17:51:45,guochengjie,2025-03-04 20:06:06,0,0
1487,4880,10a6140300901008,1095140300000001,使用状态,10a5140300900003,10a5140300900003,,1,0,xiexinyu,2025-02-27 17:51:45,system_user,2025-03-04 20:06:06,0,0
1488,4881,10a614040090100b,1095140400000004,拥有状态,10a5140400900006,10a5140400900006,,1,0,xiexinyu,2025-02-27 17:51:46,system_user,2025-03-04 20:06:06,0,0
1489,4882,10a6140600d01003,109514060000000a,管理状态,10a5140600d0000b,10a5140600d0000b,正常，异常,1,0,xiexinyu,2025-02-27 17:51:46,guochengjie,2025-03-04 20:06:06,0,0
1490,4883,10a6140700c01003,1095140700000000,维护状态,10a5140700c0000b,10a5140700c0000b,已派单，维修中，已完成,1,0,xiexinyu,2025-02-27 17:51:47,guochengjie,2025-03-04 20:06:06,0,0
1491,4884,10a6140800801007,1095140800000003,识别状态,10a5140800800002,10a5140800800002,,1,0,xiexinyu,2025-02-27 17:51:47,system_user,2025-03-04 20:06:06,0,0
1492,4885,10a6150100a01006,1095150100000009,创立状态,10a5150100a00001,10a5150100a00001,,1,0,xiexinyu,2025-02-27 17:51:47,system_user,2025-03-04 20:06:06,0,0
1493,4886,10a6150200a01009,109515020000000c,管理状态,10a5150200a00004,10a5150200a00004,,1,0,xiexinyu,2025-02-27 17:51:51,system_user,2025-03-04 20:06:06,0,0
1494,4887,10a6150300f01001,1095150300000002,从属状态,10a5150300f00009,10a5150300f00009,在职中，已离职,1,0,xiexinyu,2025-02-27 17:51:51,guochengjie,2025-03-04 20:06:06,0,0
1495,4888,10a615040090100c,1095150400000005,授予状态,10a5150400900007,10a5150400900007,,1,0,xiexinyu,2025-02-27 17:51:51,system_user,2025-03-04 20:06:06,0,0
1496,4889,10a6150500b01008,1095150500000008,服务状态,10a5150500b00003,10a5150500b00003,,1,0,xiexinyu,2025-02-27 17:51:52,system_user,2025-03-04 20:06:06,0,0
1497,4890,10a622010070100a,1095220100000009,从属状态,10a5220100700005,10a5220100700005,,1,0,xiexinyu,2025-02-27 17:51:53,system_user,2025-03-04 20:06:06,0,0
1498,4891,10a6220200901006,109522020000000c,连接状态,10a5220200900001,10a5220200900001,,1,0,xiexinyu,2025-02-27 17:51:55,system_user,2025-03-04 20:06:06,0,0
1499,4892,10a6220300801006,1095220300000002,空间状态,10a5220300800001,10a5220300800001,,1,0,xiexinyu,2025-02-27 17:51:55,system_user,2025-03-04 20:06:06,0,0
1500,4893,10a622040090100c,1095220400000005,承载状态,10a5220400900007,10a5220400900007,,1,0,xiexinyu,2025-02-27 17:51:55,guochengjie,2025-03-04 20:06:06,1,0
1501,4894,10a6230100601008,109523010000000a,承载状态,10a5230100600003,10a5230100600003,,1,0,xiexinyu,2025-02-27 17:51:56,system_user,2025-03-04 20:06:06,0,0
1502,4895,10a6230300801007,1095230300000003,影响状态,10a5230300800002,10a5230300800002,,1,0,xiexinyu,2025-02-27 17:51:56,system_user,2025-03-04 20:06:06,0,0
1503,4896,10a6240100801002,109524010000000b,空间状态,10a524010080000a,10a524010080000a,,1,0,xiexinyu,2025-02-27 17:51:56,system_user,2025-03-04 20:06:06,0,0
1504,4897,10a6240200701002,1095240200000001,承载状态,10a524020070000a,10a524020070000a,,1,0,xiexinyu,2025-02-27 17:51:57,system_user,2025-03-04 20:06:06,0,0
1505,4898,10a6330100801004,1095330100000000,从属状态,10a533010080000c,10a533010080000c,,1,0,xiexinyu,2025-02-27 17:51:57,system_user,2025-03-04 20:06:06,0,0
1506,4899,10a6330200601001,1095330200000003,因果状态,10a5330200600009,10a5330200600009,,1,0,xiexinyu,2025-02-27 17:51:57,system_user,2025-03-04 20:06:06,0,0
1507,4900,10a6330300701007,1095330300000006,关联状态,10a5330300700002,10a5330300700002,,1,0,xiexinyu,2025-02-27 17:51:58,system_user,2025-03-04 20:06:06,0,0
1508,4901,10a634010060100c,1095340100000001,承载状态,10a5340100600007,10a5340100600007,,1,0,xiexinyu,2025-02-27 17:51:58,system_user,2025-03-04 20:06:06,0,0
1509,4902,10a6340200601002,1095340200000004,辅助状态,10a534020060000a,10a534020060000a,,1,0,xiexinyu,2025-02-27 17:51:58,system_user,2025-03-04 20:06:06,0,0
1510,4903,10a634030080100b,1095340300000007,影响状态,10a5340300800006,10a5340300800006,,1,0,xiexinyu,2025-02-27 17:51:59,system_user,2025-03-04 20:06:06,0,0
1511,4904,10a6440100801008,1095440100000004,从属状态,10a5440100800003,10a5440100800003,,1,0,xiexinyu,2025-02-27 17:51:59,system_user,2025-03-04 20:06:06,0,0
1512,4905,10a6440200b01007,1095440200000007,连接状态,10a5440200b00002,10a5440200b00002,,1,0,xiexinyu,2025-02-27 17:51:59,system_user,2025-03-04 20:06:06,0,0
1513,4906,10a6440300801001,109544030000000a,空间状态,10a5440300800009,10a5440300800009,,1,0,xiexinyu,2025-02-27 17:52:00,system_user,2025-03-04 20:06:06,0,0
1514,4907,10a6440400a0100a,1095440400000000,承载状态,10a5440400a00005,10a5440400a00005,,1,0,xiexinyu,2025-02-27 17:52:00,system_user,2025-03-04 20:06:06,0,0
1515,4908,10a6440500801007,1095440500000003,感知状态,10a5440500800002,10a5440500800002,,1,0,xiexinyu,2025-02-27 17:52:00,system_user,2025-03-04 20:06:06,0,0
1516,4909,10a6520100701006,1095520100000005,驻扎状态,10a5520100700001,10a5520100700001,,1,0,xiexinyu,2025-02-27 17:52:01,system_user,2025-03-04 20:06:06,0,0
1517,4910,10a6520200a01005,1095520200000008,建设状态,10a5520200a00000,10a5520200a00000,建设中，已完成,1,0,xiexinyu,2025-02-27 17:52:01,system_user,2025-03-04 20:06:06,0,0
1518,4911,10a6520300a01008,109552030000000b,拥有状态,10a5520300a00003,10a5520300a00003,,1,0,xiexinyu,2025-02-27 17:52:01,system_user,2025-03-04 20:06:06,0,0
1519,4912,10a6520500a01001,1095520500000004,管辖状态,10a5520500a00009,10a5520500a00009,,1,0,xiexinyu,2025-02-27 17:52:01,system_user,2025-03-04 20:06:06,0,0
1520,4913,10a6520600a01004,1095520600000007,维护状态,10a5520600a0000c,10a5520600a0000c,,1,0,xiexinyu,2025-02-27 17:52:02,system_user,2025-03-04 20:06:06,0,0
1521,4914,10a6530100a01003,1095530100000006,参与状态,10a5530100a0000b,10a5530100a0000b,,1,0,xiexinyu,2025-02-27 17:52:02,system_user,2025-03-04 20:06:06,0,0
1522,4915,10a653020070100a,1095530200000009,影响状态,10a5530200700005,10a5530200700005,,1,0,xiexinyu,2025-02-27 17:52:02,system_user,2025-03-04 20:06:06,0,0
1523,4916,10a6530300b0100c,109553030000000c,处置状态,10a5530300b00007,10a5530300b00007,举报，移交，下发，办结,1,0,xiexinyu,2025-02-27 17:52:03,system_user,2025-03-12 17:46:47,0,0
1524,4917,10a6530400c01005,1095530400000002,监管状态,10a5530400c00000,10a5530400c00000,,1,0,xiexinyu,2025-02-27 17:52:03,system_user,2025-03-04 20:06:06,0,0
1525,4918,10a6530500c01008,1095530500000005,制造状态,10a5530500c00003,10a5530500c00003,,1,0,xiexinyu,2025-02-27 17:52:03,system_user,2025-03-04 20:06:06,0,0
1526,4919,10a6540100a01004,1095540100000007,生产状态,10a5540100a0000c,10a5540100a0000c,,1,0,xiexinyu,2025-02-27 17:52:04,system_user,2025-03-04 20:06:06,0,0
1527,4920,10a6540200901004,109554020000000a,拥有状态,10a554020090000c,10a554020090000c,,1,0,xiexinyu,2025-02-27 17:52:04,system_user,2025-03-04 20:06:06,0,0
1528,4921,10a6540400a01000,1095540400000003,管理状态,10a5540400a00008,10a5540400a00008,,1,0,xiexinyu,2025-02-27 17:52:04,system_user,2025-03-04 20:06:06,0,0
1529,4922,10a6540500a01003,1095540500000006,维护状态,10a5540500a0000b,10a5540500a0000b,,1,0,xiexinyu,2025-02-27 17:52:05,system_user,2025-03-04 20:06:06,0,0
1530,4923,10a6540600b01009,1095540600000009,设计状态,10a5540600b00004,10a5540600b00004,,1,0,xiexinyu,2025-02-27 17:52:05,system_user,2025-03-04 20:06:06,0,0
1531,4924,10a6540700701000,109554070000000c,使用状态,10a5540700700008,10a5540700700008,,1,0,xiexinyu,2025-02-27 17:52:05,system_user,2025-03-04 20:06:06,0,0
1532,4925,10a6550100901002,1095550100000008,下辖状态,10a555010090000a,10a555010090000a,,1,0,xiexinyu,2025-02-27 17:52:06,system_user,2025-03-04 20:06:06,0,0
1533,4926,10a6550300901008,1095550300000001,指导状态,10a5550300900003,10a5550300900003,,1,0,xiexinyu,2025-02-27 17:52:06,system_user,2025-03-04 20:06:06,0,0
1534,4927,10a6550400b01004,1095550400000004,协作状态,10a5550400b0000c,10a5550400b0000c,,1,0,xiexinyu,2025-02-27 17:52:06,system_user,2025-03-04 20:06:06,0,0
1535,4928,10a6550500901001,1095550500000007,竞争状态,10a5550500900009,10a5550500900009,,1,0,xiexinyu,2025-02-27 17:52:07,system_user,2025-03-04 20:06:06,0,0
1536,4929,106a030000306002,1051030000000000,事件数量,1069030000300004,1069030000300004,,1,0,xiexinyu,2025-02-27 17:52:08,guochengjie,2025-03-04 20:06:06,0,0
1537,4930,106a040000305007,1051040000000001,物品数量,1069040000300005,1069040000300005,,1,0,xiexinyu,2025-02-27 17:52:08,qidekang,2025-03-04 20:06:06,1,0
1538,4931,106a05000030400c,1051050000000002,组织数量,1069050000300006,1069050000300006,,1,0,xiexinyu,2025-02-27 17:52:09,qidekang,2025-03-04 20:06:06,1,0
1539,4932,1066030001604005,1051030000000000,发生频次,106503000160000c,106503000160000c,每日，每周，每月，每年,1,0,xiexinyu,2025-02-27 17:52:13,system_user,2025-03-04 20:06:06,0,0
1540,4933,10a6140a0030100b,1095140a00000009,影响状态,10a5140a00300006,10a5140a00300006,,1,0,xiexinyu,2025-02-27 17:52:16,system_user,2025-03-04 20:06:06,0,0
1541,4934,10a6110a00701007,1095110a00000006,亲属状态,10a5110a00700002,10a5110a00700002,订婚，结婚，离异等,1,0,xiexinyu,2025-02-27 17:52:18,system_user,2025-03-12 17:47:25,0,0
1542,4935,10a6110b0070100a,1095110b00000009,朋友状态,10a5110b00700005,10a5110b00700005,,1,0,xiexinyu,2025-02-27 17:52:19,system_user,2025-03-04 20:06:06,0,0
1543,4936,10a6440600701007,1095440600000006,关联状态,10a5440600700002,10a5440600700002,,1,0,xiexinyu,2025-02-27 17:52:47,system_user,2025-03-04 20:06:06,0,0
1544,4937,10a615080090100b,1095150800000004,申报状态,10a5150800900006,10a5150800900006,,1,0,xiexinyu,2025-02-27 17:52:49,system_user,2025-03-04 20:06:06,0,0
1545,4938,10a6550700701001,1095550700000000,申报状态,10a5550700700009,10a5550700700009,,1,0,xiexinyu,2025-02-27 17:52:51,system_user,2025-03-04 20:06:06,0,0
1546,4939,10a6110c00c01002,1095110c0000000c,交易状态,10a5110c00c0000a,10a5110c00c0000a,,1,0,xiexinyu,2025-02-27 17:52:51,qidekang,2025-03-04 20:06:06,1,0
1547,4940,10a6120a00d01000,1095120a00000007,出让状态,10a5120a00d00008,10a5120a00d00008,意向购买，合同签订，权属登记，实物交割，合约到期,1,0,xiexinyu,2025-02-27 17:52:51,system_user,2025-03-12 17:47:25,0,0
1548,4941,10a6150a00a01007,1095150a0000000a,服务状态,10a5150a00a00002,10a5150a00a00002,,1,0,xiexinyu,2025-02-27 17:52:55,system_user,2025-03-04 20:06:06,0,0
1549,4942,10a6150b00801004,1095150b00000000,教育状态,10a5150b0080000c,10a5150b0080000c,,1,0,xiexinyu,2025-02-27 17:52:57,system_user,2025-04-07 12:58:01,1,0
1550,4943,10a6240400601005,1095240400000007,关联状态,10a5240400600000,10a5240400600000,,1,0,xiexinyu,2025-02-27 17:52:59,system_user,2025-03-04 20:06:06,0,0
1551,4944,10a6520800501008,1095520800000000,经营状态,10a5520800500003,10a5520800500003,,1,0,xiexinyu,2025-02-27 17:53:00,baishumeng,2025-03-04 20:06:06,1,0
1552,4945,10a6140c00201001,1095140c00000002,感知状态,10a5140c00200009,10a5140c00200009,,1,0,xiexinyu,2025-02-27 17:53:02,system_user,2025-03-04 20:06:06,0,0
1553,4946,10a6240500201009,109524050000000a,感知状态,10a5240500200004,10a5240500200004,,1,0,xiexinyu,2025-02-27 17:53:04,system_user,2025-03-04 20:06:06,0,0
1554,4947,1066040001c0100a,1051040000000001,过期时间,1065040001c00005,1065040001c00005,,1,0,qidekang,2025-02-27 18:14:19,guochengjie,2025-03-04 20:06:06,0,0
1555,4948,1066040001c02006,1051040000000001,存活时长,1065040001c00005,1065040001c00005,,1,5,qidekang,2025-02-27 18:14:36,guochengjie,2025-03-06 14:42:38,1,0
1556,4949,1066040000f05007,1051040000000001,销毁时间,1065040000f00005,1065040000f00005,,1,5,qidekang,2025-02-27 18:14:59,guochengjie,2025-03-06 14:42:38,1,0
1557,4950,106601000210400a,105101000000000b,从业时长,1065010002100004,1065010002100004,,1,5,guochengjie,2025-02-27 18:29:22,system_user,2025-03-06 14:42:38,0,0
1558,4951,1066050000407006,1051050000000002,家庭类型,106505000040000c,106505000040000c,普通家庭，优抚家庭，低保家庭等,1,5,qidekang,2025-02-27 18:29:35,qidekang,2025-03-06 14:42:38,0,0
1559,4952,1066030000604009,1051030000000000,活动类型,1065030000600003,1065030000600003,,1,5,guochengjie,2025-02-27 18:29:53,system_user,2025-03-06 14:42:38,0,0
1560,4953,10a615030110300c,1095150300000002,试用期开始时间,10a5150301100002,10a5150301100002,,1,5,guochengjie,2025-02-27 18:30:18,guochengjie,2025-03-06 14:42:38,1,0
1561,4954,10a6150301104008,1095150300000002,合同起始日期,10a5150301100002,10a5150301100002,,1,5,guochengjie,2025-02-27 18:30:26,guochengjie,2025-03-06 14:42:38,1,0
1562,4955,10a6150301105004,1095150300000002,合同续签时间,10a5150301100002,10a5150301100002,,1,5,guochengjie,2025-02-27 18:30:32,guochengjie,2025-03-06 14:42:38,1,0
1563,4956,10a6150301106000,1095150300000002,招聘时间,10a5150301100002,10a5150301100002,,1,5,guochengjie,2025-02-27 18:30:38,xiexinyu,2025-03-06 14:42:38,0,0
1564,4957,1066030000404003,1051030000000000,登记时间,106503000040000a,106503000040000a,,1,5,guochengjie,2025-02-27 18:30:59,system_user,2025-03-06 14:42:38,0,0
1565,4958,106603000040500c,1051030000000000,报道时间,106503000040000a,106503000040000a,,1,5,guochengjie,2025-02-27 18:31:14,system_user,2025-03-06 14:42:38,0,0
1566,4959,10a6110100a03007,1095110100000005,年龄限制,10a5110100a0000a,10a5110100a0000a,,1,5,guochengjie,2025-02-27 18:31:54,guochengjie,2025-03-06 14:42:38,1,0
1567,4960,10a6110100a04003,1095110100000005,年龄限制,10a5110100a0000a,10a5110100a0000a,,1,5,guochengjie,2025-02-27 18:32:39,system_user,2025-03-06 14:42:38,0,0
1568,4961,10a6110100a0500c,1095110100000005,资质需求,10a5110100a0000a,10a5110100a0000a,,1,5,guochengjie,2025-02-27 18:32:51,system_user,2025-03-06 14:42:38,0,0
1569,4962,10a6110100a06008,1095110100000005,技能要求,10a5110100a0000a,10a5110100a0000a,,1,5,guochengjie,2025-02-27 18:32:57,system_user,2025-03-06 14:42:38,0,0
1570,4963,10a6110100a07004,1095110100000005,经验要求,10a5110100a0000a,10a5110100a0000a,,1,5,guochengjie,2025-02-27 18:33:01,system_user,2025-03-06 14:42:38,0,0
1571,4964,10a6110100a08000,1095110100000005,学历要求,10a5110100a0000a,10a5110100a0000a,,1,5,guochengjie,2025-02-27 18:33:06,system_user,2025-03-06 14:42:38,0,0
1572,4965,10a613020070400c,109513020000000a,获得奖项,10a5130200700006,10a5130200700006,,1,5,guochengjie,2025-02-27 18:34:59,system_user,2025-03-06 14:42:38,0,0
1573,4966,10a6130200705008,109513020000000a,最终得分,10a5130200700006,10a5130200700006,,1,5,guochengjie,2025-02-27 18:35:10,guochengjie,2025-03-06 14:42:38,1,0
1574,4967,10a6130200706004,109513020000000a,评选结果,10a5130200700006,10a5130200700006,,1,5,guochengjie,2025-02-27 18:35:27,guochengjie,2025-03-06 14:42:38,1,0
1575,4968,1066010002505005,105101000000000b,个人成就,1065010002500003,1065010002500003,,1,5,guochengjie,2025-02-27 18:37:31,guochengjie,2025-03-06 14:42:38,0,0
1576,4969,1066010002506001,105101000000000b,荣誉奖励,1065010002500003,1065010002500003,,1,5,guochengjie,2025-02-27 18:37:40,guochengjie,2025-03-06 14:42:38,1,0
1577,4970,106601000250700a,105101000000000b,培训经历,1065010002500003,1065010002500003,,1,5,guochengjie,2025-02-27 18:37:47,system_user,2025-03-06 14:42:38,0,0
1578,4971,1066020000204009,105102000000000c,房屋编号,1065020000200003,1065020000200003,,1,5,guochengjie,2025-02-27 18:38:08,guochengjie,2025-03-06 14:42:38,1,0
1579,4972,1066020000205005,105102000000000c,楼栋编号,1065020000200003,1065020000200003,,1,5,guochengjie,2025-02-27 18:38:24,guochengjie,2025-03-06 14:42:38,1,0
1580,4973,1066020000206001,105102000000000c,车位编号,1065020000200003,1065020000200003,,1,5,guochengjie,2025-02-27 18:38:28,guochengjie,2025-03-06 14:42:38,1,0
1581,4974,106602000020700a,105102000000000c,路径编号,1065020000200003,1065020000200003,,1,5,guochengjie,2025-02-27 18:39:05,guochengjie,2025-03-06 14:42:38,0,0
1582,4975,1066010001405006,105101000000000b,专业能力,1065010001400004,1065010001400004,,1,5,guochengjie,2025-02-27 18:41:04,qidekang,2025-03-06 14:42:38,1,0
1583,4976,1066010001406002,105101000000000b,沟通能力,1065010001400004,1065010001400004,,1,5,guochengjie,2025-02-27 18:41:08,qidekang,2025-03-06 14:42:38,1,0
1584,4977,106601000140700b,105101000000000b,生活能力,1065010001400004,1065010001400004,,1,5,guochengjie,2025-02-27 18:41:15,qidekang,2025-03-06 14:42:38,1,0
1585,4978,1066010001408007,105101000000000b,技能,1065010001400004,1065010001400004,,1,5,qidekang,2025-02-27 18:41:24,guochengjie,2025-03-06 14:42:38,0,0
1586,4979,1066010001409003,105101000000000b,智力水平,1065010001400004,1065010001400004,,1,5,guochengjie,2025-02-27 18:41:35,qidekang,2025-03-06 14:42:38,1,0
1587,4980,106603000080800c,1051030000000000,审核结果,1065030000800009,1065030000800009,,1,5,guochengjie,2025-02-27 18:42:02,guochengjie,2025-03-06 14:42:38,1,0
1588,4981,1066030000809008,1051030000000000,处理结果,1065030000800009,1065030000800009,,1,5,guochengjie,2025-02-27 18:42:14,guochengjie,2025-03-06 14:42:38,1,0
1589,4982,10a6150300404008,1095150300000002,业绩情况,10a5150300400002,10a5150300400002,,1,5,guochengjie,2025-02-27 18:43:04,guochengjie,2025-03-06 14:42:38,0,0
1590,4983,10a6150300902005,1095150300000002,雇佣方式,10a5150300900004,10a5150300900004,劳务合同，劳务派遣，项目雇佣，实习生，退休返聘,1,5,guochengjie,2025-02-27 18:48:16,guochengjie,2025-03-06 14:42:38,0,0
1591,4984,10a6150300903001,1095150300000002,招聘方式,10a5150300900004,10a5150300900004,校园招聘，社会招聘，内部推荐，猎头引进，竞聘上岗,1,5,guochengjie,2025-02-27 18:48:22,qidekang,2025-03-06 14:42:38,1,0
1592,4985,10a615030090400a,1095150300000002,用工形式,10a5150300900004,10a5150300900004,全日制用工，非全日制用工，远程办公，共享员工，平台型用工,1,5,guochengjie,2025-02-27 18:51:15,guochengjie,2025-03-06 14:42:38,0,0
1593,4986,1066020000208006,105102000000000c,地点编号,1065020000200003,1065020000200003,,1,3,guochengjie,2025-02-27 18:53:07,guochengjie,2025-03-06 14:42:38,0,0
1594,4987,1066020000209002,105102000000000c,区域编号,1065020000200003,1065020000200003,,1,2,guochengjie,2025-02-27 18:53:12,guochengjie,2025-03-06 14:42:38,0,0
1595,4988,106602000020a00b,105102000000000c,建筑体编号,1065020000200003,1065020000200003,,1,5,guochengjie,2025-02-27 18:53:18,guochengjie,2025-03-06 14:42:38,1,0
1596,4989,10a6150300905006,1095150300000002,入学方式,10a5150300900004,10a5150300900004,,1,5,qidekang,2025-02-28 01:18:06,xiexinyu,2025-03-06 14:42:38,0,0
1597,4990,10a6150301602005,1095150300000002,学制类型,10a5150301600004,10a5150301600004,全日制，非全日制,1,5,qidekang,2025-02-28 01:19:27,qidekang,2025-03-06 14:42:38,0,0
1598,4991,10a6150301302009,1095150300000002,离校原因,10a5150301300008,10a5150301300008,,1,5,guochengjie,2025-02-28 01:28:43,system_user,2025-03-06 14:42:38,0,0
1599,4992,10a615030070200c,1095150300000002,教育层次,10a515030070000b,10a515030070000b,小学，初中，高中，本专科，研究生,1,5,guochengjie,2025-02-28 01:29:24,guochengjie,2025-03-06 14:42:38,0,0
1600,4993,10a6150300e02007,1095150300000002,就读年限,10a5150300e00006,10a5150300e00006,,1,5,guochengjie,2025-02-28 01:34:20,qidekang,2025-03-06 14:42:38,0,0
1601,4994,10a6150300602009,1095150300000002,学生义务,10a5150300600008,10a5150300600008,,1,5,guochengjie,2025-02-28 01:35:58,guochengjie,2025-03-06 14:42:38,0,0
1602,4995,10a6150300405004,1095150300000002,学业成绩,10a5150300400002,10a5150300400002,,1,5,guochengjie,2025-02-28 01:36:59,guochengjie,2025-03-06 14:42:38,0,0
1603,4996,10a6150300805003,1095150300000002,奖学金,10a5150300800001,10a5150300800001,,1,5,guochengjie,2025-02-28 01:37:40,guochengjie,2025-03-06 14:42:38,1,0
1604,4997,10a6150300d02004,1095150300000002,年龄要求,10a5150300d00003,10a5150300d00003,,1,5,guochengjie,2025-02-28 01:51:34,guochengjie,2025-03-06 14:42:38,0,0
1605,4998,10a6150300d03000,1095150300000002,政治面貌要求,10a5150300d00003,10a5150300d00003,,1,5,guochengjie,2025-02-28 01:51:54,guochengjie,2025-03-06 14:42:38,0,0
1606,4999,10a6150300d04009,1095150300000002,身体情况要求,10a5150300d00003,10a5150300d00003,,1,5,guochengjie,2025-02-28 01:52:01,system_user,2025-03-06 14:42:38,0,0
1607,5000,10a6150300d05005,1095150300000002,从业年限要求,10a5150300d00003,10a5150300d00003,,1,5,guochengjie,2025-02-28 01:52:12,system_user,2025-03-06 14:42:38,0,0
1608,5001,10a6150300d06001,1095150300000002,技能水平要求,10a5150300d00003,10a5150300d00003,,1,5,guochengjie,2025-02-28 01:52:18,system_user,2025-03-06 14:42:38,0,0
1609,5002,10a6150300d0700a,1095150300000002,入学要求,10a5150300d00003,10a5150300d00003,,1,5,guochengjie,2025-02-28 01:56:14,system_user,2025-03-06 14:42:38,0,0
1610,5003,10a6150300502006,1095150300000002,学生身份,10a5150300500005,10a5150300500005,,1,5,guochengjie,2025-02-28 01:59:46,system_user,2025-03-06 14:42:38,0,0
1611,5004,10a6150300503002,1095150300000002,家庭身份,10a5150300500005,10a5150300500005,,1,5,guochengjie,2025-02-28 01:59:53,xiexinyu,2025-03-06 14:42:38,0,0
1612,5005,10a6150301202006,1095150300000002,学习时间,10a5150301200005,10a5150301200005,,1,5,guochengjie,2025-02-28 02:01:32,guochengjie,2025-03-06 14:42:38,0,0
1613,5006,10a6150301603001,1095150300000002,家庭成员类型,10a5150301600004,10a5150301600004,,1,5,guochengjie,2025-02-28 02:02:31,guochengjie,2025-03-06 14:42:38,1,0
1614,5007,10a6110200a02001,1095110200000008,冲突起始时间,10a5110200a00000,10a5110200a00000,,1,5,qidekang,2025-02-28 02:17:17,qidekang,2025-03-06 14:42:38,0,0
1615,5008,10a6110200a0300a,1095110200000008,冲突终止时间,10a5110200a00000,10a5110200a00000,,1,5,qidekang,2025-02-28 02:17:25,system_user,2025-03-06 14:42:38,0,0
1616,5009,10a6110100f02000,1095110100000005,服务起始时间,10a5110100f0000c,10a5110100f0000c,,1,5,qidekang,2025-02-28 02:18:06,system_user,2025-03-06 14:42:38,0,0
1617,5010,10a6110100f03009,1095110100000005,服务终止时间,10a5110100f0000c,10a5110100f0000c,,1,5,qidekang,2025-02-28 02:18:12,system_user,2025-03-06 14:42:38,0,0
1618,5011,10a6110c00202007,1095110c0000000c,合规类型,10a5110c00200006,10a5110c00200006,,1,5,guochengjie,2025-02-28 02:27:59,guochengjie,2025-03-06 14:42:38,1,0
1619,5012,10a6110c00602006,1095110c0000000c,谈判成本,10a5110c00600005,10a5110c00600005,,1,1,guochengjie,2025-02-28 02:31:28,guochengjie,2025-03-06 14:42:38,0,0
1620,5013,10a6110c00603002,1095110c0000000c,渠道成本,10a5110c00600005,10a5110c00600005,,1,2,guochengjie,2025-02-28 02:31:34,guochengjie,2025-03-06 14:42:38,0,0
1621,5014,10a6110c0060400b,1095110c0000000c,执行成本,10a5110c00600005,10a5110c00600005,,1,3,guochengjie,2025-02-28 02:31:52,baishumeng,2025-03-06 14:42:38,1,0
1622,5015,10a6110c00902002,1095110c0000000c,执行时间,10a5110c00900001,10a5110c00900001,,1,5,guochengjie,2025-02-28 02:32:58,system_user,2025-03-06 14:42:38,0,0
1623,5016,10a6110c00a02005,1095110c0000000c,交割时间,10a5110c00a00004,10a5110c00a00004,,1,5,guochengjie,2025-02-28 02:34:20,system_user,2025-03-06 14:42:38,0,0
1624,5017,10a6140400d02006,1095140400000004,有效期限,10a5140400d00005,10a5140400d00005,,1,5,qidekang,2025-02-28 02:45:40,system_user,2025-03-06 14:42:38,0,0
1625,5018,1066030000905001,1051030000000000,变化原因,106503000090000c,106503000090000c,,1,2,guochengjie,2025-02-28 03:05:12,guochengjie,2025-03-06 14:42:38,0,0
1626,5019,106603000090600a,1051030000000000,主要原因,106503000090000c,106503000090000c,,1,3,guochengjie,2025-02-28 03:05:23,guochengjie,2025-03-06 14:42:38,0,0
1627,5020,1066030000907006,1051030000000000,次要原因,106503000090000c,106503000090000c,,1,4,guochengjie,2025-02-28 03:05:29,guochengjie,2025-03-06 14:42:38,0,0
1628,5021,1066030000908002,1051030000000000,间接原因,106503000090000c,106503000090000c,,1,5,guochengjie,2025-02-28 03:05:33,system_user,2025-03-06 14:42:38,0,0
1629,5022,106603000090900b,1051030000000000,直接原因,106503000090000c,106503000090000c,,1,6,guochengjie,2025-02-28 03:05:39,guochengjie,2025-03-06 14:42:38,0,0
1630,5023,1066050001504004,1051050000000002,经营业态,106505000150000b,106505000150000b,,1,5,guochengjie,2025-02-28 03:06:17,system_user,2025-03-06 14:42:38,0,0
1631,5024,1066050001505000,1051050000000002,营业形式,106505000150000b,106505000150000b,,1,5,guochengjie,2025-02-28 03:06:48,system_user,2025-03-06 14:42:38,0,0
1632,5025,1066010001a04002,105101000000000b,个人低保金,1065010001a00009,1065010001a00009,,1,1,guochengjie,2025-02-28 03:07:07,guochengjie,2025-03-06 14:42:38,0,0
1633,5026,1066010001a0500b,105101000000000b,工资性收入,1065010001a00009,1065010001a00009,,1,2,guochengjie,2025-02-28 03:07:14,guochengjie,2025-03-06 14:42:38,0,0
1634,5027,1066010001a06007,105101000000000b,经营性收入,1065010001a00009,1065010001a00009,,1,3,guochengjie,2025-02-28 03:07:25,guochengjie,2025-03-06 14:42:38,0,0
1635,5028,1066010001a07003,105101000000000b,偶然所得,1065010001a00009,1065010001a00009,,1,4,guochengjie,2025-02-28 03:07:41,guochengjie,2025-03-06 14:42:38,0,0
1636,5029,1066010001a0800c,105101000000000b,财产性收入,1065010001a00009,1065010001a00009,,1,5,guochengjie,2025-02-28 03:08:02,system_user,2025-03-06 14:42:38,0,0
1637,5030,10a6130200504006,109513020000000a,注册费,10a5130200500000,10a5130200500000,,1,5,guochengjie,2025-02-28 03:08:24,system_user,2025-03-06 14:42:38,0,0
1638,5031,10a6130200505002,109513020000000a,材料费,10a5130200500000,10a5130200500000,,1,5,guochengjie,2025-02-28 03:08:29,guochengjie,2025-03-06 14:42:38,1,0
1639,5032,10a613020050600b,109513020000000a,交通成本,10a5130200500000,10a5130200500000,,1,5,guochengjie,2025-02-28 03:08:42,guochengjie,2025-03-06 14:42:38,0,0
1640,5033,10a615030010400c,1095150300000002,档案号,10a5150300100006,10a5150300100006,,1,5,guochengjie,2025-02-28 03:09:27,system_user,2025-03-06 14:42:38,0,0
1641,5034,106605000070500a,1051050000000002,全职员工数,1065050000700008,1065050000700008,,1,5,guochengjie,2025-02-28 03:11:11,guochengjie,2025-03-06 14:42:38,1,0
1642,5035,10a652080040600b,1095520800000000,进出口指标,10a5520800400000,10a5520800400000,,1,5,guochengjie,2025-02-28 03:12:48,system_user,2025-03-06 14:42:38,0,0
1643,5036,10a6520800407007,1095520800000000,经济总量指标,10a5520800400000,10a5520800400000,,1,5,guochengjie,2025-02-28 03:12:57,system_user,2025-03-06 14:42:38,0,0
1644,5037,106604000020700c,1051040000000001,合同编号,1065040000200005,1065040000200005,,1,3,guochengjie,2025-02-28 03:13:21,guochengjie,2025-03-06 14:42:38,0,0
1645,5038,1066040000208008,1051040000000001,发票编号,1065040000200005,1065040000200005,,1,5,guochengjie,2025-02-28 03:13:39,baishumeng,2025-03-06 14:42:38,1,0
1646,5039,1066040000209004,1051040000000001,产品编号,1065040000200005,1065040000200005,,1,4,guochengjie,2025-02-28 03:13:53,guochengjie,2025-03-06 14:42:38,0,0
1647,5040,106604000020a000,1051040000000001,批次编号,1065040000200005,1065040000200005,,1,5,guochengjie,2025-02-28 03:14:06,guochengjie,2025-03-06 14:42:38,1,0
1648,5041,10a6150300b0500c,1095150300000002,医疗福利,10a5150300b0000a,10a5150300b0000a,,1,5,guochengjie,2025-02-28 03:14:33,system_user,2025-03-06 14:42:38,0,0
1649,5042,10a6150300b06008,1095150300000002,假期,10a5150300b0000a,10a5150300b0000a,,1,5,guochengjie,2025-02-28 03:15:01,system_user,2025-03-06 14:42:38,0,0
1650,5043,10a6150300b07004,1095150300000002,节日福利,10a5150300b0000a,10a5150300b0000a,,1,5,guochengjie,2025-02-28 03:15:13,system_user,2025-03-06 14:42:38,0,0
1651,5044,1066050000b04000,1051050000000002,秘书,1065050000b00007,1065050000b00007,,1,5,guochengjie,2025-02-28 03:15:40,system_user,2025-03-06 14:42:38,0,0
1652,5045,1066050000b05009,1051050000000002,代表,1065050000b00007,1065050000b00007,,1,5,guochengjie,2025-02-28 03:15:44,system_user,2025-03-06 14:42:38,0,0
1653,5046,1066050000b06005,1051050000000002,客服代表,1065050000b00007,1065050000b00007,,1,5,guochengjie,2025-02-28 03:15:55,guochengjie,2025-03-06 14:42:38,1,0
1654,5047,1066050000b07001,1051050000000002,联络官,1065050000b00007,1065050000b00007,,1,5,guochengjie,2025-02-28 03:16:02,guochengjie,2025-03-06 14:42:38,1,0
1655,5048,106a03000030700b,1095030000000001,未完成数量,1069030000300004,1069030000300004,,1,5,guochengjie,2025-02-28 03:19:21,system_user,2025-03-06 14:42:38,0,0
1656,5049,106a030000308007,1095030000000001,完成数量,1069030000300004,1069030000300004,,1,5,guochengjie,2025-02-28 03:19:27,system_user,2025-03-06 14:42:38,0,0
1657,5050,106a030000309003,1095030000000001,成功数量,1069030000300004,1069030000300004,,1,5,guochengjie,2025-02-28 03:19:33,system_user,2025-03-06 14:42:38,0,0
1658,5051,106a03000030a00c,1095030000000001,失败数量,1069030000300004,1069030000300004,,1,5,guochengjie,2025-02-28 03:19:39,system_user,2025-03-06 14:42:38,0,0
1659,5052,106a03000030b008,1095030000000001,成功率,1069030000300004,1069030000300004,,1,5,guochengjie,2025-02-28 03:19:45,guochengjie,2025-03-06 14:42:38,1,0
1660,5053,106603000080a004,1051030000000000,成功率,1065030000800009,1065030000800009,,1,3,guochengjie,2025-02-28 03:20:09,guochengjie,2025-03-06 14:42:38,0,0
1661,5054,106603000080b000,1051030000000000,失败率,1065030000800009,1065030000800009,,1,4,guochengjie,2025-02-28 03:20:14,guochengjie,2025-03-06 14:42:38,0,0
1662,5055,10a6130400702000,1095130400000003,监管结果,10a513040070000c,10a513040070000c,,1,0,xiexinyu,2025-02-28 08:37:52,xiexinyu,2025-03-04 20:06:06,0,0
1663,5056,10a6140300802001,1095140300000001,熟练程度,10a5140300800000,10a5140300800000,专业，熟练，不熟练,1,0,xiexinyu,2025-02-28 08:37:57,xiexinyu,2025-03-04 20:06:06,0,0
1664,5057,10a614040060200b,1095140400000004,持有成本,10a514040060000a,10a514040060000a,,1,0,xiexinyu,2025-02-28 08:37:58,xiexinyu,2025-03-04 20:06:06,0,0
1665,5058,10a6140700402001,1095140700000000,维护类型,10a5140700400000,10a5140700400000,修理，维护，更换，安装，拆卸,1,0,xiexinyu,2025-02-28 08:38:03,xiexinyu,2025-03-12 17:46:47,0,0
1666,5059,10a6140700502004,1095140700000000,维护成本,10a5140700500003,10a5140700500003,,1,0,xiexinyu,2025-02-28 08:38:03,xiexinyu,2025-03-04 20:06:06,0,0
1667,5060,10a6150300303009,1095150300000002,终止时间,10a515030030000c,10a515030030000c,,1,0,xiexinyu,2025-02-28 08:38:10,xiexinyu,2025-03-04 20:06:06,0,0
1668,5061,10a6150300406000,1095150300000002,个人表现,10a5150300400002,10a5150300400002,,1,0,xiexinyu,2025-02-28 08:38:10,xiexinyu,2025-03-04 20:06:06,0,0
1669,5062,10a615030050400b,1095150300000002,成员身份,10a5150300500005,10a5150300500005,,1,0,xiexinyu,2025-02-28 08:38:11,xiexinyu,2025-03-04 20:06:06,0,0
1670,5063,10a6150300603005,1095150300000002,职责,10a5150300600008,10a5150300600008,,1,0,xiexinyu,2025-02-28 08:38:11,xiexinyu,2025-03-04 20:06:06,0,0
1671,5064,10a6150300703008,1095150300000002,级别,10a515030070000b,10a515030070000b,员工级别，教育层次,1,0,xiexinyu,2025-02-28 08:38:12,xiexinyu,2025-03-04 20:06:06,0,0
1672,5065,10a6150300906002,1095150300000002,加入方式,10a5150300900004,10a5150300900004,,1,0,xiexinyu,2025-02-28 08:38:12,xiexinyu,2025-03-04 20:06:06,0,0
1673,5066,10a6150300d08006,1095150300000002,准入条件,10a5150300d00003,10a5150300d00003,任职要求，入学要求,1,0,xiexinyu,2025-02-28 08:38:13,xiexinyu,2025-03-04 20:06:06,0,0
1674,5067,10a6150400205001,1095150400000005,有效时长,10a515040020000c,10a515040020000c,,1,0,xiexinyu,2025-02-28 08:38:14,xiexinyu,2025-03-04 20:06:06,0,0
1675,5068,10a6150500205004,1095150500000008,服务时长（待删除）,10a5150500200002,10a5150500200002,,1,0,xiexinyu,2025-02-28 08:38:15,baishumeng,2025-03-04 20:06:06,0,0
1676,5069,10a6150500302006,1095150500000008,终止时间,10a5150500300005,10a5150500300005,,1,0,xiexinyu,2025-02-28 08:38:15,xiexinyu,2025-03-04 20:06:06,0,0
1677,5070,10a6150500602002,1095150500000008,服务要求,10a5150500600001,10a5150500600001,年龄，政治面貌，身体情况，专业技能,1,0,xiexinyu,2025-02-28 08:38:16,xiexinyu,2025-03-12 17:46:47,0,0
1678,5071,10a6150500802008,1095150500000008,服务强度,10a5150500800007,10a5150500800007,10小时每天，不少于6个月每年,1,0,xiexinyu,2025-02-28 08:38:17,xiexinyu,2025-03-12 17:46:47,0,0
1679,5072,10a6150300e03003,1095150300000002,从属时长,10a5150300e00006,10a5150300e00006,,1,0,xiexinyu,2025-02-28 08:39:37,xiexinyu,2025-03-04 20:06:06,0,0
1680,5073,10a6150301003009,1095150300000002,终止方式,10a515030100000c,10a515030100000c,,1,0,xiexinyu,2025-02-28 08:41:10,xiexinyu,2025-03-04 20:06:06,0,0
1681,5074,10a6150301107009,1095150300000002,起始时间,10a5150301100002,10a5150301100002,,1,0,xiexinyu,2025-02-28 08:41:12,xiexinyu,2025-03-04 20:06:06,0,0
1682,5075,10a6150500c02007,1095150500000008,起始时间,10a5150500c00006,10a5150500c00006,,1,0,xiexinyu,2025-02-28 08:41:12,xiexinyu,2025-03-04 20:06:06,0,0
1683,5076,10a6110c00702009,1095110c0000000c,交易状态,10a5110c00700008,10a5110c00700008,合同签订，权属登记，实物交割，合约到期,1,0,xiexinyu,2025-02-28 08:41:24,system_user,2025-03-12 17:47:25,0,0
1684,5077,10a6110c0090300b,1095110c0000000c,交易时间,10a5110c00900001,10a5110c00900001,,1,0,xiexinyu,2025-02-28 08:41:24,xiexinyu,2025-03-04 20:06:06,0,0
1685,5078,10a615070070200b,1095150700000001,交易状态,10a515070070000a,10a515070070000a,合同签订，权属登记，实物交割，合约到期,1,0,xiexinyu,2025-02-28 08:41:33,xiexinyu,2025-03-12 17:47:25,0,0
1686,5079,10a6120500c02004,1095120500000005,起始时间,10a5120500c00003,10a5120500c00003,,1,0,xiexinyu,2025-02-28 08:41:36,xiexinyu,2025-03-04 20:06:06,0,0
1687,5080,10a6130400e02008,1095130400000003,起始时间,10a5130400e00007,10a5130400e00007,,1,0,xiexinyu,2025-02-28 08:41:38,xiexinyu,2025-03-04 20:06:06,0,0
1688,5081,10a6150301203002,1095150300000002,出勤时间,10a5150301200005,10a5150301200005,,1,0,xiexinyu,2025-02-28 08:41:40,xiexinyu,2025-03-04 20:06:06,0,0
1689,5082,10a6150500d0200a,1095150500000008,服务时长,10a5150500d00009,10a5150500d00009,咨询时长，志愿时长,1,0,xiexinyu,2025-02-28 08:41:41,xiexinyu,2025-03-04 20:06:06,0,0
1690,5083,10a6120500d02007,1095120500000005,持有成本,10a5120500d00006,10a5120500d00006,,1,0,xiexinyu,2025-02-28 08:41:50,system_user,2025-03-04 20:06:06,0,0
1691,5084,10a6150301303005,1095150300000002,终止原因,10a5150301300008,10a5150301300008,,1,0,xiexinyu,2025-02-28 08:41:51,xiexinyu,2025-03-04 20:06:06,0,0
1692,5085,10a615030160400a,1095150300000002,从属类型,10a5150301600004,10a5150301600004,,1,0,xiexinyu,2025-02-28 08:41:55,xiexinyu,2025-03-04 20:06:06,0,0
1693,5086,10a6150400d02007,1095150400000005,授予类型,10a5150400d00006,10a5150400d00006,现金，股票，职级晋升，社会褒奖，权威头衔,1,0,xiexinyu,2025-02-28 08:42:08,baishumeng,2025-03-12 17:46:47,0,0
1694,5087,10a6120500e0200a,1095120500000005,终止时间,10a5120500e00009,10a5120500e00009,,1,0,xiexinyu,2025-02-28 08:42:16,xiexinyu,2025-03-04 20:06:06,0,0
1695,5088,10a6110d0010100b,1095110d00000002,编号,10a5110d00100006,10a5110d00100006,,1,0,xiexinyu,2025-02-28 08:42:17,system_user,2025-03-04 20:06:06,0,0
1696,5089,10a6110d00201001,1095110d00000002,评价类型,10a5110d00200009,10a5110d00200009,,1,0,xiexinyu,2025-02-28 08:42:18,system_user,2025-03-04 20:06:06,0,0
1697,5090,10a6110d00301004,1095110d00000002,评价状态,10a5110d0030000c,10a5110d0030000c,,1,0,xiexinyu,2025-02-28 08:42:18,system_user,2025-03-04 20:06:06,0,0
1698,5091,10a6110d00401007,1095110d00000002,评价结果,10a5110d00400002,10a5110d00400002,,1,0,xiexinyu,2025-02-28 08:42:18,system_user,2025-03-04 20:06:06,0,0
1699,5092,10a6110d0050100a,1095110d00000002,评价内容,10a5110d00500005,10a5110d00500005,质量高，态度好，效率高，质量低，态度差，效率低,1,0,xiexinyu,2025-02-28 08:42:19,system_user,2025-03-12 17:46:47,0,0
1700,5093,10a6110d00601000,1095110d00000002,评价可信度,10a5110d00600008,10a5110d00600008,,1,0,xiexinyu,2025-02-28 08:42:19,guochengjie,2025-03-04 20:06:06,1,0
1701,5094,10a6110d00701003,1095110d00000002,评价维度,10a5110d0070000b,10a5110d0070000b,,1,0,xiexinyu,2025-02-28 08:42:20,system_user,2025-03-04 20:06:06,0,0
1702,5095,10a6110d00801006,1095110d00000002,评价依据,10a5110d00800001,10a5110d00800001,,1,0,xiexinyu,2025-02-28 08:42:20,system_user,2025-03-04 20:06:06,0,0
1703,5096,10a6110d00901009,1095110d00000002,评价影响,10a5110d00900004,10a5110d00900004,,1,0,xiexinyu,2025-02-28 08:42:21,system_user,2025-03-04 20:06:06,0,0
1704,5097,10a6110d00a0100c,1095110d00000002,评价原因,10a5110d00a00007,10a5110d00a00007,,1,0,xiexinyu,2025-02-28 08:42:21,system_user,2025-03-04 20:06:06,0,0
1705,5098,10a6150c0010100c,1095150c00000003,编号,10a5150c00100007,10a5150c00100007,,1,0,xiexinyu,2025-02-28 08:42:21,system_user,2025-03-04 20:06:06,0,0
1706,5099,10a6150c00201002,1095150c00000003,评价时间,10a5150c0020000a,10a5150c0020000a,,1,0,xiexinyu,2025-02-28 08:42:22,system_user,2025-03-04 20:06:06,0,0
1707,5100,10a6150c00301005,1095150c00000003,评价类型,10a5150c00300000,10a5150c00300000,,1,0,xiexinyu,2025-02-28 08:42:23,system_user,2025-03-04 20:06:06,0,0
1708,5101,10a6150c00401008,1095150c00000003,评价状态,10a5150c00400003,10a5150c00400003,,1,0,xiexinyu,2025-02-28 08:42:23,system_user,2025-03-04 20:06:06,0,0
1709,5102,10a6150c0050100b,1095150c00000003,评价结果,10a5150c00500006,10a5150c00500006,,1,0,xiexinyu,2025-02-28 08:42:25,system_user,2025-03-04 20:06:06,0,0
1710,5103,10a6150c00601001,1095150c00000003,评价内容,10a5150c00600009,10a5150c00600009,,1,0,xiexinyu,2025-02-28 08:42:27,system_user,2025-03-04 20:06:06,0,0
1711,5104,10a6150c00701004,1095150c00000003,评价可信度,10a5150c0070000c,10a5150c0070000c,,1,0,xiexinyu,2025-02-28 08:42:29,guochengjie,2025-03-04 20:06:06,1,0
1712,5105,10a6150c00801007,1095150c00000003,评价维度,10a5150c00800002,10a5150c00800002,,1,0,xiexinyu,2025-02-28 08:42:30,system_user,2025-03-04 20:06:06,0,0
1713,5106,10a6150c0090100a,1095150c00000003,评价依据,10a5150c00900005,10a5150c00900005,,1,0,xiexinyu,2025-02-28 08:42:31,system_user,2025-03-04 20:06:06,0,0
1714,5107,10a6150c00a01000,1095150c00000003,评价影响,10a5150c00a00008,10a5150c00a00008,,1,0,xiexinyu,2025-02-28 08:42:31,system_user,2025-03-04 20:06:06,0,0
1715,5108,10a6150c00b01003,1095150c00000003,评价原因,10a5150c00b0000b,10a5150c00b0000b,,1,0,xiexinyu,2025-02-28 08:42:32,system_user,2025-03-04 20:06:06,0,0
1716,5109,10a6120b00101006,1095120b0000000a,编号,10a5120b00100001,10a5120b00100001,,1,0,xiexinyu,2025-02-28 08:42:32,system_user,2025-03-04 20:06:06,0,0
1717,5110,10a6120b00201009,1095120b0000000a,评价时间,10a5120b00200004,10a5120b00200004,,1,0,xiexinyu,2025-02-28 08:42:32,system_user,2025-03-04 20:06:06,0,0
1718,5111,10a6120b0030100c,1095120b0000000a,评价类型,10a5120b00300007,10a5120b00300007,,1,0,xiexinyu,2025-02-28 08:42:33,system_user,2025-03-04 20:06:06,0,0
1719,5112,10a6120b00401002,1095120b0000000a,评价状态,10a5120b0040000a,10a5120b0040000a,,1,0,xiexinyu,2025-02-28 08:42:33,system_user,2025-03-04 20:06:06,0,0
1720,5113,10a6120b00501005,1095120b0000000a,评价结果,10a5120b00500000,10a5120b00500000,合法，违法；优，良，可，差等,1,0,xiexinyu,2025-02-28 08:42:34,system_user,2025-03-04 20:06:06,0,0
1721,5114,10a6120b00601008,1095120b0000000a,评价内容,10a5120b00600003,10a5120b00600003,,1,0,xiexinyu,2025-02-28 08:42:34,system_user,2025-03-04 20:06:06,0,0
1722,5115,10a6120b0070100b,1095120b0000000a,评价可信度,10a5120b00700006,10a5120b00700006,,1,0,xiexinyu,2025-02-28 08:42:35,guochengjie,2025-03-04 20:06:06,1,0
1723,5116,10a6120b00801001,1095120b0000000a,评价维度,10a5120b00800009,10a5120b00800009,,1,0,xiexinyu,2025-02-28 08:42:35,system_user,2025-03-04 20:06:06,0,0
1724,5117,10a6120b00901004,1095120b0000000a,评价依据,10a5120b0090000c,10a5120b0090000c,,1,0,xiexinyu,2025-02-28 08:42:35,system_user,2025-03-04 20:06:06,0,0
1725,5118,10a6120b00a01007,1095120b0000000a,评价影响,10a5120b00a00002,10a5120b00a00002,,1,0,xiexinyu,2025-02-28 08:42:36,system_user,2025-03-04 20:06:06,0,0
1726,5119,10a6120b00b0100a,1095120b0000000a,评价原因,10a5120b00b00005,10a5120b00b00005,,1,0,xiexinyu,2025-02-28 08:42:37,system_user,2025-03-04 20:06:06,0,0
1727,5120,10a613080010100b,1095130800000002,编号,10a5130800100006,10a5130800100006,,1,0,xiexinyu,2025-02-28 08:42:37,system_user,2025-03-04 20:06:06,0,0
1728,5121,10a6130800201001,1095130800000002,评价时间,10a5130800200009,10a5130800200009,,1,0,xiexinyu,2025-02-28 08:42:37,system_user,2025-03-04 20:06:06,0,0
1729,5122,10a6130800301004,1095130800000002,评价类型,10a513080030000c,10a513080030000c,,1,0,xiexinyu,2025-02-28 08:42:38,system_user,2025-03-04 20:06:06,0,0
1730,5123,10a6130800401007,1095130800000002,评价状态,10a5130800400002,10a5130800400002,,1,0,xiexinyu,2025-02-28 08:42:38,system_user,2025-03-04 20:06:06,0,0
1731,5124,10a613080050100a,1095130800000002,评价结果,10a5130800500005,10a5130800500005,,1,0,xiexinyu,2025-02-28 08:42:39,system_user,2025-03-04 20:06:06,0,0
1732,5125,10a6130800601000,1095130800000002,评价内容,10a5130800600008,10a5130800600008,,1,0,xiexinyu,2025-02-28 08:42:39,system_user,2025-03-04 20:06:06,0,0
1733,5126,10a6130800701003,1095130800000002,评价可信度,10a513080070000b,10a513080070000b,,1,0,xiexinyu,2025-02-28 08:42:40,guochengjie,2025-03-04 20:06:06,1,0
1734,5127,10a6130800801006,1095130800000002,评价维度,10a5130800800001,10a5130800800001,,1,0,xiexinyu,2025-02-28 08:42:40,system_user,2025-03-04 20:06:06,0,0
1735,5128,10a6130800901009,1095130800000002,评价依据,10a5130800900004,10a5130800900004,,1,0,xiexinyu,2025-02-28 08:42:41,system_user,2025-03-04 20:06:06,0,0
1736,5129,10a6130800a0100c,1095130800000002,评价影响,10a5130800a00007,10a5130800a00007,,1,0,xiexinyu,2025-02-28 08:42:41,system_user,2025-03-04 20:06:06,0,0
1737,5130,10a6130800b01002,1095130800000002,评价原因,10a5130800b0000a,10a5130800b0000a,,1,0,xiexinyu,2025-02-28 08:42:41,system_user,2025-03-04 20:06:06,0,0
1738,5131,10a6140d00101001,1095140d00000005,编号,10a5140d00100009,10a5140d00100009,,1,0,xiexinyu,2025-02-28 08:42:42,system_user,2025-03-04 20:06:06,0,0
1739,5132,10a6140d00201004,1095140d00000005,评价时间,10a5140d0020000c,10a5140d0020000c,,1,0,xiexinyu,2025-02-28 08:42:42,system_user,2025-03-04 20:06:06,0,0
1740,5133,10a6140d00301007,1095140d00000005,评价类型,10a5140d00300002,10a5140d00300002,,1,0,xiexinyu,2025-02-28 08:42:43,system_user,2025-03-04 20:06:06,0,0
1741,5134,10a6140d0040100a,1095140d00000005,评价状态,10a5140d00400005,10a5140d00400005,,1,0,xiexinyu,2025-02-28 08:42:43,system_user,2025-03-04 20:06:06,0,0
1742,5135,10a6140d00501000,1095140d00000005,评价结果,10a5140d00500008,10a5140d00500008,,1,0,xiexinyu,2025-02-28 08:42:44,system_user,2025-03-04 20:06:06,0,0
1743,5136,10a6140d00601003,1095140d00000005,评价内容,10a5140d0060000b,10a5140d0060000b,,1,0,xiexinyu,2025-02-28 08:42:44,system_user,2025-03-04 20:06:06,0,0
1744,5137,10a6140d00701006,1095140d00000005,评价可信度,10a5140d00700001,10a5140d00700001,,1,0,xiexinyu,2025-02-28 08:42:45,guochengjie,2025-03-04 20:06:06,1,0
1745,5138,10a6140d00801009,1095140d00000005,评价维度,10a5140d00800004,10a5140d00800004,,1,0,xiexinyu,2025-02-28 08:42:45,system_user,2025-03-04 20:06:06,0,0
1746,5139,10a6140d0090100c,1095140d00000005,评价依据,10a5140d00900007,10a5140d00900007,,1,0,xiexinyu,2025-02-28 08:42:45,system_user,2025-03-04 20:06:06,0,0
1747,5140,10a6140d00a01002,1095140d00000005,评价影响,10a5140d00a0000a,10a5140d00a0000a,,1,0,xiexinyu,2025-02-28 08:42:46,system_user,2025-03-04 20:06:06,0,0
1748,5141,10a6140d00b01005,1095140d00000005,评价原因,10a5140d00b00000,10a5140d00b00000,,1,0,xiexinyu,2025-02-28 08:42:47,system_user,2025-03-04 20:06:06,0,0
1749,5142,10a6150d00101002,1095150d00000006,编号,10a5150d0010000a,10a5150d0010000a,,1,0,xiexinyu,2025-02-28 08:42:47,system_user,2025-03-04 20:06:06,0,0
1750,5143,10a6150d00201005,1095150d00000006,评价时间,10a5150d00200000,10a5150d00200000,,1,0,xiexinyu,2025-02-28 08:42:48,system_user,2025-03-04 20:06:06,0,0
1751,5144,10a6150d00301008,1095150d00000006,评价类型,10a5150d00300003,10a5150d00300003,,1,0,xiexinyu,2025-02-28 08:42:48,system_user,2025-03-04 20:06:06,0,0
1752,5145,10a6150d0040100b,1095150d00000006,评价状态,10a5150d00400006,10a5150d00400006,,1,0,xiexinyu,2025-02-28 08:42:49,system_user,2025-03-04 20:06:06,0,0
1753,5146,10a6150d00501001,1095150d00000006,评价结果,10a5150d00500009,10a5150d00500009,,1,0,xiexinyu,2025-02-28 08:42:49,system_user,2025-03-04 20:06:06,0,0
1754,5147,10a6150d00601004,1095150d00000006,评价内容,10a5150d0060000c,10a5150d0060000c,,1,0,xiexinyu,2025-02-28 08:42:50,system_user,2025-03-04 20:06:06,0,0
1755,5148,10a6150d00701007,1095150d00000006,评价可信度,10a5150d00700002,10a5150d00700002,,1,0,xiexinyu,2025-02-28 08:42:50,guochengjie,2025-03-04 20:06:06,1,0
1756,5149,10a6150d0080100a,1095150d00000006,评价维度,10a5150d00800005,10a5150d00800005,,1,0,xiexinyu,2025-02-28 08:42:51,system_user,2025-03-04 20:06:06,0,0
1757,5150,10a6150d00901000,1095150d00000006,评价依据,10a5150d00900008,10a5150d00900008,,1,0,xiexinyu,2025-02-28 08:42:51,system_user,2025-03-04 20:06:06,0,0
1758,5151,10a6150d00a01003,1095150d00000006,评价影响,10a5150d00a0000b,10a5150d00a0000b,,1,0,xiexinyu,2025-02-28 08:42:52,system_user,2025-03-04 20:06:06,0,0
1759,5152,10a6150d00b01006,1095150d00000006,评价原因,10a5150d00b00001,10a5150d00b00001,,1,0,xiexinyu,2025-02-28 08:42:52,system_user,2025-03-04 20:06:06,0,0
1760,5153,10a6130400f01002,1095130400000003,监管原因,10a5130400f0000a,10a5130400f0000a,,1,0,xiexinyu,2025-02-28 08:42:53,system_user,2025-03-04 20:06:06,0,0
1761,5154,10a6130401001005,1095130400000003,终止时间,10a5130401000000,10a5130401000000,,1,0,xiexinyu,2025-02-28 08:42:53,system_user,2025-03-04 20:06:06,0,0
1762,5155,10a6140200e01007,109514020000000b,制造原因,10a5140200e00002,10a5140200e00002,,1,0,xiexinyu,2025-02-28 08:42:54,system_user,2025-03-04 20:06:06,0,0
1763,5156,10a652090010100c,1095520900000003,编号,10a5520900100007,10a5520900100007,,1,0,xiexinyu,2025-02-28 08:42:54,system_user,2025-03-04 20:06:06,0,0
1764,5157,10a6520900201002,1095520900000003,评价时间,10a552090020000a,10a552090020000a,,1,0,xiexinyu,2025-02-28 08:42:55,system_user,2025-03-04 20:06:06,0,0
1765,5158,10a6520900301005,1095520900000003,评价类型,10a5520900300000,10a5520900300000,,1,0,xiexinyu,2025-02-28 08:42:55,system_user,2025-03-04 20:06:06,0,0
1766,5159,10a6520900401008,1095520900000003,评价状态,10a5520900400003,10a5520900400003,,1,0,xiexinyu,2025-02-28 08:42:56,system_user,2025-03-04 20:06:06,0,0
1767,5160,10a652090050100b,1095520900000003,评价结果,10a5520900500006,10a5520900500006,,1,0,xiexinyu,2025-02-28 08:42:56,system_user,2025-03-04 20:06:06,0,0
1768,5161,10a6520900601001,1095520900000003,评价内容,10a5520900600009,10a5520900600009,,1,0,xiexinyu,2025-02-28 08:42:57,system_user,2025-03-04 20:06:06,0,0
1769,5162,10a6520900701004,1095520900000003,评价可信度,10a552090070000c,10a552090070000c,,1,0,xiexinyu,2025-02-28 08:42:57,guochengjie,2025-03-04 20:06:06,1,0
1770,5163,10a6520900801007,1095520900000003,评价维度,10a5520900800002,10a5520900800002,,1,0,xiexinyu,2025-02-28 08:42:58,system_user,2025-03-04 20:06:06,0,0
1771,5164,10a652090090100a,1095520900000003,评价依据,10a5520900900005,10a5520900900005,,1,0,xiexinyu,2025-02-28 08:42:58,system_user,2025-03-04 20:06:06,0,0
1772,5165,10a6520900a01000,1095520900000003,评价影响,10a5520900a00008,10a5520900a00008,,1,0,xiexinyu,2025-02-28 08:42:59,system_user,2025-03-04 20:06:06,0,0
1773,5166,10a6520900b01003,1095520900000003,评价原因,10a5520900b0000b,10a5520900b0000b,,1,0,xiexinyu,2025-02-28 08:42:59,system_user,2025-03-04 20:06:06,0,0
1774,5167,10a6530600101004,1095530600000008,编号,10a553060010000c,10a553060010000c,,1,0,xiexinyu,2025-02-28 08:42:59,system_user,2025-03-04 20:06:06,0,0
1775,5168,10a6530600201007,1095530600000008,评价时间,10a5530600200002,10a5530600200002,,1,0,xiexinyu,2025-02-28 08:43:00,system_user,2025-03-04 20:06:06,0,0
1776,5169,10a653060030100a,1095530600000008,评价类型,10a5530600300005,10a5530600300005,,1,0,xiexinyu,2025-02-28 08:43:01,system_user,2025-03-04 20:06:06,0,0
1777,5170,10a6530600401000,1095530600000008,评价状态,10a5530600400008,10a5530600400008,,1,0,xiexinyu,2025-02-28 08:43:01,system_user,2025-03-04 20:06:06,0,0
1778,5171,10a6530600501003,1095530600000008,评价结果,10a553060050000b,10a553060050000b,,1,0,xiexinyu,2025-02-28 08:43:02,system_user,2025-03-04 20:06:06,0,0
1779,5172,10a6530600601006,1095530600000008,评价内容,10a5530600600001,10a5530600600001,,1,0,xiexinyu,2025-02-28 08:43:02,system_user,2025-03-04 20:06:06,0,0
1780,5173,10a6530600701009,1095530600000008,评价可信度,10a5530600700004,10a5530600700004,,1,0,xiexinyu,2025-02-28 08:43:03,guochengjie,2025-03-04 20:06:06,1,0
1781,5174,10a653060080100c,1095530600000008,评价维度,10a5530600800007,10a5530600800007,,1,0,xiexinyu,2025-02-28 08:43:03,system_user,2025-03-04 20:06:06,0,0
1782,5175,10a6530600901002,1095530600000008,评价依据,10a553060090000a,10a553060090000a,,1,0,xiexinyu,2025-02-28 08:43:04,system_user,2025-03-04 20:06:06,0,0
1783,5176,10a6530600a01005,1095530600000008,评价影响,10a5530600a00000,10a5530600a00000,,1,0,xiexinyu,2025-02-28 08:43:04,system_user,2025-03-04 20:06:06,0,0
1784,5177,10a6530600b01008,1095530600000008,评价原因,10a5530600b00003,10a5530600b00003,,1,0,xiexinyu,2025-02-28 08:43:05,system_user,2025-03-04 20:06:06,0,0
1785,5178,10a6540900101001,1095540900000005,编号,10a5540900100009,10a5540900100009,,1,0,xiexinyu,2025-02-28 08:43:05,system_user,2025-03-04 20:06:06,0,0
1786,5179,10a6540900201004,1095540900000005,评价时间,10a554090020000c,10a554090020000c,,1,0,xiexinyu,2025-02-28 08:43:05,system_user,2025-03-04 20:06:06,0,0
1787,5180,10a6540900301007,1095540900000005,评价类型,10a5540900300002,10a5540900300002,,1,0,xiexinyu,2025-02-28 08:43:06,system_user,2025-03-04 20:06:06,0,0
1788,5181,10a654090040100a,1095540900000005,评价状态,10a5540900400005,10a5540900400005,,1,0,xiexinyu,2025-02-28 08:43:06,system_user,2025-03-04 20:06:06,0,0
1789,5182,10a6540900501000,1095540900000005,评价结果,10a5540900500008,10a5540900500008,,1,0,xiexinyu,2025-02-28 08:43:07,system_user,2025-03-04 20:06:06,0,0
1790,5183,10a6540900601003,1095540900000005,评价内容,10a554090060000b,10a554090060000b,,1,0,xiexinyu,2025-02-28 08:43:07,system_user,2025-03-04 20:06:06,0,0
1791,5184,10a6540900701006,1095540900000005,评价可信度,10a5540900700001,10a5540900700001,,1,0,xiexinyu,2025-02-28 08:43:08,guochengjie,2025-03-04 20:06:06,1,0
1792,5185,10a6540900801009,1095540900000005,评价维度,10a5540900800004,10a5540900800004,,1,0,xiexinyu,2025-02-28 08:43:08,system_user,2025-03-04 20:06:06,0,0
1793,5186,10a654090090100c,1095540900000005,评价依据,10a5540900900007,10a5540900900007,,1,0,xiexinyu,2025-02-28 08:43:09,system_user,2025-03-04 20:06:06,0,0
1794,5187,10a6540900a01002,1095540900000005,评价影响,10a5540900a0000a,10a5540900a0000a,,1,0,xiexinyu,2025-02-28 08:43:09,system_user,2025-03-04 20:06:06,0,0
1795,5188,10a6540900b01005,1095540900000005,评价原因,10a5540900b00000,10a5540900b00000,,1,0,xiexinyu,2025-02-28 08:43:10,system_user,2025-03-04 20:06:06,0,0
1796,5189,10a655080010100c,1095550800000003,编号,10a5550800100007,10a5550800100007,,1,0,xiexinyu,2025-02-28 08:43:10,system_user,2025-03-04 20:06:06,0,0
1797,5190,10a6550800201002,1095550800000003,评价时间,10a555080020000a,10a555080020000a,,1,0,xiexinyu,2025-02-28 08:43:11,system_user,2025-03-04 20:06:06,0,0
1798,5191,10a6550800301005,1095550800000003,评价类型,10a5550800300000,10a5550800300000,,1,0,xiexinyu,2025-02-28 08:43:11,system_user,2025-03-04 20:06:06,0,0
1799,5192,10a6550800401008,1095550800000003,评价状态,10a5550800400003,10a5550800400003,,1,0,xiexinyu,2025-02-28 08:43:12,system_user,2025-03-04 20:06:06,0,0
1800,5193,10a655080050100b,1095550800000003,评价结果,10a5550800500006,10a5550800500006,,1,0,xiexinyu,2025-02-28 08:43:13,system_user,2025-03-04 20:06:06,0,0
1801,5194,10a6550800601001,1095550800000003,评价内容,10a5550800600009,10a5550800600009,,1,0,xiexinyu,2025-02-28 08:43:14,system_user,2025-03-04 20:06:06,0,0
1802,5195,10a6550800701004,1095550800000003,评价可信度,10a555080070000c,10a555080070000c,,1,0,xiexinyu,2025-02-28 08:43:14,guochengjie,2025-03-04 20:06:06,1,0
1803,5196,10a6550800801007,1095550800000003,评价维度,10a5550800800002,10a5550800800002,,1,0,xiexinyu,2025-02-28 08:43:15,system_user,2025-03-04 20:06:06,0,0
1804,5197,10a655080090100a,1095550800000003,评价依据,10a5550800900005,10a5550800900005,,1,0,xiexinyu,2025-02-28 08:43:15,system_user,2025-03-04 20:06:06,0,0
1805,5198,10a6550800a01000,1095550800000003,评价影响,10a5550800a00008,10a5550800a00008,,1,0,xiexinyu,2025-02-28 08:43:16,guochengjie,2025-03-04 20:06:06,1,0
1806,5199,10a6550800b01003,1095550800000003,评价原因,10a5550800b0000b,10a5550800b0000b,,1,0,xiexinyu,2025-02-28 08:43:16,system_user,2025-03-04 20:06:06,0,0
1807,5200,1096150100001012,1095150100000009,出资额,1096150100001001,1096150100001001,,2,4,xiexinyu,2025-02-28 09:26:01,system_user,2025-04-08 15:59:21,1,0
1808,5201,10a6140100f01007,1095140100000008,具体目标,10a5140100f00002,10a5140100f00002,,1,5,guochengjie,2025-03-02 01:38:55,guochengjie,2025-03-06 14:42:38,1,0
1809,5202,10a6140100f02003,1095140100000008,设计指标,10a5140100f00002,10a5140100f00002,,1,5,guochengjie,2025-03-02 01:39:03,guochengjie,2025-03-06 14:42:38,0,0
1810,5203,10a6140100f0300c,1095140100000008,设计目标,10a5140100f00002,10a5140100f00002,具体目标，技术指标,1,0,guochengjie,2025-03-02 01:39:12,guochengjie,2025-03-04 20:06:06,0,0
1811,5204,10a614010100100a,1095140100000008,设计目的,10a5140101000005,10a5140101000005,,1,5,guochengjie,2025-03-02 01:39:35,guochengjie,2025-03-06 14:42:38,1,0
1812,5205,10a6140101002006,1095140100000008,设计动机,10a5140101000005,10a5140101000005,,1,5,guochengjie,2025-03-02 01:39:41,system_user,2025-03-06 14:42:38,0,0
1813,5206,10a6140101003002,1095140100000008,设计意义,10a5140101000005,10a5140101000005,,1,5,guochengjie,2025-03-02 01:39:45,system_user,2025-03-06 14:42:38,0,0
1814,5207,10a6140100b02004,1095140100000008,调研状态,10a5140100b00003,10a5140100b00003,已调研，未调研,1,5,guochengjie,2025-03-02 01:41:03,guochengjie,2025-03-06 14:42:38,0,0
1815,5208,10a6140100b03000,1095140100000008,完成状态,10a5140100b00003,10a5140100b00003,已完成，未完成,1,5,guochengjie,2025-03-02 01:41:13,guochengjie,2025-03-06 14:42:38,0,0
1816,5209,10a6140101101000,1095140100000008,完成时间,10a5140101100008,10a5140101100008,,1,0,guochengjie,2025-03-02 01:43:40,system_user,2025-03-04 20:06:06,0,0
1817,5210,10a6140100205004,1095140100000008,调研时长,10a5140100200002,10a5140100200002,,1,5,guochengjie,2025-03-02 01:44:17,baishumeng,2025-03-06 14:42:38,0,0
1818,5211,10a6140100206000,1095140100000008,评估时长,10a5140100200002,10a5140100200002,,1,5,guochengjie,2025-03-02 01:44:25,system_user,2025-03-06 14:42:38,0,0
1819,5212,10a6140100207009,1095140100000008,设计时长,10a5140100200002,10a5140100200002,,1,5,guochengjie,2025-03-02 01:44:32,system_user,2025-03-06 14:42:38,0,0
1820,5213,10a6140100208005,1095140100000008,修改时长,10a5140100200002,10a5140100200002,,1,5,guochengjie,2025-03-02 01:44:38,system_user,2025-03-06 14:42:38,0,0
1821,5214,10a614010090200b,1095140100000008,个人影响,10a514010090000a,10a514010090000a,,1,5,guochengjie,2025-03-02 01:45:19,system_user,2025-03-06 14:42:38,0,0
1822,5215,10a6140100903007,1095140100000008,社会影响,10a514010090000a,10a514010090000a,,1,5,guochengjie,2025-03-02 01:45:25,system_user,2025-03-06 14:42:38,0,0
1823,5216,10a6140100904003,1095140100000008,产业价值,10a514010090000a,10a514010090000a,,1,5,guochengjie,2025-03-02 01:45:32,system_user,2025-03-06 14:42:38,0,0
1824,5217,10a6140101102009,1095140100000008,调研完成时间,10a5140101100008,10a5140101100008,,1,5,guochengjie,2025-03-02 01:45:41,system_user,2025-03-06 14:42:38,0,0
1825,5218,10a6140101103005,1095140100000008,设计完成时间,10a5140101100008,10a5140101100008,,1,5,guochengjie,2025-03-02 01:45:46,system_user,2025-03-06 14:42:38,0,0
1826,5219,10a6140101104001,1095140100000008,设计确定时间,10a5140101100008,10a5140101100008,,1,5,guochengjie,2025-03-02 01:45:57,system_user,2025-03-06 14:42:38,0,0
1827,5220,10a6140100802008,1095140100000008,任务来源,10a5140100800007,10a5140100800007,,1,5,guochengjie,2025-03-02 01:46:19,system_user,2025-03-06 14:42:38,0,0
1828,5221,10a6140100803004,1095140100000008,创意来源,10a5140100800007,10a5140100800007,,1,5,guochengjie,2025-03-02 01:46:26,system_user,2025-03-06 14:42:38,0,0
1829,5222,10a6140200b02007,109514020000000b,制造进程,10a5140200b00006,10a5140200b00006,10%，20%,1,5,guochengjie,2025-03-02 01:48:38,guochengjie,2025-03-06 14:42:38,0,0
1830,5223,10a6140200f0100a,109514020000000b,完成时间,10a5140200f00005,10a5140200f00005,,1,0,guochengjie,2025-03-02 01:50:56,system_user,2025-03-04 20:06:06,0,0
1831,5224,10a6140200702008,109514020000000b,人力成本,10a5140200700007,10a5140200700007,,1,5,guochengjie,2025-03-02 01:51:15,baishumeng,2025-03-06 14:42:38,1,0
1832,5225,10a6140200703004,109514020000000b,材料成本,10a5140200700007,10a5140200700007,,1,5,guochengjie,2025-03-02 01:51:25,baishumeng,2025-03-06 14:42:38,1,0
1833,5226,10a6140200704000,109514020000000b,工具成本,10a5140200700007,10a5140200700007,,1,5,guochengjie,2025-03-02 01:51:30,system_user,2025-03-06 14:42:38,0,0
1834,5227,10a6140200705009,109514020000000b,样品成本,10a5140200700007,10a5140200700007,,1,5,guochengjie,2025-03-02 01:51:43,system_user,2025-03-06 14:42:38,0,0
1835,5228,10a614020080200b,109514020000000b,个人收益,10a514020080000a,10a514020080000a,,1,5,guochengjie,2025-03-02 01:51:55,system_user,2025-03-06 14:42:38,0,0
1836,5229,10a6140200803007,109514020000000b,社会收益,10a514020080000a,10a514020080000a,,1,5,guochengjie,2025-03-02 01:51:59,system_user,2025-03-06 14:42:38,0,0
1837,5230,10a6140300c01004,1095140300000001,停止时间,10a5140300c0000c,10a5140300c0000c,,1,0,guochengjie,2025-03-02 01:59:05,system_user,2025-03-04 20:06:06,0,0
1838,5231,10a6140300d01007,1095140300000001,使用方式,10a5140300d00002,10a5140300d00002,,1,0,guochengjie,2025-03-02 01:59:12,system_user,2025-03-04 20:06:06,0,0
1839,5232,10a6140300d02003,1095140300000001,填写方式,10a5140300d00002,10a5140300d00002,手机端，电脑端,1,5,guochengjie,2025-03-02 02:00:19,system_user,2025-03-06 14:42:38,0,0
1840,5233,10a6140300d0300c,1095140300000001,注射方式,10a5140300d00002,10a5140300d00002,,1,5,guochengjie,2025-03-02 02:01:07,system_user,2025-03-06 14:42:38,0,0
1841,5234,10a6140400d03002,1095140400000004,丢失时间,10a5140400d00005,10a5140400d00005,,1,5,guochengjie,2025-03-02 02:02:24,system_user,2025-03-06 14:42:38,0,0
1842,5235,10a6140400d0400b,1095140400000004,报废时间,10a5140400d00005,10a5140400d00005,,1,5,guochengjie,2025-03-02 02:03:02,system_user,2025-03-06 14:42:38,0,0
1843,5236,10a6140400b02000,1095140400000004,购买时间,10a5140400b0000c,10a5140400b0000c,,1,5,guochengjie,2025-03-02 02:03:26,system_user,2025-03-06 14:42:38,0,0
1844,5237,10a6140400603007,1095140400000004,仓储成本,10a514040060000a,10a514040060000a,,1,5,guochengjie,2025-03-02 02:04:37,system_user,2025-03-06 14:42:38,0,0
1845,5238,10a6140400604003,1095140400000004,损耗成本,10a514040060000a,10a514040060000a,,1,5,guochengjie,2025-03-02 02:04:42,system_user,2025-03-06 14:42:38,0,0
1846,5239,10a614040060500c,1095140400000004,管理成本,10a514040060000a,10a514040060000a,,1,5,guochengjie,2025-03-02 02:04:59,system_user,2025-03-06 14:42:38,0,0
1847,5240,10a6140400606008,1095140400000004,保险成本,10a514040060000a,10a514040060000a,,1,5,guochengjie,2025-03-02 02:05:25,system_user,2025-03-06 14:42:38,0,0
1848,5241,10a6140400607004,1095140400000004,持有税费成本,10a514040060000a,10a514040060000a,财产税，房产税,1,5,guochengjie,2025-03-02 02:05:37,guochengjie,2025-03-06 14:42:38,0,0
1849,5242,10a6140400502008,1095140400000004,采购成本,10a5140400500007,10a5140400500007,,1,5,guochengjie,2025-03-02 02:05:59,system_user,2025-03-06 14:42:38,0,0
1850,5243,10a6140400503004,1095140400000004,运输成本,10a5140400500007,10a5140400500007,,1,5,guochengjie,2025-03-02 02:06:03,system_user,2025-03-06 14:42:38,0,0
1851,5244,10a6140400504000,1095140400000004,获取税费成本,10a5140400500007,10a5140400500007,关税，进口税，增值税,1,5,guochengjie,2025-03-02 02:06:31,guochengjie,2025-03-06 14:42:38,0,0
1852,5245,10a614060100100c,109514060000000a,终止时间,10a5140601000007,10a5140601000007,,1,0,guochengjie,2025-03-02 02:10:37,system_user,2025-03-04 20:06:06,0,0
1853,5246,10a6140600d0200c,109514060000000a,合规状态,10a5140600d0000b,10a5140600d0000b,合规，违规,1,5,guochengjie,2025-03-02 02:11:20,system_user,2025-03-06 14:42:38,0,0
1854,5247,10a6140700f0100c,1095140700000000,结束时间,10a5140700f00007,10a5140700f00007,,1,0,guochengjie,2025-03-02 02:12:38,system_user,2025-03-04 20:06:06,0,0
1855,5248,10a6140700503000,1095140700000000,人力成本,10a5140700500003,10a5140700500003,,1,5,guochengjie,2025-03-02 02:13:03,system_user,2025-03-06 14:42:38,0,0
1856,5249,10a6140700504009,1095140700000000,材料成本,10a5140700500003,10a5140700500003,,1,5,guochengjie,2025-03-02 02:13:10,system_user,2025-03-06 14:42:38,0,0
1857,5250,10a6140700505005,1095140700000000,交通成本,10a5140700500003,10a5140700500003,,1,5,guochengjie,2025-03-02 02:13:14,system_user,2025-03-06 14:42:38,0,0
1858,5251,10a6140701001002,1095140700000000,维护结果,10a514070100000a,10a514070100000a,成功维护，返厂换新,1,0,guochengjie,2025-03-02 02:15:51,system_user,2025-03-04 20:06:06,0,0
1859,5252,10a6140b00602006,1095140b0000000c,人力成本,10a5140b00600005,10a5140b00600005,,1,5,guochengjie,2025-03-02 02:16:20,system_user,2025-03-06 14:42:38,0,0
1860,5253,10a6140b00603002,1095140b0000000c,出让税费,10a5140b00600005,10a5140b00600005,印花税，增值税,1,5,guochengjie,2025-03-02 02:16:40,system_user,2025-03-06 14:42:38,0,0
1861,5254,10a6140b0060400b,1095140b0000000c,运输成本,10a5140b00600005,10a5140b00600005,,1,5,guochengjie,2025-03-02 02:16:47,system_user,2025-03-06 14:42:38,0,0
1862,5255,10a6140b00605007,1095140b0000000c,损耗成本,10a5140b00600005,10a5140b00600005,,1,5,guochengjie,2025-03-02 02:16:52,system_user,2025-03-06 14:42:38,0,0
1863,5256,10a6140b0080200c,1095140b0000000c,物流状态,10a5140b0080000b,10a5140b0080000b,已发货，运输中，已收货,1,5,guochengjie,2025-03-02 02:18:50,system_user,2025-03-06 14:42:38,0,0
1864,5257,10a6140b00803008,1095140b0000000c,交割状态,10a5140b0080000b,10a5140b0080000b,,1,5,guochengjie,2025-03-02 02:19:07,guochengjie,2025-03-06 14:42:38,1,0
1865,5258,10a6140b00a02005,1095140b0000000c,交付时间,10a5140b00a00004,10a5140b00a00004,,1,5,guochengjie,2025-03-02 02:19:26,system_user,2025-03-06 14:42:38,0,0
1866,5259,10a6140c00802002,1095140c00000002,时间成本,10a5140c00800001,10a5140c00800001,,1,5,guochengjie,2025-03-02 02:24:49,system_user,2025-03-06 14:42:38,0,0
1867,5260,10a6140c0080300b,1095140c00000002,交通成本,10a5140c00800001,10a5140c00800001,,1,5,guochengjie,2025-03-02 02:24:53,system_user,2025-03-06 14:42:38,0,0
1868,5261,10a6140c00804007,1095140c00000002,门票成本,10a5140c00800001,10a5140c00800001,,1,5,guochengjie,2025-03-02 02:25:00,system_user,2025-03-06 14:42:38,0,0
1869,5262,10a6140c00a0100c,1095140c00000002,结束时间,10a5140c00a00007,10a5140c00a00007,,1,0,guochengjie,2025-03-02 02:25:13,system_user,2025-03-04 20:06:06,0,0
1870,5263,10a6150100a02002,1095150100000009,创立进程,10a5150100a00001,10a5150100a00001,筹备，审批，成立,1,5,guochengjie,2025-03-02 02:27:08,guochengjie,2025-03-12 17:46:47,0,0
1871,5264,10a6150100a0300b,1095150100000009,筹资进程,10a5150100a00001,10a5150100a00001,,1,5,guochengjie,2025-03-02 02:27:30,system_user,2025-03-06 14:42:38,0,0
1872,5265,10a6150100c02008,1095150100000009,股权,10a5150100c00007,10a5150100c00007,,1,5,guochengjie,2025-03-02 02:27:38,guochengjie,2025-03-06 14:42:38,1,0
1873,5266,1096150100001023,1095150100000009,技术入股,1096150100001001,1096150100001001,,2,4,guochengjie,2025-03-02 02:28:06,system_user,2025-04-08 15:59:21,1,0
1874,5267,1096150100001034,1095150100000009,资本入股,1096150100001001,1096150100001001,,2,4,guochengjie,2025-03-02 02:28:10,system_user,2025-04-08 15:59:21,1,0
1875,5268,10a6150100b02005,1095150100000009,注册时间,10a5150100b00004,10a5150100b00004,,1,5,guochengjie,2025-03-02 02:28:40,guochengjie,2025-03-06 14:42:38,0,0
1876,5269,10a6130200707000,109513020000000a,考试成绩,10a5130200700006,10a5130200700006,,1,5,guochengjie,2025-03-03 04:03:21,system_user,2025-03-06 14:42:38,0,0
1877,5270,1066020000407003,105102000000000c,房屋类型,1065020000400009,1065020000400009,商品房，适用房，公租房,1,5,guochengjie,2025-03-03 04:06:43,guochengjie,2025-03-06 14:42:38,0,0
1878,5271,106603000080c009,1051030000000000,结案情况,1065030000800009,1065030000800009,,1,5,guochengjie,2025-03-03 04:10:03,guochengjie,2025-03-06 14:42:38,0,0
1879,5272,1066010002508006,105101000000000b,个人资质,1065010002500003,1065010002500003,,1,5,guochengjie,2025-03-03 04:12:06,system_user,2025-03-06 14:42:38,0,0
1880,5273,10a6150800b02000,1095150800000004,初筛结果,10a5150800b0000c,10a5150800b0000c,,1,5,guochengjie,2025-03-03 04:12:34,system_user,2025-03-06 14:42:38,0,0
1881,5274,10a6150800b03009,1095150800000004,最终结果,10a5150800b0000c,10a5150800b0000c,,1,5,guochengjie,2025-03-03 04:12:39,system_user,2025-03-06 14:42:38,0,0
1882,5275,106605000060400b,1051050000000002,上市状态,1065050000600005,1065050000600005,,1,5,guochengjie,2025-03-03 04:13:32,system_user,2025-03-06 14:42:38,0,0
1883,5276,106604000110200c,1051040000000001,签章内容,106504000110000b,106504000110000b,,1,5,guochengjie,2025-03-03 04:22:29,guochengjie,2025-03-06 14:42:38,0,0
1884,5277,1066010001607004,105101000000000b,应届生类型,106501000160000a,106501000160000a,,1,5,guochengjie,2025-03-03 04:28:56,system_user,2025-03-06 14:42:38,0,0
1885,5278,1066050000408002,1051050000000002,登记注册类型,106505000040000c,106505000040000c,,1,5,guochengjie,2025-03-03 04:29:49,guochengjie,2025-03-06 14:42:38,1,0
1886,5279,106601000100400b,105101000000000b,专业代码,1065010001000005,1065010001000005,,1,5,guochengjie,2025-03-03 04:36:03,system_user,2025-03-06 14:42:38,0,0
1887,5280,1066010001005007,105101000000000b,专业名称,1065010001000005,1065010001000005,,1,5,guochengjie,2025-03-03 04:36:08,system_user,2025-03-06 14:42:38,0,0
1888,5281,10a6120500a0200b,1095120500000005,使用状态,10a5120500a0000a,10a5120500a0000a,,1,5,guochengjie,2025-03-03 04:37:28,system_user,2025-03-06 14:42:38,0,0
1889,5282,1066050000103000,1051050000000002,院校代码,1065050000100003,1065050000100003,,1,5,guochengjie,2025-03-03 04:39:47,system_user,2025-03-06 14:42:38,0,0
1890,5283,106605000030200a,1051050000000002,单位名称,1065050000300009,1065050000300009,,1,5,guochengjie,2025-03-03 04:40:24,system_user,2025-03-06 14:42:38,0,0
1891,5284,1066050000303006,1051050000000002,团队名称,1065050000300009,1065050000300009,,1,5,guochengjie,2025-03-03 04:40:31,system_user,2025-03-06 14:42:38,0,0
1892,5285,1066050000304002,1051050000000002,院校名称,1065050000300009,1065050000300009,,1,5,guochengjie,2025-03-03 04:40:41,system_user,2025-03-06 14:42:38,0,0
1893,5286,10a615090010200c,1095150900000007,矫正类别,10a515090010000b,10a515090010000b,,1,5,guochengjie,2025-03-03 04:41:35,system_user,2025-03-06 14:42:38,0,0
1894,5287,1066010000d0200a,105101000000000b,文化程度,1065010000d00009,1065010000d00009,,1,5,guochengjie,2025-03-03 04:42:56,system_user,2025-03-06 14:42:38,0,0
1895,5288,10a6150900802007,1095150900000007,矫正期限,10a5150900800006,10a5150900800006,,1,5,guochengjie,2025-03-03 04:43:22,system_user,2025-03-06 14:42:38,0,0
1896,5289,106604000020b009,1051040000000001,执业证号,1065040000200005,1065040000200005,,1,5,guochengjie,2025-03-03 04:46:53,baishumeng,2025-03-06 14:42:38,1,0
1897,5290,10a652020050200c,1095520200000008,工程排期,10a552020050000b,10a552020050000b,5.1-5.6地基，5.7-5.9建筑外墙，5.10-5.15水电气，5.16-5.25软装,1,0,xiexinyu,2025-03-03 09:38:25,system_user,2025-03-12 17:46:47,0,0
1898,5291,10a6550300502005,1095550300000001,指导范畴,10a5550300500004,10a5550300500004,复工复产，物资生产，管控政策，检测要求，消杀措施,1,0,xiexinyu,2025-03-03 09:38:39,system_user,2025-03-12 17:46:47,0,0
1899,5292,106601000170300a,105101000000000b,户籍,1065010001700000,1065010001700000,,1,0,xiexinyu,2025-03-03 09:38:54,guochengjie,2025-03-04 20:06:06,0,0
1900,5293,10a6550300b0200a,1095550300000001,指导类型,10a5550300b00009,10a5550300b00009,税务稽查，消防排查，环卫检查,1,0,xiexinyu,2025-03-03 09:39:12,system_user,2025-03-12 17:47:25,0,0
1901,5294,10a6140b00804004,1095140b0000000c,出让状态,10a5140b0080000b,10a5140b0080000b,意向购买，合同签订，权属登记，实物交割，合约到期,1,0,xiexinyu,2025-03-03 09:39:15,system_user,2025-03-12 17:47:25,0,0
1902,5295,10a652070080200a,109552070000000a,出让状态,10a5520700800009,10a5520700800009,意向沟通，合同签订，权属登记，实物交割，合约到期,1,0,xiexinyu,2025-03-03 09:39:21,system_user,2025-03-04 20:06:06,0,0
1903,5296,10a6550600702007,109555060000000a,交易状态,10a5550600700006,10a5550600700006,合同签订，权属登记，实物交割，合约到期,1,0,xiexinyu,2025-03-03 09:39:24,system_user,2025-03-12 17:47:25,0,0
1904,5297,10a6540100c02006,1095540100000007,起始时间,10a5540100c00005,10a5540100c00005,,1,0,xiexinyu,2025-03-03 09:39:48,system_user,2025-03-04 20:06:06,0,0
1905,5298,10a6150900702004,1095150900000007,起始时间,10a5150900700003,10a5150900700003,,1,0,xiexinyu,2025-03-03 09:39:56,system_user,2025-03-04 20:06:06,0,0
1906,5299,10a6150900a01004,1095150900000007,管辖状态,10a5150900a0000c,10a5150900a0000c,,1,0,xiexinyu,2025-03-03 09:40:15,system_user,2025-03-04 20:06:06,0,0
1907,5300,10a6150900b01007,1095150900000007,终止时间,10a5150900b00002,10a5150900b00002,,1,0,xiexinyu,2025-03-03 09:40:15,system_user,2025-03-04 20:06:06,0,0
1908,5301,10a614010100400b,1095140100000008,设计目的,10a5140101000005,10a5140101000005,设计动机，设计意义,1,0,xiexinyu,2025-03-03 09:40:15,guochengjie,2025-03-04 20:06:06,0,0
1909,5302,10a6150200d01005,109515020000000c,结束时间,10a5150200d00000,10a5150200d00000,,1,0,xiexinyu,2025-03-03 09:40:16,system_user,2025-03-04 20:06:06,0,0
1910,5303,10a6150700c01004,1095150700000001,交易标的,10a5150700c0000c,10a5150700c0000c,,1,0,xiexinyu,2025-03-03 09:40:17,system_user,2025-03-04 20:06:06,0,0
1911,5304,10a6540100d01000,1095540100000007,出厂时间,10a5540100d00008,10a5540100d00008,,1,0,xiexinyu,2025-03-03 09:40:17,guochengjie,2025-03-04 20:06:06,0,0
1912,5305,10a6540100e01003,1095540100000007,有效期限,10a5540100e0000b,10a5540100e0000b,5天，1年,1,0,xiexinyu,2025-03-03 09:40:17,guochengjie,2025-03-04 20:06:06,1,0
1913,5306,10a6540100f01006,1095540100000007,过期时间,10a5540100f00001,10a5540100f00001,,1,0,xiexinyu,2025-03-03 09:40:17,guochengjie,2025-03-04 20:06:06,1,0
1914,5307,10a6140800b01003,1095140800000003,识别结果,10a5140800b0000b,10a5140800b0000b,,1,0,xiexinyu,2025-03-03 09:40:18,system_user,2025-03-04 20:06:06,0,0
1915,5308,10a6140800c01006,1095140800000003,结束时间,10a5140800c00001,10a5140800c00001,,1,0,xiexinyu,2025-03-03 09:40:18,system_user,2025-03-04 20:06:06,0,0
1916,5309,10a634020090100b,1095340200000004,辅助效果,10a5340200900006,10a5340200900006,,1,0,xiexinyu,2025-03-03 09:40:18,system_user,2025-03-04 20:06:06,0,0
1917,5310,10a6340200a01001,1095340200000004,结束时间,10a5340200a00009,10a5340200a00009,,1,0,xiexinyu,2025-03-03 09:40:18,system_user,2025-03-04 20:06:06,0,0
1918,5311,10a6150800c01007,1095150800000004,申报动机,10a5150800c00002,10a5150800c00002,,1,0,xiexinyu,2025-03-03 09:40:18,system_user,2025-03-04 20:06:06,0,0
1919,5312,10a6150800d0100a,1095150800000004,申报依据,10a5150800d00005,10a5150800d00005,,1,0,xiexinyu,2025-03-03 09:40:19,system_user,2025-03-04 20:06:06,0,0
1920,5313,10a6530300e01008,109553030000000c,办结时间,10a5530300e00003,10a5530300e00003,,1,0,xiexinyu,2025-03-03 09:40:19,system_user,2025-03-04 20:06:06,0,0
1921,5314,10a6550300d01007,1095550300000001,结束时间,10a5550300d00002,10a5550300d00002,,1,0,xiexinyu,2025-03-03 09:40:19,system_user,2025-03-04 20:06:06,0,0
1922,5315,10a6130300f0100c,1095130300000000,扮演角色,10a5130300f00007,10a5130300f00007,,1,0,xiexinyu,2025-03-03 09:40:19,system_user,2025-03-04 20:06:06,0,0
1923,5316,10a613040120100b,1095130400000003,扮演角色,10a5130401200006,10a5130401200006,,1,0,xiexinyu,2025-03-03 09:40:19,system_user,2025-03-04 20:06:06,0,0
1924,5317,10a6140300e0100a,1095140300000001,使用结果,10a5140300e00005,10a5140300e00005,,1,0,xiexinyu,2025-03-03 09:40:20,system_user,2025-03-04 20:06:06,0,0
1925,5318,10a6520200c0100b,1095520200000008,建设影响,10a5520200c00006,10a5520200c00006,,1,0,xiexinyu,2025-03-03 09:40:20,system_user,2025-03-04 20:06:06,0,0
1926,5319,106602000190100c,105102000000000c,使用状况,1065020001900007,1065020001900007,自用，出租，闲置,1,0,xiexinyu,2025-03-03 09:40:20,guochengjie,2025-03-04 20:06:06,0,0
1927,5320,10a6220200d01005,109522020000000c,终止时间,10a5220200d00000,10a5220200d00000,,1,0,xiexinyu,2025-03-03 13:45:54,system_user,2025-03-12 17:34:42,0,0
1928,5321,1066010000e02000,105101000000000b,岗位,1065010000e0000c,1065010000e0000c,,1,5,guochengjie,2025-03-03 14:14:36,guochengjie,2025-03-06 14:42:38,1,0
1929,5322,1066010000e03009,105101000000000b,工种,1065010000e0000c,1065010000e0000c,,1,5,guochengjie,2025-03-03 14:14:44,system_user,2025-03-06 14:42:38,0,0
1930,5323,10a615050050200c,1095150500000008,服务项目,10a515050050000b,10a515050050000b,,1,5,guochengjie,2025-03-03 14:15:51,system_user,2025-03-06 14:42:38,0,0
1931,5324,106604000190200a,1051040000000001,参数,1065040001900009,1065040001900009,,1,5,guochengjie,2025-03-03 14:44:35,system_user,2025-03-06 14:42:38,0,0
1932,5325,1066010001704006,105101000000000b,户籍类型,1065010001700000,1065010001700000,城镇户籍，农业户籍,1,5,guochengjie,2025-03-04 00:25:40,system_user,2025-03-06 14:42:38,0,0
1933,5326,106601000050200c,105101000000000b,出生年月,106501000050000b,106501000050000b,,1,999,guochengjie,2025-03-05 14:01:05,system_user,2025-03-05 14:01:05,0,0
1934,5327,106602000160200c,105102000000000c,行政区划等级,106502000160000b,106502000160000b,国家级，省级，地市级，区县级，乡镇街道级，社区级,1,999,guochengjie,2025-03-05 14:01:33,guochengjie,2025-03-05 14:01:33,0,0
1935,5328,1066020001603008,105102000000000c,道路等级,106502000160000b,106502000160000b,国道，省道，县道；高速公路，一级公路，二级公路，三级公路，四级公路；高速公路，快速公路，普通公路,1,999,guochengjie,2025-03-05 14:01:38,guochengjie,2025-03-12 17:47:25,0,0
1936,5329,1066020001604004,105102000000000c,场站级别,106502000160000b,106502000160000b,,1,999,guochengjie,2025-03-05 14:01:45,system_user,2025-03-05 14:01:45,0,0
1937,5330,1066020000e02001,105102000000000c,环境状态,1065020000e00000,1065020000e00000,,1,999,guochengjie,2025-03-05 14:04:04,system_user,2025-03-05 14:04:04,0,0
1938,5331,1066020000e0300a,105102000000000c,建筑状态,1065020000e00000,1065020000e00000,建设中，已建成，已拆迁等,1,999,guochengjie,2025-03-05 14:04:15,guochengjie,2025-03-05 14:04:15,0,0
1939,5332,106603000080d005,1051030000000000,目标,1065030000800009,1065030000800009,,1,1,guochengjie,2025-03-05 14:04:41,guochengjie,2025-03-06 14:42:38,0,0
1940,5333,1066030000e02002,1051030000000000,意义,1065030000e00001,1065030000e00001,,1,2,guochengjie,2025-03-05 14:05:05,guochengjie,2025-03-06 14:42:38,0,0
1941,5334,1066030000e0300b,1051030000000000,社会影响,1065030000e00001,1065030000e00001,,1,4,guochengjie,2025-03-05 14:05:17,guochengjie,2025-03-06 14:42:38,0,0
1942,5335,1066030000e04007,1051030000000000,环境影响,1065030000e00001,1065030000e00001,,1,5,guochengjie,2025-03-05 14:05:22,guochengjie,2025-03-06 14:42:38,0,0
1943,5336,1066030000e05003,1051030000000000,价值,1065030000e00001,1065030000e00001,,1,3,guochengjie,2025-03-05 14:05:32,guochengjie,2025-03-06 14:42:38,0,0
1944,5337,1066030000a05004,1051030000000000,执行状态,1065030000a00002,1065030000a00002,,1,999,guochengjie,2025-03-05 14:05:46,system_user,2025-03-05 14:05:46,0,0
1945,5338,1066030000a06000,1051030000000000,处置状态,1065030000a00002,1065030000a00002,,1,999,guochengjie,2025-03-05 14:05:56,system_user,2025-03-05 14:05:56,0,0
1946,5339,1066030001b01006,1051030000000000,参与人员,1065030001b00001,1065030001b00001,,1,0,guochengjie,2025-03-05 14:10:52,system_user,2025-03-06 14:41:36,0,0
1947,5340,1066030001802006,1051030000000000,执行成本,1065030001800005,1065030001800005,,1,999,guochengjie,2025-03-05 14:58:22,system_user,2025-03-05 14:58:22,0,0
1948,5341,1066030001803002,1051030000000000,物料成本,1065030001800005,1065030001800005,,1,999,guochengjie,2025-03-05 14:58:32,system_user,2025-03-05 14:58:32,0,0
1949,5342,106603000180400b,1051030000000000,人力成本,1065030001800005,1065030001800005,,1,999,guochengjie,2025-03-05 14:59:52,system_user,2025-03-05 14:59:52,0,0
1950,5343,1066030001805007,1051030000000000,外包成本,1065030001800005,1065030001800005,,1,999,guochengjie,2025-03-05 15:00:01,system_user,2025-03-05 15:00:01,0,0
1951,5344,1066030001806003,1051030000000000,营销成本,1065030001800005,1065030001800005,,1,999,guochengjie,2025-03-05 15:00:06,system_user,2025-03-05 15:00:06,0,0
1952,5345,1066030000b02006,1051030000000000,响应时效,1065030000b00005,1065030000b00005,,1,1,guochengjie,2025-03-05 15:12:36,guochengjie,2025-03-14 17:59:27,0,0
1953,5346,1066030000b03002,1051030000000000,处置优先级,1065030000b00005,1065030000b00005,,1,3,guochengjie,2025-03-05 15:12:43,guochengjie,2025-03-05 15:12:43,0,0
1954,5347,1066040001c03002,1051040000000001,销毁时间,1065040001c00005,1065040001c00005,,1,999,guochengjie,2025-03-05 15:27:20,guochengjie,2025-03-05 15:27:20,0,0
1955,5348,1066040000f06003,1051040000000001,保质期,1065040000f00005,1065040000f00005,,1,999,guochengjie,2025-03-05 15:30:19,system_user,2025-03-05 15:30:19,0,0
1956,5349,1066040000f0700c,1051040000000001,存活时长,1065040000f00005,1065040000f00005,,1,999,guochengjie,2025-03-05 15:30:24,system_user,2025-03-05 15:30:24,0,0
1957,5350,1066040000b02007,1051040000000001,净重,1065040000b00006,1065040000b00006,,1,999,guochengjie,2025-03-05 15:34:45,system_user,2025-03-05 15:34:45,0,0
1958,5351,1066040000b03003,1051040000000001,毛重,1065040000b00006,1065040000b00006,,1,999,guochengjie,2025-03-05 15:36:57,system_user,2025-03-05 15:36:57,0,0
1959,5352,1066040000406009,1051040000000001,证件类型,106504000040000b,106504000040000b,身份证，护照，港澳居民居住证，台湾居民居住证，港澳居民来往内地通行证，台湾居民来往大陆通行证，外国人永久居留身份证，军官证，文职干部证，义务兵证，士官证，文职人员证，职工证，武警警官证，武警士兵证，海员证，学生证，出生证,1,2,guochengjie,2025-03-05 17:48:26,guochengjie,2025-03-05 17:48:26,0,0
1960,5353,1066040000407005,1051040000000001,物品类型,106504000040000b,106504000040000b,,1,4,guochengjie,2025-03-05 17:48:31,guochengjie,2025-03-05 17:48:31,0,0
1961,5354,1066040000119002,1051040000000001,物件编码,1065040000100002,1065040000100002,,1,1,guochengjie,2025-03-05 17:53:17,guochengjie,2025-03-12 17:35:41,0,0
1962,5355,106604000011a00b,1051040000000001,身份证件号,1065040000100002,1065040000100002,,1,3,guochengjie,2025-03-05 17:53:25,guochengjie,2025-03-12 17:35:22,0,0
1963,5356,106604000011b007,1051040000000001,卡号,1065040000100002,1065040000100002,,1,4,guochengjie,2025-03-05 17:53:30,guochengjie,2025-03-12 17:35:30,0,0
1964,5357,106604000011c003,1051040000000001,设备号,1065040000100002,1065040000100002,,1,5,guochengjie,2025-03-05 17:53:38,guochengjie,2025-03-12 17:35:32,0,0
1965,5358,106604000011d00c,1051040000000001,电话号码,1065040000100002,1065040000100002,,1,6,guochengjie,2025-03-05 17:53:43,guochengjie,2025-03-12 17:35:35,0,0
1966,5359,106604000011e008,1051040000000001,证书编号,1065040000100002,1065040000100002,,1,7,guochengjie,2025-03-05 17:53:48,guochengjie,2025-03-12 17:35:39,0,0
1967,5360,106604000011f004,1051040000000001,文件编号,1065040000100002,1065040000100002,,1,8,guochengjie,2025-03-05 17:53:54,guochengjie,2025-03-05 17:53:54,0,0
1968,5361,1066040001903006,1051040000000001,尺寸,1065040001900009,1065040001900009,,1,999,guochengjie,2025-03-05 18:51:33,guochengjie,2025-03-05 18:51:33,0,0
1969,5362,106605000030500b,1051050000000002,机构名称,1065050000300009,1065050000300009,,1,999,guochengjie,2025-03-05 18:53:00,system_user,2025-03-05 18:53:00,0,0
1970,5363,1066050001c02007,1051050000000002,工作时间,1065050001c00006,1065050001c00006,,1,0,guochengjie,2025-03-05 18:54:19,guochengjie,2025-03-05 18:54:19,0,0
1971,5364,106602000020b007,105102000000000c,序号,1065020000200003,1065020000200003,,1,0,guochengjie,2025-03-06 11:36:03,system_user,2025-03-06 14:41:36,0,0
1972,5365,1066030000202005,1051030000000000,序号,1065030000200004,1065030000200004,,1,0,guochengjie,2025-03-06 11:36:03,system_user,2025-03-06 14:41:36,0,0
1973,5366,106604000020c005,1051040000000001,序号,1065040000200005,1065040000200005,,1,0,guochengjie,2025-03-06 11:36:04,system_user,2025-03-06 14:41:36,0,0
1974,5367,1066050000206004,1051050000000002,序号,1065050000200006,1065050000200006,,1,0,guochengjie,2025-03-06 11:36:04,system_user,2025-03-06 14:41:36,0,0
1975,5368,10a6140100102000,1095140100000008,编号,10a514010010000c,10a514010010000c,,1,0,guochengjie,2025-03-06 11:36:19,guochengjie,2025-03-06 14:41:36,1,0
1976,5369,10a6550400b02000,1095550400000004,协作状态,10a5550400b0000c,10a5550400b0000c,,1,0,guochengjie,2025-03-06 11:36:27,baishumeng,2025-03-06 14:41:36,1,0
1977,5370,10a655050090200a,1095550500000007,竞争状态,10a5550500900009,10a5550500900009,,1,0,guochengjie,2025-03-06 11:36:27,baishumeng,2025-03-06 14:41:36,1,0
1978,5371,106601000011300a,105101000000000b,证件号,106501000010000c,106501000010000c,,1,0,guochengjie,2025-03-06 11:36:28,system_user,2025-03-06 14:41:36,0,0
1979,5372,10a6140c0020200a,1095140c00000002,感知状态,10a5140c00200009,10a5140c00200009,,1,0,guochengjie,2025-03-06 11:36:38,guochengjie,2025-03-06 14:41:36,1,0
1980,5373,10a6140c00302000,1095140c00000002,耗费时长,10a5140c0030000c,10a5140c0030000c,,1,0,guochengjie,2025-03-06 11:36:38,baishumeng,2025-03-06 14:41:36,1,0
1981,5374,10a6550800a02009,1095550800000003,评价影响,10a5550800a00008,10a5550800a00008,,1,0,guochengjie,2025-03-06 11:36:42,baishumeng,2025-03-06 14:41:36,1,0
1982,5375,10a6110a00901000,1095110a00000006,结束时间,10a5110a00900008,10a5110a00900008,,1,999,guochengjie,2025-03-07 01:57:03,system_user,2025-03-07 01:57:03,0,0
1983,5376,10a6110a00902009,1095110a00000006,离婚时间,10a5110a00900008,10a5110a00900008,,1,999,guochengjie,2025-03-07 01:57:19,system_user,2025-03-07 01:57:19,0,0
1984,5377,10a6110a00802006,1095110a00000006,结婚时间,10a5110a00800005,10a5110a00800005,,1,999,guochengjie,2025-03-07 01:57:32,system_user,2025-03-07 01:57:32,0,0
1985,5378,10a6110a00803002,1095110a00000006,出生时间,10a5110a00800005,10a5110a00800005,,1,999,guochengjie,2025-03-07 01:57:44,system_user,2025-03-07 01:57:44,0,0
1986,5379,10a6110300d01004,109511030000000b,结束时间,10a5110300d0000c,10a5110300d0000c,,1,999,guochengjie,2025-03-07 01:59:32,system_user,2025-03-07 01:59:32,0,0
1987,5380,10a6110500f01003,1095110500000004,结束时间,10a5110500f0000b,10a5110500f0000b,,1,999,guochengjie,2025-03-07 02:02:20,system_user,2025-03-07 02:02:20,0,0
1988,5381,10a6110b00901003,1095110b00000009,结束时间,10a5110b0090000b,10a5110b0090000b,,1,999,guochengjie,2025-03-07 02:03:30,system_user,2025-03-07 02:03:30,0,0
1989,5382,10a6110d00b01002,1095110d00000002,评价时间,10a5110d00b0000a,10a5110d00b0000a,,1,999,guochengjie,2025-03-07 02:09:53,system_user,2025-03-07 02:09:53,0,0
1990,5383,10a6110d00c01005,1095110d00000002,所耗时长,10a5110d00c00000,10a5110d00c00000,,1,999,guochengjie,2025-03-07 02:10:01,system_user,2025-03-07 02:10:01,0,0
1991,5384,10a6120b00c01000,1095120b0000000a,所耗时长,10a5120b00c00008,10a5120b00c00008,,1,999,guochengjie,2025-03-07 02:10:17,system_user,2025-03-07 02:10:17,0,0
1992,5385,10a6130800c01005,1095130800000002,所耗时长,10a5130800c00000,10a5130800c00000,,1,999,guochengjie,2025-03-07 02:11:19,system_user,2025-03-07 02:11:19,0,0
1993,5386,10a6140d00c01008,1095140d00000005,所耗时长,10a5140d00c00003,10a5140d00c00003,,1,999,guochengjie,2025-03-07 02:11:43,system_user,2025-03-07 02:11:43,0,0
1994,5387,10a6150c00c01006,1095150c00000003,所耗时长,10a5150c00c00001,10a5150c00c00001,,1,999,guochengjie,2025-03-07 02:11:54,system_user,2025-03-07 02:11:54,0,0
1995,5388,10a6110100502009,1095110100000005,服务频率,10a5110100500008,10a5110100500008,,1,999,guochengjie,2025-03-07 11:17:56,guochengjie,2025-03-07 11:17:56,1,0
1996,5389,10a6110100503005,1095110100000005,服务次数,10a5110100500008,10a5110100500008,,1,999,guochengjie,2025-03-07 11:18:03,guochengjie,2025-03-07 11:18:03,1,0
1997,5390,1066040001904002,1051040000000001,容量,1065040001900009,1065040001900009,,1,999,guochengjie,2025-03-07 11:50:58,system_user,2025-03-07 11:50:58,0,0
1998,5391,106604000190500b,1051040000000001,体积,1065040001900009,1065040001900009,,1,999,guochengjie,2025-03-07 11:51:06,system_user,2025-03-07 11:51:06,0,0
1999,5392,1066040001906007,1051040000000001,长度,1065040001900009,1065040001900009,,1,999,guochengjie,2025-03-07 11:51:12,system_user,2025-03-07 11:51:12,0,0
2000,5393,1066040001907003,1051040000000001,宽度,1065040001900009,1065040001900009,,1,999,guochengjie,2025-03-07 11:51:17,system_user,2025-03-07 11:51:17,0,0
2001,5394,106604000190800c,1051040000000001,高度,1065040001900009,1065040001900009,,1,999,guochengjie,2025-03-07 11:51:23,system_user,2025-03-07 11:51:23,0,0
2002,5395,1066010000114006,105101000000000b,台湾居民居住证号,106501000010000c,106501000010000c,,1,4,guochengjie,2025-03-12 15:57:20,guochengjie,2025-03-12 15:58:52,0,0
2003,5396,1066010000115002,105101000000000b,卡号,106501000010000c,106501000010000c,,1,19,guochengjie,2025-03-12 16:07:13,guochengjie,2025-03-12 16:07:13,1,0
2004,5397,106601000011600b,105101000000000b,文职干部证号,106501000010000c,106501000010000c,,1,9,guochengjie,2025-03-12 16:07:54,guochengjie,2025-03-12 16:07:54,0,0
2005,5398,1066010000117007,105101000000000b,义务兵证号,106501000010000c,106501000010000c,,1,10,guochengjie,2025-03-12 16:09:23,guochengjie,2025-03-12 16:09:23,0,0
2006,5399,1066010000118003,105101000000000b,士官证号,106501000010000c,106501000010000c,,1,11,guochengjie,2025-03-12 16:09:31,guochengjie,2025-03-12 16:09:31,0,0
2007,5400,106601000011900c,105101000000000b,文职人员证,106501000010000c,106501000010000c,,1,12,guochengjie,2025-03-12 16:09:44,guochengjie,2025-03-12 16:09:44,0,0
2008,5401,106601000011a008,105101000000000b,职工证,106501000010000c,106501000010000c,,1,13,guochengjie,2025-03-12 16:10:02,guochengjie,2025-03-12 16:10:02,0,0
2009,5402,106601000011b004,105101000000000b,武警警官证,106501000010000c,106501000010000c,,1,14,guochengjie,2025-03-12 16:10:17,guochengjie,2025-03-12 16:10:17,0,0
2010,5403,106601000011c000,105101000000000b,武警士兵证,106501000010000c,106501000010000c,,1,15,guochengjie,2025-03-12 16:10:25,guochengjie,2025-03-12 16:10:25,0,0
2011,5404,106601000011d009,105101000000000b,海员证,106501000010000c,106501000010000c,,1,16,guochengjie,2025-03-12 16:10:38,guochengjie,2025-03-12 16:10:38,0,0
2012,5405,1066010002105006,105101000000000b,累计工龄,1065010002100004,1065010002100004,,1,999,guochengjie,2025-03-12 16:17:07,system_user,2025-03-12 16:17:07,0,0
2013,5406,10a6130200708009,109513020000000a,成果验收,10a5130200700006,10a5130200700006,,1,999,guochengjie,2025-03-12 16:19:35,system_user,2025-03-12 16:19:35,0,0
2014,5407,10a6130200709005,109513020000000a,评选结果,10a5130200700006,10a5130200700006,,1,999,guochengjie,2025-03-12 16:19:40,system_user,2025-03-12 16:19:40,0,0
2015,5408,10a6150300304005,1095150300000002,退休时间,10a515030030000c,10a515030030000c,,1,999,guochengjie,2025-03-12 16:50:18,system_user,2025-03-12 16:50:18,0,0
2016,5409,10a6150300305001,1095150300000002,试用期结束时间,10a515030030000c,10a515030030000c,,1,999,guochengjie,2025-03-12 16:50:35,guochengjie,2025-03-12 16:50:35,1,0
2017,5410,10a615030030600a,1095150300000002,合同到期时间,10a515030030000c,10a515030030000c,,1,999,guochengjie,2025-03-12 16:50:44,guochengjie,2025-03-12 16:50:44,1,0
2018,5411,10a6150301108005,1095150300000002,试用期开始时间,10a5150301100002,10a5150301100002,,1,999,guochengjie,2025-03-12 16:51:24,guochengjie,2025-03-12 16:51:24,1,0
2019,5412,10a6150301109001,1095150300000002,合同签订时间,10a5150301100002,10a5150301100002,,1,999,guochengjie,2025-03-12 16:51:39,guochengjie,2025-03-12 16:51:39,1,0
2020,5413,10a6520800905004,1095520800000000,经济带动,10a5520800900002,10a5520800900002,,1,999,guochengjie,2025-03-12 16:53:35,system_user,2025-03-12 16:53:35,0,0
2021,5414,10a6520800906000,1095520800000000,文化推广,10a5520800900002,10a5520800900002,,1,999,guochengjie,2025-03-12 16:53:51,system_user,2025-03-12 16:53:51,0,0
2022,5415,10a6520800907009,1095520800000000,社区服务,10a5520800900002,10a5520800900002,,1,999,guochengjie,2025-03-12 16:54:09,system_user,2025-03-12 16:54:09,0,0
2023,5416,1066040000408001,1051040000000001,产品品类,106504000040000b,106504000040000b,,1,5,guochengjie,2025-03-12 16:54:51,guochengjie,2025-03-12 16:54:51,0,0
2024,5417,1066010001a09008,105101000000000b,非工资性收入,1065010001a00009,1065010001a00009,,1,6,guochengjie,2025-03-12 16:59:11,guochengjie,2025-03-12 16:59:11,0,0
2025,5418,1066050000706006,1051050000000002,实习生人数,1065050000700008,1065050000700008,,1,999,guochengjie,2025-03-12 17:01:08,guochengjie,2025-03-12 17:01:08,1,0
2026,5419,1066050000707002,1051050000000002,在编人数,1065050000700008,1065050000700008,教职工人数，在校生人数,1,999,guochengjie,2025-03-12 17:01:25,guochengjie,2025-03-12 17:01:25,0,0
2027,5420,106605000070800b,1051050000000002,外包人数,1065050000700008,1065050000700008,,1,999,guochengjie,2025-03-12 17:01:30,guochengjie,2025-03-12 17:01:30,1,0
2028,5421,1066050000709007,1051050000000002,外协人数,1065050000700008,1065050000700008,,1,999,guochengjie,2025-03-12 17:01:35,guochengjie,2025-03-12 17:01:35,1,0
2029,5422,10a6110100802005,1095110100000005,清洁工具,10a5110100800004,10a5110100800004,,1,999,guochengjie,2025-03-12 17:14:37,guochengjie,2025-03-12 17:14:37,1,0
2030,5423,10a6110100803001,1095110100000005,医疗设备,10a5110100800004,10a5110100800004,,1,999,guochengjie,2025-03-12 17:14:49,guochengjie,2025-03-12 17:14:49,1,0
2031,5424,10a611010080400a,1095110100000005,交通工具,10a5110100800004,10a5110100800004,,1,999,guochengjie,2025-03-12 17:14:57,guochengjie,2025-03-12 17:14:57,1,0
2032,5425,10a6110100805006,1095110100000005,通信专线,10a5110100800004,10a5110100800004,,1,999,guochengjie,2025-03-12 17:15:01,guochengjie,2025-03-12 17:15:01,1,0
2033,5426,1066030000605005,1051030000000000,灾害类型,1065030000600003,1065030000600003,海啸，台风，地震等,1,999,guochengjie,2025-03-12 20:23:38,guochengjie,2025-03-12 20:23:38,0,0
2034,5427,1066030001902009,1051030000000000,灾害等级,1065030001900008,1065030001900008,,1,999,guochengjie,2025-03-12 20:24:07,system_user,2025-03-12 20:24:07,0,0
2035,5428,10a6150301304001,1095150300000002,转岗原因,10a5150301300008,10a5150301300008,,1,999,guochengjie,2025-03-12 20:27:42,system_user,2025-03-12 20:27:42,0,0
2036,5429,10a615030110a00a,1095150300000002,入党时间,10a5150301100002,10a5150301100002,,1,999,guochengjie,2025-03-12 20:28:27,system_user,2025-03-12 20:28:27,0,0
2037,5430,1066050000306007,1051050000000002,简称,1065050000300009,1065050000300009,,1,999,guochengjie,2025-03-13 11:11:19,baishumeng,2025-03-13 11:11:19,0,0
2038,5431,1066040001909008,1051040000000001,面积,1065040001900009,1065040001900009,,1,999,guochengjie,2025-03-13 11:21:38,system_user,2025-03-13 11:21:38,0,0
2039,5432,106602000040800c,105102000000000c,结构类型,1065020000400009,1065020000400009,木结构，砖结构，砖混结构，钢筋混凝土结构，钢结构,1,999,guochengjie,2025-03-13 11:23:28,guochengjie,2025-03-13 11:23:28,0,0
2040,5433,1066040000120000,1051040000000001,专业代码,1065040000100002,1065040000100002,,1,999,guochengjie,2025-03-13 11:49:34,baishumeng,2025-03-13 11:49:34,1,0
2041,5434,1066040001b02003,1051040000000001,景点等级,1065040001b00002,1065040001b00002,,1,999,guochengjie,2025-03-13 11:52:16,system_user,2025-03-13 11:52:16,0,0
2042,5435,1066040001b0300c,1051040000000001,酒店星级,1065040001b00002,1065040001b00002,,1,999,guochengjie,2025-03-13 11:52:26,guochengjie,2025-03-13 11:52:26,0,0
2043,5436,10a6110300b02007,109511030000000b,接管时间,10a5110300b00006,10a5110300b00006,,1,999,guochengjie,2025-03-13 12:39:51,system_user,2025-03-13 12:39:51,0,0
2044,5437,1066030000102002,1051030000000000,气象灾害预警编码,1065030000100001,1065030000100001,,1,2,guochengjie,2025-03-13 12:54:58,guochengjie,2025-03-13 12:54:58,0,0
2045,5438,106603000010300b,1051030000000000,交通违章代码,1065030000100001,1065030000100001,,1,1,guochengjie,2025-03-13 12:55:05,guochengjie,2025-03-13 12:55:05,0,0
2046,5439,106603000080e001,1051030000000000,办理结果,1065030000800009,1065030000800009,,1,6,guochengjie,2025-03-13 13:06:49,guochengjie,2025-03-13 13:06:49,0,0
2047,5440,1066030000702007,1051030000000000,案件说明,1065030000700006,1065030000700006,,1,999,guochengjie,2025-03-13 13:13:53,system_user,2025-03-13 13:13:53,0,0
2048,5441,1066030000703003,1051030000000000,事项描述,1065030000700006,1065030000700006,,1,999,guochengjie,2025-03-13 13:13:58,system_user,2025-03-13 13:13:58,0,0
2049,5442,1066030001c01009,1051030000000000,主题,1065030001c00004,1065030001c00004,,1,999,guochengjie,2025-03-13 13:17:42,system_user,2025-03-13 13:17:42,0,0
2050,5443,1066030001c02005,1051030000000000,活动主题,1065030001c00004,1065030001c00004,,1,999,guochengjie,2025-03-13 13:18:12,system_user,2025-03-13 13:18:12,0,0
2051,5444,1066030001c03001,1051030000000000,案件主题,1065030001c00004,1065030001c00004,,1,999,guochengjie,2025-03-13 13:18:18,system_user,2025-03-13 13:18:18,0,0
2052,5445,1066030001c0400a,1051030000000000,工单主题,1065030001c00004,1065030001c00004,,1,999,guochengjie,2025-03-13 13:18:24,system_user,2025-03-13 13:18:24,0,0
2053,5446,106602000020c003,105102000000000c,房号,1065020000200003,1065020000200003,,1,10,guochengjie,2025-03-13 13:18:50,guochengjie,2025-03-13 13:18:50,0,0
2054,5447,106602000020d00c,105102000000000c,楼号,1065020000200003,1065020000200003,,1,7,guochengjie,2025-03-13 14:10:57,guochengjie,2025-03-13 14:10:57,0,0
2055,5448,106602000020e008,105102000000000c,单元号,1065020000200003,1065020000200003,,1,8,guochengjie,2025-03-13 14:11:40,guochengjie,2025-03-13 14:11:40,0,0
2056,5449,106602000020f004,105102000000000c,层号,1065020000200003,1065020000200003,,1,9,guochengjie,2025-03-13 14:12:07,guochengjie,2025-03-13 14:12:07,0,0
2057,5450,1066020000210000,105102000000000c,院落编号,1065020000200003,1065020000200003,,1,6,guochengjie,2025-03-13 14:13:55,guochengjie,2025-03-13 14:13:55,0,0
2058,5451,1066020000211009,105102000000000c,社区编号,1065020000200003,1065020000200003,,1,4,guochengjie,2025-03-13 14:18:38,guochengjie,2025-03-13 14:18:38,0,0
2059,5452,1066010000309004,105101000000000b,姓名拼音,1065010000300005,1065010000300005,,1,1,guochengjie,2025-03-13 14:19:17,guochengjie,2025-03-13 14:19:17,0,0
2060,5453,10a6530300d02001,109553030000000c,审核时间,10a5530300d00000,10a5530300d00000,,1,999,guochengjie,2025-03-13 14:27:52,system_user,2025-03-13 14:27:52,0,0
2061,5454,1066030000406008,1051030000000000,提交时间,106503000040000a,106503000040000a,,1,999,guochengjie,2025-03-13 14:28:54,system_user,2025-03-13 14:28:54,0,0
2062,5455,106604000040900a,1051040000000001,涉密类型,106504000040000b,106504000040000b,秘密，机密，绝密，不涉密,1,6,guochengjie,2025-03-13 14:31:48,guochengjie,2025-03-13 14:31:48,0,0
2063,5456,1066040001002009,1051040000000001,公开状态,1065040001000008,1065040001000008,,1,999,guochengjie,2025-03-13 14:32:00,system_user,2025-03-13 14:32:00,0,0
2064,5457,1066030000a07009,1051030000000000,公开状态,1065030000a00002,1065030000a00002,,1,999,guochengjie,2025-03-13 14:32:19,system_user,2025-03-13 14:32:19,0,0
2065,5458,1066050000a02005,1051050000000002,手机号码,1065050000a00004,1065050000a00004,,1,999,guochengjie,2025-03-13 14:34:10,guochengjie,2025-03-13 14:34:10,0,0
2066,5459,1066050000a03001,1051050000000002,微信号,1065050000a00004,1065050000a00004,,1,999,guochengjie,2025-03-13 14:34:47,system_user,2025-03-13 14:34:47,0,0
2067,5460,1066050000a0400a,1051050000000002,邮箱,1065050000a00004,1065050000a00004,,1,999,guochengjie,2025-03-13 14:34:57,system_user,2025-03-13 14:34:57,0,0
2068,5461,1066050000a05006,1051050000000002,座机号,1065050000a00004,1065050000a00004,,1,999,guochengjie,2025-03-13 14:35:03,system_user,2025-03-13 14:35:03,0,0
2069,5462,1066050000a06002,1051050000000002,热线,1065050000a00004,1065050000a00004,,1,999,guochengjie,2025-03-13 14:35:07,system_user,2025-03-13 14:35:07,0,0
2070,5463,106604000040a006,1051040000000001,联系方式类型,106504000040000b,106504000040000b,手机，座机，热线，邮箱，微信号,1,7,guochengjie,2025-03-13 14:35:51,guochengjie,2025-03-13 14:35:51,0,0
2071,5464,1066020000302007,105102000000000c,省,1065020000300006,1065020000300006,,1,2,guochengjie,2025-03-13 14:51:11,guochengjie,2025-03-13 14:51:11,0,0
2072,5465,1066020000303003,105102000000000c,地市,1065020000300006,1065020000300006,,1,3,guochengjie,2025-03-13 14:59:10,guochengjie,2025-03-13 14:59:10,0,0
2073,5466,106602000030400c,105102000000000c,区县,1065020000300006,1065020000300006,,1,4,guochengjie,2025-03-13 15:01:28,guochengjie,2025-03-13 15:01:28,0,0
2074,5467,1066020000305008,105102000000000c,乡镇街道,1065020000300006,1065020000300006,,1,5,guochengjie,2025-03-13 15:03:34,guochengjie,2025-03-13 15:03:34,0,0
2075,5468,1066020000306004,105102000000000c,国家,1065020000300006,1065020000300006,,1,1,guochengjie,2025-03-13 15:10:46,guochengjie,2025-03-13 15:10:46,0,0
2076,5469,1066050001a08003,1051050000000002,出口额,1065050001a00000,1065050001a00000,,1,999,guochengjie,2025-03-13 15:12:34,system_user,2025-03-13 15:12:34,0,0
2077,5470,1066050001a0900c,1051050000000002,进口额,1065050001a00000,1065050001a00000,,1,999,guochengjie,2025-03-13 15:12:39,system_user,2025-03-13 15:12:39,0,0
2078,5471,106604000040b002,1051040000000001,资质类型,106504000040000b,106504000040000b,,1,3,guochengjie,2025-03-13 15:13:07,guochengjie,2025-03-13 15:13:07,0,0
2079,5472,106604000130400a,1051040000000001,单价,1065040001300004,1065040001300004,,1,999,guochengjie,2025-03-13 15:18:01,system_user,2025-03-13 15:18:01,0,0
2080,5473,10a6540900c01008,1095540900000005,所耗时长,10a5540900c00003,10a5540900c00003,,1,999,guochengjie,2025-03-13 15:20:28,system_user,2025-03-13 15:20:28,0,0
2081,5474,10a6540900502009,1095540900000005,检测结果,10a5540900500008,10a5540900500008,,1,999,guochengjie,2025-03-13 15:21:17,system_user,2025-03-13 15:21:17,0,0
2082,5475,1066030000e0600c,1051030000000000,经济效益,1065030000e00001,1065030000e00001,,1,999,guochengjie,2025-03-13 15:30:43,system_user,2025-03-13 15:30:43,0,0
2083,5476,106a040000306003,1095040000000002,资产份额,1069040000300005,1069040000300005,,1,3,guochengjie,2025-03-13 15:31:20,guochengjie,2025-03-13 15:31:20,0,0
2084,5477,1066020000802009,105102000000000c,详细地址,1065020000800008,1065020000800008,,1,999,guochengjie,2025-03-13 15:31:46,system_user,2025-03-13 15:31:46,0,0
2085,5478,1066020001605000,105102000000000c,抗震等级,106502000160000b,106502000160000b,一级，二级，三级，四级,1,999,guochengjie,2025-03-13 15:37:03,guochengjie,2025-03-13 15:37:03,0,0
2086,5479,106601000230200b,105101000000000b,价值观,106501000230000a,106501000230000a,,1,999,guochengjie,2025-03-13 15:41:08,system_user,2025-03-13 15:41:08,0,0
2087,5480,106601000090200b,105101000000000b,成分,106501000090000a,106501000090000a,,1,999,guochengjie,2025-03-13 15:41:31,system_user,2025-03-13 15:41:31,0,0
2088,5481,106604000020d001,1051040000000001,生产批号,1065040000200005,1065040000200005,,1,6,guochengjie,2025-03-13 15:41:57,guochengjie,2025-03-13 15:41:57,0,0
2089,5482,10a6230100902000,109523010000000a,勘察时间,10a523010090000c,10a523010090000c,,1,999,guochengjie,2025-03-13 15:45:23,system_user,2025-03-13 15:45:23,0,0
2090,5483,10a6550600602004,109555060000000a,预算,10a5550600600003,10a5550600600003,,1,999,guochengjie,2025-03-13 15:47:46,system_user,2025-03-13 15:47:46,0,0
2091,5484,10a6550600603000,109555060000000a,成交金额,10a5550600600003,10a5550600600003,,1,999,guochengjie,2025-03-13 15:47:57,system_user,2025-03-13 15:47:57,0,0
2092,5485,10a6110c00605007,1095110c0000000c,预算,10a5110c00600005,10a5110c00600005,,1,5,guochengjie,2025-03-13 15:48:09,guochengjie,2025-03-13 15:48:09,0,0
2093,5486,10a6110c00606003,1095110c0000000c,成交金额,10a5110c00600005,10a5110c00600005,,1,4,guochengjie,2025-03-13 15:48:13,guochengjie,2025-03-13 15:48:13,0,0
2094,5487,10a6150700602008,1095150700000001,谈判成本,10a5150700600007,10a5150700600007,,1,999,guochengjie,2025-03-13 15:48:49,system_user,2025-03-13 15:48:49,0,0
2095,5488,10a6150700603004,1095150700000001,渠道成本,10a5150700600007,10a5150700600007,,1,999,guochengjie,2025-03-13 15:48:55,system_user,2025-03-13 15:48:55,0,0
2096,5489,10a6150700604000,1095150700000001,执行成本,10a5150700600007,10a5150700600007,,1,999,guochengjie,2025-03-13 15:49:02,system_user,2025-03-13 15:49:02,0,0
2097,5490,10a6150700605009,1095150700000001,预算,10a5150700600007,10a5150700600007,,1,999,guochengjie,2025-03-13 15:49:06,system_user,2025-03-13 15:49:06,0,0
2098,5491,10a6150700606005,1095150700000001,成交金额,10a5150700600007,10a5150700600007,,1,999,guochengjie,2025-03-13 15:49:10,system_user,2025-03-13 15:49:10,0,0
2099,5492,10a6550600604009,109555060000000a,谈判成本,10a5550600600003,10a5550600600003,,1,999,guochengjie,2025-03-13 15:49:28,system_user,2025-03-13 15:49:28,0,0
2100,5493,10a6550600605005,109555060000000a,渠道成本,10a5550600600003,10a5550600600003,,1,999,guochengjie,2025-03-13 15:49:32,system_user,2025-03-13 15:49:32,0,0
2101,5494,10a6550600606001,109555060000000a,执行成本,10a5550600600003,10a5550600600003,,1,999,guochengjie,2025-03-13 15:49:37,system_user,2025-03-13 15:49:37,0,0
2102,5495,10a6130800a02008,1095130800000002,审查影响,10a5130800a00007,10a5130800a00007,,1,999,guochengjie,2025-03-13 15:50:38,guochengjie,2025-03-13 15:50:38,1,0
2103,5496,106601000011e005,105101000000000b,驾驶证号,106501000010000c,106501000010000c,,1,999,guochengjie,2025-03-13 16:26:15,system_user,2025-03-13 16:26:15,0,0
2104,5497,10a6150800a0200a,1095150800000004,报考科目,10a5150800a00009,10a5150800a00009,,1,999,guochengjie,2025-03-13 16:38:33,guochengjie,2025-03-13 16:38:33,0,0
2105,5498,10a6150800a03006,1095150800000004,申报奖项,10a5150800a00009,10a5150800a00009,,1,999,guochengjie,2025-03-13 16:38:39,system_user,2025-03-13 16:38:39,0,0
2106,5499,10a6150800a04002,1095150800000004,求职岗位,10a5150800a00009,10a5150800a00009,,1,999,guochengjie,2025-03-13 16:38:48,system_user,2025-03-13 16:38:48,0,0
2107,5500,10a6150d00c01009,1095150d00000006,所耗时长,10a5150d00c00004,10a5150d00c00004,,1,999,baishumeng,2025-03-13 16:58:55,system_user,2025-03-13 16:58:55,0,0
2108,5501,10a6520900c01006,1095520900000003,所耗时长,10a5520900c00001,10a5520900c00001,,1,999,baishumeng,2025-03-13 16:59:14,system_user,2025-03-13 16:59:14,0,0
2109,5502,10a6530600c0100b,1095530600000008,所耗时长,10a5530600c00006,10a5530600c00006,,1,999,baishumeng,2025-03-13 16:59:28,system_user,2025-03-13 16:59:28,0,0
2110,5503,10a6550800c01006,1095550800000003,所耗时长,10a5550800c00001,10a5550800c00001,,1,999,baishumeng,2025-03-13 16:59:42,system_user,2025-03-13 16:59:42,0,0
2111,5504,1066040000121009,1051040000000001,发票编号,1065040000100002,1065040000100002,,1,9,baishumeng,2025-03-13 17:02:42,guochengjie,2025-03-13 17:02:42,0,0
2112,5505,1066040000122005,1051040000000001,执业证号,1065040000100002,1065040000100002,,1,10,baishumeng,2025-03-13 17:03:00,guochengjie,2025-03-13 17:03:00,0,0
2113,5506,1066010002701001,105101000000000b,外貌特征,1065010002700009,1065010002700009,,1,999,guochengjie,2025-03-14 11:12:52,system_user,2025-03-14 11:12:52,0,0
2114,5507,106601000270200a,105101000000000b,脸型,1065010002700009,1065010002700009,圆形，方形，椭圆形，心形,1,999,guochengjie,2025-03-14 11:13:12,guochengjie,2025-03-14 11:13:12,0,0
2115,5508,1066010002703006,105101000000000b,发型,1065010002700009,1065010002700009,长短，颜色，卷直，发际线,1,999,guochengjie,2025-03-14 11:13:21,guochengjie,2025-03-14 11:13:21,0,0
2116,5509,1066010002704002,105101000000000b,体型,1065010002700009,1065010002700009,瘦，胖，匀称，健壮,1,999,guochengjie,2025-03-14 11:13:31,guochengjie,2025-03-14 11:13:31,1,0
2117,5510,106601000270500b,105101000000000b,肤色,1065010002700009,1065010002700009,白皙，黝黑，黄皮肤,1,999,guochengjie,2025-03-14 11:14:31,system_user,2025-03-14 11:14:31,0,0
2118,5511,1066010002706007,105101000000000b,肤质,1065010002700009,1065010002700009,光滑，粗糙，斑点，皱纹,1,999,guochengjie,2025-03-14 11:15:04,system_user,2025-03-14 11:15:04,0,0
2119,5512,1066010002707003,105101000000000b,纹身,1065010002700009,1065010002700009,有纹身，无纹身,1,999,guochengjie,2025-03-14 11:15:17,system_user,2025-03-14 11:15:17,0,0
2120,5513,106601000270800c,105101000000000b,疤痕,1065010002700009,1065010002700009,有疤痕，无疤痕,1,999,guochengjie,2025-03-14 11:15:53,system_user,2025-03-14 11:15:53,0,0
2121,5514,1066010002801004,105101000000000b,形体特征,106501000280000c,106501000280000c,,1,0,guochengjie,2025-03-14 11:47:05,guochengjie,2025-03-14 11:47:05,0,0
2122,5515,1066010002802000,105101000000000b,身材类型,106501000280000c,106501000280000c,瘦，胖，匀称，健壮,1,1,guochengjie,2025-03-14 11:48:44,guochengjie,2025-03-14 11:48:44,0,0
2123,5516,1066010002803009,105101000000000b,身体比例,106501000280000c,106501000280000c,,1,4,guochengjie,2025-03-14 11:49:24,guochengjie,2025-03-14 11:49:24,0,0
2124,5517,1066010002804005,105101000000000b,四肢特征,106501000280000c,106501000280000c,长短，粗细,1,3,guochengjie,2025-03-14 11:49:37,guochengjie,2025-03-14 11:49:37,0,0
2125,5518,1066010002805001,105101000000000b,身体质量指数,106501000280000c,106501000280000c,,1,2,guochengjie,2025-03-14 11:50:00,guochengjie,2025-03-14 11:50:00,0,0
2126,5519,106603000080f00a,1051030000000000,得分,1065030000800009,1065030000800009,,1,2,guochengjie,2025-03-14 14:02:31,guochengjie,2025-03-14 14:02:31,0,0
2127,5520,1066020000307000,105102000000000c,村（居）委会,1065020000300006,1065020000300006,,1,999,guochengjie,2025-03-14 14:25:42,guochengjie,2025-03-14 14:25:42,0,0
2128,5521,1066050001d01001,1051050000000002,描述,1065050001d00009,1065050001d00009,,1,999,guochengjie,2025-03-14 14:26:48,system_user,2025-03-14 14:26:48,0,0
2129,5522,1066050001d0200a,1051050000000002,简介,1065050001d00009,1065050001d00009,,1,999,guochengjie,2025-03-14 14:28:01,system_user,2025-03-14 14:28:01,0,0
2130,5523,1066030000407004,1051030000000000,预计时间,106503000040000a,106503000040000a,,1,999,guochengjie,2025-03-14 14:47:40,system_user,2025-03-14 14:47:40,0,0
2131,5524,1066050000a0700b,1051050000000002,传真号,1065050000a00004,1065050000a00004,,1,999,guochengjie,2025-03-14 15:28:48,system_user,2025-03-14 15:28:48,0,0
2132,5525,1066050000104009,1051050000000002,许可证号码,1065050000100003,1065050000100003,,1,999,guochengjie,2025-03-14 15:29:07,baishumeng,2025-03-14 15:29:07,1,0
2133,5526,10a6140200f02006,109514020000000b,生产日期,10a5140200f00005,10a5140200f00005,,1,999,guochengjie,2025-03-14 17:38:18,system_user,2025-03-14 17:38:18,0,0
2134,5527,10a6540100d02009,1095540100000007,生产日期,10a5540100d00008,10a5540100d00008,,1,999,guochengjie,2025-03-14 17:38:34,system_user,2025-03-14 17:38:34,0,0
2135,5528,10a6150300604001,1095150300000002,专业职责,10a5150300600008,10a5150300600008,,1,999,guochengjie,2025-03-14 17:41:45,baishumeng,2025-03-14 17:41:45,1,0
2136,5529,1066050000307003,1051050000000002,部门名称,1065050000300009,1065050000300009,,1,999,guochengjie,2025-03-14 17:44:20,system_user,2025-03-14 17:44:20,0,0
2137,5530,1066030001702003,1051030000000000,办结时限,1065030001700002,1065030001700002,,1,999,guochengjie,2025-03-14 17:57:26,guochengjie,2025-03-14 17:57:26,1,0
2138,5531,106603000110200b,1051030000000000,责任领导,106503000110000a,106503000110000a,,1,999,guochengjie,2025-03-14 18:02:36,system_user,2025-03-14 18:02:36,0,0
2139,5532,106605000050300c,1051050000000002,职能,1065050000500002,1065050000500002,,1,999,guochengjie,2025-03-14 18:03:48,guochengjie,2025-03-14 18:03:48,0,0
2140,5533,1066050000504008,1051050000000002,责任,1065050000500002,1065050000500002,,1,999,guochengjie,2025-03-14 18:05:07,system_user,2025-03-14 18:05:07,0,0
2141,5534,1066050000505004,1051050000000002,愿景,1065050000500002,1065050000500002,,1,999,guochengjie,2025-03-14 18:17:42,system_user,2025-03-14 18:17:42,0,0
2142,5535,1066030000408000,1051030000000000,案发时间,106503000040000a,106503000040000a,,1,999,guochengjie,2025-03-14 19:14:28,guochengjie,2025-03-14 19:14:28,1,0
2143,5536,1066010000503008,105101000000000b,出生时间,106501000050000b,106501000050000b,,1,999,baishumeng,2025-03-14 19:56:49,system_user,2025-03-14 19:56:49,0,0
2144,5537,10a6110300c0200a,109511030000000b,监护类型,10a5110300c00009,10a5110300c00009,法定监护，指定监护，遗嘱监护，协议监护，意定监护,1,999,baishumeng,2025-03-14 20:18:52,system_user,2025-03-14 20:18:52,0,0
2145,5538,1066010001f05000,105101000000000b,兵役状况,1065010001f0000b,1065010001f0000b,未服兵役，退出现役，士兵预备役，士官预备役，服现役，其他,1,999,guochengjie,2025-03-14 20:25:21,system_user,2025-03-14 20:25:21,0,0
2146,5539,106605000040900b,1051050000000002,户别,106505000040000c,106505000040000c,,1,999,guochengjie,2025-03-14 20:25:56,baishumeng,2025-03-14 20:25:56,1,0
2147,5540,1066040000e02003,1051040000000001,签发日期,1065040000e00002,1065040000e00002,,1,999,guochengjie,2025-03-14 20:26:29,system_user,2025-03-14 20:26:29,0,0
2148,5541,10a6520200602002,1095520200000008,工程阶段,10a5520200600001,10a5520200600001,设计规划，招标建设，投标建设，实施建设,1,999,guochengjie,2025-03-14 20:30:51,guochengjie,2025-03-14 20:30:51,0,0
2149,5542,10a652020090200b,1095520200000008,材料成本,10a552020090000a,10a552020090000a,,1,999,guochengjie,2025-03-14 20:33:12,system_user,2025-03-14 20:33:12,0,0
2150,5543,10a6520200903007,1095520200000008,管理成本,10a552020090000a,10a552020090000a,,1,999,guochengjie,2025-03-14 20:33:16,baishumeng,2025-03-14 20:33:16,1,0
2151,5544,10a6520200904003,1095520200000008,人工成本,10a552020090000a,10a552020090000a,,1,999,guochengjie,2025-03-14 20:33:20,system_user,2025-03-14 20:33:20,0,0
2152,5545,1066040000123001,1051040000000001,许可证号,1065040000100002,1065040000100002,,1,11,baishumeng,2025-03-14 20:34:07,guochengjie,2025-03-14 20:34:07,0,0
2153,5546,10a6150300704004,1095150300000002,军衔,10a515030070000b,10a515030070000b,,1,999,baishumeng,2025-03-14 22:56:50,system_user,2025-03-14 22:56:50,0,0
2154,5547,10a615030110b006,1095150300000002,入伍时间,10a5150301100002,10a5150301100002,,1,999,baishumeng,2025-03-14 22:57:09,system_user,2025-03-14 22:57:09,0,0
2155,5548,10a6130100f02002,1095130100000007,报送时间,10a5130100f00001,10a5130100f00001,,1,999,baishumeng,2025-03-15 10:05:29,system_user,2025-03-15 10:05:29,0,0
2156,5549,10a6130300d02002,1095130300000000,审核时间,10a5130300d00001,10a5130300d00001,,1,999,baishumeng,2025-03-15 10:09:37,system_user,2025-03-15 10:09:37,0,0
2157,5550,10a6150300705000,1095150300000002,军衔,10a515030070000b,10a515030070000b,,1,999,guochengjie,2025-03-15 17:44:12,baishumeng,2025-03-15 17:44:12,1,0
2158,5551,106605000030800c,1051050000000002,英文名称,1065050000300009,1065050000300009,,1,999,guochengjie,2025-03-15 17:48:26,system_user,2025-03-15 17:48:26,0,0
2159,5552,106604000012400a,1051040000000001,车牌号,1065040000100002,1065040000100002,,1,2,guochengjie,2025-03-15 17:50:15,guochengjie,2025-03-15 17:50:15,0,0
2160,5553,10a6130300d0300b,1095130300000000,公布时间,10a5130300d00001,10a5130300d00001,,1,999,guochengjie,2025-03-15 17:52:48,system_user,2025-03-15 17:52:48,0,0
2161,5554,106603000070400c,1051030000000000,历史情况,1065030000700006,1065030000700006,,1,999,guochengjie,2025-03-15 17:54:22,system_user,2025-03-15 17:54:22,0,0
2162,5555,106601000200600c,105101000000000b,传真号,1065010002000001,1065010002000001,,1,999,guochengjie,2025-03-15 17:55:44,system_user,2025-03-15 17:55:44,0,0
2163,5556,1066030000810006,1051030000000000,反馈结果,1065030000800009,1065030000800009,,1,999,guochengjie,2025-03-15 17:57:46,system_user,2025-03-15 17:57:46,0,0
2164,5557,106604000040c00b,1051040000000001,品种,106504000040000b,106504000040000b,,1,999,guochengjie,2025-03-15 18:13:52,system_user,2025-03-15 18:13:52,0,0
2165,5558,1066040001103008,1051040000000001,物品来源,106504000110000b,106504000110000b,,1,999,guochengjie,2025-03-15 18:38:43,system_user,2025-03-15 18:38:43,0,0
2166,5559,10a6530300502003,109553030000000c,处置意见,10a5530300500002,10a5530300500002,,1,999,guochengjie,2025-03-15 18:42:10,system_user,2025-03-15 18:42:10,0,0
2167,5560,1066010002509002,105101000000000b,校园经历,1065010002500003,1065010002500003,,1,999,guochengjie,2025-03-15 23:13:50,system_user,2025-03-15 23:13:50,0,0
2168,5561,1066010001705002,105101000000000b,生源地,1065010001700000,1065010001700000,,1,999,guochengjie,2025-03-15 23:14:19,system_user,2025-03-15 23:14:19,0,0
2169,5562,1066030000705008,1051030000000000,内容摘要,1065030000700006,1065030000700006,,1,999,guochengjie,2025-03-16 19:26:55,system_user,2025-03-16 19:26:55,0,0
2170,5563,106a020000304009,1095020000000000,房间数,1069020000300003,1069020000300003,,1,999,guochengjie,2025-03-17 00:55:03,system_user,2025-03-17 00:55:03,0,0
2171,5564,10a6530300d0300a,109553030000000c,上报时间,10a5530300d00000,10a5530300d00000,,1,999,guochengjie,2025-03-17 00:55:55,system_user,2025-03-17 00:55:55,0,0
2172,5565,106605000070a003,1051050000000002,家庭人数,1065050000700008,1065050000700008,,1,999,guochengjie,2025-03-17 01:57:19,system_user,2025-03-17 01:57:19,0,0
2173,5566,1066030000706004,1051030000000000,项目概况,1065030000700006,1065030000700006,,1,999,guochengjie,2025-03-17 02:26:48,system_user,2025-03-17 02:26:48,0,0
2174,5567,1066030000302008,1051030000000000,事项名称,1065030000300007,1065030000300007,,1,999,guochengjie,2025-03-17 02:28:23,system_user,2025-03-17 02:28:23,0,0
2175,5568,1066040000302009,1051040000000001,产品名称,1065040000300008,1065040000300008,,1,999,guochengjie,2025-03-17 02:37:54,system_user,2025-03-17 02:37:54,0,0
2176,5569,1066030000606001,1051030000000000,案件类型,1065030000600003,1065030000600003,刑事案件，民事案件，行政案件；经济案件，知识产权案件，劳动案件等,1,999,guochengjie,2025-03-17 14:30:38,guochengjie,2025-03-17 14:30:38,0,0
2177,5570,10a6120200502000,1095120200000009,入场费用,10a512020050000c,10a512020050000c,,1,999,guochengjie,2025-03-17 14:33:55,system_user,2025-03-17 14:33:55,0,0
2178,5571,10a6120200503009,1095120200000009,差旅费用,10a512020050000c,10a512020050000c,,1,999,guochengjie,2025-03-17 14:34:02,system_user,2025-03-17 14:34:02,0,0
2179,5572,1066010002901007,105101000000000b,主要职务,1065010002900002,1065010002900002,,1,999,guochengjie,2025-03-17 14:57:00,system_user,2025-03-17 14:57:00,0,0
2180,5573,10a6120b00602004,1095120b0000000a,客观评价,10a5120b00600003,10a5120b00600003,,1,999,guochengjie,2025-03-17 15:04:48,system_user,2025-03-17 15:04:48,0,0
2181,5574,10a6120b00603000,1095120b0000000a,主观评价,10a5120b00600003,10a5120b00600003,,1,999,guochengjie,2025-03-17 15:04:52,system_user,2025-03-17 15:04:52,0,0
2182,5575,10a6120b00604009,1095120b0000000a,环境评价,10a5120b00600003,10a5120b00600003,,1,999,guochengjie,2025-03-17 15:06:39,guochengjie,2025-03-17 15:06:39,1,0
2183,5576,10a6110d00502006,1095110d00000002,客观评价,10a5110d00500005,10a5110d00500005,,1,999,guochengjie,2025-03-17 15:09:06,system_user,2025-03-17 15:09:06,0,0
2184,5577,10a6110d00503002,1095110d00000002,主观评价,10a5110d00500005,10a5110d00500005,,1,999,guochengjie,2025-03-17 15:09:11,system_user,2025-03-17 15:09:11,0,0
2185,5578,10a6140d0060200c,1095140d00000005,客观评价,10a5140d0060000b,10a5140d0060000b,,1,999,guochengjie,2025-03-17 15:09:24,guochengjie,2025-03-17 15:09:24,0,0
2186,5579,10a6140d00603008,1095140d00000005,主观评价,10a5140d0060000b,10a5140d0060000b,,1,999,guochengjie,2025-03-17 15:09:29,guochengjie,2025-03-17 15:09:29,0,0
2187,5580,10a6150c0060200a,1095150c00000003,客观评价,10a5150c00600009,10a5150c00600009,,1,999,guochengjie,2025-03-17 15:09:39,system_user,2025-03-17 15:09:39,0,0
2188,5581,10a6150c00603006,1095150c00000003,主观评价,10a5150c00600009,10a5150c00600009,,1,999,guochengjie,2025-03-17 15:09:43,system_user,2025-03-17 15:09:43,0,0
2189,5582,10a6150d00602000,1095150d00000006,客观评价,10a5150d0060000c,10a5150d0060000c,,1,999,guochengjie,2025-03-17 15:10:03,system_user,2025-03-17 15:10:03,0,0
2190,5583,10a6150d00603009,1095150d00000006,主观评价,10a5150d0060000c,10a5150d0060000c,,1,999,guochengjie,2025-03-17 15:10:07,system_user,2025-03-17 15:10:07,0,0
2191,5584,10a652090060200a,1095520900000003,客观评价,10a5520900600009,10a5520900600009,,1,999,guochengjie,2025-03-17 15:10:20,system_user,2025-03-17 15:10:20,0,0
2192,5585,10a6520900603006,1095520900000003,主观评价,10a5520900600009,10a5520900600009,,1,999,guochengjie,2025-03-17 15:10:24,system_user,2025-03-17 15:10:24,0,0
2193,5586,10a6530600602002,1095530600000008,客观评价,10a5530600600001,10a5530600600001,,1,999,guochengjie,2025-03-17 15:10:44,system_user,2025-03-17 15:10:44,0,0
2194,5587,10a653060060300b,1095530600000008,主观评价,10a5530600600001,10a5530600600001,,1,999,guochengjie,2025-03-17 15:10:48,system_user,2025-03-17 15:10:48,0,0
2195,5588,10a654090060200c,1095540900000005,客观评价,10a554090060000b,10a554090060000b,,1,999,guochengjie,2025-03-17 15:10:58,system_user,2025-03-17 15:10:58,0,0
2196,5589,10a6540900603008,1095540900000005,主观评价,10a554090060000b,10a554090060000b,,1,999,guochengjie,2025-03-17 15:11:02,system_user,2025-03-17 15:11:02,0,0
2197,5590,10a655080060200a,1095550800000003,客观评价,10a5550800600009,10a5550800600009,,1,999,guochengjie,2025-03-17 15:11:35,system_user,2025-03-17 15:11:35,0,0
2198,5591,10a6550800603006,1095550800000003,主观评价,10a5550800600009,10a5550800600009,,1,999,guochengjie,2025-03-17 15:11:39,system_user,2025-03-17 15:11:39,0,0
2199,5592,1066030000811002,1051030000000000,活动结果,1065030000800009,1065030000800009,,1,999,guochengjie,2025-03-17 15:33:17,system_user,2025-03-17 15:33:17,0,0
2200,5593,106604000040d007,1051040000000001,货币类型,106504000040000b,106504000040000b,人民币，美元，欧元，英镑，日元等；国际货币，区域货币，本国货币；现金货币，电子货币，数字货币；自由兑换货币，非自由兑换货币；储备货币，关键货币，结算货币，本币；结算货币，储备货币，计价货币，投资货币，避险货币,1,999,guochengjie,2025-03-17 15:59:41,guochengjie,2025-03-17 15:59:41,0,0
2201,5594,106601000140a00c,105101000000000b,语言能力,1065010001400004,1065010001400004,,1,999,guochengjie,2025-03-17 16:00:23,system_user,2025-03-17 16:00:23,0,0
2202,5595,1066030000707000,1051030000000000,活动内容,1065030000700006,1065030000700006,,1,999,guochengjie,2025-03-17 16:09:03,guochengjie,2025-03-17 16:09:03,0,0
2203,5596,106604000190a004,1051040000000001,剂量,1065040001900009,1065040001900009,,1,999,guochengjie,2025-03-17 16:10:28,system_user,2025-03-17 16:10:28,0,0
2204,5597,10a6140400e01000,1095140400000004,拥有条件,10a5140400e00008,10a5140400e00008,,1,999,guochengjie,2025-03-17 16:28:46,guochengjie,2025-03-17 16:28:46,0,0
2205,5598,10a6240500a01007,109524050000000a,参考值,10a5240500a00002,10a5240500a00002,,1,999,guochengjie,2025-03-17 16:38:33,system_user,2025-03-17 16:38:33,0,0
2206,5599,10a6150300105008,1095150300000002,学籍号,10a5150300100006,10a5150300100006,,1,999,guochengjie,2025-03-17 16:40:01,system_user,2025-03-17 16:40:01,0,0
2207,5600,1066030000409009,1051030000000000,打卡时间,106503000040000a,106503000040000a,,1,999,guochengjie,2025-03-17 16:42:20,guochengjie,2025-03-17 16:42:20,1,0
2208,5601,1066030000708009,1051030000000000,工作情况,1065030000700006,1065030000700006,,1,999,guochengjie,2025-03-17 16:42:35,system_user,2025-03-17 16:42:35,0,0
2209,5602,106605000070b00c,1051050000000002,临时用工人数,1065050000700008,1065050000700008,外协人数，外包人数,1,999,guochengjie,2025-03-17 16:46:12,guochengjie,2025-03-17 16:46:12,0,0
2210,5603,10a6150a00502001,1095150a0000000a,收费标准,10a5150a00500000,10a5150a00500000,,1,999,guochengjie,2025-03-17 16:52:24,system_user,2025-03-17 16:52:24,0,0
2211,5604,1066010002606004,105101000000000b,心率,1065010002600006,1065010002600006,,1,999,guochengjie,2025-03-17 16:53:01,system_user,2025-03-17 16:53:01,0,0
2212,5605,106604000020e00a,1051040000000001,设备编号,1065040000200005,1065040000200005,,1,7,guochengjie,2025-03-17 16:54:17,guochengjie,2025-03-17 16:54:17,0,0
2213,5606,10a6240500b0100a,109524050000000a,感知频次,10a5240500b00005,10a5240500b00005,,1,999,guochengjie,2025-03-17 16:59:26,system_user,2025-03-17 16:59:26,0,0
2214,5607,1066050000207000,1051050000000002,班级编号,1065050000200006,1065050000200006,,1,999,guochengjie,2025-03-17 17:05:37,system_user,2025-03-17 17:05:37,0,0
2215,5608,1066050000208009,1051050000000002,年级序号,1065050000200006,1065050000200006,,1,999,guochengjie,2025-03-17 17:05:50,system_user,2025-03-17 17:05:50,0,0
2216,5609,10a6150300505007,1095150300000002,任教学科,10a5150300500005,10a5150300500005,,1,999,guochengjie,2025-03-17 17:09:52,system_user,2025-03-17 17:09:52,0,0
2217,5610,10a6150c00502007,1095150c00000003,评分值,10a5150c00500006,10a5150c00500006,,1,999,guochengjie,2025-03-17 17:10:43,guochengjie,2025-03-17 17:10:43,0,0
2218,5611,10a6150c00503003,1095150c00000003,评价结论,10a5150c00500006,10a5150c00500006,,1,999,guochengjie,2025-03-17 17:10:48,system_user,2025-03-17 17:10:48,0,0
2219,5612,10a6140d00502009,1095140d00000005,评分值,10a5140d00500008,10a5140d00500008,,1,999,guochengjie,2025-03-17 17:11:25,system_user,2025-03-17 17:11:25,0,0
2220,5613,10a6140d00503005,1095140d00000005,评价结论,10a5140d00500008,10a5140d00500008,,1,999,guochengjie,2025-03-17 17:11:34,guochengjie,2025-03-17 17:11:34,1,0
2221,5614,10a6130800502006,1095130800000002,评分值,10a5130800500005,10a5130800500005,,1,999,guochengjie,2025-03-17 17:11:51,guochengjie,2025-03-17 17:11:51,1,0
2222,5615,10a6130800503002,1095130800000002,评价结论,10a5130800500005,10a5130800500005,,1,999,guochengjie,2025-03-17 17:11:55,guochengjie,2025-03-17 17:11:55,1,0
2223,5616,10a613080050400b,1095130800000002,评价值,10a5130800500005,10a5130800500005,,1,999,guochengjie,2025-03-17 17:14:24,system_user,2025-03-17 17:14:24,0,0
2224,5617,10a6120b00502001,1095120b0000000a,评价结论,10a5120b00500000,10a5120b00500000,,1,999,guochengjie,2025-03-17 17:14:38,guochengjie,2025-03-17 17:14:38,1,0
2225,5618,10a6120b0050300a,1095120b0000000a,评分值,10a5120b00500000,10a5120b00500000,,1,999,guochengjie,2025-03-17 17:14:45,system_user,2025-03-17 17:14:45,0,0
2226,5619,10a6110d00402003,1095110d00000002,评价结论,10a5110d00400002,10a5110d00400002,,1,999,guochengjie,2025-03-17 17:15:02,system_user,2025-03-17 17:15:02,0,0
2227,5620,10a6110d0040300c,1095110d00000002,评分值,10a5110d00400002,10a5110d00400002,,1,999,guochengjie,2025-03-17 17:15:07,system_user,2025-03-17 17:15:07,0,0
2228,5621,10a6150d0050200a,1095150d00000006,评价结论,10a5150d00500009,10a5150d00500009,,1,999,guochengjie,2025-03-17 17:15:20,guochengjie,2025-03-17 17:15:20,1,0
2229,5622,10a6150d00503006,1095150d00000006,评分值,10a5150d00500009,10a5150d00500009,,1,999,guochengjie,2025-03-17 17:15:24,system_user,2025-03-17 17:15:24,0,0
2230,5623,10a653060050200c,1095530600000008,评分值,10a553060050000b,10a553060050000b,,1,999,guochengjie,2025-03-17 17:16:26,system_user,2025-03-17 17:16:26,0,0
2231,5624,10a6530600503008,1095530600000008,评价结论,10a553060050000b,10a553060050000b,,1,999,guochengjie,2025-03-17 17:16:31,system_user,2025-03-17 17:16:31,0,0
2232,5625,10a6540900503005,1095540900000005,评价结论,10a5540900500008,10a5540900500008,,1,999,guochengjie,2025-03-17 17:16:42,system_user,2025-03-17 17:16:42,0,0
2233,5626,10a6540900504001,1095540900000005,评分值,10a5540900500008,10a5540900500008,,1,999,guochengjie,2025-03-17 17:16:47,guochengjie,2025-03-17 17:16:47,0,0
2234,5627,10a6550800502007,1095550800000003,评分值,10a5550800500006,10a5550800500006,,1,999,guochengjie,2025-03-17 17:17:04,system_user,2025-03-17 17:17:04,0,0
2235,5628,10a6550800503003,1095550800000003,评价结论,10a5550800500006,10a5550800500006,,1,999,guochengjie,2025-03-17 17:17:08,guochengjie,2025-03-17 17:17:08,1,0
2236,5629,106605000070c008,1051050000000002,团队人数,1065050000700008,1065050000700008,,1,999,guochengjie,2025-03-17 17:19:13,system_user,2025-03-17 17:19:13,0,0
2237,5630,106605000070d004,1051050000000002,班级人数,1065050000700008,1065050000700008,,1,999,guochengjie,2025-03-17 17:19:24,guochengjie,2025-03-17 17:19:24,1,0
2238,5631,106603000170300c,1051030000000000,课时时长,1065030001700002,1065030001700002,,1,999,guochengjie,2025-03-17 17:23:04,system_user,2025-03-17 17:23:04,0,0
2239,5632,1066030000b0400b,1051030000000000,响应级别,1065030000b00005,1065030000b00005,,1,2,guochengjie,2025-03-17 17:30:43,baishumeng,2025-03-17 17:30:43,0,0
2240,5633,1066040000125006,1051040000000001,标准编号,1065040000100002,1065040000100002,,1,12,guochengjie,2025-03-17 17:31:17,guochengjie,2025-03-17 17:31:17,0,0
2241,5634,1066040000303005,1051040000000001,标准名称,1065040000300008,1065040000300008,,1,999,guochengjie,2025-03-17 17:31:50,system_user,2025-03-17 17:31:50,0,0
2242,5635,10a6520900502007,1095520900000003,检查结果,10a5520900500006,10a5520900500006,,1,999,guochengjie,2025-03-17 17:38:45,guochengjie,2025-03-17 17:38:45,0,0
2243,5636,10a6120b00504006,1095120b0000000a,评价意见,10a5120b00500000,10a5120b00500000,,1,999,guochengjie,2025-03-17 17:45:55,system_user,2025-03-17 17:45:55,0,0
2244,5637,10a6110d00404008,1095110d00000002,评价意见,10a5110d00400002,10a5110d00400002,,1,999,guochengjie,2025-03-17 17:46:33,system_user,2025-03-17 17:46:33,0,0
2245,5638,10a6140d00504001,1095140d00000005,评价意见,10a5140d00500008,10a5140d00500008,,1,999,guochengjie,2025-03-17 17:46:46,system_user,2025-03-17 17:46:46,0,0
2246,5639,10a6150c0050400c,1095150c00000003,评价意见,10a5150c00500006,10a5150c00500006,,1,999,guochengjie,2025-03-17 17:46:55,system_user,2025-03-17 17:46:55,0,0
2247,5640,10a6150d00504002,1095150d00000006,评价意见,10a5150d00500009,10a5150d00500009,,1,999,guochengjie,2025-03-17 17:47:04,system_user,2025-03-17 17:47:04,0,0
2248,5641,10a6520900503003,1095520900000003,评价意见,10a5520900500006,10a5520900500006,,1,999,guochengjie,2025-03-17 17:47:15,system_user,2025-03-17 17:47:15,0,0
2249,5642,10a652090050400c,1095520900000003,评价值,10a5520900500006,10a5520900500006,,1,999,guochengjie,2025-03-17 17:47:24,system_user,2025-03-17 17:47:24,0,0
2250,5643,10a6530600504004,1095530600000008,评价意见,10a553060050000b,10a553060050000b,,1,999,guochengjie,2025-03-17 17:48:11,system_user,2025-03-17 17:48:11,0,0
2251,5644,10a654090050500a,1095540900000005,评价意见,10a5540900500008,10a5540900500008,,1,999,guochengjie,2025-03-17 17:48:17,system_user,2025-03-17 17:48:17,0,0
2252,5645,10a655080050400c,1095550800000003,评价意见,10a5550800500006,10a5550800500006,,1,999,guochengjie,2025-03-17 17:48:33,system_user,2025-03-17 17:48:33,0,0
2253,5646,1066040001003005,1051040000000001,异常状态,1065040001000008,1065040001000008,,1,999,guochengjie,2025-03-17 18:00:29,system_user,2025-03-17 18:00:29,0,0
2254,5647,1066030000709005,1051030000000000,注意事项,1065030000700006,1065030000700006,,1,999,guochengjie,2025-03-17 18:10:26,system_user,2025-03-17 18:10:26,0,0
2255,5648,10a6150800a0500b,1095150800000004,报考专业,10a5150800a00009,10a5150800a00009,,1,999,guochengjie,2025-03-17 18:10:58,system_user,2025-03-17 18:10:58,0,0
2256,5649,10a6150800d02006,1095150800000004,申报要求,10a5150800d00005,10a5150800d00005,,1,999,guochengjie,2025-03-17 18:29:36,system_user,2025-03-17 18:29:36,0,0
2257,5650,106603000070a001,1051030000000000,项目安排,1065030000700006,1065030000700006,,1,999,guochengjie,2025-03-17 18:32:26,system_user,2025-03-17 18:32:26,0,0
2258,5651,10a6120400b0200b,1095120400000002,投资规模,10a5120400b0000a,10a5120400b0000a,,1,999,guochengjie,2025-03-17 18:40:53,system_user,2025-03-17 18:40:53,0,0
2259,5652,1066040000e0300c,1051040000000001,施行时间,1065040000e00002,1065040000e00002,,1,999,guochengjie,2025-03-17 19:04:02,guochengjie,2025-03-17 19:04:02,0,0
2260,5653,106601000250a00b,105101000000000b,思想政治表现,1065010002500003,1065010002500003,,1,999,guochengjie,2025-03-17 19:09:37,system_user,2025-03-17 19:09:37,0,0
2261,5654,106601000250b007,105101000000000b,奖惩经历,1065010002500003,1065010002500003,,1,999,guochengjie,2025-03-17 19:09:59,system_user,2025-03-17 19:09:59,0,0
2262,5655,1066040001004001,1051040000000001,保存状态,1065040001000008,1065040001000008,,1,999,guochengjie,2025-03-17 19:12:26,system_user,2025-03-17 19:12:26,0,0
2263,5656,10a614070100200b,1095140700000000,维修结果,10a514070100000a,10a514070100000a,,1,999,guochengjie,2025-03-17 19:16:29,system_user,2025-03-17 19:16:29,0,0
2264,5657,10a6540500d0100c,1095540500000006,维护结果,10a5540500d00007,10a5540500d00007,,1,999,guochengjie,2025-03-17 19:16:59,system_user,2025-03-17 19:16:59,0,0
2265,5658,10a6540500d02008,1095540500000006,维修结果,10a5540500d00007,10a5540500d00007,,1,999,guochengjie,2025-03-17 19:17:19,system_user,2025-03-17 19:17:19,0,0
2266,5659,10a6540900506006,1095540900000005,评估价值,10a5540900500008,10a5540900500008,,1,999,guochengjie,2025-03-17 19:17:47,guochengjie,2025-03-17 19:17:47,0,0
2267,5660,10a6520900505008,1095520900000003,评估价值,10a5520900500006,10a5520900500006,,1,999,guochengjie,2025-03-17 19:17:56,guochengjie,2025-03-17 19:17:56,0,0
2268,5661,10a6140d0050500a,1095140d00000005,评估价值,10a5140d00500008,10a5140d00500008,,1,999,guochengjie,2025-03-17 19:18:04,guochengjie,2025-03-17 19:18:04,0,0
2269,5662,10a6120b00505002,1095120b0000000a,评估价值,10a5120b00500000,10a5120b00500000,,1,999,guochengjie,2025-03-17 19:18:11,guochengjie,2025-03-17 19:18:11,0,0
2270,5663,10a6550800505008,1095550800000003,评估价值,10a5550800500006,10a5550800500006,,1,999,guochengjie,2025-03-17 19:19:32,system_user,2025-03-17 19:19:32,0,0
2271,5664,1066050000209005,1051050000000002,户号,1065050000200006,1065050000200006,,1,999,guochengjie,2025-03-17 19:19:44,system_user,2025-03-17 19:19:44,0,0
2272,5665,10a6530300f0100b,109553030000000c,法律依据,10a5530300f00006,10a5530300f00006,,1,999,guochengjie,2025-03-17 19:28:07,system_user,2025-03-17 19:28:07,0,0
2273,5666,10a6130301001002,1095130300000000,法律依据,10a513030100000a,10a513030100000a,,1,999,guochengjie,2025-03-17 19:30:33,system_user,2025-03-17 19:30:33,0,0
2274,5667,1066040000d02000,1051040000000001,质地,1065040000d0000c,1065040000d0000c,,1,999,guochengjie,2025-03-17 19:33:29,system_user,2025-03-17 19:33:29,0,0
2275,5668,106604000100500a,1051040000000001,品相,1065040001000008,1065040001000008,,1,999,guochengjie,2025-03-17 19:33:41,guochengjie,2025-03-17 19:33:41,1,0
2276,5669,1066040001104004,1051040000000001,图形,106504000110000b,106504000110000b,,1,999,guochengjie,2025-03-17 19:36:25,system_user,2025-03-17 19:36:25,0,0
2277,5670,1066030001704008,1051030000000000,播出时长,1065030001700002,1065030001700002,,1,999,guochengjie,2025-03-18 10:09:12,system_user,2025-03-18 10:09:12,0,0
2278,5671,1066030001705004,1051030000000000,活动周期,1065030001700002,1065030001700002,,1,999,guochengjie,2025-03-18 10:10:58,system_user,2025-03-18 10:10:58,0,0
2279,5672,106603000040a005,1051030000000000,播出时间,106503000040000a,106503000040000a,,1,999,guochengjie,2025-03-18 10:11:23,guochengjie,2025-03-18 10:11:23,1,0
2280,5673,106603000090a007,1051030000000000,事由,106503000090000c,106503000090000c,,1,1,guochengjie,2025-03-18 10:13:41,guochengjie,2025-03-18 10:13:41,0,0
2281,5674,106a020000305005,1095020000000000,楼栋数,1069020000300003,1069020000300003,,1,999,guochengjie,2025-03-18 10:23:57,system_user,2025-03-18 10:23:57,0,0
2282,5675,1066040001305006,1051040000000001,流通市值,1065040001300004,1065040001300004,,1,999,guochengjie,2025-03-18 10:24:57,system_user,2025-03-18 10:24:57,0,0
2283,5676,1066040000304001,1051040000000001,作品名称,1065040000300008,1065040000300008,,1,999,guochengjie,2025-03-18 10:25:13,system_user,2025-03-18 10:25:13,0,0
2284,5677,106604000040e003,1051040000000001,作品类型,106504000040000b,106504000040000b,,1,999,guochengjie,2025-03-18 10:25:35,system_user,2025-03-18 10:25:35,0,0
2285,5678,10a615030110c002,1095150300000002,转正时间,10a5150301100002,10a5150301100002,,1,999,guochengjie,2025-03-18 10:40:15,guochengjie,2025-03-18 10:40:15,1,0
2286,5679,10a615030110d00b,1095150300000002,加入时间,10a5150301100002,10a5150301100002,,1,999,guochengjie,2025-03-18 10:41:14,guochengjie,2025-03-18 10:41:14,1,0
2287,5680,10a6150300307006,1095150300000002,退出时间,10a515030030000c,10a515030030000c,,1,999,guochengjie,2025-03-18 10:41:32,guochengjie,2025-03-18 10:41:32,1,0
2288,5681,10a611010070300b,1095110100000005,接待方式,10a5110100700001,10a5110100700001,,1,999,guochengjie,2025-03-18 10:43:51,system_user,2025-03-18 10:43:51,0,0
2289,5682,10a6110100f04005,1095110100000005,接待时间,10a5110100f0000c,10a5110100f0000c,,1,999,guochengjie,2025-03-18 10:44:08,system_user,2025-03-18 10:44:08,0,0
2290,5683,106604000040f00c,1051040000000001,补贴类型,106504000040000b,106504000040000b,,1,999,guochengjie,2025-03-18 10:44:24,system_user,2025-03-18 10:44:24,0,0
2291,5684,10a6140200d02000,109514020000000b,编写时间,10a5140200d0000c,10a5140200d0000c,,1,999,guochengjie,2025-03-18 10:45:28,system_user,2025-03-18 10:45:28,0,0
2292,5685,10a6140200d03009,109514020000000b,制作时间,10a5140200d0000c,10a5140200d0000c,,1,999,guochengjie,2025-03-18 10:45:42,system_user,2025-03-18 10:45:42,0,0
2293,5686,10a6150d00604005,1095150d00000006,考核项目,10a5150d0060000c,10a5150d0060000c,,1,999,guochengjie,2025-03-18 10:46:44,system_user,2025-03-18 10:46:44,0,0
2294,5687,10a6150d00902009,1095150d00000006,衡量标准,10a5150d00900008,10a5150d00900008,,1,999,guochengjie,2025-03-18 10:47:01,system_user,2025-03-18 10:47:01,0,0
2295,5688,10a6150d0050500b,1095150d00000006,自评得分,10a5150d00500009,10a5150d00500009,,1,999,guochengjie,2025-03-18 10:47:18,system_user,2025-03-18 10:47:18,0,0
2296,5689,10a6150d00506007,1095150d00000006,他人评分,10a5150d00500009,10a5150d00500009,,1,999,guochengjie,2025-03-18 10:47:26,system_user,2025-03-18 10:47:26,0,0
2297,5690,10a6150d00507003,1095150d00000006,上级评分,10a5150d00500009,10a5150d00500009,,1,999,guochengjie,2025-03-18 10:47:34,system_user,2025-03-18 10:47:34,0,0
2298,5691,10a6150d00802006,1095150d00000006,评价方法,10a5150d00800005,10a5150d00800005,,1,999,guochengjie,2025-03-18 10:48:08,system_user,2025-03-18 10:48:08,0,0
2299,5692,10a6150d00803002,1095150d00000006,考核方法,10a5150d00800005,10a5150d00800005,,1,999,guochengjie,2025-03-18 10:48:19,system_user,2025-03-18 10:48:19,0,0
2300,5693,10a6150d0080400b,1095150d00000006,检查方法,10a5150d00800005,10a5150d00800005,,1,999,guochengjie,2025-03-18 10:48:23,system_user,2025-03-18 10:48:23,0,0
2301,5694,10a6150d00805007,1095150d00000006,检验维度,10a5150d00800005,10a5150d00800005,,1,999,guochengjie,2025-03-18 10:48:37,system_user,2025-03-18 10:48:37,0,0
2302,5695,1066030000303004,1051030000000000,会议名称,1065030000300007,1065030000300007,,1,999,guochengjie,2025-03-18 10:48:51,system_user,2025-03-18 10:48:51,0,0
2303,5696,1066030000304000,1051030000000000,灾害名称,1065030000300007,1065030000300007,,1,999,guochengjie,2025-03-18 10:48:59,system_user,2025-03-18 10:48:59,0,0
2304,5697,106603000040b001,1051030000000000,会议时间,106503000040000a,106503000040000a,,1,999,guochengjie,2025-03-18 10:49:22,guochengjie,2025-03-18 10:49:22,1,0
2305,5698,1066040000702008,1051040000000001,载具型号,1065040000700007,1065040000700007,,1,999,guochengjie,2025-03-18 10:50:10,guochengjie,2025-03-18 10:50:10,0,0
2306,5699,1066040000703004,1051040000000001,产品型号,1065040000700007,1065040000700007,,1,999,guochengjie,2025-03-18 10:50:15,system_user,2025-03-18 10:50:15,0,0
2307,5700,1066040000704000,1051040000000001,仪器型号,1065040000700007,1065040000700007,,1,999,guochengjie,2025-03-18 10:50:23,guochengjie,2025-03-18 10:50:23,0,0
2308,5701,10a6140d00202000,1095140d00000005,初检时间,10a5140d0020000c,10a5140d0020000c,,1,999,guochengjie,2025-03-18 10:52:43,guochengjie,2025-03-18 10:52:43,1,0
2309,5702,10a6140d00203009,1095140d00000005,复检时间,10a5140d0020000c,10a5140d0020000c,,1,999,guochengjie,2025-03-18 10:52:48,guochengjie,2025-03-18 10:52:48,1,0
2310,5703,10a6140d00204005,1095140d00000005,鉴定时间,10a5140d0020000c,10a5140d0020000c,,1,999,guochengjie,2025-03-18 10:52:53,system_user,2025-03-18 10:52:53,0,0
2311,5704,10a6140d00205001,1095140d00000005,检验时间,10a5140d0020000c,10a5140d0020000c,,1,999,guochengjie,2025-03-18 10:52:57,system_user,2025-03-18 10:52:57,0,0
2312,5705,10a6540900202000,1095540900000005,初检时间,10a554090020000c,10a554090020000c,,1,999,guochengjie,2025-03-18 10:53:17,guochengjie,2025-03-18 10:53:17,1,0
2313,5706,10a6540900203009,1095540900000005,复检时间,10a554090020000c,10a554090020000c,,1,999,guochengjie,2025-03-18 10:53:22,guochengjie,2025-03-18 10:53:22,1,0
2314,5707,10a6540900204005,1095540900000005,鉴定时间,10a554090020000c,10a554090020000c,,1,999,guochengjie,2025-03-18 10:53:26,system_user,2025-03-18 10:53:26,0,0
2315,5708,10a6540900205001,1095540900000005,检验时间,10a554090020000c,10a554090020000c,初检时间，复检时间,1,999,guochengjie,2025-03-18 10:53:31,guochengjie,2025-03-18 10:53:31,0,0
2316,5709,10a6150d00202001,1095150d00000006,初检时间,10a5150d00200000,10a5150d00200000,,1,999,guochengjie,2025-03-18 10:53:44,guochengjie,2025-03-18 10:53:44,1,0
2317,5710,10a6150d0020300a,1095150d00000006,复检时间,10a5150d00200000,10a5150d00200000,,1,999,guochengjie,2025-03-18 10:53:48,guochengjie,2025-03-18 10:53:48,1,0
2318,5711,10a6150d00204006,1095150d00000006,鉴定时间,10a5150d00200000,10a5150d00200000,,1,999,guochengjie,2025-03-18 10:53:53,system_user,2025-03-18 10:53:53,0,0
2319,5712,10a6150d00205002,1095150d00000006,检验时间,10a5150d00200000,10a5150d00200000,初检时间，复检时间,1,999,guochengjie,2025-03-18 10:53:58,guochengjie,2025-03-18 10:53:58,0,0
2320,5713,10a6110d00b0200b,1095110d00000002,初检时间,10a5110d00b0000a,10a5110d00b0000a,,1,999,guochengjie,2025-03-18 10:54:15,baishumeng,2025-03-18 10:54:15,1,0
2321,5714,10a6110d00b03007,1095110d00000002,复检时间,10a5110d00b0000a,10a5110d00b0000a,,1,999,guochengjie,2025-03-18 10:54:20,baishumeng,2025-03-18 10:54:20,1,0
2322,5715,10a6110d00b04003,1095110d00000002,鉴定时间,10a5110d00b0000a,10a5110d00b0000a,,1,999,guochengjie,2025-03-18 10:54:25,system_user,2025-03-18 10:54:25,0,0
2323,5716,10a6110d00b0500c,1095110d00000002,家庭时间,10a5110d00b0000a,10a5110d00b0000a,,1,999,guochengjie,2025-03-18 10:54:30,guochengjie,2025-03-18 10:54:30,1,0
2324,5717,106a04000030700c,1095040000000002,库存量,1069040000300005,1069040000300005,,1,2,guochengjie,2025-03-18 10:55:17,guochengjie,2025-03-18 10:55:17,0,0
2325,5718,1066010001a0a004,105101000000000b,经济来源,1065010001a00009,1065010001a00009,,1,8,guochengjie,2025-03-18 10:56:25,guochengjie,2025-03-18 10:56:25,0,0
2326,5719,1066010001a0b000,105101000000000b,个人养老金,1065010001a00009,1065010001a00009,,1,7,guochengjie,2025-03-18 10:57:32,guochengjie,2025-03-18 10:57:32,0,0
2327,5720,10a6150301004005,1095150300000002,退休方式,10a515030100000c,10a515030100000c,,1,999,guochengjie,2025-03-18 10:57:56,system_user,2025-03-18 10:57:56,0,0
2328,5721,1066010001f06009,105101000000000b,生育状态,1065010001f0000b,1065010001f0000b,已生育，未生育,1,999,guochengjie,2025-03-18 10:58:42,system_user,2025-03-18 10:58:42,0,0
2329,5722,10a6150300e0400c,1095150300000002,参保年限,10a5150300e00006,10a5150300e00006,,1,999,guochengjie,2025-03-18 10:59:20,system_user,2025-03-18 10:59:20,0,0
2330,5723,1066040000410008,1051040000000001,保险类型,106504000040000b,106504000040000b,,1,999,guochengjie,2025-03-18 11:00:14,system_user,2025-03-18 11:00:14,0,0
2331,5724,1066010002106002,105101000000000b,退休年龄,1065010002100004,1065010002100004,,1,999,guochengjie,2025-03-18 11:00:38,system_user,2025-03-18 11:00:38,0,0
2332,5725,106604000020f006,1051040000000001,页码,1065040000200005,1065040000200005,,1,2,guochengjie,2025-03-18 11:02:45,guochengjie,2025-03-18 11:02:45,0,0
2333,5726,106a040000308008,1095040000000002,页数,1069040000300005,1069040000300005,,1,4,guochengjie,2025-03-18 11:02:55,guochengjie,2025-03-18 11:02:55,0,0
2334,5727,10a6150a00b02006,1095150a0000000a,客户需求,10a5150a00b00005,10a5150a00b00005,,1,999,guochengjie,2025-03-18 11:04:42,system_user,2025-03-18 11:04:42,0,0
2335,5728,10a6150a00b03002,1095150a0000000a,实际服务内容,10a5150a00b00005,10a5150a00b00005,,1,999,guochengjie,2025-03-18 11:04:48,guochengjie,2025-03-18 11:04:48,1,0
2336,5729,10a6150a00c02009,1095150a0000000a,服务合同编号,10a5150a00c00008,10a5150a00c00008,,1,999,guochengjie,2025-03-18 11:05:13,guochengjie,2025-03-18 11:05:13,0,0
2337,5730,10a6150a00c03005,1095150a0000000a,服务协议编号,10a5150a00c00008,10a5150a00c00008,,1,999,guochengjie,2025-03-18 11:05:20,system_user,2025-03-18 11:05:20,0,0
2338,5731,1066020001507002,105102000000000c,建筑规模,1065020001500008,1065020001500008,,1,999,guochengjie,2025-03-18 22:31:21,system_user,2025-03-18 22:31:21,0,0
2339,5732,10a613050050200a,1095130500000006,处罚金额,10a5130500500009,10a5130500500009,,1,999,guochengjie,2025-03-20 14:54:40,system_user,2025-03-20 14:54:40,0,0
2340,5733,10a6130300d04007,1095130300000000,批准时间,10a5130300d00001,10a5130300d00001,,1,999,guochengjie,2025-03-20 15:42:56,system_user,2025-03-20 15:42:56,0,0
2341,5734,10a6130300d05003,1095130300000000,办结时间,10a5130300d00001,10a5130300d00001,,1,999,guochengjie,2025-03-20 15:43:01,system_user,2025-03-20 15:43:01,0,0
2342,5735,10a6530300e02004,109553030000000c,批准时间,10a5530300e00003,10a5530300e00003,,1,999,guochengjie,2025-03-20 15:43:16,system_user,2025-03-20 15:43:16,0,0
2343,5736,10a6530300e03000,109553030000000c,处置时间,10a5530300e00003,10a5530300e00003,,1,999,guochengjie,2025-03-20 15:43:22,system_user,2025-03-20 15:43:22,0,0
2344,5737,1066040001006006,1051040000000001,营运状态,1065040001000008,1065040001000008,,1,999,guochengjie,2025-03-20 15:44:45,system_user,2025-03-20 15:44:45,0,0
2345,5738,1066020000e04006,105102000000000c,房屋状态,1065020000e00000,1065020000e00000,已改造，未改造；已修补，未修补,1,999,guochengjie,2025-03-21 17:42:13,system_user,2025-03-21 17:42:13,0,0
2346,5739,1066020000f02004,105102000000000c,外观描述,1065020000f00003,1065020000f00003,,1,999,guochengjie,2025-03-21 17:43:46,system_user,2025-03-21 17:43:46,0,0
2347,5740,10a6150800702001,1095150800000004,备案时间,10a5150800700000,10a5150800700000,,1,999,guochengjie,2025-03-25 15:31:56,system_user,2025-03-25 15:31:56,0,0
2348,5741,1066030000305009,1051030000000000,案件名称,1065030000300007,1065030000300007,,1,999,guochengjie,2025-03-25 15:33:50,system_user,2025-03-25 15:33:50,0,0
2349,5742,1066020000308009,105102000000000c,院落名称,1065020000300006,1065020000300006,,1,999,guochengjie,2025-03-25 15:36:09,system_user,2025-03-25 15:36:09,0,0
2350,5743,1066020000309005,105102000000000c,楼栋名称,1065020000300006,1065020000300006,,1,999,guochengjie,2025-03-25 15:37:08,system_user,2025-03-25 15:37:08,0,0
2351,5744,1066040000e04008,1051040000000001,注册时间,1065040000e00002,1065040000e00002,,1,999,guochengjie,2025-03-28 11:34:59,system_user,2025-03-28 11:34:59,0,0
2352,5745,10a6540100d03005,1095540100000007,签章日期,10a5540100d00008,10a5540100d00008,,1,999,guochengjie,2025-03-28 11:40:52,system_user,2025-03-28 11:40:52,0,0
2353,5746,10a6140200f03002,109514020000000b,签章时间,10a5140200f00005,10a5140200f00005,,1,999,guochengjie,2025-03-28 11:42:23,system_user,2025-03-28 11:42:23,0,0
2354,5747,106a020000306001,1095020000000000,房屋数,1069020000300003,1069020000300003,,1,999,baishumeng,2025-03-29 00:32:36,system_user,2025-03-29 00:32:36,0,0
2355,5748,10a6150300e05008,1095150300000002,聘任年限,10a5150300e00006,10a5150300e00006,,1,999,baishumeng,2025-03-29 14:02:00,system_user,2025-03-29 14:02:00,0,0
2356,5749,1096550400001009,1095550400000004,合作成本,1095550400000004,1095550400000004,,1,999,baishumeng,2025-03-29 14:07:41,baishumeng,2025-03-29 14:07:41,1,0
2357,5750,109655040000101a,1095550400000004,合作成本,1096550400001009,1096550400001009,,2,999,baishumeng,2025-03-29 14:07:54,baishumeng,2025-03-29 14:07:54,1,0
2358,5751,1096550400002005,1095550400000004,合作成本,1095550400000004,1095550400000004,,1,999,baishumeng,2025-03-29 14:09:48,baishumeng,2025-03-29 14:09:48,1,0
2359,5752,1096550400002016,1095550400000004,合作成本,1096550400002005,1096550400002005,,2,999,baishumeng,2025-03-29 14:09:55,baishumeng,2025-03-29 14:09:55,1,0
2360,5753,10a6550400e01000,1095550400000004,合作成本,10a5550400e00008,10a5550400e00008,,1,999,baishumeng,2025-03-29 14:12:26,system_user,2025-03-29 14:12:26,0,0
2361,5754,10a6110a0010200b,1095110a00000006,婚姻登记号,10a5110a0010000a,10a5110a0010000a,,1,999,baishumeng,2025-03-29 19:55:57,baishumeng,2025-03-29 19:55:57,0,0
2362,5755,1066050000309008,1051050000000002,国家名称,1065050000300009,1065050000300009,,1,999,baishumeng,2025-03-29 21:17:11,system_user,2025-03-29 21:17:11,0,0
2363,5756,1066040000126002,1051040000000001,职业资格证号,1065040000100002,1065040000100002,,1,999,baishumeng,2025-03-29 21:35:48,system_user,2025-03-29 21:35:48,0,0
2364,5757,106604000012700b,1051040000000001,证照号,1065040000100002,1065040000100002,营业执照号，驾驶证号，飞行员执照，退役证件号，...,1,999,baishumeng,2025-03-29 22:49:29,baishumeng,2025-03-29 22:49:29,0,0
2365,5758,1066040000128007,1051040000000001,产权号,1065040000100002,1065040000100002,,1,999,baishumeng,2025-03-30 00:03:46,system_user,2025-03-30 00:03:46,0,0
2366,5759,1066020000f03000,105102000000000c,房屋户型,1065020000f00003,1065020000f00003,,1,999,baishumeng,2025-03-30 01:18:06,system_user,2025-03-30 01:18:06,0,0
2367,5760,1066020001b01005,105102000000000c,价格,1065020001b00000,1065020001b00000,,1,999,baishumeng,2025-03-30 01:24:30,system_user,2025-03-30 01:24:30,0,0
2368,5761,1066020001b02001,105102000000000c,价值,1065020001b00000,1065020001b00000,,1,999,baishumeng,2025-03-30 01:24:50,system_user,2025-03-30 01:24:50,0,0
2369,5762,1066020001b0300a,105102000000000c,单价,1065020001b00000,1065020001b00000,,1,999,baishumeng,2025-03-30 01:24:56,system_user,2025-03-30 01:24:56,0,0
2370,5763,1066020001b04006,105102000000000c,均价,1065020001b00000,1065020001b00000,,1,999,baishumeng,2025-03-30 01:25:02,system_user,2025-03-30 01:25:02,0,0
2371,5764,1066020001b05002,105102000000000c,购买价,1065020001b00000,1065020001b00000,,1,999,baishumeng,2025-03-30 01:25:11,baishumeng,2025-03-30 01:25:11,1,0
2372,5765,106a040000309004,1095040000000002,入库量,1069040000300005,1069040000300005,,1,999,baishumeng,2025-03-30 16:55:07,system_user,2025-03-30 16:55:07,0,0
2373,5766,106a04000030a000,1095040000000002,出库量,1069040000300005,1069040000300005,,1,999,baishumeng,2025-03-30 16:55:13,system_user,2025-03-30 16:55:13,0,0
2374,5767,10a6530100e01002,1095530100000006,参与成本,10a5530100e0000a,10a5530100e0000a,,1,999,guochengjie,2025-03-30 17:01:24,system_user,2025-03-30 17:01:24,0,0
2375,5768,10a6530100e0200b,1095530100000006,赞助金额,10a5530100e0000a,10a5530100e0000a,,1,999,guochengjie,2025-03-30 17:06:08,system_user,2025-03-30 17:06:08,0,0
2376,5769,106604000030500a,1051040000000001,节目名称,1065040000300008,1065040000300008,,1,999,guochengjie,2025-03-30 17:10:42,system_user,2025-03-30 17:10:42,0,0
2377,5770,1066030000306005,1051030000000000,课题名称,1065030000300007,1065030000300007,,1,999,guochengjie,2025-03-30 17:12:42,system_user,2025-03-30 17:12:42,0,0
2378,5771,106a04000030b009,1095040000000002,单位,1069040000300005,1069040000300005,,1,999,baishumeng,2025-03-30 17:24:52,system_user,2025-03-30 17:24:52,0,0
2379,5772,10a6130300402001,1095130300000000,审批结果,10a5130300400000,10a5130300400000,,1,999,guochengjie,2025-03-30 17:31:16,system_user,2025-03-30 17:31:16,0,0
2380,5773,1066040000129003,1051040000000001,登记号,1065040000100002,1065040000100002,,1,999,baishumeng,2025-03-30 17:48:13,system_user,2025-03-30 17:48:13,0,0
2381,5774,10a6150300308002,1095150300000002,退伍时间,10a515030030000c,10a515030030000c,,1,999,baishumeng,2025-03-30 17:56:23,system_user,2025-03-30 17:56:23,0,0
2382,5775,106604000012a00c,1051040000000001,医保号,1065040000100002,1065040000100002,,1,999,baishumeng,2025-03-30 20:01:32,system_user,2025-03-30 20:01:32,0,0
2383,5776,10a6150300e06004,1095150300000002,服役年限,10a5150300e00006,10a5150300e00006,,1,999,baishumeng,2025-03-30 20:36:27,system_user,2025-03-30 20:36:27,0,0
2384,5777,106603000070b00a,1051030000000000,解决措施,1065030000700006,1065030000700006,,1,999,guochengjie,2025-03-30 20:47:05,system_user,2025-03-30 20:47:05,0,0
2385,5778,10a6150301005001,1095150300000002,退役方式,10a515030100000c,10a515030100000c,,1,999,baishumeng,2025-03-30 21:16:22,baishumeng,2025-03-30 21:16:22,0,0
2386,5779,10a6130200c02009,109513020000000a,记录时间,10a5130200c00008,10a5130200c00008,,1,999,baishumeng,2025-03-30 23:14:40,system_user,2025-03-30 23:14:40,0,0
2387,5780,1066040000e05004,1051040000000001,发布日期,1065040000e00002,1065040000e00002,,1,999,baishumeng,2025-03-30 23:16:27,system_user,2025-03-30 23:16:27,0,0
2388,5781,1066010002a0100a,105101000000000b,学位,1065010002a00005,1065010002a00005,,1,999,baishumeng,2025-03-31 01:04:24,baishumeng,2025-03-31 01:04:24,0,0
2389,5782,1066010002b01000,105101000000000b,个人签章,1065010002b00008,1065010002b00008,,1,999,guochengjie,2025-03-31 02:00:45,system_user,2025-03-31 02:00:45,0,0
2390,5783,1066050001e01004,1051050000000002,组织签章,1065050001e0000c,1065050001e0000c,,1,999,guochengjie,2025-03-31 02:02:21,system_user,2025-03-31 02:02:21,0,0
2391,5784,1066040001105000,1051040000000001,技术参数,106504000110000b,106504000110000b,,1,999,guochengjie,2025-03-31 02:14:43,system_user,2025-03-31 02:14:43,0,0
2392,5785,1066040000f08008,1051040000000001,节目周期,1065040000f00005,1065040000f00005,,1,999,guochengjie,2025-03-31 02:26:18,system_user,2025-03-31 02:26:18,0,0
2393,5786,1066040000e06000,1051040000000001,设立时间,1065040000e00002,1065040000e00002,,1,999,guochengjie,2025-03-31 02:26:32,system_user,2025-03-31 02:26:32,0,0
2394,5787,106604000190b000,1051040000000001,时长,1065040001900009,1065040001900009,,1,999,guochengjie,2025-03-31 02:47:56,system_user,2025-03-31 02:47:56,0,0
2395,5788,106602000150800b,105102000000000c,单位,1065020001500008,1065020001500008,,1,999,baishumeng,2025-03-31 03:17:06,system_user,2025-03-31 03:17:06,0,0
2396,5789,1066020000f04009,105102000000000c,线路描述,1065020000f00003,1065020000f00003,,1,999,guochengjie,2025-03-31 16:20:26,system_user,2025-03-31 16:20:26,0,0
2397,5790,1066050001d03006,1051050000000002,组织架构,1065050001d00009,1065050001d00009,,1,999,baishumeng,2025-03-31 23:06:11,system_user,2025-03-31 23:06:11,0,0
2398,5791,1066050000605007,1051050000000002,财务状况,1065050000600005,1065050000600005,,1,999,baishumeng,2025-03-31 23:06:26,system_user,2025-03-31 23:06:26,0,0
2399,5792,10a6540700a01009,109554070000000c,使用频次,10a5540700a00004,10a5540700a00004,,1,999,guochengjie,2025-04-03 18:45:40,system_user,2025-04-03 18:45:40,0,0
2400,5793,10a6540700a02005,109554070000000c,使用频率,10a5540700a00004,10a5540700a00004,,1,999,guochengjie,2025-04-03 18:46:05,guochengjie,2025-04-03 18:46:05,1,0
2401,5794,10a6540700a03001,109554070000000c,使用次数,10a5540700a00004,10a5540700a00004,,1,999,guochengjie,2025-04-03 18:46:09,system_user,2025-04-03 18:46:09,0,0
2402,5795,1066050001d04002,1051050000000002,企业荣誉,1065050001d00009,1065050001d00009,,1,999,guochengjie,2025-04-03 23:49:57,system_user,2025-04-03 23:49:57,0,0
2403,5796,10a6150300d09002,1095150300000002,学历学位要求,10a5150300d00003,10a5150300d00003,,1,999,baishumeng,2025-04-06 10:37:40,system_user,2025-04-06 10:37:40,0,0
2404,5797,10a615030110e007,1095150300000002,入团时间,10a5150301100002,10a5150301100002,,1,999,baishumeng,2025-04-06 13:56:12,system_user,2025-04-06 13:56:12,0,0
2405,5798,106604000012b008,1051040000000001,备案号,1065040000100002,1065040000100002,,1,999,baishumeng,2025-04-06 14:13:19,system_user,2025-04-06 14:13:19,0,0
2406,5799,10a6110d00405004,1095110d00000002,评价等级,10a5110d00400002,10a5110d00400002,,1,999,baishumeng,2025-04-06 15:34:05,system_user,2025-04-06 15:34:05,0,0
2407,5800,10a6150d0050800c,1095150d00000006,评价等级,10a5150d00500009,10a5150d00500009,,1,999,baishumeng,2025-04-06 15:34:17,system_user,2025-04-06 15:34:17,0,0
2408,5801,10a6120b0050600b,1095120b0000000a,评价等级,10a5120b00500000,10a5120b00500000,,1,999,baishumeng,2025-04-06 15:34:56,system_user,2025-04-06 15:34:56,0,0
2409,5802,10a6130800505007,1095130800000002,评价等级,10a5130800500005,10a5130800500005,,1,999,baishumeng,2025-04-06 15:35:05,system_user,2025-04-06 15:35:05,0,0
2410,5803,10a6140d00506006,1095140d00000005,评价等级,10a5140d00500008,10a5140d00500008,,1,999,baishumeng,2025-04-06 15:35:13,system_user,2025-04-06 15:35:13,0,0
2411,5804,10a6150c00505008,1095150c00000003,评价等级,10a5150c00500006,10a5150c00500006,,1,999,baishumeng,2025-04-06 15:35:22,system_user,2025-04-06 15:35:22,0,0
2412,5805,10a6550800506004,1095550800000003,评价等级,10a5550800500006,10a5550800500006,,1,999,baishumeng,2025-04-06 15:35:34,system_user,2025-04-06 15:35:34,0,0
2413,5806,1066030001302004,1051030000000000,交通工具,1065030001300003,1065030001300003,,1,999,guochengjie,2025-04-06 15:44:02,system_user,2025-04-06 15:44:02,0,0
2414,5807,1066040001106009,1051040000000001,技术领域,106504000110000b,106504000110000b,,1,999,baishumeng,2025-04-06 16:24:42,system_user,2025-04-06 16:24:42,0,0
2415,5808,106603000081200b,1051030000000000,整改结果,1065030000800009,1065030000800009,,1,999,baishumeng,2025-04-06 16:47:07,baishumeng,2025-04-06 16:47:07,0,0
2416,5809,10a613020070a001,109513020000000a,表现情况,10a5130200700006,10a5130200700006,,1,999,baishumeng,2025-04-06 22:03:28,system_user,2025-04-06 22:03:28,0,0
2417,5810,1066050001d0500b,1051050000000002,开业时间,1065050001d00009,1065050001d00009,,1,999,baishumeng,2025-04-06 22:19:21,system_user,2025-04-06 22:19:21,0,0
2418,5811,1066040001306002,1051040000000001,进价,1065040001300004,1065040001300004,,1,999,baishumeng,2025-04-06 22:33:08,system_user,2025-04-06 22:33:08,0,0
2419,5812,106603000070c006,1051030000000000,事项要求,1065030000700006,1065030000700006,,1,999,guochengjie,2025-04-07 11:01:06,system_user,2025-04-07 11:01:06,0,0
2420,5813,10a6530100f01005,1095530100000006,终止时间,10a5530100f00000,10a5530100f00000,,1,999,guochengjie,2025-04-07 17:50:49,system_user,2025-04-07 17:50:49,0,0
2421,5814,10a6440700101005,1095440700000009,编号,10a5440700100000,10a5440700100000,,1,999,guochengjie,2025-04-08 18:23:43,guochengjie,2025-04-08 18:23:43,0,0
2422,5815,10a6440700201008,1095440700000009,持续时长,10a5440700200003,10a5440700200003,,1,999,guochengjie,2025-04-08 18:24:33,system_user,2025-04-08 18:24:33,0,0
2423,5816,10a644070030100b,1095440700000009,影响结果,10a5440700300006,10a5440700300006,,1,999,guochengjie,2025-04-08 18:24:41,system_user,2025-04-08 18:24:41,0,0
2424,5817,10a6440700401001,1095440700000009,影响原因,10a5440700400009,10a5440700400009,,1,999,guochengjie,2025-04-08 18:24:49,system_user,2025-04-08 18:24:49,0,0
2425,5818,10a6440700501004,1095440700000009,影响方式,10a544070050000c,10a544070050000c,,1,999,guochengjie,2025-04-08 18:25:03,system_user,2025-04-08 18:25:03,0,0
2426,5819,10a6440700601007,1095440700000009,影响程度,10a5440700600002,10a5440700600002,,1,999,guochengjie,2025-04-08 18:25:22,system_user,2025-04-08 18:25:22,0,0
2427,5820,10a644070070100a,1095440700000009,影响状态,10a5440700700005,10a5440700700005,,1,999,guochengjie,2025-04-08 18:25:35,guochengjie,2025-04-08 18:25:35,0,0
2428,5821,10a6440700801000,1095440700000009,发生时间,10a5440700800008,10a5440700800008,,1,999,guochengjie,2025-04-08 18:25:44,system_user,2025-04-08 18:25:44,0,0
2429,5822,106601000280600a,105101000000000b,骨龄,106501000280000c,106501000280000c,,1,999,baishumeng,2025-04-16 14:37:55,system_user,2025-04-16 14:37:55,0,0
2430,5823,106604000012c004,1051040000000001,专利号,1065040000100002,1065040000100002,,1,999,baishumeng,2025-04-16 14:45:33,system_user,2025-04-16 14:45:33,0,0
2431,5824,106604000012d000,1051040000000001,社保号,1065040000100002,1065040000100002,,1,999,baishumeng,2025-04-18 20:26:09,system_user,2025-04-18 20:26:09,0,0
2432,5825,1066030000813007,1051030000000000,合格率,1065030000800009,1065030000800009,,1,999,baishumeng,2025-04-19 22:07:17,system_user,2025-04-19 22:07:17,0,0
2433,5826,10a6520600d01000,1095520600000007,维护内容,10a5520600d00008,10a5520600d00008,,1,999,baishumeng,2025-04-27 18:28:38,system_user,2025-04-27 18:28:38,0,0
2434,5827,10a6150300407009,1095150300000002,绩效,10a5150300400002,10a5150300400002,,1,999,guochengjie,2025-05-23 13:59:52,system_user,2025-05-23 13:59:52,0,0
2435,5828,10a6150300b08000,1095150300000002,工作奖励,10a5150300b0000a,10a5150300b0000a,期权、股票等,1,999,guochengjie,2025-05-23 14:00:14,system_user,2025-05-23 14:00:14,0,0
2436,5829,106a02000030700a,1095020000000000,层数,1069020000300003,1069020000300003,,1,999,baishumeng,2025-06-03 16:20:34,system_user,2025-06-03 16:20:34,0,0
2437,5830,10a6120800f01000,1095120800000001,结束时间,10a5120800f00008,10a5120800f00008,,1,999,baishumeng,2025-06-05 23:11:10,system_user,2025-06-05 23:11:10,0,0
2438,5831,10a6110c00b02008,1095110c0000000c,出让年限,10a5110c00b00007,10a5110c00b00007,,1,999,baishumeng,2025-06-06 11:31:35,system_user,2025-06-06 11:31:35,0,0
2439,5832,10a6150700a02007,1095150700000001,交付时间,10a5150700a00006,10a5150700a00006,,1,999,baishumeng,2025-06-06 11:51:50,system_user,2025-06-06 11:51:50,0,0
2440,5833,10a6120a00e01003,1095120a00000007,到期时间,10a5120a00e0000b,10a5120a00e0000b,,1,999,baishumeng,2025-06-06 11:57:46,system_user,2025-06-06 11:57:46,0,0
2441,5834,10a6150500e01004,1095150500000008,服务岗位,10a5150500e0000c,10a5150500e0000c,,1,999,baishumeng,2025-06-22 13:15:45,system_user,2025-06-22 13:15:45,0,0
2442,5835,106604000012e009,1051040000000001,网址,1065040000100002,1065040000100002,,1,999,baishumeng,2025-06-22 19:53:20,system_user,2025-06-22 19:53:20,0,0
2443,5836,10a6530101001008,1095530100000006,当前进程,10a5530101000003,10a5530101000003,,1,999,baishumeng,2025-06-22 19:55:13,system_user,2025-06-22 19:55:13,0,0
2444,5837,106605000030a004,1051050000000002,组织名称,1065050000300009,1065050000300009,,1,999,baishumeng,2025-06-23 11:32:19,system_user,2025-06-23 11:32:19,0,0
2445,5838,10a6150800102009,1095150800000004,准考证号,10a5150800100008,10a5150800100008,,1,999,baishumeng,2025-06-23 14:11:17,system_user,2025-06-23 14:11:17,0,0
2446,5839,10a611010110100a,1095110100000005,服务职责,10a5110101100005,10a5110101100005,,1,999,baishumeng,2025-06-23 14:28:21,system_user,2025-06-23 14:28:21,0,0
2447,5840,10a6110101102006,1095110100000005,工作内容,10a5110101100005,10a5110101100005,,1,999,baishumeng,2025-06-23 14:28:43,system_user,2025-06-23 14:28:43,0,0
2448,5841,10a6110101103002,1095110100000005,任务分工,10a5110101100005,10a5110101100005,,1,999,baishumeng,2025-06-23 14:28:48,system_user,2025-06-23 14:28:48,0,0
2449,5842,10a6150a00d01003,1095150a0000000a,客户需求,10a5150a00d0000b,10a5150a00d0000b,,1,999,baishumeng,2025-07-02 12:32:08,system_user,2025-07-02 12:32:08,0,0
