"id","property_code","property_name","property_name_cn","attributes","category_code","crowd_stat","category_type","property_type","serial_number","create_user","create_time","modify_user","modify_time","del_stat","version_no","identify_type"
"1","1065010000200002","user_id","编号",,"105101000000000b","0","1","1","1","test_user","2023-04-17 11:15:11","chenshun","2024-11-06 17:03:20","0","0",NULL
"2","1065010000300005","name","姓名",,"105101000000000b","0","0","0","3","test_user","2023-04-17 11:15:12","chenshun","2024-12-05 21:58:03","0","0",NULL
"3","1065010000400008","sex","性别","男, 女","105101000000000b","0","0","0","4","system_user","2023-04-17 11:15:12","chenshun","2024-11-06 17:03:20","0","0",NULL
"4","106501000050000b","date_of_birth","出生日期",,"105101000000000b","0","0","0","6","system_user","2023-04-17 11:15:13","chenshun","2024-11-06 17:03:20","0","0",NULL
"5","1065010000600001","nationality","国籍",,"105101000000000b","0","0","0","8","system_user","2023-04-17 11:15:14","chenshun","2024-11-06 17:03:20","0","0",NULL
"6","1065010000700004","ethnicity","民族","汉族、壮族、满族、蒙古族、回族......","105101000000000b","0","0","0","9","test_user","2023-04-17 11:15:14","chenshun","2024-11-06 17:03:20","0","0",NULL
"7","1065010000800007","native_place","籍贯",,"105101000000000b","0","0","0","10","system_user","2023-04-17 11:15:15","chenshun","2024-11-06 17:03:20","0","0",NULL
"8","106501000090000a","political_status","政治面貌","共青团员, 中共预备党员, 中共党员, 其他党派人员, 群众","105101000000000b","0","0","0","13","system_user","2023-04-17 11:15:15","chenshun","2024-11-06 17:03:20","0","0",NULL
"9","1065010000a00000","birthplace","出生地",,"105101000000000b","0","0","0","12","system_user","2023-04-17 11:15:16","chenshun","2024-11-06 17:03:20","0","0",NULL
"10","1065010000b00003","body_weight","体重",,"105101000000000b","0","0","0","17","system_user","2023-04-17 11:15:16","chenshun","2024-11-06 17:03:20","0","0",NULL
"11","1065010000c00006","height","身高",,"105101000000000b","0","0","0","16","system_user","2023-04-17 11:15:17","chenshun","2024-11-06 17:03:20","0","0",NULL
"12","1065010000d00009","educational_background","学历","初中及以下, 高中及中专, 大专, 本科, 硕士研究生, 博士研究生","105101000000000b","0","0","0","22","system_user","2023-04-17 11:15:17","chenshun","2024-11-06 17:03:20","0","0",NULL
"13","1065010000e0000c","occupation","职业","老师, 工程师, 医生, 会计, 律师, 警察等","105101000000000b","0","0","0","24","test_user","2023-04-17 11:15:18","chenshun","2024-11-06 17:03:20","0","0",NULL
"14","1065010000f00002","blood_type","血型","A, B, AB, O, 熊猫血","105101000000000b","0","0","0","34","system_user","2023-04-17 11:15:19","chenshun","2024-11-06 17:03:20","0","0",NULL
"15","1065010001000005","major","专业",,"105101000000000b","0","0","0","23","system_user","2023-04-17 11:15:19","chenshun","2024-11-06 17:03:20","0","0",NULL
"16","1065010001100008","professional_title","职称",,"105101000000000b","0","0","0","25","system_user","2023-04-17 11:15:20","chenshun","2024-11-06 17:03:20","0","0",NULL
"17","106501000120000b","state","健康状态",,"105101000000000b","0","0","0","33","test_user","2023-04-17 11:15:20","chenshun","2024-11-06 17:03:20","0","0",NULL
"21","1065010001300001","marital_status","婚姻状况",,"105101000000000b","0","0","0","15","system_user","2023-04-17 11:15:22","chenshun","2024-11-06 17:03:20","0","0",NULL
"22","1065020000200003","region_id","编号",,"105102000000000c","0","1","1","1","system_user","2023-04-17 11:15:23","qidekang","2024-11-06 17:03:20","0","0",NULL
"23","1065020000300006","name","名称",,"105102000000000c","0","0","0","2","system_user","2023-04-17 11:15:24","qidekang","2024-11-06 17:03:20","0","0",NULL
"24","1065020000400009","type","类型","点, 线, 面, 体","105102000000000c","0","0","0","3","system_user","2023-04-17 11:15:24","qidekang","2024-11-06 17:03:20","0","0",NULL
"25","106502000050000c","functionality","功能","交通, 居住, 生态, 医疗, 教育","105102000000000c","0","0","0","4","test_user","2023-04-17 11:15:25","qidekang","2024-11-06 17:03:20","0","0",NULL
"26","1065020000600002","latitude_and_longitude","经纬度",,"105102000000000c","0","0","0","13","admin","2023-04-17 11:15:25","qidekang","2024-11-06 17:03:20","0","0",NULL
"27","1065020000700005","outsourcing_boundary","外包边界","适用于面（polygon）类型的地址","105102000000000c","0","0","0","15","zstx","2023-04-17 11:15:26","qidekang","2024-11-06 17:03:20","0","0",NULL
"28","1065020000800008","address","地址",,"105102000000000c","0","0","0","8","system_user","2023-04-17 11:15:26","qidekang","2024-11-06 17:03:20","0","0",NULL
"29","106502000090000b","long","长度",,"105102000000000c","0","0","0","999","test_user","2023-04-17 11:15:27","admin","2024-11-06 17:03:20","1","0",NULL
"30","1065020000a00001","wide","宽度",,"105102000000000c","0","0","0","999","test_user","2023-04-17 11:15:27","admin","2024-11-06 17:03:20","1","0",NULL
"31","1065020000b00004","high","高度",,"105102000000000c","0","0","0","999","test_user","2023-04-17 11:15:28","admin","2024-11-06 17:03:20","1","0",NULL
"32","1065020000c00007","area","面积",,"105102000000000c","0","0","0","999","system_user","2023-04-17 11:15:29","admin","2024-11-06 17:03:20","1","0",NULL
"33","1065020000d0000a","landform","地形","平原, 高原, 丘陵, 山地","105102000000000c","0","0","0","5","system_user","2023-04-17 11:15:29","qidekang","2024-11-06 17:03:20","0","0",NULL
"35","1065030000200004","event_id","编号",,"1051030000000000","0","1","1","2","system_user","2023-04-17 11:15:30","qidekang","2024-11-06 17:03:20","0","0",NULL
"36","1065030000300007","name","名称",,"1051030000000000","0","0","0","1","system_user","2023-04-17 11:15:31","qidekang","2024-11-06 17:03:20","0","0",NULL
"37","106503000040000a","start_time","发生时间",,"1051030000000000","0","0","0","8","test_user","2023-04-17 11:15:31","qidekang","2024-11-06 17:03:20","0","0",NULL
"38","1065030000500000","end_time","结束时间",,"1051030000000000","0","0","0","9","system_user","2023-04-17 11:15:32","qidekang","2024-11-06 17:03:20","0","0",NULL
"39","1065030000600003","type","类型","处置, 投诉, 执法","1051030000000000","0","0","0","10","system_user","2023-04-17 11:15:33","qidekang","2024-11-06 17:03:20","0","0",NULL
"40","1065030000700006","description","描述",,"1051030000000000","0","0","0","11","system_user","2023-04-17 11:15:34","qidekang","2024-11-06 17:03:20","0","0",NULL
"41","1065030000800009","result","结果",,"1051030000000000","0","0","0","12","system_user","2023-04-17 11:15:34","qidekang","2024-11-06 17:03:20","0","0",NULL
"42","106503000090000c","cause","原因",,"1051030000000000","0","0","0","13","system_user","2023-04-17 11:15:35","qidekang","2024-11-06 17:03:20","0","0",NULL
"43","1065030000a00002","state","状态",,"1051030000000000","0","0","0","14","system_user","2023-04-17 11:15:35","qidekang","2024-11-06 17:03:20","0","0",NULL
"47","1065040000200005","object_id","编号",,"1051040000000001","0","1","1","1","system_user","2023-04-17 11:15:37","qidekang","2024-11-06 17:03:20","0","0",NULL
"48","1065040000300008","name","名称",,"1051040000000001","0","0","0","3","system_user","2023-04-17 11:15:38","qidekang","2024-11-06 17:03:20","0","0",NULL
"49","106504000040000b","type","类型",,"1051040000000001","0","0","0","6","system_user","2023-04-17 11:15:39","qidekang","2024-11-06 17:03:20","0","0",NULL
"50","1065040000100002","identification_code","识别码","SN号等","1051040000000001","0","0","1","0","test_user","2023-04-17 11:15:39","admin","2024-11-06 17:03:20","0","0",NULL
"51","1065040000500001","functionality","功能",,"1051040000000001","0","0","0","7","system_user","2023-04-17 11:15:40","qidekang","2024-11-06 17:03:20","0","0",NULL
"52","1065040000600004","brand","品牌",,"1051040000000001","0","0","0","8","system_user","2023-04-17 11:15:40","qidekang","2024-11-06 17:03:20","0","0",NULL
"53","1065040000700007","model_number","型号",,"1051040000000001","0","0","0","9","system_user","2023-04-17 11:15:41","qidekang","2024-11-06 17:03:20","0","0",NULL
"54","106504000080000a","long","长",,"1051040000000001","0","0","0","999","system_user","2023-04-17 11:15:42","admin","2024-11-06 17:03:20","1","0",NULL
"55","1065040000900000","wide","宽",,"1051040000000001","0","0","0","999","system_user","2023-04-17 11:15:42","admin","2024-11-06 17:03:20","1","0",NULL
"56","1065040000a00003","high","高",,"1051040000000001","0","0","0","999","system_user","2023-04-17 11:15:43","admin","2024-11-06 17:03:20","1","0",NULL
"57","1065040000b00006","weight","重量",,"1051040000000001","0","0","0","11","system_user","2023-04-17 11:15:43","qidekang","2024-11-06 17:03:20","0","0",NULL
"58","1065040000c00009","capacity","容量",,"1051040000000001","0","0","0","12","system_user","2023-04-17 11:15:44","qidekang","2024-11-06 17:03:20","0","0",NULL
"59","1065040000d0000c","material","材质","塑料, 金属, 木材","1051040000000001","0","0","0","13","system_user","2023-04-17 11:15:44","qidekang","2024-11-06 17:03:20","0","0",NULL
"60","1065040000e00002","date_of_production","生产日期",,"1051040000000001","0","0","0","14","system_user","2023-04-17 11:15:45","qidekang","2024-11-06 17:03:20","0","0",NULL
"61","1065040000f00005","validity_period","有效期限",,"1051040000000001","0","0","0","15","test_user","2023-04-17 11:15:46","qidekang","2024-11-06 17:03:20","0","0",NULL
"62","1065040001000008","state","状态","正常, 待维修, 损坏","1051040000000001","0","0","0","16","system_user","2023-04-17 11:15:46","qidekang","2024-11-06 17:03:20","0","0",NULL
"63","1065050000200006","organization_id","编号",,"1051050000000002","0","1","1","1","system_user","2023-04-17 11:15:47","admin","2024-11-06 17:03:20","0","0",NULL
"64","1065050000300009","name","名称",,"1051050000000002","0","0","0","3","system_user","2023-04-17 11:15:47","qidekang","2024-11-06 17:03:20","0","0",NULL
"65","106505000040000c","type","类型","政府机关, 事业单位, 企业","1051050000000002","0","0","0","6","system_user","2023-04-17 11:15:48","qidekang","2024-11-06 17:03:20","0","0",NULL
"66","1065050000500002","responsibility","职责",,"1051050000000002","0","0","0","7","system_user","2023-04-17 11:15:48","qidekang","2024-11-06 17:03:20","0","0",NULL
"67","1065050000600005","state","状态","营业, 停业, 停业, 筹建","1051050000000002","0","0","0","8","system_user","2023-04-17 11:15:49","qidekang","2024-11-06 17:03:20","0","0",NULL
"68","1065050000700008","personnel_scale","人员规模",,"1051050000000002","0","0","0","9","system_user","2023-04-17 11:15:49","qidekang","2024-11-06 17:03:20","0","0",NULL
"69","106505000080000b","date_of_establishment","成立日期",,"1051050000000002","0","0","0","10","system_user","2023-04-17 11:15:50","qidekang","2024-11-06 17:03:20","0","0",NULL
"70","1065050000900001","cancellation_date","注销日期",,"1051050000000002","0","0","0","11","test_user","2023-04-17 11:15:50","qidekang","2024-11-06 17:03:20","0","0",NULL
"71","1065050000a00004","contact_information","联系方式",,"1051050000000002","0","0","0","12","system_user","2023-04-17 11:15:51","qidekang","2024-11-06 17:03:20","0","0",NULL
"72","1065050000b00007","contact_person","联络人",,"1051050000000002","0","0","0","13","system_user","2023-04-17 11:15:52","qidekang","2024-11-06 17:03:20","0","0",NULL
"74","1065050000100003","identification_code","识别码",,"1051050000000002","0","0","1","0","test_user","2023-04-17 11:15:53","admin","2024-11-06 17:03:20","0","0",NULL
"76","10a511010020000c","duration","服务时长",,"1095110100000005",NULL,"0","0","2","test_user","2023-04-17 11:15:54","admin","2024-04-18 21:16:53","0","0",NULL
"77","10a5110100300002","end_time","服务结束时间",,"1095110100000005",NULL,"0","0","999","test_user","2023-04-17 11:15:54","admin","2024-04-09 17:43:18","1","0",NULL
"78","10a5110100400005","price","服务价格",,"1095110100000005",NULL,"0","0","3","test_user","2023-04-17 11:15:55","admin","2024-04-18 20:22:23","0","0",NULL
"79","10a5110100500008","frequency","服务频次","一天一次, 每周一次","1095110100000005",NULL,"0","0","4","test_user","2023-04-17 11:15:55","admin","2024-04-18 20:22:27","0","0",NULL
"80","10a511010060000b","type","服务类型","咨询, 代理, 家政, 餐饮, 医护, 转运","1095110100000005",NULL,"0","0","0","test_user","2023-04-17 11:15:56","admin","2024-04-18 20:22:32","0","0",NULL
"81","10a5110100700001","mode","服务方式","线上咨询, 线下交谈, 实地走访","1095110100000005",NULL,"0","0","1","test_user","2023-04-17 11:15:57","admin","2024-04-18 20:22:35","0","0",NULL
"82","10a5110100800004","tool","使用工具","清洁工具, 医疗设备, 运输工具, 通信专线","1095110100000005",NULL,"0","0","5","test_user","2023-04-17 11:15:57","admin","2024-04-28 13:17:43","0","0",NULL
"83","10a5110100900007","evaluation_result","服务评价","质量高, 态度好, 效率高, 质量高, 态度差, 效率低","1095110100000005",NULL,"0","0","999","test_user","2023-04-17 11:15:58","admin","2024-04-18 20:22:48","0","0",NULL
"84","10a5110100a0000a","requirement","上岗要求","身体健康, 政治面貌, 工作经验","1095110100000005",NULL,"0","0","999","test_user","2023-04-17 11:15:58","admin","2024-04-18 20:24:14","0","0",NULL
"85","10a5110100b00000","resultant_product","结果产物","流调报告, 体检报告, 按时送达","1095110100000005",NULL,"0","0","999","system_user","2023-04-17 11:15:59","system_user","2024-01-21 14:39:30","0","0",NULL
"86","10a5110200200002","duration","冲突时长",,"1095110200000008",NULL,"0","0","999","test_user","2023-04-17 11:15:59","admin","2024-04-18 21:17:04","0","0",NULL
"87","10a5110200300005","end_time","冲突结束时间",,"1095110200000008",NULL,"0","0","999","test_user","2023-04-17 11:16:00","admin","2024-04-09 17:45:44","1","0",NULL
"88","10a5110200400008","type","冲突类型","经济纠纷, 资源冲突, 产权纠纷, 身体冲突, 言语纠纷, 文化冲突","1095110200000008",NULL,"0","0","999","test_user","2023-04-17 11:16:01","admin","2024-04-18 20:26:15","0","0",NULL
"89","10a511020050000b","cause","冲突原因","事故, 目标不同, 分配不均, 沟通不畅","1095110200000008",NULL,"0","0","999","test_user","2023-04-17 11:16:01","admin","2024-04-18 20:26:19","0","0",NULL
"90","10a5110200600001","consequence","冲突后果","财产损失, 人身伤害, 精神损失","1095110200000008",NULL,"0","0","999","test_user","2023-04-17 11:16:02","admin","2024-04-18 20:26:23","0","0",NULL
"91","10a5110300200005","duration","持续时长",,"109511030000000b",NULL,"0","0","7","test_user","2023-04-17 11:16:02","admin","2024-04-18 21:17:10","0","0",NULL
"92","10a5110300300008","end_time","管理结束时间",,"109511030000000b",NULL,"0","0","999","test_user","2023-04-17 11:16:03","admin","2024-04-18 20:28:44","1","0",NULL
"93","10a511030040000b","mode","管理方式","直接, 间接","109511030000000b",NULL,"0","0","1","test_user","2023-04-17 11:16:03","admin","2024-04-18 20:27:07","0","0",NULL
"94","10a5110300500001","according_to_regulations","依据条例","部门管理条例, 道路行驶规则, 禁止乱搭乱建制度","109511030000000b",NULL,"0","0","2","system_user","2023-04-17 11:16:04","admin","2024-01-21 14:39:30","0","0",NULL
"95","10a5110300600004","scope_of_authority","权限范畴","全面管理, 业务管理, 人事管理, 财务管理","109511030000000b",NULL,"0","0","3","system_user","2023-04-17 11:16:04","admin","2024-01-21 14:39:30","0","0",NULL
"96","10a5110300700007","evaluation_result","效果评价","效率高, 效果好, 效率低, 效果好","109511030000000b",NULL,"0","0","4","test_user","2023-04-17 11:16:05","admin","2024-04-18 20:28:06","0","0",NULL
"97","10a5110400200008","duration","合作时长",,"1095110400000001",NULL,"0","0","999","test_user","2023-04-17 11:16:06","admin","2024-04-25 06:17:28","0","0",NULL
"98","10a511040030000b","end_time","合作结束时间",,"1095110400000001",NULL,"0","0","999","test_user","2023-04-17 11:16:06","admin","2024-04-18 20:30:36","1","0",NULL
"99","10a5110400400001","type","协作类型","资源协作, 技术协作, 信息协作","1095110400000001",NULL,"0","0","999","test_user","2023-04-17 11:16:07","admin","2024-04-18 20:29:37","0","0",NULL
"100","10a5110400500004","division_of_responsibilities","职责分工",,"1095110400000001",NULL,"0","0","999","system_user","2023-04-17 11:16:08","system_user","2024-01-21 14:39:30","0","0",NULL
"101","10a5110400600007","purpose","合作目的","提升效率, 降低成本","1095110400000001",NULL,"0","0","999","test_user","2023-04-17 11:16:08","admin","2024-04-18 20:29:46","0","0",NULL
"102","10a511040070000a","evaluation_result","效果评价","配合默契, 沟通通畅, 协作及时, 态度积极","1095110400000001",NULL,"0","0","999","test_user","2023-04-17 11:16:09","admin","2024-04-18 20:29:54","0","0",NULL
"103","10a5110400800000","process","合作进程",,"1095110400000001",NULL,"0","0","999","test_user","2023-04-17 11:16:09","admin","2024-04-18 20:30:01","0","0",NULL
"104","10a511050020000b","duration","指导时长",,"1095110500000004",NULL,"0","0","999","test_user","2023-04-17 11:16:10","admin","2024-04-18 21:17:21","0","0",NULL
"105","10a5110500300001","end_time","指导结束时间",,"1095110500000004",NULL,"0","0","999","test_user","2023-04-17 11:16:10","admin","2024-04-18 20:36:10","1","0",NULL
"106","10a5110500400004","role","身份角色","老师, 顾问, 执教","1095110500000004",NULL,"0","0","999","test_user","2023-04-17 11:16:11","admin","2024-04-18 20:37:15","0","0",NULL
"107","10a5110500500007","direction","讲授方向","数学, 物理, 足球, 篮球","1095110500000004",NULL,"0","0","999","test_user","2023-04-17 11:16:11","admin","2024-04-18 20:36:58","0","0",NULL
"108","10a511050060000a","tool","教学工具","专业书籍, 实验设备, 体育用品","1095110500000004",NULL,"0","0","999","test_user","2023-04-17 11:16:12","admin","2024-04-18 20:37:26","0","0",NULL
"109","10a5110500700000","mode","指导方式","线上, 线下, 理论, 实操","1095110500000004",NULL,"0","0","999","test_user","2023-04-17 11:16:12","admin","2024-04-18 20:37:35","0","0",NULL
"110","10a5110500800003","evaluation_result","效果评价","评价反馈优，考核绩效优, 评价反馈差，考核绩效优","1095110500000004",NULL,"0","0","999","test_user","2023-04-17 11:16:13","admin","2024-04-18 20:37:42","0","0",NULL
"111","10a5110500900006","frequency","指导频次","一天一次, 每周一次","1095110500000004",NULL,"0","0","999","test_user","2023-04-17 11:16:14","admin","2024-04-18 20:37:58","0","0",NULL
"112","10a5110500a00009","purpose","指导目的","技能提升, 业务提升","1095110500000004",NULL,"0","0","999","test_user","2023-04-17 11:16:14","admin","2024-04-18 20:38:06","0","0",NULL
"113","10a5110600200001","duration","时间",,"1095110600000007",NULL,"0","0","999","test_user","2023-04-17 11:16:15","admin","2024-04-29 08:30:21","1","0",NULL
"114","10a5110600300004","end_time","结束时间",,"1095110600000007",NULL,"0","0","999","system_user","2023-04-17 11:16:15","system_user","2024-04-29 08:30:21","1","0",NULL
"115","10a5110600400007","type","血缘类型","直系血缘亲属, 旁系血缘亲属,","1095110600000007",NULL,"0","0","999","test_user","2023-04-17 11:16:16","admin","2024-04-29 08:30:21","1","0",NULL
"116","10a511060050000a","appellation","称谓","父亲, 母亲, 儿子, 女儿, 祖父/外祖父, 祖母/外祖母, 哥哥/弟弟, 姐姐/妹妹, 孙子/外孙子, 孙女/外孙女, 叔伯/舅舅, 姑父/姨父, 堂/表兄弟, 堂/表姐妹, 侄子/外甥, 侄女/外甥女","1095110600000007",NULL,"0","0","999","system_user","2023-04-17 11:16:16","system_user","2024-04-29 08:30:21","1","0",NULL
"117","10a5110700200004","duration","时间",,"109511070000000a",NULL,"0","0","999","test_user","2023-04-17 11:16:17","admin","2024-04-29 08:30:21","1","0",NULL
"118","10a5110700300007","end_time","结束时间",,"109511070000000a",NULL,"0","0","999","system_user","2023-04-17 11:16:18","system_user","2024-04-29 08:30:21","1","0",NULL
"119","10a511070040000a","type","类型","新婚, 二婚, 复婚, 离异","109511070000000a",NULL,"0","0","999","test_user","2023-04-17 11:16:18","test_user","2024-04-29 08:30:21","1","0",NULL
"120","10a5110700500000","marriage_and_childbearing_situation","婚育情况","无, 独生子女, 二胎, 三胎","109511070000000a",NULL,"0","0","999","system_user","2023-04-17 11:16:19","system_user","2024-04-29 08:30:21","1","0",NULL
"121","10a5110700600003","appellation","称谓","丈夫, 妻子, 前妻, 前夫","109511070000000a",NULL,"0","0","999","system_user","2023-04-17 11:16:19","system_user","2024-04-29 08:30:21","1","0",NULL
"122","10a5110700700006","related_kin","关联亲属","丈夫, 妻子, 岳父/公公, 岳母/婆婆, 嫂子/弟媳, 姐夫/妹夫, 女婿, 儿媳, 婶婶/舅妈, 婶婶/舅妈, 继父, 继母, 继子, 继女, 配偶的侄子/外甥, 配偶的侄女/外甥女","109511070000000a",NULL,"0","0","999","system_user","2023-04-17 11:16:20","system_user","2024-04-29 08:30:21","1","0",NULL
"123","10a5110700800009","mode","方式","登记婚姻, 事实婚姻","109511070000000a",NULL,"0","0","999","test_user","2023-04-17 11:16:20","test_user","2024-04-29 08:30:21","1","0",NULL
"124","10a5110800200007","duration","时间",,"1095110800000000",NULL,"0","0","999","test_user","2023-04-17 11:16:21","admin","2024-04-29 08:30:21","1","0",NULL
"125","10a511080030000a","end_time","结束时间",,"1095110800000000",NULL,"0","0","999","system_user","2023-04-17 11:16:21","system_user","2024-04-29 08:30:21","1","0",NULL
"126","10a5110800400000","type","类型","收养，领养","1095110800000000",NULL,"0","0","999","test_user","2023-04-17 11:16:22","test_user","2024-04-29 08:30:21","1","0",NULL
"127","10a5110800500003","appellation","称谓","养父/养母, 养子/养女","1095110800000000",NULL,"0","0","999","system_user","2023-04-17 11:16:22","system_user","2024-04-29 08:30:21","1","0",NULL
"128","10a5120100200000","duration","驻留时长",,"1095120100000006",NULL,"0","0","999","test_user","2023-04-17 11:16:23","admin","2024-04-18 21:18:02","0","0",NULL
"129","10a5120100300003","end_time","离开时间",,"1095120100000006",NULL,"0","0","999","test_user","2023-04-17 11:16:24","admin","2024-04-18 21:03:20","0","0",NULL
"130","10a5120100400006","type","常驻类型","家庭居住, 工作场所, 外出派驻, 法律管控, 学校进修, 旅游度假, 医学隔离","1095120100000006",NULL,"0","0","999","test_user","2023-04-17 11:16:24","admin","2024-04-18 20:43:17","0","0",NULL
"131","10a5120100500009","residence_fee_option","费用负担方式","自有购买, 个人租赁, 个人支付, 单位承担, 政府安置, 受赠继承","1095120100000006",NULL,"0","0","999","test_user","2023-04-17 11:16:25","admin","2024-04-28 13:11:23","0","0",NULL
"132","10a512010060000c","amount_of_expense","驻留费用",,"1095120100000006",NULL,"0","0","999","test_user","2023-04-17 11:16:25","qidekang","2024-07-24 15:30:32","0","0",NULL
"133","10a5120100700002","duration_type","驻留周期","持续驻留, 工作日驻留, 周末驻留, 每周1~3天, 每周4~6天","1095120100000006",NULL,"0","0","999","system_user","2023-04-17 11:16:26","system_user","2024-01-21 14:39:30","0","0",NULL
"134","10a5120200200003","duration","停留时长",,"1095120200000009",NULL,"0","0","999","test_user","2023-04-17 11:16:26","admin","2024-04-21 22:22:52","0","0",NULL
"135","10a5120200300006","end_time","离开时间",,"1095120200000009",NULL,"0","0","999","test_user","2023-04-17 11:16:27","admin","2024-04-18 21:10:58","0","0",NULL
"136","10a5120200400009","purpose","到访目的","上班工作, 逛街购物, 会议研讨, 婚礼庆典, 聚餐宴请, 核酸检测, 隔离转运, 承诺签署","1095120200000009",NULL,"0","0","999","test_user","2023-04-17 11:16:28","admin","2024-04-18 21:10:16","0","0",NULL
"137","10a512020050000c","cost","入场费用",,"1095120200000009",NULL,"0","0","999","test_user","2023-04-17 11:16:28","admin","2024-04-18 21:10:46","0","0",NULL
"138","10a5120200600002","state","到访状态","正在访问，曾经到访","1095120200000009",NULL,"0","0","999","test_user","2023-04-17 11:16:29","admin","2024-04-18 21:13:10","0","0",NULL
"139","10a5120200700005","frequency","到访频次","每周一次, 一年一次, 一次性","1095120200000009",NULL,"0","0","999","test_user","2023-04-17 11:16:30","admin","2024-04-18 21:13:27","0","0",NULL
"140","10a5120200800008","requirement","入场要求","出具邀请函, 健康宝绿码, 开具罚单","1095120200000009",NULL,"0","0","999","test_user","2023-04-17 11:16:30","admin","2024-04-18 21:13:36","0","0",NULL
"141","10a5120300200006","duration","耗费时长",,"109512030000000c",NULL,"0","0","999","test_user","2023-04-17 11:16:31","admin","2024-04-28 13:17:17","0","0",NULL
"142","10a5120300300009","end_time","结束时间",,"109512030000000c",NULL,"0","0","999","system_user","2023-04-17 11:16:32","admin","2024-01-21 14:39:30","1","0",NULL
"143","10a512030040000c","frequency","途经频次","每周一次, 每月一次, 不定时间","109512030000000c",NULL,"0","0","999","test_user","2023-04-17 11:16:32","admin","2024-04-18 21:14:47","0","0",NULL
"144","10a5120300500002","influence","影响","垃圾外溢, 事故风险, 行程码带星, 健康码变黄, 疫情外溢传播, 无法入境","109512030000000c",NULL,"0","0","999","system_user","2023-04-17 11:16:33","system_user","2024-01-21 14:39:30","0","0",NULL
"145","10a5120400200009","duration","建设时长",,"1095120400000002",NULL,"0","0","999","test_user","2023-04-17 11:16:33","admin","2024-04-18 21:22:09","0","0",NULL
"146","10a512040030000c","end_time","完工时间",,"1095120400000002",NULL,"0","0","999","test_user","2023-04-17 11:16:34","admin","2024-04-18 21:21:57","0","0",NULL
"147","10a5120400400002","type","建设类型","新建, 改造, 设计","1095120400000002",NULL,"0","0","999","test_user","2023-04-17 11:16:35","admin","2024-04-18 21:22:19","0","0",NULL
"148","10a5120400500005","role","角色","设计师, 工长, 工人, 投资人","1095120400000002",NULL,"0","0","999","system_user","2023-04-17 11:16:35","system_user","2024-01-21 14:39:30","0","0",NULL
"149","10a5120400600008","time_limit","施工工期",,"1095120400000002",NULL,"0","0","999","test_user","2023-04-17 11:16:36","admin","2024-04-18 21:22:50","0","0",NULL
"150","10a512040070000b","process","建设进程",,"1095120400000002",NULL,"0","0","999","test_user","2023-04-17 11:16:36","admin","2024-04-18 21:23:06","0","0",NULL
"151","10a5120400800001","motivation","建造原因","合同履约, 自用, 创造收入","1095120400000002",NULL,"0","0","999","test_user","2023-04-17 11:16:37","admin","2024-04-18 21:23:20","0","0",NULL
"152","10a5120400900004","requirement","技能要求","二级建造师, 造价师, 电焊师","1095120400000002",NULL,"0","0","999","test_user","2023-04-17 11:16:37","admin","2024-04-18 21:23:31","0","0",NULL
"153","10a5120400a00007","evaluation_result","评估结果","达标, 不达标","1095120400000002",NULL,"0","0","999","system_user","2023-04-17 11:16:38","system_user","2024-01-21 14:39:30","0","0",NULL
"154","10a5120400b0000a","cost","建设成本",,"1095120400000002",NULL,"0","0","999","test_user","2023-04-17 11:16:38","admin","2024-04-18 21:23:40","0","0",NULL
"155","10a512050020000c","duration","持有时长",,"1095120500000005",NULL,"0","0","3","test_user","2023-04-17 11:16:39","guochengjie","2024-04-18 21:24:42","0","0",NULL
"156","10a5120500300002","end_time","持有结束时间",,"1095120500000005",NULL,"0","0","999","test_user","2023-04-17 11:16:39","admin","2024-04-18 21:31:07","1","0",NULL
"157","10a5120500400005","source","来源方式","自建, 购买, 赠与, 奖励, 分配","1095120500000005",NULL,"0","0","4","test_user","2023-04-17 11:16:40","guochengjie","2024-04-18 21:32:05","0","0",NULL
"158","10a5120500500008","acquisition_cost","获取成本",,"1095120500000005",NULL,"0","0","999","system_user","2023-04-17 11:16:41","admin","2024-01-21 14:39:30","1","0",NULL
"159","10a512050060000b","cost_of_ownership","拥有成本",,"1095120500000005",NULL,"0","0","999","system_user","2023-04-17 11:16:41","admin","2024-01-21 14:39:30","1","0",NULL
"160","10a5120500700001","scope_of_authority","权限范畴","拥有权, 使用权","1095120500000005",NULL,"0","0","5","system_user","2023-04-17 11:16:42","guochengjie","2024-01-21 14:39:30","0","0",NULL
"161","10a5120500800004","use","用途","居住, 租赁, 生产","1095120500000005",NULL,"0","0","6","system_user","2023-04-17 11:16:42","guochengjie","2024-01-21 14:39:30","0","0",NULL
"162","10a5120500900007","evaluation","评估结果","合法, 违法","1095120500000005",NULL,"0","0","7","test_user","2023-04-17 11:16:43","guochengjie","2024-04-18 21:32:25","0","0",NULL
"163","10a5120600200002","time","时间",,"1095120600000008",NULL,"0","0","999","system_user","2023-04-17 11:16:43","system_user","2024-01-21 14:39:30","0","0",NULL
"164","10a5120600300005","end_time","结束时间",,"1095120600000008",NULL,"0","0","999","system_user","2023-04-17 11:16:44","system_user","2024-01-21 14:39:30","0","0",NULL
"165","10a5120600400008","type","类型","抵押, 出让, 捐赠","1095120600000008",NULL,"0","0","999","system_user","2023-04-17 11:16:44","system_user","2024-01-21 14:39:30","0","0",NULL
"166","10a512060050000b","motivation","动因","变现需求, 福利捐赠, 废弃处理","1095120600000008",NULL,"0","0","999","system_user","2023-04-17 11:16:45","system_user","2024-01-21 14:39:30","0","0",NULL
"167","10a5120600600001","evaluation","评估","合法, 违法","1095120600000008",NULL,"0","0","999","system_user","2023-04-17 11:16:46","system_user","2024-01-21 14:39:30","0","0",NULL
"168","10a5120600700004","mode","方式","拍卖, 招标, 挂牌","1095120600000008",NULL,"0","0","999","system_user","2023-04-17 11:16:46","system_user","2024-01-21 14:39:30","0","0",NULL
"169","10a5120600800007","result","结果","现金, 荣誉","1095120600000008",NULL,"0","0","999","system_user","2023-04-17 11:16:47","system_user","2024-01-21 14:39:30","0","0",NULL
"170","10a512060090000a","cost","成本",,"1095120600000008",NULL,"0","0","999","system_user","2023-04-17 11:16:47","system_user","2024-01-21 14:39:30","0","0",NULL
"171","10a5120600a00000","type_of_right","权利类型","使用权, 拥有权,","1095120600000008",NULL,"0","0","999","system_user","2023-04-17 11:16:48","system_user","2024-01-21 14:39:30","0","0",NULL
"172","10a5120600b00003","state","状态","合同签订中, 权属登记中, 租赁中, 租约到期","1095120600000008",NULL,"0","0","999","system_user","2023-04-17 11:16:48","system_user","2024-01-21 14:39:30","0","0",NULL
"173","10a5120700200005","duration","管理年限",,"109512070000000b",NULL,"0","0","999","test_user","2023-04-17 11:16:49","admin","2024-04-18 21:33:52","0","0",NULL
"174","10a5120700300008","end_time","管理结束时间",,"109512070000000b",NULL,"0","0","999","test_user","2023-04-17 11:16:50","admin","2024-04-18 21:35:14","1","0",NULL
"175","10a512070040000b","type","管理类型","直接, 间接","109512070000000b",NULL,"0","0","999","test_user","2023-04-17 11:16:50","admin","2024-04-18 21:34:33","0","0",NULL
"176","10a5120700500001","scope_of_authority","权限范畴","合规进出, 合规行为","109512070000000b",NULL,"0","0","999","zstx","2023-04-17 11:16:51","zstx","2024-01-21 14:39:30","0","0",NULL
"177","10a5120700600004","mode","管理方式","远程监控, 文件审阅, 定期抽检, 现场督办","109512070000000b",NULL,"0","0","999","test_user","2023-04-17 11:16:51","admin","2024-04-18 21:34:39","0","0",NULL
"178","10a5120700700007","tool","管理工具","防疫工作服, 消杀喷壶, 防疫封条, 摄像头, 移动终端设备, CIM平台, 数字楼宇系统","109512070000000b",NULL,"0","0","999","test_user","2023-04-17 11:16:52","admin","2024-04-18 21:34:43","0","0",NULL
"179","10a512070080000a","evaluation_result","评估结果","合格, 不合格","109512070000000b",NULL,"0","0","999","system_user","2023-04-17 11:16:52","system_user","2024-01-21 14:39:30","0","0",NULL
"180","10a5120700900000","responsibility","管理职责","管控, 监测, 督导","109512070000000b",NULL,"0","0","999","test_user","2023-04-17 11:16:53","admin","2024-04-18 21:34:51","0","0",NULL
"181","10a5120700a00003","role","管理角色","社区管理员, 防疫人员, 停车场管理员","109512070000000b",NULL,"0","0","999","test_user","2023-04-17 11:16:53","admin","2024-04-18 21:34:55","0","0",NULL
"182","10a5120700b00006","cost","管理成本",,"109512070000000b",NULL,"0","0","999","test_user","2023-04-17 11:16:54","admin","2024-04-18 21:34:59","0","0",NULL
"183","10a5120700c00009","source_of_power","权力来源","法律赋予, 机构授予","109512070000000b",NULL,"0","0","999","system_user","2023-04-17 11:16:55","system_user","2024-01-21 14:39:30","0","0",NULL
"184","10a5120800200008","duration","维护时长",,"1095120800000001",NULL,"0","0","999","test_user","2023-04-17 11:16:55","admin","2024-04-18 21:36:57","0","0",NULL
"185","10a512080030000b","end_time","结束时间",,"1095120800000001",NULL,"0","0","999","system_user","2023-04-17 11:16:56","admin","2024-01-21 14:39:30","1","0",NULL
"186","10a5120800400001","cost","维护成本",,"1095120800000001",NULL,"0","0","999","test_user","2023-04-17 11:16:56","admin","2024-04-18 21:37:08","0","0",NULL
"187","10a5120800500004","evaluation","评估结果","优, 良, 合格, 不合格","1095120800000001",NULL,"0","0","999","test_user","2023-04-17 11:16:57","admin","2024-04-18 21:37:15","0","0",NULL
"188","10a5120800600007","tool","使用工具","消杀喷壶, 记录本, 清洁工具, 耗材, 防护用品","1095120800000001",NULL,"0","0","999","test_user","2023-04-17 11:16:57","admin","2024-04-18 21:37:26","0","0",NULL
"189","10a512080070000a","role","角色","消杀员, 排查员","1095120800000001",NULL,"0","0","999","system_user","2023-04-17 11:16:58","system_user","2024-01-21 14:39:30","0","0",NULL
"190","10a5120800800000","frequency","维护频次","一天一次, 每周一次","1095120800000001",NULL,"0","0","999","test_user","2023-04-17 11:16:59","admin","2024-04-18 21:37:45","0","0",NULL
"191","10a5120800900003","motivation","维护原因","安全屏障, 公共安全, 公共卫生, 筛查病例","1095120800000001",NULL,"0","0","999","test_user","2023-04-17 11:16:59","admin","2024-04-18 21:37:59","0","0",NULL
"192","10a5120800a00006","skill_requirement","技能要求","无, 初级工, 中级工, 高级工","1095120800000001",NULL,"0","0","999","system_user","2023-04-17 11:17:00","system_user","2024-01-21 14:39:30","0","0",NULL
"193","10a5130100200001","cause","制造原因","引发关注, 获取利益, 意识丧失, 报复社会","1095130100000007",NULL,"0","0","999","test_user","2023-04-17 11:17:00","admin","2024-05-13 13:52:00","0","0",NULL
"194","10a5130100300004","type","意图类型","蓄意, 无意","1095130100000007",NULL,"0","0","999","test_user","2023-04-17 11:17:01","admin","2024-04-18 22:01:20","0","0",NULL
"195","10a5130100400007","degree_of_influence","影响程度","高, 中, 低","1095130100000007",NULL,"0","0","999","system_user","2023-04-17 11:17:01","system_user","2024-01-21 14:39:30","0","0",NULL
"196","10a513010050000a","role","角色","发起人, 策划人","1095130100000007",NULL,"0","0","999","system_user","2023-04-17 11:17:02","system_user","2024-01-21 14:39:30","0","0",NULL
"197","10a5130100600000","tool","使用工具","社交网络, 媒体平台, 交通工具","1095130100000007",NULL,"0","0","999","test_user","2023-04-17 11:17:03","admin","2024-04-24 07:15:26","0","0",NULL
"198","10a5130100700003","process","当前进程","策划, 筹备, 发起","1095130100000007",NULL,"0","0","999","test_user","2023-04-17 11:17:03","admin","2024-04-24 07:15:37","0","0",NULL
"199","10a5130100800006","cost","成本",,"1095130100000007",NULL,"0","0","999","system_user","2023-04-17 11:17:04","system_user","2024-01-21 14:39:30","0","0",NULL
"200","10a5130200200004","motivation","参与原因","宣传知识, 获取利益","109513020000000a",NULL,"0","0","999","test_user","2023-04-17 11:17:04","admin","2024-04-18 22:01:59","0","0",NULL
"201","10a5130200300007","mode","参与方式","发表演讲, 现场指导, 进度推进","109513020000000a",NULL,"0","0","999","test_user","2023-04-17 11:17:05","admin","2024-04-18 22:02:05","0","0",NULL
"202","10a513020040000a","role","扮演角色","主要, 辅助","109513020000000a",NULL,"0","0","999","test_user","2023-04-17 11:17:05","admin","2024-04-18 22:03:36","0","0",NULL
"203","10a5130200500000","cost","参与成本",,"109513020000000a",NULL,"0","0","999","test_user","2023-04-17 11:17:06","admin","2024-04-18 22:03:27","0","0",NULL
"204","10a5130200600003","condition","参与条件","职业技能, 行业影响力, 学术权威","109513020000000a",NULL,"0","0","999","test_user","2023-04-17 11:17:06","admin","2024-04-18 22:04:25","0","0",NULL
"205","10a5130200700006","result","最终结果","提升影响力, 获取薪酬, 行政拘留","109513020000000a",NULL,"0","0","999","test_user","2023-04-17 11:17:07","admin","2024-04-18 22:04:56","0","0",NULL
"206","10a5130300200007","response_time","响应时间",,"1095130300000000",NULL,"0","0","999","system_user","2023-04-17 11:17:08","system_user","2024-01-21 14:39:30","0","0",NULL
"207","10a513030030000a","process","进程","接受任务, 到达现场, 了解情况, 纠纷调解","1095130300000000",NULL,"0","0","999","system_user","2023-04-17 11:17:08","system_user","2024-01-21 14:39:30","0","0",NULL
"208","10a5130300400000","result","处置结论","罚款, 关押, 奖励, 举报, 移交, 下发","1095130300000000",NULL,"0","0","999","test_user","2023-04-17 11:17:09","admin","2024-04-18 22:07:48","0","0",NULL
"209","10a5130300500003","mode","处置方式","线上, 线下","1095130300000000",NULL,"0","0","999","test_user","2023-04-17 11:17:09","admin","2024-04-18 22:05:58","0","0",NULL
"210","10a5130300600006","tool","处置工具","防爆盾, 移动终端, 执法记录仪","1095130300000000",NULL,"0","0","999","test_user","2023-04-17 11:17:10","admin","2024-04-18 22:06:03","0","0",NULL
"211","10a5130300700009","evaluation_result","评估结果","合规处置, 违规处置","1095130300000000",NULL,"0","0","999","system_user","2023-04-17 11:17:10","system_user","2024-01-21 14:39:30","0","0",NULL
"212","10a513040020000a","type","监管类型","合规, 安全","1095130400000003",NULL,"0","0","999","test_user","2023-04-17 11:17:11","admin","2024-04-18 22:08:04","0","0",NULL
"213","10a5130400300000","mode","监管方式","远程监控, 定期抽检, 现场督办","1095130400000003",NULL,"0","0","999","test_user","2023-04-17 11:17:11","admin","2024-04-18 22:08:08","0","0",NULL
"214","10a5130400400003","scope_of_authority","权限范畴",,"1095130400000003",NULL,"0","0","999","system_user","2023-04-17 11:17:12","system_user","2024-01-21 14:39:30","0","0",NULL
"215","10a5130400500006","tool","监管工具","测速仪, 摄像头, 移动终端设备, 信息化平台","1095130400000003",NULL,"0","0","999","test_user","2023-04-17 11:17:13","admin","2024-04-18 22:08:13","0","0",NULL
"216","10a5130400600009","cost","监管成本",,"1095130400000003",NULL,"0","0","999","test_user","2023-04-17 11:17:13","admin","2024-04-18 22:08:16","0","0",NULL
"217","10a513040070000c","evaluation_result","评估结果","合规, 不合规","1095130400000003",NULL,"0","0","999","system_user","2023-04-17 11:17:14","system_user","2024-01-21 14:39:30","0","0",NULL
"218","10a5130400800002","frequency","监管频次","一小时一次, 一天一次","1095130400000003",NULL,"0","0","999","test_user","2023-04-17 11:17:14","admin","2024-04-18 22:08:22","0","0",NULL
"219","10a5140100200002","duration","耗费时长",,"1095140100000008",NULL,"0","0","999","test_user","2023-04-17 11:17:15","admin","2024-04-18 22:13:41","0","0",NULL
"220","10a5140100300005","end_time","完成时间",,"1095140100000008",NULL,"0","0","999","test_user","2023-04-17 11:17:15","admin","2024-04-18 22:13:49","1","0",NULL
"221","10a5140100400008","creative_type","创意类型","原创性, 改进型","1095140100000008",NULL,"0","0","999","system_user","2023-04-17 11:17:16","system_user","2024-01-21 14:39:30","0","0",NULL
"222","10a514010050000b","design_style","设计风格","抽象派, 现代派, 中国风, 简约风","1095140100000008",NULL,"0","0","999","system_user","2023-04-17 11:17:16","system_user","2024-01-21 14:39:30","0","0",NULL
"223","10a5140100600001","role","角色","总设计, 总执行, 小组长, 绘图员","1095140100000008",NULL,"0","0","999","system_user","2023-04-17 11:17:17","system_user","2024-01-21 14:39:30","0","0",NULL
"224","10a5140100700004","evaluation_result","评估结果","优秀, 一般, 普通","1095140100000008",NULL,"0","0","999","system_user","2023-04-17 11:17:18","system_user","2024-01-21 14:39:30","0","0",NULL
"225","10a5140100800007","source","来源","公开招标, 定向邀请, 民间征集","1095140100000008",NULL,"0","0","999","system_user","2023-04-17 11:17:18","system_user","2024-01-21 14:39:30","0","0",NULL
"226","10a514010090000a","influence","影响","舆论热议, 获取关注度","1095140100000008",NULL,"0","0","999","system_user","2023-04-17 11:17:19","system_user","2024-01-21 14:39:30","0","0",NULL
"227","10a5140100a00000","process","进程","预调研, 草图设计, 局部细化, 完善迭代","1095140100000008",NULL,"0","0","999","system_user","2023-04-17 11:17:19","system_user","2024-01-21 14:39:30","0","0",NULL
"228","10a5140200200005","duration","耗费时长",,"109514020000000b",NULL,"0","0","999","test_user","2023-04-17 11:17:20","admin","2024-04-18 22:14:14","0","0",NULL
"229","10a5140200300008","end_time","完成时间",,"109514020000000b",NULL,"0","0","999","test_user","2023-04-17 11:17:20","admin","2024-04-19 14:29:40","1","0",NULL
"230","10a514020040000b","automation_level","自动化水平","纯手工, 半自动, 全自动","109514020000000b",NULL,"0","0","999","system_user","2023-04-17 11:17:21","system_user","2024-01-21 14:39:30","0","0",NULL
"231","10a5140200500001","technology","使用工艺","陶制, 绘画, 木工","109514020000000b",NULL,"0","0","999","test_user","2023-04-17 11:17:22","admin","2024-04-19 14:29:52","0","0",NULL
"232","10a5140200600004","tool","使用工具","电锯, 雕刻刀, 陶炉","109514020000000b",NULL,"0","0","999","test_user","2023-04-17 11:17:22","admin","2024-04-19 14:29:56","0","0",NULL
"233","10a5140200700007","cost","成本",,"109514020000000b",NULL,"0","0","999","system_user","2023-04-17 11:17:23","system_user","2024-01-21 14:39:30","0","0",NULL
"234","10a514020080000a","income","收益","薪酬, 声誉","109514020000000b",NULL,"0","0","999","system_user","2023-04-17 11:17:23","system_user","2024-01-21 14:39:30","0","0",NULL
"235","10a5140200900000","evaluation_result","评估结果","优秀, 良, 待提升","109514020000000b",NULL,"0","0","999","system_user","2023-04-17 11:17:24","system_user","2024-01-21 14:39:30","0","0",NULL
"236","10a5140200a00003","process","制造进程","完成10%, 完成90%","109514020000000b",NULL,"0","0","999","test_user","2023-04-17 11:17:24","admin","2024-04-19 14:30:37","0","0",NULL
"237","10a5140300200008","duration","使用时长",,"1095140300000001",NULL,"0","0","999","test_user","2023-04-17 11:17:25","admin","2024-04-19 14:32:06","0","0",NULL
"238","10a514030030000b","end_time","结束时间",,"1095140300000001",NULL,"0","0","999","system_user","2023-04-17 11:17:25","admin","2024-01-21 14:39:30","1","0",NULL
"239","10a5140300400001","type","类型","生产, 服务，乘坐","1095140300000001",NULL,"0","0","999","zstx","2023-04-17 11:17:26","zstx","2024-01-21 14:39:30","0","0",NULL
"240","10a5140300500004","motivation","使用目的","时间效率, 经济成本, 人力节省, 舒适度, 情感因素","1095140300000001",NULL,"0","0","999","test_user","2023-04-17 11:17:26","admin","2024-04-21 22:17:44","0","0",NULL
"241","10a5140300600007","cost","使用成本",,"1095140300000001",NULL,"0","0","999","test_user","2023-04-17 11:17:27","admin","2024-04-21 22:17:56","0","0",NULL
"242","10a514030070000a","skill_requirement","技能要求","驾驶证, 执业医师证","1095140300000001",NULL,"0","0","999","system_user","2023-04-17 11:17:28","system_user","2024-01-21 14:39:30","0","0",NULL
"243","10a5140300800000","evaluation_result","评估结果","熟练, 掌握, 不合规","1095140300000001",NULL,"0","0","999","system_user","2023-04-17 11:17:28","system_user","2024-01-21 14:39:30","0","0",NULL
"244","10a514040020000b","duration","持有时长",,"1095140400000004",NULL,"0","0","0","test_user","2023-04-17 11:17:29","qidekang","2024-04-19 14:33:49","0","0",NULL
"245","10a5140400300001","end_time","结束时间",,"1095140400000004",NULL,"0","0","999","system_user","2023-04-17 11:17:29","admin","2024-01-21 14:39:30","1","0",NULL
"246","10a5140400400004","source","来源","奖励, 购买, 赠与, 奖励, 行政授予（身份证等）, 申请获取","1095140400000004",NULL,"0","0","1","system_user","2023-04-17 11:17:30","qidekang","2024-01-21 14:39:30","0","0",NULL
"247","10a5140400500007","acquisition_cost","获取成本",,"1095140400000004",NULL,"0","0","2","system_user","2023-04-17 11:17:30","qidekang","2024-01-21 14:39:30","0","0",NULL
"248","10a514040060000a","cost_of_ownership","拥有成本",,"1095140400000004",NULL,"0","0","3","system_user","2023-04-17 11:17:31","qidekang","2024-01-21 14:39:30","0","0",NULL
"249","10a5140400700000","evaluation","评估结果","合规, 违规","1095140400000004",NULL,"0","0","4","test_user","2023-04-17 11:17:32","qidekang","2024-04-19 14:39:58","0","0",NULL
"250","10a5140400800003","type","类型",,"1095140400000004",NULL,"0","0","5","test_user","2023-04-17 11:17:32","qidekang","2024-04-19 14:42:32","0","0",NULL
"251","10a5140500200001","time","时间",,"1095140500000007",NULL,"0","0","999","system_user","2023-04-17 11:17:33","system_user","2024-01-21 14:39:30","0","0",NULL
"252","10a5140500300004","end_time","结束时间",,"1095140500000007",NULL,"0","0","999","system_user","2023-04-17 11:17:33","system_user","2024-01-21 14:39:30","0","0",NULL
"253","10a5140500400007","type","类型","抵押, 出让, 卖出, 捐赠, 赠送","1095140500000007",NULL,"0","0","999","system_user","2023-04-17 11:17:34","system_user","2024-01-21 14:39:30","0","0",NULL
"254","10a514050050000a","motivation","动因","变现需求, 公益事业, 闲置处理","1095140500000007",NULL,"0","0","999","system_user","2023-04-17 11:17:34","system_user","2024-01-21 14:39:30","0","0",NULL
"255","10a5140500600000","result","结果","现金, 荣誉","1095140500000007",NULL,"0","0","999","system_user","2023-04-17 11:17:35","system_user","2024-01-21 14:39:30","0","0",NULL
"256","10a5140500700003","cost","成本",,"1095140500000007",NULL,"0","0","999","system_user","2023-04-17 11:17:35","system_user","2024-01-21 14:39:30","0","0",NULL
"257","10a5140500800006","evaluation","评估","合法, 违法","1095140500000007",NULL,"0","0","999","system_user","2023-04-17 11:17:36","system_user","2024-01-21 14:39:30","0","0",NULL
"258","10a5140500900009","mode","方式","拍卖, 招标, 挂牌","1095140500000007",NULL,"0","0","999","system_user","2023-04-17 11:17:36","system_user","2024-01-21 14:39:30","0","0",NULL
"259","10a5140500a0000c","type_of_right","权利类型","使用权, 拥有权,","1095140500000007",NULL,"0","0","999","system_user","2023-04-17 11:17:37","system_user","2024-01-21 14:39:30","0","0",NULL
"260","10a5140500b00002","process","进程","合同签订中, 权属登记中, 租赁中, 租约到期","1095140500000007",NULL,"0","0","999","system_user","2023-04-17 11:17:38","system_user","2024-01-21 14:39:30","0","0",NULL
"261","10a5140600200004","duration","管理年限",,"109514060000000a",NULL,"0","0","999","test_user","2023-04-17 11:17:38","admin","2024-04-19 14:43:29","0","0",NULL
"262","10a5140600300007","end_time","结束时间",,"109514060000000a",NULL,"0","0","999","system_user","2023-04-17 11:17:39","admin","2024-01-21 14:39:30","1","0",NULL
"263","10a514060040000a","type","管理类型","直接管理, 间接管理","109514060000000a",NULL,"0","0","999","test_user","2023-04-17 11:17:39","admin","2024-04-19 14:43:49","0","0",NULL
"264","10a5140600500000","scope_of_authority","权限范畴","使用权, 审核权","109514060000000a",NULL,"0","0","999","system_user","2023-04-17 11:17:40","system_user","2024-01-21 14:39:30","0","0",NULL
"265","10a5140600600003","mode","管理方式","远程监控, 文件审阅, 定期抽检, 现场督办","109514060000000a",NULL,"0","0","999","test_user","2023-04-17 11:17:40","admin","2024-04-19 14:44:03","0","0",NULL
"266","10a5140600700006","cost","成本",,"109514060000000a",NULL,"0","0","999","system_user","2023-04-17 11:17:41","system_user","2024-01-21 14:39:30","0","0",NULL
"267","10a5140600800009","evaluation_result","评估结果","合格, 不合格,","109514060000000a",NULL,"0","0","999","system_user","2023-04-17 11:17:41","system_user","2024-01-21 14:39:30","0","0",NULL
"268","10a514060090000c","source_of_power","权力来源","法律赋予, 机构授予","109514060000000a",NULL,"0","0","999","system_user","2023-04-17 11:17:42","system_user","2024-01-21 14:39:30","0","0",NULL
"269","10a5140600a00002","role","角色","社区管理员, 防疫人员, 停车场管理员, 交警","109514060000000a",NULL,"0","0","999","system_user","2023-04-17 11:17:43","system_user","2024-01-21 14:39:30","0","0",NULL
"270","10a5140600b00005","measure","管理措施","制定政策, 开具罚单, 扣押车辆","109514060000000a",NULL,"0","0","999","test_user","2023-04-17 11:17:43","admin","2024-04-19 14:44:15","0","0",NULL
"271","10a5140600c00008","resultant_product","结果产物","管理日志, 安装报告, 维修报告","109514060000000a",NULL,"0","0","999","system_user","2023-04-17 11:17:44","system_user","2024-01-21 14:39:30","0","0",NULL
"272","10a5140700200007","duration","耗费时长",,"1095140700000000",NULL,"0","0","999","test_user","2023-04-17 11:17:44","admin","2024-04-25 06:33:37","0","0",NULL
"273","10a514070030000a","end_time","完成时间",,"1095140700000000",NULL,"0","0","999","test_user","2023-04-17 11:17:45","admin","2024-04-19 14:44:48","1","0",NULL
"274","10a5140700400000","type","类型","修理, 维护, 更换, 安装, 拆卸","1095140700000000",NULL,"0","0","999","system_user","2023-04-17 11:17:45","system_user","2024-01-21 14:39:30","0","0",NULL
"275","10a5140700500003","cost","成本",,"1095140700000000",NULL,"0","0","999","system_user","2023-04-17 11:17:46","system_user","2024-01-21 14:39:30","0","0",NULL
"276","10a5140700600006","evaluation_result","评估结果","优, 良, 合格, 不合格","1095140700000000",NULL,"0","0","999","system_user","2023-04-17 11:17:46","system_user","2024-01-21 14:39:30","0","0",NULL
"277","10a5140700700009","tool","使用工具","清洁工具, 消杀工具","1095140700000000",NULL,"0","0","999","test_user","2023-04-17 11:17:47","admin","2024-04-19 14:45:12","0","0",NULL
"278","10a514070080000c","role","角色","清洁员工, 技修人员","1095140700000000",NULL,"0","0","999","system_user","2023-04-17 11:17:48","system_user","2024-01-21 14:39:30","0","0",NULL
"279","10a5140700900002","frequency","维护频次","每周一次, 每月一次, 一次性","1095140700000000",NULL,"0","0","999","test_user","2023-04-17 11:17:48","admin","2024-04-19 14:45:29","0","0",NULL
"280","10a5140700a00005","motivation","维护目的","设备稳定, 设备调试, 安全保障, 杀毒消菌","1095140700000000",NULL,"0","0","999","test_user","2023-04-17 11:17:49","admin","2024-04-19 14:45:54","0","0",NULL
"281","10a5140700b00008","skill_requirement","技能要求","初级工, 中级工, 高级工","1095140700000000",NULL,"0","0","999","system_user","2023-04-17 11:17:49","system_user","2024-01-21 14:39:30","0","0",NULL
"282","10a514080020000a","duration","耗费时长",,"1095140800000003",NULL,"0","0","999","test_user","2023-04-17 11:17:50","admin","2024-04-19 14:46:40","0","0",NULL
"283","10a5140800300000","end_time","完成时间",,"1095140800000003",NULL,"0","0","999","test_user","2023-04-17 11:17:50","admin","2024-04-19 14:46:47","1","0",NULL
"284","10a5140800400003","type","识别类型","主动, 被动","1095140800000003",NULL,"0","0","999","test_user","2023-04-17 11:17:51","guochengjie","2025-02-13 14:25:00","0","0",NULL
"285","10a5140800500006","mode","识别方式","远程, 接触","1095140800000003",NULL,"0","0","999","test_user","2023-04-17 11:17:51","guochengjie","2025-02-13 14:23:18","0","0",NULL
"286","10a5140800600009","motivation","目的","数据获取, 设备操作","1095140800000003",NULL,"0","0","999","test_user","2023-04-17 11:17:52","admin","2024-04-19 14:47:13","0","0",NULL
"287","10a514080070000c","cost","成本",,"1095140800000003",NULL,"0","0","999","system_user","2023-04-17 11:17:53","system_user","2024-01-21 14:39:30","0","0",NULL
"288","10a5150100200003","duration","营业年限",,"1095150100000009",NULL,"0","0","999","test_user","2023-04-17 11:17:53","admin","2024-04-28 13:15:12","0","0",NULL
"289","10a5150100300006","end_time","注销时间",,"1095150100000009",NULL,"0","0","999","test_user","2023-04-17 11:17:54","admin","2024-04-28 13:15:03","0","0",NULL
"290","10a5150100400009","type","类型","新建, 分拆, 合并","1095150100000009",NULL,"0","0","999","system_user","2023-04-17 11:17:54","system_user","2024-01-21 14:39:30","0","0",NULL
"291","10a515010050000c","motivation","目的","行业需求, 政策福利, 公益事业, 业务拓展","1095150100000009",NULL,"0","0","999","test_user","2023-04-17 11:17:55","admin","2024-04-19 15:04:03","0","0",NULL
"292","10a5150100600002","role","角色","倡议人, 投资人, 创始人, 合伙人","1095150100000009",NULL,"0","0","999","system_user","2023-04-17 11:17:55","system_user","2024-01-21 14:39:30","0","0",NULL
"293","10a5150100700005","source_of_funds","资金来源","股权融资, 自有资金, 债权融资, 政策性贷款, 金融租赁, 天使投资","1095150100000009",NULL,"0","0","999","system_user","2023-04-17 11:17:56","system_user","2024-01-21 14:39:30","0","0",NULL
"294","10a5150100800008","process","进程","筹备, 审批, 成立","1095150100000009",NULL,"0","0","999","system_user","2023-04-17 11:17:56","system_user","2024-01-21 14:39:30","0","0",NULL
"295","10a515010090000b","value","社会价值","解决就业问题, 促进产业发展, 促进消费, 加快人才培养, 加速科技创新","1095150100000009",NULL,"0","0","999","test_user","2023-04-17 11:17:57","admin","2024-04-19 15:04:41","0","0",NULL
"296","10a5150200200006","duration","持续时长",,"109515020000000c",NULL,"0","0","8","test_user","2023-04-17 11:17:58","admin","2024-04-19 15:05:04","0","0",NULL
"297","10a5150200300009","end_time","结束时间",,"109515020000000c",NULL,"0","0","999","system_user","2023-04-17 11:17:58","admin","2024-01-21 14:39:30","1","0",NULL
"298","10a515020040000c","performance","绩效",,"109515020000000c",NULL,"0","0","4","system_user","2023-04-17 11:17:59","admin","2024-01-21 14:39:30","0","0",NULL
"299","10a5150200500002","position","担任职位","法人, 董事长, 总经理, 校长, 局长, 市长, 部长, 主任, 局长","109515020000000c",NULL,"0","0","0","test_user","2023-04-17 11:17:59","admin","2024-04-19 15:08:36","0","0",NULL
"300","10a5150200600005","mode_of_appointment","任命方式","派任, 竞选, 提拔, 出让, 轮岗, 借调","109515020000000c",NULL,"0","0","1","test_user","2023-04-17 11:18:00","admin","2024-04-19 15:05:30","0","0",NULL
"301","10a5150200700008","scope_of_authority","权限范畴","常务, 人事, 财务","109515020000000c",NULL,"0","0","2","system_user","2023-04-17 11:18:00","admin","2024-01-21 14:39:30","0","0",NULL
"302","10a515020080000b","permission_size","权限大小","一票否决, 主要决策, 参与决策","109515020000000c",NULL,"0","0","3","system_user","2023-04-17 11:18:01","admin","2024-01-21 14:39:30","0","0",NULL
"303","10a5150200900001","reward","工作奖励","现金, 股票, 期权","109515020000000c",NULL,"0","0","5","test_user","2023-04-17 11:18:01","admin","2024-04-19 15:09:57","0","0",NULL
"304","10a5150300200009","duration","工龄",,"1095150300000002",NULL,"0","0","999","test_user","2023-04-17 11:18:02","admin","2024-04-19 15:07:57","1","0",NULL
"305","10a515030030000c","end_time","离职时间",,"1095150300000002",NULL,"0","0","3","test_user","2023-04-17 11:18:03","qidekang","2024-04-19 15:08:09","0","0",NULL
"306","10a5150300400002","performance","工作绩效",,"1095150300000002",NULL,"0","0","9","test_user","2023-04-17 11:18:03","qidekang","2024-04-21 22:40:54","0","0",NULL
"307","10a5150300500005","position","任职岗位","公务员, 医生, 护士, 老师, 律师, 财务, 人力, 政府关系, 工程师, 销售","1095150300000002",NULL,"0","0","14","test_user","2023-04-17 11:18:04","qidekang","2024-04-19 15:08:20","0","0",NULL
"308","10a5150300600008","responsibility","工作职责",,"1095150300000002",NULL,"0","0","8","test_user","2023-04-17 11:18:04","qidekang","2024-04-19 15:09:31","0","0",NULL
"309","10a515030070000b","rank","职级",,"1095150300000002",NULL,"0","0","6","system_user","2023-04-17 11:18:05","qidekang","2024-01-21 14:39:30","0","0",NULL
"310","10a5150300800001","reward","工作酬劳",,"1095150300000002",NULL,"0","0","10","test_user","2023-04-17 11:18:05","qidekang","2024-04-19 15:09:50","0","0",NULL
"311","10a5150300900004","entry_mode","入职方式","社会招聘, 校园招聘, 猎头推荐, 内部筛选, 领导推荐","1095150300000002",NULL,"0","0","2","system_user","2023-04-17 11:18:06","qidekang","2024-01-21 14:39:30","0","0",NULL
"312","10a5150300a00007","nature_of_employment","用工性质","劳动合同, 劳务合同","1095150300000002",NULL,"0","0","1","system_user","2023-04-17 11:18:06","qidekang","2024-01-21 14:39:30","1","0",NULL
"313","10a5150300b0000a","welfare_treatment","福利待遇","五险一金, 餐饮福利, 住房福利","1095150300000002",NULL,"0","0","11","system_user","2023-04-17 11:18:07","qidekang","2024-01-21 14:39:30","0","0",NULL
"314","10a5150300c00000","reporting_chain","汇报链路",,"1095150300000002",NULL,"0","0","13","test_user","2023-04-17 11:18:08","qidekang","2024-04-19 15:10:17","0","0",NULL
"315","10a5150300d00003","requirement","任职要求","年龄, 政治面貌, 身体情况, 从业年限, 技术水平","1095150300000002",NULL,"0","0","12","test_user","2023-04-17 11:18:08","qidekang","2024-04-19 15:10:25","0","0",NULL
"316","10a515040020000c","duration","持有时长",,"1095150400000005",NULL,"0","0","2","test_user","2023-04-17 11:18:09","admin","2024-04-21 22:42:33","0","0",NULL
"317","10a5150400300002","end_time","到期时间",,"1095150400000005",NULL,"0","0","999","test_user","2023-04-17 11:18:09","admin","2024-04-21 22:42:24","1","0",NULL
"318","10a5150400400005","title","荣誉称号",,"1095150400000005",NULL,"0","0","1","test_user","2023-04-17 11:18:10","admin","2024-04-21 22:42:46","0","0",NULL
"319","10a5150400500008","level","奖励级别","国家级, 省级, 市级, 区级, 校级","1095150400000005",NULL,"0","0","0","test_user","2023-04-17 11:18:10","admin","2024-04-21 22:43:43","0","0",NULL
"320","10a515040060000b","major_contribution","主要贡献","人才培养, 技术创新, 政府管理, 商业模式创新","1095150400000005",NULL,"0","0","3","system_user","2023-04-17 11:18:11","admin","2024-01-21 14:39:30","0","0",NULL
"321","10a5150400700001","incentive_mode","激励方式","现金, 股票, 职级晋升, 社会褒奖, 权威头衔","1095150400000005",NULL,"0","0","4","system_user","2023-04-17 11:18:12","admin","2024-01-21 14:39:30","0","0",NULL
"322","10a5150400800004","selection_method","评选方式","公开投票, 部门提报, 评委会评选","1095150400000005",NULL,"0","0","5","system_user","2023-04-17 11:18:12","admin","2024-01-21 14:39:30","0","0",NULL
"323","10a5150500200002","duration","任职时长",,"1095150500000008",NULL,"0","0","999","test_user","2023-04-17 11:18:13","admin","2024-04-21 22:44:21","0","0",NULL
"324","10a5150500300005","end_time","离职时间",,"1095150500000008",NULL,"0","0","999","test_user","2023-04-17 11:18:13","admin","2024-04-25 06:42:12","0","0",NULL
"325","10a5150500400008","type","服务类型","顾问, 志愿者, 独立董事","1095150500000008",NULL,"0","0","999","test_user","2023-04-17 11:18:14","admin","2024-04-21 22:45:01","0","0",NULL
"326","10a515050050000b","responsibility","职责","政策建议, 参与决策, 专业队伍补充, 日常事务维系","1095150500000008",NULL,"0","0","999","system_user","2023-04-17 11:18:14","system_user","2024-01-21 14:39:30","0","0",NULL
"327","10a5150500600001","requirement","任职要求","年龄, 政治面貌, 身体情况, 专业技能","1095150500000008",NULL,"0","0","999","test_user","2023-04-17 11:18:15","admin","2024-04-21 22:45:13","0","0",NULL
"328","10a5150500700004","value_return_mode","回报方式","证书, 劳务费, 股权, 无偿","1095150500000008",NULL,"0","0","999","test_user","2023-04-17 11:18:16","admin","2024-05-22 10:51:25","0","0",NULL
"329","10a5150500800007","working_intensity","工作强度","10小时每天, 不少于6个月每年","1095150500000008",NULL,"0","0","999","system_user","2023-04-17 11:18:16","system_user","2024-01-21 14:39:30","0","0",NULL
"330","10a515050090000a","product_value","产物价值","商机, 销售线索, 新增订单, 产值增长, 人才培养, 量化科技成果","1095150500000008",NULL,"0","0","999","system_user","2023-04-17 11:18:17","system_user","2024-01-21 14:39:30","0","0",NULL
"331","10a5150500a00000","recruitment_method","招募方式","线下活动, 线上报名, 主动邀请","1095150500000008",NULL,"0","0","999","system_user","2023-04-17 11:18:17","system_user","2024-01-21 14:39:30","0","0",NULL
"332","10a5220100200003","type","从属类型","构成单元, 所属子集","1095220100000009",NULL,"0","0","999","test_user","2023-04-17 11:18:18","admin","2024-04-21 22:46:13","0","0",NULL
"333","10a5220100300006","duration","时间",,"1095220100000009",NULL,"0","0","999","test_user","2023-04-17 11:18:18","admin","2024-04-18 21:20:26","1","0",NULL
"334","10a5220100400009","end_time","结束时间",,"1095220100000009",NULL,"0","0","999","system_user","2023-04-17 11:18:19","admin","2024-01-21 14:39:30","1","0",NULL
"335","10a522010050000c","functionality","功能","分流, 供给, 办公","1095220100000009",NULL,"0","0","999","system_user","2023-04-17 11:18:19","system_user","2024-01-21 14:39:30","0","0",NULL
"336","10a5220100600002","evaluation_result","评估结果","合理, 不合理","1095220100000009",NULL,"0","0","999","system_user","2023-04-17 11:18:20","system_user","2024-01-21 14:39:30","0","0",NULL
"337","10a5220200200006","type","连接类型","串联, 并联, 混联,","109522020000000c",NULL,"0","0","999","test_user","2023-04-17 11:18:21","admin","2024-04-21 23:28:21","0","0",NULL
"338","10a5220200300009","capacity","容量","行人通行量, 车辆通行量, 航班通行量","109522020000000c",NULL,"0","0","999","system_user","2023-04-17 11:18:21","system_user","2024-01-21 14:39:30","0","0",NULL
"339","10a522020040000c","mode","连接方式","天桥, 隧道, 接壤","109522020000000c",NULL,"0","0","999","test_user","2023-04-17 11:18:22","admin","2024-04-21 23:28:31","0","0",NULL
"340","10a5220200500002","duration","时间",,"109522020000000c",NULL,"0","0","999","test_user","2023-04-17 11:18:22","admin","2024-04-18 21:20:34","1","0",NULL
"341","10a5220200600005","end_time","结束时间",,"109522020000000c",NULL,"0","0","999","system_user","2023-04-17 11:18:23","admin","2024-01-21 14:39:30","1","0",NULL
"342","10a5220200700008","purpose","目的","通行, 运输","109522020000000c",NULL,"0","0","999","system_user","2023-04-17 11:18:23","system_user","2024-01-21 14:39:30","0","0",NULL
"343","10a522020080000b","evaluation_result","评估结果","通行效率高，安全系数高, 通行效率低，安全系数高","109522020000000c",NULL,"0","0","999","system_user","2023-04-17 11:18:24","system_user","2024-01-21 14:39:30","0","0",NULL
"344","10a5220300200009","type","空间类型","上下左右，东南西北","1095220300000002",NULL,"0","0","999","test_user","2023-04-17 11:18:24","admin","2024-04-21 23:29:15","0","0",NULL
"345","10a522030030000c","distance","距离远近",,"1095220300000002",NULL,"0","0","999","test_user","2023-04-17 11:18:25","admin","2024-04-21 23:29:24","0","0",NULL
"346","10a5220300400002","bearing","方位角度","左前方10度, 北偏东15度","1095220300000002",NULL,"0","0","999","test_user","2023-04-17 11:18:26","admin","2024-04-21 23:30:08","0","0",NULL
"347","10a5220300500005","evaluation_result","评估结果","遮挡程度高, 转乘时间长","1095220300000002",NULL,"0","0","999","system_user","2023-04-17 11:18:26","system_user","2024-01-21 14:39:30","0","0",NULL
"348","10a5240100200005","type","空间位置类型","相邻, 相交, 上下, 相离","109524010000000b",NULL,"0","0","999","test_user","2023-04-17 11:18:27","admin","2024-04-23 08:56:55","0","0",NULL
"349","10a5240100300008","duration","物品停留时长",,"109524010000000b",NULL,"0","0","999","test_user","2023-04-17 11:18:27","admin","2024-04-23 07:53:53","0","0",NULL
"350","10a524010040000b","bearing","方位角度","左前方10度, 北偏东15度","109524010000000b",NULL,"0","0","999","test_user","2023-04-17 11:18:28","admin","2024-04-23 07:54:31","0","0",NULL
"351","10a5240100500001","distance","距离远近",,"109524010000000b",NULL,"0","0","999","test_user","2023-04-17 11:18:28","admin","2024-04-23 07:54:25","0","0",NULL
"353","10a5240200200008","motivation","停留原因","便利, 指引, 经停","1095240200000001",NULL,"0","0","999","test_user","2023-04-17 11:18:29","admin","2024-04-23 07:55:49","0","0",NULL
"354","10a524020030000b","type","承载类型","支援, 包含","1095240200000001",NULL,"0","0","999","test_user","2023-04-17 11:18:30","admin","2024-04-23 07:55:05","0","0",NULL
"355","10a5240200400001","state","状态","异常驻留, 合理停留, 常驻","1095240200000001",NULL,"0","0","999","system_user","2023-04-17 11:18:31","system_user","2024-01-21 14:39:30","0","0",NULL
"356","10a524030020000b","type","服务类型","保养维护, 燃料补充","1095240300000004",NULL,"0","0","999","test_user","2023-04-17 11:18:31","admin","2024-04-23 07:58:31","1","0",NULL
"358","10a5240300300001","price","服务价格",,"1095240300000004",NULL,"0","0","999","test_user","2023-04-17 11:18:32","admin","2024-04-23 07:58:38","1","0",NULL
"364","10a523030020000a","duration","持续时长",,"1095230300000003",NULL,"0","0","999","test_user","2023-04-17 11:18:36","admin","2024-04-25 06:56:00","0","0",NULL
"365","10a5230300300000","end_time","结束时间",,"1095230300000003",NULL,"0","0","999","system_user","2023-04-17 11:18:36","admin","2024-01-21 14:39:30","1","0",NULL
"366","10a5230300400003","result","结果",,"1095230300000003",NULL,"0","0","999","system_user","2023-04-17 11:18:37","system_user","2024-01-21 14:39:30","0","0",NULL
"367","10a5230300500006","type","类型","维护, 破坏","1095230300000003",NULL,"0","0","999","system_user","2023-04-17 11:18:37","system_user","2024-01-21 14:39:30","0","0",NULL
"368","10a5230300600009","degree","程度","高, 中, 低","1095230300000003",NULL,"0","0","999","system_user","2023-04-17 11:18:38","system_user","2024-01-21 14:39:30","0","0",NULL
"369","10a523030070000c","responsible_party","责任方",,"1095230300000003",NULL,"0","0","999","system_user","2023-04-17 11:18:38","system_user","2024-01-21 14:39:30","0","0",NULL
"370","10a5330100200007","type","从属类型","组件, 子集,","1095330100000000",NULL,"0","0","999","test_user","2023-04-17 11:18:39","admin","2024-04-23 08:05:23","0","0",NULL
"371","10a533010030000a","functionality","功能","宣传, 提供信息, 树立标杆","1095330100000000",NULL,"0","0","999","system_user","2023-04-17 11:18:39","system_user","2024-01-21 14:39:30","0","0",NULL
"372","10a5330100400000","basis","依据","内容相关, 目标一致","1095330100000000",NULL,"0","0","999","system_user","2023-04-17 11:18:40","system_user","2024-01-21 14:39:30","0","0",NULL
"373","10a5330100500003","evaluation_result","评估结果","正面影响, 负面影响, 中","1095330100000000",NULL,"0","0","999","test_user","2023-04-17 11:18:41","admin","2024-04-23 08:07:13","0","0",NULL
"374","10a533020020000a","type","因果类型","一因一果, 一因多果, 多因一果, 多因多果","1095330200000003",NULL,"0","0","999","test_user","2023-04-17 11:18:41","admin","2024-04-23 08:07:25","0","0",NULL
"375","10a5330200300000","degree_of_influence","影响程度","高, 中, 低","1095330200000003",NULL,"0","0","999","system_user","2023-04-17 11:18:42","system_user","2024-01-21 14:39:30","0","0",NULL
"376","10a5330300200000","type","关联类型","前序, 后序, 并行","1095330300000006",NULL,"0","0","999","test_user","2023-04-17 11:18:42","admin","2024-04-23 08:08:46","0","0",NULL
"377","10a5330300300003","role","角色","主要, 次要","1095330300000006",NULL,"0","0","999","system_user","2023-04-17 11:18:43","system_user","2024-01-21 14:39:30","0","0",NULL
"378","10a5330300400006","correlation","相关程度","高, 中, 低","1095330300000006",NULL,"0","0","999","test_user","2023-04-17 11:18:43","admin","2024-04-23 08:09:00","0","0",NULL
"379","10a5340100200008","duration","持续时长",,"1095340100000001",NULL,"0","0","999","test_user","2023-04-17 11:18:44","admin","2024-04-23 08:11:48","0","0",NULL
"380","10a534010030000b","end_time","记录完成时间",,"1095340100000001",NULL,"0","0","999","test_user","2023-04-17 11:18:44","admin","2024-04-23 08:13:35","1","0",NULL
"381","10a5340100400001","type","承载类型","记录, 伴随","1095340100000001",NULL,"0","0","999","test_user","2023-04-17 11:18:45","admin","2024-04-23 08:12:35","0","0",NULL
"382","10a5340100500004","influence","事件影响","人员伤亡, 物件损坏","1095340100000001",NULL,"0","0","999","test_user","2023-04-17 11:18:46","admin","2024-04-23 08:12:52","0","0",NULL
"383","10a534020020000b","duration","持续时长",,"1095340200000004",NULL,"0","0","999","test_user","2023-04-17 11:18:46","admin","2024-04-23 08:15:20","0","0",NULL
"384","10a5340200300001","end_time","结束时间",,"1095340200000004",NULL,"0","0","999","system_user","2023-04-17 11:18:47","admin","2024-01-21 14:39:30","1","0",NULL
"385","10a5340200400004","importance","设备重要性","主要, 次要","1095340200000004",NULL,"0","0","999","test_user","2023-04-17 11:18:47","admin","2024-04-23 08:16:58","0","0",NULL
"386","10a5340200500007","function","设备作用","执法, 执教, 自动驾驶","1095340200000004",NULL,"0","0","999","test_user","2023-04-17 11:18:48","admin","2024-04-23 08:17:08","0","0",NULL
"387","10a5340300200001","duration","持续时长",,"1095340300000007",NULL,"0","0","999","test_user","2023-04-17 11:18:48","admin","2024-04-28 13:08:02","0","0",NULL
"388","10a5340300300004","end_time","影响消失时间",,"1095340300000007",NULL,"0","0","999","test_user","2023-04-17 11:18:49","admin","2024-04-23 08:18:54","1","0",NULL
"389","10a5340300400007","result","影响结果","损坏, 减排","1095340300000007",NULL,"0","0","999","test_user","2023-04-17 11:18:50","admin","2024-04-23 08:19:09","0","0",NULL
"390","10a534030050000a","degree","影响程度","高, 中, 低","1095340300000007",NULL,"0","0","999","test_user","2023-04-17 11:18:50","admin","2024-04-23 08:19:05","0","0",NULL
"391","10a5340300600000","cause","影响原因",,"1095340300000007",NULL,"0","0","999","test_user","2023-04-17 11:18:51","admin","2024-04-23 08:19:26","0","0",NULL
"392","10a5340300700003","mode","影响方式","直接推进, 间接促进","1095340300000007",NULL,"0","0","999","test_user","2023-04-17 11:18:51","admin","2024-04-23 08:19:15","0","0",NULL
"393","10a544010020000b","duration","持续时长",,"1095440100000004",NULL,"0","0","999","test_user","2023-04-17 11:18:52","admin","2024-04-23 08:22:50","0","0",NULL
"394","10a5440100300001","end_time","结束时间",,"1095440100000004",NULL,"0","0","999","system_user","2023-04-17 11:18:52","admin","2024-01-21 14:39:30","1","0",NULL
"395","10a5440100400004","type","从属类型","组件, 子集","1095440100000004",NULL,"0","0","999","test_user","2023-04-17 11:18:53","admin","2024-04-23 08:23:23","0","0",NULL
"398","10a5440100500007","functionality","设备功能","安全保障, 动力来源, 计算中枢","1095440100000004",NULL,"0","0","999","test_user","2023-04-17 11:18:55","admin","2024-04-23 08:23:38","0","0",NULL
"399","10a544010060000a","introduction_mode","引入方式","人工组装, 机械组装, 一键安装","1095440100000004",NULL,"0","0","999","system_user","2023-04-17 11:18:55","system_user","2024-01-21 14:39:30","0","0",NULL
"400","10a5440100700000","evaluation_result","评估结果","合规, 不合规","1095440100000004",NULL,"0","0","999","system_user","2023-04-17 11:18:56","system_user","2024-01-21 14:39:30","0","0",NULL
"401","10a5440200200001","duration","持续时长",,"1095440200000007",NULL,"0","0","999","test_user","2023-04-17 11:18:56","admin","2024-04-23 08:55:41","0","0",NULL
"402","10a5440200300004","end_time","连接结束时间",,"1095440200000007",NULL,"0","0","999","test_user","2023-04-17 11:18:57","admin","2024-04-23 08:55:49","1","0",NULL
"403","10a5440200400007","type","连接类型","串联, 并联, 混联","1095440200000007",NULL,"0","0","999","test_user","2023-04-17 11:18:57","admin","2024-04-23 08:54:57","0","0",NULL
"404","10a544020050000a","capacity","传输容量","数据量, 电流量","1095440200000007",NULL,"0","0","999","test_user","2023-04-17 11:18:58","admin","2024-04-23 08:56:04","0","0",NULL
"407","10a5440200600000","transmission_content","传输内容","电流, 数据","1095440200000007",NULL,"0","0","999","system_user","2023-04-17 11:19:00","system_user","2024-01-21 14:39:30","0","0",NULL
"408","10a5440200700003","purpose","目的","通信, 传输, 牵引","1095440200000007",NULL,"0","0","999","system_user","2023-04-17 11:19:00","system_user","2024-01-21 14:39:30","0","0",NULL
"409","10a5440200800006","evaluation_result","评估结果","合格, 不合格","1095440200000007",NULL,"0","0","999","system_user","2023-04-17 11:19:01","system_user","2024-01-21 14:39:30","0","0",NULL
"410","10a5440200900009","frequency","连接频次","一秒一次, 一年一次","1095440200000007",NULL,"0","0","999","test_user","2023-04-17 11:19:01","admin","2024-04-23 08:55:10","0","0",NULL
"411","10a5440200a0000c","media","使用媒介","电磁波, 光纤","1095440200000007",NULL,"0","0","999","test_user","2023-04-17 11:19:02","admin","2024-04-23 08:55:17","0","0",NULL
"412","10a5440300200004","duration","持续时长",,"109544030000000a",NULL,"0","0","999","test_user","2023-04-17 11:19:02","admin","2024-04-23 08:58:01","0","0",NULL
"413","10a5440300300007","end_time","结束时间",,"109544030000000a",NULL,"0","0","999","system_user","2023-04-17 11:19:03","admin","2024-01-21 14:39:30","1","0",NULL
"414","10a544030040000a","type","空间位置类型","相邻, 相交, 上下, 相离","109544030000000a",NULL,"0","0","999","test_user","2023-04-17 11:19:03","admin","2024-04-23 08:56:44","0","0",NULL
"415","10a5440300500000","distance","距离远近",,"109544030000000a",NULL,"0","0","999","test_user","2023-04-17 11:19:04","admin","2024-04-23 08:57:15","0","0",NULL
"416","10a5440300600003","bearing","方位角度","左前方10度, 北偏东15度","109544030000000a",NULL,"0","0","999","test_user","2023-04-17 11:19:05","admin","2024-04-23 08:57:08","0","0",NULL
"417","10a5440300700006","change_situation","变化情况","相对速度, 相对位置","109544030000000a",NULL,"0","0","999","system_user","2023-04-17 11:19:05","system_user","2024-01-21 14:39:30","0","0",NULL
"418","10a5440400200007","duration","持续时长",,"1095440400000000",NULL,"0","0","999","test_user","2023-04-17 11:19:06","admin","2024-04-25 07:07:27","0","0",NULL
"419","10a544040030000a","end_time","承载完成时间",,"1095440400000000",NULL,"0","0","999","test_user","2023-04-17 11:19:06","admin","2024-04-23 08:59:27","1","0",NULL
"420","10a5440400400000","type","承载类型","支撑型, 收纳型","1095440400000000",NULL,"0","0","999","test_user","2023-04-17 11:19:07","admin","2024-04-23 08:58:12","0","0",NULL
"421","10a5440400500003","load_bearing","承重量",,"1095440400000000",NULL,"0","0","999","test_user","2023-04-17 11:19:07","admin","2024-04-23 09:00:29","0","0",NULL
"422","10a5440400600006","capacity","容量",,"1095440400000000",NULL,"0","0","999","system_user","2023-04-17 11:19:08","system_user","2024-01-21 14:39:30","0","0",NULL
"423","10a5440400700009","relative_position","相对位置","前, 中, 后","1095440400000000",NULL,"0","0","999","system_user","2023-04-17 11:19:08","system_user","2024-01-21 14:39:30","0","0",NULL
"424","10a544040080000c","purpose","目的","运输, 保护","1095440400000000",NULL,"0","0","999","system_user","2023-04-17 11:19:09","system_user","2024-01-21 14:39:30","0","0",NULL
"425","10a5440400900002","evaluation_result","评估结果","合规, 不合规","1095440400000000",NULL,"0","0","999","system_user","2023-04-17 11:19:10","system_user","2024-01-21 14:39:30","0","0",NULL
"426","10a552010020000c","duration","持续时长",,"1095520100000005",NULL,"0","0","999","test_user","2023-04-17 11:19:10","admin","2024-04-23 09:03:48","0","0",NULL
"427","10a5520100300002","end_time","离开时间",,"1095520100000005",NULL,"0","0","999","test_user","2023-04-17 11:19:11","admin","2024-04-23 09:03:40","0","0",NULL
"428","10a5520100400005","type","驻扎类型","办工用地, 仓储用地, 生产用地","1095520100000005",NULL,"0","0","999","test_user","2023-04-17 11:19:11","admin","2024-04-23 09:03:06","0","0",NULL
"429","10a5520100500008","type_of_settlement","入驻方式","自建, 购买, 租赁","1095520100000005",NULL,"0","0","999","test_user","2023-04-17 11:19:12","admin","2024-05-22 10:53:58","0","0",NULL
"430","10a552010060000b","amount_of_expense","费用金额",,"1095520100000005",NULL,"0","0","999","system_user","2023-04-17 11:19:12","system_user","2024-01-21 14:39:30","0","0",NULL
"432","10a5520200200002","type","建设类型","设计规划, 招标建设, 投标建设, 实施建设","1095520200000008",NULL,"0","0","999","test_user","2023-04-17 11:19:13","admin","2024-04-23 09:04:58","0","0",NULL
"433","10a5520200300005","duration","建设时长",,"1095520200000008",NULL,"0","0","999","test_user","2023-04-17 11:19:14","admin","2024-04-23 09:05:41","0","0",NULL
"434","10a5520200400008","end_time","完工时间",,"1095520200000008",NULL,"0","0","999","test_user","2023-04-17 11:19:15","admin","2024-04-23 09:05:12","0","0",NULL
"435","10a552020050000b","time_limit","工期","5.1-5.6地基, 5.7-5.9建筑外墙, 5.10-5.15水电气, 5.16-5.25软装","1095520200000008",NULL,"0","0","999","system_user","2023-04-17 11:19:15","system_user","2024-01-21 14:39:30","0","0",NULL
"436","10a5520200600001","process","工程进度","工程进度10%, 工程进度90%","1095520200000008",NULL,"0","0","999","test_user","2023-04-17 11:19:16","admin","2024-04-23 09:06:21","0","0",NULL
"437","10a5520200700004","motivation","建设原因","自用, 履行合同, 创造收入","1095520200000008",NULL,"0","0","999","test_user","2023-04-17 11:19:16","admin","2024-04-23 09:06:30","0","0",NULL
"438","10a5520200800007","evaluation_result","评估结果","效率低, 质量高, 效率高, 质量高","1095520200000008",NULL,"0","0","999","system_user","2023-04-17 11:19:17","system_user","2024-01-21 14:39:30","0","0",NULL
"439","10a552020090000a","cost","建设成本",,"1095520200000008",NULL,"0","0","999","test_user","2023-04-17 11:19:17","admin","2024-04-23 09:06:40","0","0",NULL
"440","10a5520300200005","duration","持有时长",,"109552030000000b",NULL,"0","0","999","test_user","2023-04-17 11:19:18","admin","2024-04-23 09:07:00","0","0",NULL
"441","10a5520300300008","end_time","出手时间",,"109552030000000b",NULL,"0","0","999","test_user","2023-04-17 11:19:19","admin","2024-04-23 09:08:41","0","0",NULL
"442","10a552030040000b","source","产权来源","自身建设, 市场买入, 他人赠与, 奖励获取","109552030000000b",NULL,"0","0","999","test_user","2023-04-17 11:19:19","admin","2024-04-23 09:07:37","0","0",NULL
"443","10a5520300500001","acquisition_cost","获取成本",,"109552030000000b",NULL,"0","0","999","system_user","2023-04-17 11:19:20","system_user","2024-01-21 14:39:30","0","0",NULL
"444","10a5520300600004","cost_of_ownership","持有成本",,"109552030000000b",NULL,"0","0","999","test_user","2023-04-17 11:19:20","admin","2024-04-23 09:07:48","0","0",NULL
"445","10a5520300700007","type","权利类型","拥有权, 使用权, 经营权","109552030000000b",NULL,"0","0","999","test_user","2023-04-17 11:19:21","admin","2024-04-23 09:07:59","0","0",NULL
"446","10a552030080000a","use","用途","办工, 生产, 仓储, 出租, 服务","109552030000000b",NULL,"0","0","999","system_user","2023-04-17 11:19:21","system_user","2024-01-21 14:39:30","0","0",NULL
"447","10a5520300900000","evaluation_result","评估结果","合法, 违法","109552030000000b",NULL,"0","0","999","system_user","2023-04-17 11:19:22","system_user","2024-01-21 14:39:30","0","0",NULL
"448","10a5520400200008","time","时间",,"1095520400000001",NULL,"0","0","999","system_user","2023-04-17 11:19:22","system_user","2024-01-21 14:39:30","0","0",NULL
"449","10a552040030000b","end_time","结束时间",,"1095520400000001",NULL,"0","0","999","system_user","2023-04-17 11:19:23","system_user","2024-01-21 14:39:30","0","0",NULL
"450","10a5520400400001","type","类型","买卖, 赠与, 互易, 遗赠, 出租","1095520400000001",NULL,"0","0","999","system_user","2023-04-17 11:19:23","system_user","2024-01-21 14:39:30","0","0",NULL
"451","10a5520400500004","type_of_right","权利类型","使用权, 拥有权","1095520400000001",NULL,"0","0","999","system_user","2023-04-17 11:19:24","system_user","2024-01-21 14:39:30","0","0",NULL
"452","10a5520400600007","motivation","动因","变现需求, 福利捐赠, 废弃处理","1095520400000001",NULL,"0","0","999","system_user","2023-04-17 11:19:25","system_user","2024-01-21 14:39:30","0","0",NULL
"453","10a552040070000a","evaluation_result","评估结果","合规, 违规","1095520400000001",NULL,"0","0","999","system_user","2023-04-17 11:19:25","system_user","2024-01-21 14:39:30","0","0",NULL
"454","10a5520400800000","process","进程","合同签订中, 权属登记中, 出让完成, 租赁中, 租约到期","1095520400000001",NULL,"0","0","999","system_user","2023-04-17 11:19:26","system_user","2024-01-21 14:39:30","0","0",NULL
"455","10a5520400900003","result","结果","现金, 荣誉","1095520400000001",NULL,"0","0","999","system_user","2023-04-17 11:19:26","system_user","2024-01-21 14:39:30","0","0",NULL
"456","10a5520400a00006","mode","方式","拍卖, 招标, 挂牌","1095520400000001",NULL,"0","0","999","system_user","2023-04-17 11:19:27","system_user","2024-01-21 14:39:30","0","0",NULL
"457","10a552050020000b","duration","持续时长",,"1095520500000004",NULL,"0","0","999","test_user","2023-04-17 11:19:27","admin","2024-04-23 09:08:53","0","0",NULL
"458","10a5520500300001","end_time","完成时间",,"1095520500000004",NULL,"0","0","999","test_user","2023-04-17 11:19:28","admin","2024-04-23 09:09:38","1","0",NULL
"459","10a5520500400004","type","管理类型","直接管理, 间接管理","1095520500000004",NULL,"0","0","999","test_user","2023-04-17 11:19:28","admin","2024-04-23 09:09:03","0","0",NULL
"460","10a5520500500007","scope_of_authority","权限范畴","使用权限, 操作规范, 状态监管, 质量把关","1095520500000004",NULL,"0","0","999","system_user","2023-04-17 11:19:29","system_user","2024-01-21 14:39:30","0","0",NULL
"461","10a552050060000a","mode","管理方式","远程监控, 定期抽检, 现场督办, 主动报送","1095520500000004",NULL,"0","0","999","test_user","2023-04-17 11:19:30","admin","2024-04-23 09:09:08","0","0",NULL
"462","10a5520500700000","tool","使用工具","摄像头, 移动终端设备, 疫情上报平台, 数字楼宇系统","1095520500000004",NULL,"0","0","999","test_user","2023-04-17 11:19:30","admin","2024-04-23 09:09:16","0","0",NULL
"463","10a5520500800003","cost","成本",,"1095520500000004",NULL,"0","0","999","system_user","2023-04-17 11:19:31","system_user","2024-01-21 14:39:30","0","0",NULL
"464","10a5520500900006","evaluation_result","评估结果","执行力强，管理水平高, 执行力待提升，管理水平高","1095520500000004",NULL,"0","0","999","system_user","2023-04-17 11:19:31","system_user","2024-01-21 14:39:30","0","0",NULL
"465","10a5520600200001","duration","耗费时长",,"1095520600000007",NULL,"0","0","999","test_user","2023-04-17 11:19:32","admin","2024-04-23 09:09:53","0","0",NULL
"466","10a5520600300004","end_time","完成时间",,"1095520600000007",NULL,"0","0","999","test_user","2023-04-17 11:19:32","admin","2024-04-23 09:09:59","1","0",NULL
"467","10a5520600400007","type","维护类型","生态环境, 公共安全","1095520600000007",NULL,"0","0","999","test_user","2023-04-17 11:19:33","admin","2024-04-23 09:10:05","0","0",NULL
"468","10a552060050000a","role","角色","建设方, 第三方, 所有方","1095520600000007",NULL,"0","0","999","system_user","2023-04-17 11:19:34","system_user","2024-01-21 14:39:30","0","0",NULL
"469","10a5520600600000","tool","使用工具","清洁工具, 消杀工具, 执法设备","1095520600000007",NULL,"0","0","999","test_user","2023-04-17 11:19:34","admin","2024-04-23 09:10:12","0","0",NULL
"470","10a5520600700003","cost","成本",,"1095520600000007",NULL,"0","0","999","system_user","2023-04-17 11:19:35","system_user","2024-01-21 14:39:30","0","0",NULL
"471","10a5520600800006","evaluation_result","评估结果","效率低, 质量高, 服务好, 效率高, 质量高, 服务差","1095520600000007",NULL,"0","0","999","system_user","2023-04-17 11:19:35","system_user","2024-01-21 14:39:30","0","0",NULL
"472","10a5520600900009","frequency","维护频次","一天一次, 每周一次","1095520600000007",NULL,"0","0","999","test_user","2023-04-17 11:19:36","admin","2024-04-23 09:10:21","0","0",NULL
"473","10a5530100200000","duration","参与时长",,"1095530100000006",NULL,"0","0","999","test_user","2023-04-17 11:19:36","admin","2024-04-23 09:11:05","0","0",NULL
"474","10a5530100300003","responsibility","角色职责","执行, 赞助","1095530100000006",NULL,"0","0","999","test_user","2023-04-17 11:19:37","admin","2024-04-23 09:11:58","0","0",NULL
"475","10a5530100400006","motivation","参与原因",,"1095530100000006",NULL,"0","0","999","test_user","2023-04-17 11:19:37","admin","2024-05-22 11:04:50","0","0",NULL
"476","10a5530100500009","purpose","目的",,"1095530100000006",NULL,"0","0","999","system_user","2023-04-17 11:19:38","admin","2024-01-21 14:39:30","1","0",NULL
"477","10a553010060000c","behavior","参与方式","发布公告, 现场指导, 进度推进, 集成总包","1095530100000006",NULL,"0","0","999","test_user","2023-04-17 11:19:39","admin","2024-05-23 02:52:41","0","0",NULL
"478","10a5530100700002","degree_of_influence","影响程度","高, 中, 低","1095530100000006",NULL,"0","0","999","system_user","2023-04-17 11:19:39","system_user","2024-01-21 14:39:30","0","0",NULL
"479","10a5530200200003","type","影响类型","经济影响, 社会影响","1095530200000009",NULL,"0","0","999","test_user","2023-04-17 11:19:40","admin","2024-04-23 09:15:49","0","0",NULL
"480","10a5530200300006","duration","持续时长",,"1095530200000009",NULL,"0","0","999","test_user","2023-04-17 11:19:40","admin","2024-04-28 13:08:10","0","0",NULL
"481","10a5530200400009","end_time","消除影响时间",,"1095530200000009",NULL,"0","0","999","test_user","2023-04-17 11:19:41","admin","2024-04-23 09:16:17","1","0",NULL
"482","10a553020050000c","result","结果","扩大规模, 变更名称, 财产损失","1095530200000009",NULL,"0","0","999","system_user","2023-04-17 11:19:41","system_user","2024-01-21 14:39:30","0","0",NULL
"483","10a5530200600002","degree","影响程度","高, 中, 低","1095530200000009",NULL,"0","0","999","test_user","2023-04-17 11:19:42","admin","2024-04-23 09:17:46","0","0",NULL
"484","10a5530300200006","duration","耗费时长",,"109553030000000c",NULL,"0","0","999","test_user","2023-04-17 11:19:42","admin","2024-04-23 09:20:34","0","0",NULL
"485","10a5530300300009","end_time","处置完成时间",,"109553030000000c",NULL,"0","0","999","test_user","2023-04-17 11:19:43","admin","2024-04-23 09:20:27","1","0",NULL
"486","10a553030040000c","process","处置流程",,"109553030000000c",NULL,"0","0","999","test_user","2023-04-17 11:19:44","admin","2024-04-23 09:19:09","0","0",NULL
"487","10a5530300500002","result","处置结果","罚款, 奖励","109553030000000c",NULL,"0","0","999","test_user","2023-04-17 11:19:44","admin","2024-04-23 09:19:16","0","0",NULL
"488","10a5530300600005","evaluation_result","结果评估","合规处置, 违规处置","109553030000000c",NULL,"0","0","999","test_user","2023-04-17 11:19:45","admin","2024-04-23 09:19:23","0","0",NULL
"489","10a5530300700008","state","当前状态","举报, 移交, 下发, 办结","109553030000000c",NULL,"0","0","999","test_user","2023-04-17 11:19:45","admin","2024-04-23 09:19:32","0","0",NULL
"490","10a553030080000b","mode","处置方式","线上, 线下","109553030000000c",NULL,"0","0","999","test_user","2023-04-17 11:19:46","admin","2024-04-23 09:19:44","0","0",NULL
"491","10a5530300900001","tool","使用工具","网络舆情, 信息化系统","109553030000000c",NULL,"0","0","999","test_user","2023-04-17 11:19:46","admin","2024-04-23 09:19:51","0","0",NULL
"492","10a5530400200009","type","监管类型","合规, 安全","1095530400000002",NULL,"0","0","999","test_user","2023-04-17 11:19:47","admin","2024-04-23 09:20:46","0","0",NULL
"493","10a553040030000c","duration","持续时长",,"1095530400000002",NULL,"0","0","999","test_user","2023-04-17 11:19:47","admin","2024-04-23 09:20:57","0","0",NULL
"494","10a5530400400002","responsibility","职责",,"1095530400000002",NULL,"0","0","999","system_user","2023-04-17 11:19:48","system_user","2024-01-21 14:39:30","0","0",NULL
"495","10a5530400500005","scope_of_authority","权限范畴","使用权限, 操作规范, 状态监管, 质量把关","1095530400000002",NULL,"0","0","999","system_user","2023-04-17 11:19:49","system_user","2024-01-21 14:39:30","0","0",NULL
"496","10a5530400600008","mode","监管方式","远程监控, 定期抽检, 现场督办, 主动报送","1095530400000002",NULL,"0","0","999","test_user","2023-04-17 11:19:49","admin","2024-04-23 09:21:07","0","0",NULL
"497","10a553040070000b","tool","使用工具","测速仪, 摄像头, 移动app, 线上系统","1095530400000002",NULL,"0","0","999","test_user","2023-04-17 11:19:50","admin","2024-04-23 09:21:12","0","0",NULL
"498","10a5530400800001","cost","成本",,"1095530400000002",NULL,"0","0","999","system_user","2023-04-17 11:19:50","system_user","2024-01-21 14:39:30","0","0",NULL
"499","10a5530400900004","evaluation","结果评估","监管效率, 安全稳定","1095530400000002",NULL,"0","0","999","test_user","2023-04-17 11:19:51","admin","2024-04-23 09:21:22","0","0",NULL
"500","10a5540100200001","duration","耗费时长",,"1095540100000007",NULL,"0","0","999","test_user","2023-04-17 11:19:51","admin","2024-04-23 09:28:07","0","0",NULL
"501","10a5540100300004","end_time","完工时间",,"1095540100000007",NULL,"0","0","999","test_user","2023-04-17 11:19:52","admin","2024-04-23 09:28:15","1","0",NULL
"502","10a5540100400007","automation_level","自动化水平","手工, 半自动, 全自动","1095540100000007",NULL,"0","0","999","system_user","2023-04-17 11:19:52","system_user","2024-01-21 14:39:30","0","0",NULL
"503","10a554010050000a","tool","使用工具","数字机床, 数字孪生设备, 电锯, 雕刻刀, 陶炉","1095540100000007",NULL,"0","0","999","test_user","2023-04-17 11:19:53","admin","2024-04-23 09:28:22","0","0",NULL
"504","10a5540100600000","target_yield","目标产量",,"1095540100000007",NULL,"0","0","999","system_user","2023-04-17 11:19:54","system_user","2024-01-21 14:39:30","0","0",NULL
"505","10a5540100700003","actual_output","实际产量",,"1095540100000007",NULL,"0","0","999","system_user","2023-04-17 11:19:54","system_user","2024-01-21 14:39:30","0","0",NULL
"506","10a5540100800006","cost","成本",,"1095540100000007",NULL,"0","0","999","system_user","2023-04-17 11:19:55","system_user","2024-01-21 14:39:30","0","0",NULL
"507","10a5540100900009","evaluation_result","评估结果","效率低, 质量高, 效率高, 质量高","1095540100000007",NULL,"0","0","999","system_user","2023-04-17 11:19:55","system_user","2024-01-21 14:39:30","0","0",NULL
"508","10a5540200200004","duration","持有时长",,"109554020000000a",NULL,"0","0","999","test_user","2023-04-17 11:19:56","admin","2024-04-23 09:28:57","0","0",NULL
"509","10a5540200300007","end_time","出手时间",,"109554020000000a",NULL,"0","0","999","test_user","2023-04-17 11:19:56","admin","2024-04-23 09:29:09","0","0",NULL
"510","10a554020040000a","source","产权来源","自身生产, 市场买入, 他人赠与, 奖励获取, 意外收获","109554020000000a",NULL,"0","0","999","test_user","2023-04-17 11:19:57","admin","2024-04-23 09:29:44","0","0",NULL
"511","10a5540200500000","acquisition_cost","获取成本",,"109554020000000a",NULL,"0","0","999","system_user","2023-04-17 11:19:57","system_user","2024-01-21 14:39:30","0","0",NULL
"512","10a5540200600003","cost_of_ownership","持有成本",,"109554020000000a",NULL,"0","0","999","test_user","2023-04-17 11:19:58","admin","2024-04-23 09:30:01","0","0",NULL
"513","10a5540200700006","use","用途","原料, 生产设备, 办公设备, 医疗用品","109554020000000a",NULL,"0","0","999","system_user","2023-04-17 11:19:59","system_user","2024-01-21 14:39:30","0","0",NULL
"514","10a5540200800009","evaluation_result","评估结果","合法, 违法","109554020000000a",NULL,"0","0","999","system_user","2023-04-17 11:19:59","system_user","2024-01-21 14:39:30","0","0",NULL
"515","10a5540300200007","time","时间",,"1095540300000000",NULL,"0","0","999","system_user","2023-04-17 11:20:00","system_user","2024-01-21 14:39:30","0","0",NULL
"516","10a554030030000a","end_time","结束时间",,"1095540300000000",NULL,"0","0","999","system_user","2023-04-17 11:20:00","system_user","2024-01-21 14:39:30","0","0",NULL
"517","10a5540300400000","price","价格",,"1095540300000000",NULL,"0","0","999","system_user","2023-04-17 11:20:01","system_user","2024-01-21 14:39:30","0","0",NULL
"518","10a5540300500003","type","类型","动产抵押, 股权出质","1095540300000000",NULL,"0","0","999","system_user","2023-04-17 11:20:01","system_user","2024-01-21 14:39:30","0","0",NULL
"519","10a5540300600006","motivation","动因","变现需求, 福利捐赠, 闲置处理","1095540300000000",NULL,"0","0","999","system_user","2023-04-17 11:20:02","system_user","2024-01-21 14:39:30","0","0",NULL
"520","10a5540300700009","evaluation_result","评估结果","合法, 违法","1095540300000000",NULL,"0","0","999","system_user","2023-04-17 11:20:03","system_user","2024-01-21 14:39:30","0","0",NULL
"521","10a554030080000c","result","结果","金钱, 荣誉","1095540300000000",NULL,"0","0","999","system_user","2023-04-17 11:20:03","system_user","2024-01-21 14:39:30","0","0",NULL
"522","10a5540300900002","mode","方式","拍卖, 招标, 挂牌","1095540300000000",NULL,"0","0","999","system_user","2023-04-17 11:20:04","system_user","2024-01-21 14:39:30","0","0",NULL
"523","10a5540300a00005","type_of_right","权利类型","使用权, 拥有权,","1095540300000000",NULL,"0","0","999","system_user","2023-04-17 11:20:04","system_user","2024-01-21 14:39:30","0","0",NULL
"524","10a5540300b00008","process","进程","合同签订中, 权属登记中, 租赁中, 租约到期","1095540300000000",NULL,"0","0","999","system_user","2023-04-17 11:20:05","system_user","2024-01-21 14:39:30","0","0",NULL
"525","10a554040020000a","duration","持续时长",,"1095540400000003",NULL,"0","0","999","test_user","2023-04-17 11:20:05","admin","2024-04-23 09:31:42","0","0",NULL
"526","10a5540400300000","end_time","结束时间",,"1095540400000003",NULL,"0","0","999","system_user","2023-04-17 11:20:06","admin","2024-01-21 14:39:30","1","0",NULL
"527","10a5540400400003","type","管理类型","直接管理, 间接管理","1095540400000003",NULL,"0","0","999","test_user","2023-04-17 11:20:06","admin","2024-04-23 09:31:51","0","0",NULL
"528","10a5540400500006","authority","权限范畴","使用权限, 操作规范, 状态监管, 质量把关","1095540400000003",NULL,"0","0","999","test_user","2023-04-17 11:20:07","admin","2024-04-23 09:40:22","0","0",NULL
"529","10a5540400600009","mode","管理方式","远程监控, 定期抽检, 现场督办, 主动报送","1095540400000003",NULL,"0","0","999","test_user","2023-04-17 11:20:07","admin","2024-04-23 09:32:03","0","0",NULL
"530","10a554040070000c","tool","使用工具","测速仪, 摄像头, 移动终端设备","1095540400000003",NULL,"0","0","999","test_user","2023-04-17 11:20:08","admin","2024-04-23 09:32:09","0","0",NULL
"531","10a5540400800002","cost","成本",,"1095540400000003",NULL,"0","0","999","system_user","2023-04-17 11:20:09","system_user","2024-01-21 14:39:30","0","0",NULL
"532","10a5540400900005","evaluation_result","评估结果","管理效率高, 效果好, 管理效率低, 效果差","1095540400000003",NULL,"0","0","999","system_user","2023-04-17 11:20:09","system_user","2024-01-21 14:39:30","0","0",NULL
"535","10a5540500200000","duration","耗费时长",,"1095540500000006",NULL,"0","0","999","test_user","2023-04-17 11:20:11","admin","2024-04-23 09:32:38","0","0",NULL
"536","10a5540500300003","end_time","结束时间",,"1095540500000006",NULL,"0","0","999","system_user","2023-04-17 11:20:11","admin","2024-01-21 14:39:30","1","0",NULL
"537","10a5540500400006","type","维护类型","维护，维修，更换；保养维护，燃料补充","1095540500000006",NULL,"0","0","999","test_user","2023-04-17 11:20:12","admin","2024-05-18 14:25:18","0","0",NULL
"538","10a5540500500009","range","维护范围","外观保养, 零件更换, 电路维修","1095540500000006",NULL,"0","0","999","test_user","2023-04-17 11:20:13","admin","2024-04-23 09:32:52","0","0",NULL
"539","10a554050060000c","role","角色","厂家, 第三方, 所有方","1095540500000006",NULL,"0","0","999","system_user","2023-04-17 11:20:13","system_user","2024-01-21 14:39:30","0","0",NULL
"540","10a5540500700002","tool","使用工具","清洁工具, 保养工具","1095540500000006",NULL,"0","0","999","test_user","2023-04-17 11:20:14","admin","2024-04-23 09:32:58","0","0",NULL
"541","10a5540500800005","cost","成本",,"1095540500000006",NULL,"0","0","999","system_user","2023-04-17 11:20:14","system_user","2024-01-21 14:39:30","0","0",NULL
"542","10a5540500900008","evaluation_result","评估结果","效率低, 质量高, 服务好, 效率高, 质量高, 服务差","1095540500000006",NULL,"0","0","999","system_user","2023-04-17 11:20:15","system_user","2024-01-21 14:39:30","0","0",NULL
"543","10a5540600200003","duration","耗费时长",,"1095540600000009",NULL,"0","0","999","test_user","2023-04-17 11:20:15","admin","2024-04-23 09:33:32","0","0",NULL
"544","10a5540600300006","end_time","完成时间",,"1095540600000009",NULL,"0","0","999","test_user","2023-04-17 11:20:16","admin","2024-04-23 09:33:43","1","0",NULL
"545","10a5540600400009","creative_type","创意类型","原创型, 改进型, 组合型","1095540600000009",NULL,"0","0","999","system_user","2023-04-17 11:20:16","system_user","2024-01-21 14:39:30","0","0",NULL
"546","10a554060050000c","design_style","设计风格","抽象派, 现代派, 中国风, 简约风","1095540600000009",NULL,"0","0","999","system_user","2023-04-17 11:20:17","system_user","2024-01-21 14:39:30","0","0",NULL
"547","10a5540600600002","responsibility","职责","公开招标, 定向邀请, 民间征集","1095540600000009",NULL,"0","0","999","system_user","2023-04-17 11:20:18","system_user","2024-01-21 14:39:30","0","0",NULL
"548","10a5540600700005","source","来源","公开竞赛, 邀请","1095540600000009",NULL,"0","0","999","system_user","2023-04-17 11:20:18","system_user","2024-01-21 14:39:30","0","0",NULL
"549","10a5540600800008","evaluation_result","评估结果","优秀, 一般, 普通","1095540600000009",NULL,"0","0","999","system_user","2023-04-17 11:20:19","system_user","2024-01-21 14:39:30","0","0",NULL
"550","10a554060090000b","influence","影响","舆论热议, 获取关注度","1095540600000009",NULL,"0","0","999","system_user","2023-04-17 11:20:19","system_user","2024-01-21 14:39:30","0","0",NULL
"551","10a5540600a00001","process","当前进程","预调研, 草图设计, 局部细化, 完善迭代","1095540600000009",NULL,"0","0","999","test_user","2023-04-17 11:20:20","admin","2024-04-23 09:34:22","0","0",NULL
"552","10a5540700200006","type","使用类型","生产设备, 办公设备, 授权凭证, 奖励凭证","109554070000000c",NULL,"0","0","999","test_user","2023-04-17 11:20:20","admin","2024-04-23 09:34:56","0","0",NULL
"553","10a5540700300009","duration","使用时长",,"109554070000000c",NULL,"0","0","999","test_user","2023-04-17 11:20:21","admin","2024-04-23 09:35:07","0","0",NULL
"554","10a554070040000c","end_time","完成时间",,"109554070000000c",NULL,"0","0","999","test_user","2023-04-17 11:20:21","admin","2024-04-23 09:38:19","1","0",NULL
"555","10a5540700500002","motivation","使用目的","时间效率, 经济成本, 人力节省, 舒适度, 情感因素","109554070000000c",NULL,"0","0","999","test_user","2023-04-17 11:20:22","admin","2024-04-23 09:35:25","0","0",NULL
"556","10a5540700600005","evaluation_result","评估结果","合规, 违规","109554070000000c",NULL,"0","0","999","system_user","2023-04-17 11:20:23","system_user","2024-01-21 14:39:30","0","0",NULL
"557","10a5550100200002","duration","持续时长",,"1095550100000008",NULL,"0","0","999","test_user","2023-04-17 11:20:23","admin","2024-04-23 09:39:54","0","0",NULL
"558","10a5550100300005","end_time","完成时间",,"1095550100000008",NULL,"0","0","999","test_user","2023-04-17 11:20:24","admin","2024-04-23 09:41:20","1","0",NULL
"559","10a5550100400008","reporting_chain","汇报链路","单线汇报, 双线汇报","1095550100000008",NULL,"0","0","999","test_user","2023-04-17 11:20:24","admin","2024-04-23 09:40:04","0","0",NULL
"560","10a555010050000b","evaluation_result","评估结果","评价反馈优秀, 考核绩效良好","1095550100000008",NULL,"0","0","999","system_user","2023-04-17 11:20:25","system_user","2024-01-21 14:39:30","0","0",NULL
"561","10a5550200200005","time","时间",,"109555020000000b",NULL,"0","0","999","system_user","2023-04-17 11:20:25","system_user","2024-01-21 14:39:30","0","0",NULL
"562","10a5550200300008","end_time","结束时间",,"109555020000000b",NULL,"0","0","999","system_user","2023-04-17 11:20:26","system_user","2024-01-21 14:39:30","0","0",NULL
"563","10a555020040000b","type","类型","直接上级, 间接上级, 虚线管理, 控股关系","109555020000000b",NULL,"0","0","999","system_user","2023-04-17 11:20:26","system_user","2024-01-21 14:39:30","0","0",NULL
"564","10a5550200500001","reporting_chain","汇报链","单线汇报, 双线汇报","109555020000000b",NULL,"0","0","999","system_user","2023-04-17 11:20:27","system_user","2024-01-21 14:39:30","0","0",NULL
"565","10a5550200600004","scope_of_authority","权限范畴","操作规范, 状态监管, 质量把关","109555020000000b",NULL,"0","0","999","system_user","2023-04-17 11:20:28","system_user","2024-01-21 14:39:30","0","0",NULL
"566","10a5550200700007","mode","方式","远程督办, 定期检查, 现场督办, 主动报送","109555020000000b",NULL,"0","0","999","system_user","2023-04-17 11:20:28","system_user","2024-01-21 14:39:30","0","0",NULL
"567","10a555020080000a","evaluation_result","评估结果","评价反馈优秀, 考核绩效良好","109555020000000b",NULL,"0","0","999","system_user","2023-04-17 11:20:29","system_user","2024-01-21 14:39:30","0","0",NULL
"568","10a5550300200008","duration","持续时长",,"1095550300000001",NULL,"0","0","999","test_user","2023-04-17 11:20:29","admin","2024-04-23 11:32:37","0","0",NULL
"569","10a555030030000b","end_time","完成时间",,"1095550300000001",NULL,"0","0","999","test_user","2023-04-17 11:20:30","admin","2024-04-23 11:32:44","1","0",NULL
"570","10a5550300400001","frequency","指导频次","每月一次, 每周一次, 不定时间","1095550300000001",NULL,"0","0","999","test_user","2023-04-17 11:20:30","admin","2024-04-28 13:05:10","0","0",NULL
"571","10a5550300500004","category","管辖范畴","复工复产, 物资生产, 管控政策, 检测要求, 消杀措施","1095550300000001",NULL,"0","0","999","test_user","2023-04-17 11:20:31","admin","2024-04-23 11:33:54","0","0",NULL
"572","10a5550300600007","mode","指导方式","政策发布, 定向通知, 定期会晤, 现场指导","1095550300000001",NULL,"0","0","999","test_user","2023-04-17 11:20:31","admin","2024-04-28 13:05:17","0","0",NULL
"573","10a555030070000a","cost","成本费用",,"1095550300000001",NULL,"0","0","999","test_user","2023-04-17 11:20:32","admin","2024-04-23 11:34:59","0","0",NULL
"574","10a5550300800000","evaluation_result","评估结果","评价反馈优秀, 考核绩效良好","1095550300000001",NULL,"0","0","999","system_user","2023-04-17 11:20:33","system_user","2024-01-21 14:39:30","0","0",NULL
"575","10a555040020000b","duration","合作时长",,"1095550400000004",NULL,"0","0","999","test_user","2023-04-17 11:20:33","admin","2024-04-23 11:37:38","0","0",NULL
"576","10a5550400300001","end_time","合作结束时间",,"1095550400000004",NULL,"0","0","999","test_user","2023-04-17 11:20:34","admin","2024-04-23 11:36:34","1","0",NULL
"577","10a5550400400004","type","合作类型","资源协作, 技术协作, 配合协作, 信息协作","1095550400000004",NULL,"0","0","999","test_user","2023-04-17 11:20:34","admin","2024-04-23 11:36:57","0","0",NULL
"578","10a5550400500007","division_of_responsibilities","职责分工","生产物资, 技术支持, 制定政策, 提供需求","1095550400000004",NULL,"0","0","999","system_user","2023-04-17 11:20:35","system_user","2024-01-21 14:39:30","0","0",NULL
"579","10a555040060000a","purpose","合作目的","物资供给, 密接分析, 人员筛查, 数据挖掘","1095550400000004",NULL,"0","0","999","test_user","2023-04-17 11:20:35","admin","2024-04-23 11:37:04","0","0",NULL
"580","10a5550400700000","mode","合作方式","人员互派, 预留名额, 政策执行, 需求提报","1095550400000004",NULL,"0","0","999","test_user","2023-04-17 11:20:36","admin","2024-04-23 11:37:08","0","0",NULL
"581","10a5550400800003","process","当前进程","90%, 50%, 100%","1095550400000004",NULL,"0","0","999","test_user","2023-04-17 11:20:36","admin","2024-04-23 11:37:13","0","0",NULL
"582","10a5550400900006","evaluation_result","评估结果","配合默契, 沟通通畅, 协作及时, 态度积极","1095550400000004",NULL,"0","0","999","system_user","2023-04-17 11:20:37","system_user","2024-01-21 14:39:30","0","0",NULL
"583","10a5550400a00009","result","合作收益","营收, 名声","1095550400000004",NULL,"0","0","999","test_user","2023-04-17 11:20:38","admin","2024-04-23 11:37:28","0","0",NULL
"584","10a5550500200001","duration","持续时长",,"1095550500000007",NULL,"0","0","999","test_user","2023-04-17 11:20:38","admin","2024-04-23 11:37:53","0","0",NULL
"585","10a5550500300004","end_time","竞争结束时间",,"1095550500000007",NULL,"0","0","999","test_user","2023-04-17 11:20:39","admin","2024-04-23 11:39:01","1","0",NULL
"586","10a5550500400007","type","竞争类型","商业竞争, 学术竞争","1095550500000007",NULL,"0","0","999","test_user","2023-04-17 11:20:39","admin","2024-04-23 11:38:02","0","0",NULL
"587","10a555050050000a","purpose","竞争目标","项目, 客户, 产品","1095550500000007",NULL,"0","0","999","test_user","2023-04-17 11:20:40","admin","2024-04-23 11:38:11","0","0",NULL
"588","10a5550500600000","field","竞争领域","电子商务, 数字政府","1095550500000007",NULL,"0","0","999","test_user","2023-04-17 11:20:40","admin","2024-04-23 11:38:17","0","0",NULL
"589","10a5550500700003","mode","竞争方式","价值型, 价格型","1095550500000007",NULL,"0","0","999","test_user","2023-04-17 11:20:41","admin","2024-04-23 11:38:22","0","0",NULL
"590","10a5550500800006","state","当前状态","垄断, 僵持, 良性","1095550500000007",NULL,"0","0","999","test_user","2023-04-17 11:20:41","admin","2024-04-23 11:38:28","0","0",NULL
"593","10a5230100200004","duration","时间",,"109523010000000a",NULL,"0","0","999","test_user","2023-04-24 01:02:00","admin","2024-04-18 21:21:03","1","0",NULL
"594","10a5230100300007","end_time","结束时间",,"109523010000000a",NULL,"0","0","999","system_user","2023-04-24 01:02:09","admin","2024-01-21 14:39:30","1","0",NULL
"595","10a523010040000a","relative_location","相对位置",,"109523010000000a",NULL,"0","0","1","system_user","2023-04-24 01:02:14","admin","2024-01-21 14:39:30","0","0",NULL
"614","10a5110100100009","user_user_service_id","编号",,"1095110100000005",NULL,"1","1","999","system_user","2023-05-17 20:01:50","admin","2025-02-13 13:38:44","0","0",NULL
"615","10a511020010000c","user_user_conflict_id","编号",,"1095110200000008",NULL,"1","1","999","system_user","2023-05-17 20:01:50","admin","2025-02-13 13:38:44","0","0",NULL
"616","10a5110300100002","user_user_management_id","编号",,"109511030000000b",NULL,"1","1","999","system_user","2023-05-17 20:01:50","admin","2025-02-13 13:38:44","0","0",NULL
"617","10a5110400100005","user_user_collaboration_id","编号",,"1095110400000001",NULL,"1","1","999","system_user","2023-05-17 20:01:50","admin","2025-02-13 13:38:44","0","0",NULL
"618","10a5110500100008","user_user_guide_id","编号",,"1095110500000004",NULL,"1","1","999","system_user","2023-05-17 20:01:50","admin","2025-02-13 13:38:44","0","0",NULL
"619","10a511060010000b","user_user_consanguinity_id","编号",,"1095110600000007",NULL,"1","1","999","system_user","2023-05-17 20:01:50","system_user","2024-04-29 08:30:21","1","0",NULL
"620","10a5110700100001","user_user_marriage_id","编号",,"109511070000000a",NULL,"1","1","999","system_user","2023-05-17 20:01:50","system_user","2024-04-29 08:30:21","1","0",NULL
"621","10a5110800100004","user_user_adoption_id","编号",,"1095110800000000",NULL,"1","1","999","system_user","2023-05-17 20:01:50","system_user","2024-04-29 08:30:21","1","0",NULL
"622","10a512010010000a","user_region_resident_id","编号",,"1095120100000006",NULL,"1","1","999","system_user","2023-05-17 20:01:50","admin","2025-02-13 13:38:44","0","0",NULL
"623","10a5120200100000","user_region_visit_id","编号",,"1095120200000009",NULL,"1","1","999","system_user","2023-05-17 20:01:50","admin","2025-02-13 13:38:44","0","0",NULL
"624","10a5120300100003","user_region_pass_id","编号",,"109512030000000c",NULL,"1","1","999","system_user","2023-05-17 20:01:50","admin","2025-02-13 13:38:44","0","0",NULL
"625","10a5120400100006","user_region_construction_id","编号",,"1095120400000002",NULL,"1","1","999","system_user","2023-05-17 20:01:50","admin","2025-02-13 13:38:44","0","0",NULL
"626","10a5120500100009","user_region_have_id","编号",,"1095120500000005",NULL,"1","1","0","system_user","2023-05-17 20:01:50","guochengjie","2025-02-13 13:38:44","0","0",NULL
"627","10a512060010000c","user_region_transfer_id","编号",,"1095120600000008",NULL,"1","1","999","system_user","2023-05-17 20:01:50","system_user","2024-01-21 14:39:30","0","0",NULL
"628","10a5120700100002","user_region_management_id","编号",,"109512070000000b",NULL,"1","1","999","system_user","2023-05-17 20:01:50","admin","2025-02-13 13:38:44","0","0",NULL
"629","10a5120800100005","user_region_maintenance_id","编号",,"1095120800000001",NULL,"1","1","999","system_user","2023-05-17 20:01:50","admin","2025-02-13 13:38:44","0","0",NULL
"630","10a513010010000b","user_event_manufacture_id","编号",,"1095130100000007",NULL,"1","1","999","system_user","2023-05-17 20:01:50","admin","2025-02-13 13:38:44","0","0",NULL
"631","10a5130200100001","user_event_participate_id","编号",,"109513020000000a",NULL,"1","1","999","system_user","2023-05-17 20:01:50","admin","2025-02-13 13:38:44","0","0",NULL
"632","10a5130300100004","user_event_disposal_id","编号",,"1095130300000000",NULL,"1","1","999","system_user","2023-05-17 20:01:50","admin","2025-02-13 13:38:44","0","0",NULL
"633","10a5130400100007","user_event_monitoring_id","编号",,"1095130400000003",NULL,"1","1","999","system_user","2023-05-17 20:01:50","admin","2025-02-13 13:38:44","0","0",NULL
"634","10a514010010000c","user_object_design_id","编号",,"1095140100000008",NULL,"1","1","999","system_user","2023-05-17 20:01:50","admin","2025-02-13 13:38:44","0","0",NULL
"635","10a5140200100002","user_object_manufacture_id","编号",,"109514020000000b",NULL,"1","1","999","system_user","2023-05-17 20:01:50","admin","2025-02-13 13:38:44","0","0",NULL
"636","10a5140300100005","user_object_use_id","编号",,"1095140300000001",NULL,"1","1","999","system_user","2023-05-17 20:01:50","admin","2025-02-13 13:38:44","0","0",NULL
"637","10a5140400100008","user_object_have_id","编号",,"1095140400000004",NULL,"1","1","999","system_user","2023-05-17 20:01:50","admin","2025-02-13 13:38:44","0","0",NULL
"638","10a514050010000b","user_object_transfer_id","编号",,"1095140500000007",NULL,"1","1","999","system_user","2023-05-17 20:01:50","system_user","2024-01-21 14:39:30","0","0",NULL
"639","10a5140600100001","user_object_management_id","编号",,"109514060000000a",NULL,"1","1","999","system_user","2023-05-17 20:01:50","admin","2025-02-13 13:38:44","0","0",NULL
"640","10a5140700100004","user_object_maintenance_id","编号",,"1095140700000000",NULL,"1","1","999","system_user","2023-05-17 20:01:50","admin","2025-02-13 13:38:44","0","0",NULL
"641","10a5140800100007","object_user_identification_id","编号",,"1095140800000003",NULL,"1","1","999","test_user","2023-05-17 20:01:50","guochengjie","2025-02-13 14:22:40","0","0",NULL
"642","10a5150100100000","user_organization_establish_id","编号",,"1095150100000009",NULL,"1","1","999","system_user","2023-05-17 20:01:50","admin","2025-02-13 13:38:44","0","0",NULL
"643","10a5150200100003","user_organization_management_id","编号",,"109515020000000c",NULL,"1","1","999","system_user","2023-05-17 20:01:50","admin","2025-02-13 13:38:44","0","0",NULL
"644","10a5150300100006","user_organization_subordinate_id","编号",,"1095150300000002",NULL,"1","1","0","system_user","2023-05-17 20:01:50","admin","2025-02-13 13:38:44","0","0",NULL
"645","10a5150400100009","organization_user_award_id","编号",,"1095150400000005",NULL,"1","1","999","test_user","2023-05-17 20:01:50","guochengjie","2025-02-13 13:46:16","0","0",NULL
"646","10a515050010000c","user_organization_service_id","编号",,"1095150500000008",NULL,"1","1","999","system_user","2023-05-17 20:01:50","admin","2025-02-13 13:38:44","0","0",NULL
"647","10a5220100100000","region_region_subordinate_id","编号",,"1095220100000009",NULL,"1","1","999","system_user","2023-05-17 20:01:50","admin","2025-02-13 13:38:44","0","0",NULL
"648","10a5220200100003","region_region_connection_id","编号",,"109522020000000c",NULL,"1","1","999","system_user","2023-05-17 20:01:50","admin","2025-02-13 13:38:44","0","0",NULL
"649","10a5220300100006","region_region_space_id","编号",,"1095220300000002",NULL,"1","1","999","system_user","2023-05-17 20:01:50","admin","2025-02-13 13:38:44","0","0",NULL
"650","10a5230100100001","region_event_bear_id","编号",,"109523010000000a",NULL,"1","1","0","test_user","2023-05-17 20:01:50","admin","2025-02-13 13:38:44","0","0",NULL
"652","10a5230300100007","region_event_affect_id","编号",,"1095230300000003",NULL,"1","1","999","system_user","2023-05-17 20:01:50","admin","2025-02-13 13:38:44","0","0",NULL
"653","10a5240100100002","region_object_space_id","编号",,"109524010000000b",NULL,"1","1","999","system_user","2023-05-17 20:01:50","admin","2025-02-13 13:38:44","0","0",NULL
"654","10a5240200100005","region_object_bear_id","编号",,"1095240200000001",NULL,"1","1","999","system_user","2023-05-17 20:01:50","admin","2025-02-13 13:38:44","0","0",NULL
"655","10a5240300100008","region_object_service_id","编号",,"1095240300000004",NULL,"1","1","999","system_user","2023-05-17 20:01:51","admin","2024-01-21 14:39:30","1","0",NULL
"657","10a5330100100004","event_event_subordinate_id","编号",,"1095330100000000",NULL,"1","1","999","system_user","2023-05-17 20:01:51","admin","2025-02-13 13:38:44","0","0",NULL
"658","10a5330200100007","event_event_causality_id","编号",,"1095330200000003",NULL,"1","1","999","system_user","2023-05-17 20:01:51","admin","2025-02-13 13:38:44","0","0",NULL
"659","10a533030010000a","event_event_associated_id","编号",,"1095330300000006",NULL,"1","1","999","test_user","2023-05-17 20:01:51","admin","2025-02-13 13:38:44","0","0",NULL
"660","10a5340100100005","object_event_bear_id","编号",,"1095340100000001",NULL,"1","1","999","system_user","2023-05-17 20:01:51","admin","2025-02-13 13:38:44","0","0",NULL
"661","10a5340200100008","object_event_auxiliary_id","编号",,"1095340200000004",NULL,"1","1","999","system_user","2023-05-17 20:01:51","admin","2025-02-13 13:38:44","0","0",NULL
"662","10a534030010000b","object_event_affect_id","编号",,"1095340300000007",NULL,"1","1","999","system_user","2023-05-17 20:01:51","admin","2025-02-13 13:38:44","0","0",NULL
"663","10a5440100100008","object_object_subordinate_id","编号",,"1095440100000004",NULL,"1","1","999","system_user","2023-05-17 20:01:51","admin","2025-02-13 13:38:44","0","0",NULL
"664","10a544020010000b","object_object_connection_id","编号",,"1095440200000007",NULL,"1","1","999","system_user","2023-05-17 20:01:51","admin","2025-02-13 13:38:44","0","0",NULL
"665","10a5440300100001","object_object_space_id","编号",,"109544030000000a",NULL,"1","1","999","system_user","2023-05-17 20:01:51","admin","2025-02-13 13:38:44","0","0",NULL
"666","10a5440400100004","object_object_bear_id","编号",,"1095440400000000",NULL,"1","1","999","system_user","2023-05-17 20:01:51","admin","2025-02-13 13:38:44","0","0",NULL
"667","10a5520100100009","organization_region_stationing_id","编号",,"1095520100000005",NULL,"1","1","999","system_user","2023-05-17 20:01:51","admin","2025-02-13 13:38:44","0","0",NULL
"668","10a552020010000c","organization_region_construction_id","编号",,"1095520200000008",NULL,"1","1","999","system_user","2023-05-17 20:01:51","admin","2025-02-13 13:38:44","0","0",NULL
"669","10a5520300100002","organization_region_have_id","编号",,"109552030000000b",NULL,"1","1","999","system_user","2023-05-17 20:01:51","admin","2025-02-13 13:38:44","0","0",NULL
"670","10a5520400100005","organization_region_transfer_id","编号",,"1095520400000001",NULL,"1","1","999","system_user","2023-05-17 20:01:51","system_user","2024-01-21 14:39:30","0","0",NULL
"671","10a5520500100008","organization_region_jurisdiction_id","编号",,"1095520500000004",NULL,"1","1","999","test_user","2023-05-17 20:01:51","guochengjie","2025-02-13 13:49:33","0","0",NULL
"672","10a552060010000b","organization_region_maintenance_id","编号",,"1095520600000007",NULL,"1","1","999","system_user","2023-05-17 20:01:51","admin","2025-02-13 13:38:44","0","0",NULL
"673","10a553010010000a","organization_event_participate_id","编号",,"1095530100000006",NULL,"1","1","999","system_user","2023-05-17 20:01:51","admin","2025-02-13 13:38:44","0","0",NULL
"674","10a5530200100000","organization_event_affect_id","编号",,"1095530200000009",NULL,"1","1","999","system_user","2023-05-17 20:01:51","admin","2025-02-13 13:38:44","0","0",NULL
"675","10a5530300100003","organization_event_disposal_id","编号",,"109553030000000c",NULL,"1","1","999","system_user","2023-05-17 20:01:51","admin","2025-02-13 13:38:44","0","0",NULL
"676","10a5530400100006","organization_event_supervision_id","编号",,"1095530400000002",NULL,"1","1","999","system_user","2023-05-17 20:01:51","admin","2025-02-13 13:38:44","0","0",NULL
"677","10a554010010000b","organization_object_production_id","编号",,"1095540100000007",NULL,"1","1","999","system_user","2023-05-17 20:01:51","admin","2025-02-13 13:38:44","0","0",NULL
"678","10a5540200100001","organization_object_have_id","编号",,"109554020000000a",NULL,"1","1","999","system_user","2023-05-17 20:01:51","admin","2025-02-13 13:38:44","0","0",NULL
"679","10a5540300100004","organization_object_transfer_id","编号",,"1095540300000000",NULL,"1","1","999","system_user","2023-05-17 20:01:51","system_user","2024-01-21 14:39:30","0","0",NULL
"680","10a5540400100007","organization_object_management_id","编号",,"1095540400000003",NULL,"1","1","999","system_user","2023-05-17 20:01:51","admin","2025-02-13 13:38:44","0","0",NULL
"681","10a554050010000a","organization_object_maintenance_id","编号",,"1095540500000006",NULL,"1","1","999","system_user","2023-05-17 20:01:51","admin","2025-02-13 13:38:44","0","0",NULL
"682","10a5540600100000","organization_object_design_id","编号",,"1095540600000009",NULL,"1","1","999","system_user","2023-05-17 20:01:51","admin","2025-02-13 13:38:44","0","0",NULL
"683","10a5540700100003","organization_object_use_id","编号",,"109554070000000c",NULL,"1","1","999","system_user","2023-05-17 20:01:51","admin","2025-02-13 13:38:44","0","0",NULL
"684","10a555010010000c","organization_organization_subordinate_id","编号",,"1095550100000008",NULL,"1","1","999","system_user","2023-05-17 20:01:51","admin","2025-02-13 13:38:44","0","0",NULL
"685","10a5550200100002","organization_organization_leader_id","编号",,"109555020000000b",NULL,"1","1","999","system_user","2023-05-17 20:01:51","system_user","2024-01-21 14:39:30","0","0",NULL
"686","10a5550300100005","organization_organization_guide_id","编号",,"1095550300000001",NULL,"1","1","999","system_user","2023-05-17 20:01:51","admin","2025-02-13 13:38:44","0","0",NULL
"687","10a5550400100008","organization_organization_collaboration_id","编号",,"1095550400000004",NULL,"1","1","999","system_user","2023-05-17 20:01:51","admin","2025-02-13 13:38:44","0","0",NULL
"688","10a555050010000b","organization_organization_competition_id","编号",,"1095550500000007",NULL,"1","1","999","system_user","2023-05-17 20:01:51","admin","2025-02-13 13:38:44","0","0",NULL
"689","1065050000c0000a","registered_amount","注册金额",,"1051050000000002","0","0","0","15","test_user","2023-06-28 18:49:03","qidekang","2024-11-06 17:03:20","0","0",NULL
"690","10a5220400100009","duration","时间",,"1095220400000005",NULL,"0","0","999","test_user","2023-07-03 13:57:09","admin","2024-04-18 21:20:48","1","0",NULL
"691","10a522040020000c","end_time","拆迁时间",,"1095220400000005",NULL,"0","0","999","test_user","2023-07-03 13:57:30","admin","2024-04-21 23:35:46","0","0",NULL
"692","10a5220400300002","type","承载类型","支撑型、收纳型","1095220400000005",NULL,"0","0","999","test_user","2023-07-03 13:57:59","admin","2024-04-21 23:32:30","0","0",NULL
"693","10a5220400400005","load_bearing","承重",,"1095220400000005",NULL,"0","0","999","test_user","2023-07-03 13:58:51","admin","2024-01-21 14:39:30","1","0",NULL
"694","10a5220400500008","capacity","容量",,"1095220400000005",NULL,"0","0","999","test_user","2023-07-03 13:59:39","test_user","2024-01-21 14:39:30","0","0",NULL
"695","10a522040060000b","relative_location","相对位置","前、中、后","1095220400000005",NULL,"0","0","999","test_user","2023-07-03 14:00:18","test_user","2024-01-21 14:39:30","0","0",NULL
"696","10a5220400700001","goal","目的",,"1095220400000005",NULL,"0","0","999","test_user","2023-07-03 14:01:06","admin","2024-04-21 23:36:33","0","0",NULL
"697","10a5220400800004","assessment_result","评估结果","合规、不合规","1095220400000005",NULL,"0","0","999","test_user","2023-07-03 14:01:51","test_user","2024-01-21 14:39:30","0","0",NULL
"698","10a5440500100007","duration","耗费时长",,"1095440500000003",NULL,"0","0","999","test_user","2023-07-03 14:02:48","admin","2024-04-23 09:01:30","0","0",NULL
"699","10a544050020000a","end_time","完成时间",,"1095440500000003",NULL,"0","0","999","test_user","2023-07-03 14:02:57","admin","2024-04-23 09:01:22","1","0",NULL
"700","10a5440500300000","type","感知类型","主动、被动","1095440500000003",NULL,"0","0","999","test_user","2023-07-03 14:06:11","admin","2024-04-23 09:00:38","0","0",NULL
"701","10a5440500400003","method","感知方式","远程、接触","1095440500000003",NULL,"0","0","999","test_user","2023-07-03 14:06:57","admin","2024-04-23 09:00:44","0","0",NULL
"702","10a5440500500006","agent","感知目的","数据获取、设备操作","1095440500000003",NULL,"0","0","999","test_user","2023-07-03 14:07:54","admin","2024-04-23 09:00:53","0","0",NULL
"703","10a5440500600009","result","结果",,"1095440500000003",NULL,"0","0","999","test_user","2023-07-03 14:08:12","test_user","2024-01-21 14:39:30","0","0",NULL
"704","10a544050070000c","cost","成本",,"1095440500000003",NULL,"0","0","999","test_user","2023-07-03 14:08:35","test_user","2024-01-21 14:39:30","0","0",NULL
"705","1065010001400004","speciality","特长",,"105101000000000b","0","0","0","21","test_user","2023-07-03 17:53:27","chenshun","2024-11-06 17:03:20","0","0",NULL
"708","10a513050010000a","user_event_affect_id","编号",,"1095130500000006",NULL,"1","1","999","test_user","2023-10-18 13:38:50","admin","2025-02-13 13:38:44","0","0",NULL
"710","106504000110000b","description","描述",,"1051040000000001","0","0","0","19","test_user","2023-10-18 13:38:51","qidekang","2024-11-06 17:03:20","0","0",NULL
"711","1065010001500007","age","年龄",,"105101000000000b","0","0","0","5","test_user","2023-10-18 13:38:51","chenshun","2024-11-06 17:03:20","0","0",NULL
"713","1065040001200001","colour","颜色",,"1051040000000001","0","0","0","20","test_user","2023-10-18 13:38:51","qidekang","2024-11-06 17:03:20","0","0",NULL
"714","10a5130500200000","type","影响类型","人身影响，经济影响，名誉影响","1095130500000006",NULL,"0","0","999","test_user","2023-10-18 13:38:51","admin","2024-04-18 22:09:04","0","0",NULL
"715","10a5130500300003","duration","持续时长",,"1095130500000006",NULL,"0","0","999","test_user","2023-10-18 13:38:51","admin","2024-04-18 22:09:12","0","0",NULL
"716","10a5130500400006","end_time","结束时间",,"1095130500000006",NULL,"0","0","999","test_user","2023-10-18 13:38:51","admin","2024-01-21 14:39:30","1","0",NULL
"717","10a5130500500009","result","结果","身体残疾, 平安康复, 精神崩溃, 心情舒畅, 名誉损失, 恢复名誉, 财产损失, 财产增殖","1095130500000006",NULL,"0","0","999","test_user","2023-10-18 13:38:51","admin","2024-04-18 22:09:49","0","0",NULL
"718","10a513050060000c","degree","影响程度","高, 中, 低","1095130500000006",NULL,"0","0","999","test_user","2023-10-18 13:38:51","admin","2024-04-18 22:09:54","0","0",NULL
"720","10a5120100800005","state","驻留状态",,"1095120100000006",NULL,"0","0","999","test_user","2023-10-18 13:38:51","admin","2024-04-18 21:01:58","0","0",NULL
"721","106501000160000a","type","类型","楼门院长，居民代表，党组成员等；或非特殊人群，高龄老人，独居，空巢，肢体残疾，精神病人，孕妇，婴幼儿，失能老人，重病，透析，重点人等","105101000000000b","0","0","0","32","admin","2023-10-18 13:38:51","chenshun","2024-11-06 17:03:20","0","0",NULL
"722","1065020000e00000","state","状态",,"105102000000000c","0","0","0","6","test_user","2023-10-18 13:38:51","qidekang","2024-11-06 17:03:20","0","0",NULL
"724","10a5130100900009","duration","耗费时长",,"1095130100000007",NULL,"0","0","999","test_user","2023-10-18 13:38:51","admin","2024-04-18 21:59:18","0","0",NULL
"725","10a5130100a0000c","end_time","结束时间",,"1095130100000007",NULL,"0","0","999","test_user","2023-10-18 13:38:51","admin","2024-01-21 14:39:30","1","0",NULL
"726","10a5130200800009","duration","持续时长",,"109513020000000a",NULL,"0","0","999","test_user","2023-10-18 13:38:51","admin","2024-04-18 22:05:07","0","0",NULL
"727","10a513020090000c","end_time","结束时间",,"109513020000000a",NULL,"0","0","999","test_user","2023-10-18 13:38:51","test_user","2024-01-21 14:39:30","0","0",NULL
"728","10a513030080000c","duration","耗费时长",,"1095130300000000",NULL,"0","0","999","test_user","2023-10-18 13:38:51","admin","2024-04-18 22:06:18","0","0",NULL
"729","10a5130300900002","end_time","完成时间",,"1095130300000000",NULL,"0","0","999","test_user","2023-10-18 13:38:51","admin","2024-04-18 22:06:30","1","0",NULL
"730","10a5130400900005","duration","持续时长",,"1095130400000003",NULL,"0","0","999","test_user","2023-10-18 13:38:51","admin","2024-04-18 22:08:30","0","0",NULL
"731","10a5130400a00008","end_time","停止时间",,"1095130400000003",NULL,"0","0","999","test_user","2023-10-18 13:38:51","admin","2024-04-18 22:08:43","1","0",NULL
"732","10a5530100800005","end_time","完成时间",,"1095530100000006",NULL,"0","0","999","test_user","2023-10-18 13:38:51","admin","2024-04-23 09:14:08","1","0",NULL
"733","10a5530400a00007","end_time","结束时间",,"1095530400000002",NULL,"0","0","999","test_user","2023-10-18 13:38:51","admin","2024-01-21 14:39:30","1","0",NULL
"734","10a5220300600008","duration","时间",,"1095220300000002",NULL,"0","0","999","test_user","2023-10-18 13:38:51","admin","2024-04-18 21:20:40","1","0",NULL
"735","10a522030070000b","end_time","结束时间",,"1095220300000002",NULL,"0","0","999","test_user","2023-10-18 13:38:51","admin","2024-01-21 14:39:30","1","0",NULL
"737","10a5240100700007","end_time","物品消失时间",,"109524010000000b",NULL,"0","0","999","test_user","2023-10-18 13:38:51","admin","2024-04-23 07:53:41","1","0",NULL
"738","10a5240200500004","duration","停留时长",,"1095240200000001",NULL,"0","0","999","test_user","2023-10-18 13:38:51","admin","2024-04-23 07:56:49","0","0",NULL
"739","10a5240200600007","end_time","离开时间",,"1095240200000001",NULL,"0","0","999","test_user","2023-10-18 13:38:51","admin","2024-04-23 07:56:57","0","0",NULL
"740","10a5240300400004","duration","服务时长",,"1095240300000004",NULL,"0","0","999","test_user","2023-10-18 13:38:51","admin","2024-04-23 07:58:48","1","0",NULL
"741","10a5240300500007","end_time","服务完成时间",,"1095240300000004",NULL,"0","0","999","test_user","2023-10-18 13:38:51","admin","2024-04-23 07:59:10","1","0",NULL
"742","10a5330100600006","duration","持续时长",,"1095330100000000",NULL,"0","0","999","test_user","2023-10-18 13:38:51","admin","2024-04-23 08:06:56","0","0",NULL
"743","10a5330100700009","end_time","结束时间",,"1095330100000000",NULL,"0","0","999","test_user","2023-10-18 13:38:51","admin","2024-01-21 14:39:30","1","0",NULL
"744","10a5330200400003","duration","持续时长",,"1095330200000003",NULL,"0","0","999","test_user","2023-10-18 13:38:51","admin","2024-04-23 08:07:34","0","0",NULL
"745","10a5330200500006","end_time","结束时间",,"1095330200000003",NULL,"0","0","999","test_user","2023-10-18 13:38:51","admin","2024-04-23 08:07:54","1","0",NULL
"746","10a5330300500009","duration","持续时长",,"1095330300000006",NULL,"0","0","999","test_user","2023-10-18 13:38:51","admin","2024-04-23 08:09:07","0","0",NULL
"747","10a533030060000c","end_time","结束时间",,"1095330300000006",NULL,"0","0","999","test_user","2023-10-18 13:38:51","admin","2024-01-21 14:39:30","1","0",NULL
"748","1065020000f00003","supplimental_description","描述",,"105102000000000c","0","0","0","9","test_user","2023-10-18 14:05:52","qidekang","2024-11-06 17:03:20","0","0",NULL
"749","10a5230100500000","reason","原因",,"109523010000000a",NULL,"0","0","2","test_user","2023-10-18 14:05:52","admin","2024-01-21 14:39:30","0","0",NULL
"750","1065020001000006","longitude","经度",,"105102000000000c","0","0","0","10","test_user","2023-11-02 16:00:01","qidekang","2024-11-06 17:03:20","0","0",NULL
"751","1065020001100009","latitude","纬度",,"105102000000000c","0","0","0","11","test_user","2023-11-02 16:00:01","qidekang","2024-11-06 17:03:20","0","0",NULL
"752","1065010001700000","household_registration","户籍",,"105101000000000b","0","0","0","11","test_user","2023-11-29 07:10:05","chenshun","2024-11-06 17:03:20","0","0",NULL
"753","1065010001800003","disease","病症",,"105101000000000b","0","0","0","36","test_user","2023-11-29 07:10:05","chenshun","2024-11-06 17:03:20","0","0",NULL
"755","106502000120000c","altitude","海拔",,"105102000000000c","0","0","0","12","test_user","2023-11-29 07:10:05","qidekang","2024-11-06 17:03:20","0","0",NULL
"756","1065020001300002","line_string","经纬度序列","适用于线（line string）类型的地址","105102000000000c","0","0","0","14","test_user","2023-11-29 07:10:05","qidekang","2024-11-06 17:03:20","0","0",NULL
"757","10a5550100600001","type","管理类型","直接上级, 间接上级, 控股关系","1095550100000008",NULL,"0","0","999","test_user","2023-11-29 16:00:01","admin","2024-04-23 09:40:11","0","0",NULL
"758","10a5550100700004","scope_of_authority","权限范畴","操作规范, 状态监管, 质量把关","1095550100000008",NULL,"0","0","999","zstx","2023-11-29 16:00:01","zstx","2024-01-21 14:39:30","0","0",NULL
"759","10a5550100800007","mode","管理方式","远程督办, 定期检查, 现场督办, 主动报送","1095550100000008",NULL,"0","0","999","test_user","2023-11-29 16:00:01","admin","2024-04-23 09:40:53","0","0",NULL
"760","10a5150300e00006","seniority","工龄",,"1095150300000002",NULL,"0","0","7","test_user","2023-11-30 09:40:50","qidekang","2024-01-21 14:39:30","0","0",NULL
"761","10a5530500100009","cost","成本",,"1095530500000005",NULL,"0","0","999","test_user","2023-12-07 16:00:07","test_user","2024-01-21 14:39:30","0","0",NULL
"762","10a553050020000c","duration","耗费时长",,"1095530500000005",NULL,"0","0","999","test_user","2023-12-07 16:00:07","admin","2024-04-23 09:26:01","0","0",NULL
"763","10a5530500300002","end_time","完成时间",,"1095530500000005",NULL,"0","0","999","test_user","2023-12-07 16:00:07","admin","2024-04-23 09:26:08","1","0",NULL
"764","10a5530500400005","organization_event_manufacture_id","编号",,"1095530500000005",NULL,"1","1","999","test_user","2023-12-07 16:00:07","admin","2025-02-13 13:38:44","0","0",NULL
"765","10a5530500500008","cause","原因",,"1095530500000005",NULL,"0","0","999","test_user","2023-12-07 16:00:07","test_user","2024-01-21 14:39:30","0","0",NULL
"766","10a553050060000b","type","制造类型",,"1095530500000005",NULL,"0","0","999","test_user","2023-12-07 16:00:07","admin","2024-04-23 09:26:31","0","0",NULL
"767","10a5530500700001","degree_of_influence","影响程度","高, 中, 低","1095530500000005",NULL,"0","0","999","zstx","2023-12-07 16:00:07","zstx","2024-01-21 14:39:30","0","0",NULL
"768","10a5530500800004","role","角色","发起组织, 策划组织","1095530500000005",NULL,"0","0","999","test_user","2023-12-07 16:00:07","test_user","2024-01-21 14:39:30","0","0",NULL
"769","10a5530500900007","tool","使用工具",,"1095530500000005",NULL,"0","0","999","test_user","2023-12-07 16:00:07","admin","2024-04-23 09:26:40","0","0",NULL
"770","10a5530500a0000a","process","当前进程","策划, 筹备, 发起","1095530500000005",NULL,"0","0","999","test_user","2023-12-07 16:00:07","admin","2024-04-23 09:26:46","0","0",NULL
"771","1065030000b00005","emergency_level","紧急程度",,"1051030000000000","0","0","0","4","zstx","2023-12-10 16:00:00","qidekang","2024-11-06 17:03:20","0","0",NULL
"772","1065030000c00008","importance","重要程度",,"1051030000000000","0","0","0","5","test_user","2023-12-10 16:00:00","qidekang","2024-11-06 17:03:20","0","0",NULL
"773","10a5130100b00002","condition","前置条件",,"1095130100000007",NULL,"0","0","999","test_user","2023-12-13 16:00:00","admin","2024-04-24 07:15:55","0","0",NULL
"774","10a5130300a00005","condition","条件",,"1095130300000000",NULL,"0","0","999","test_user","2023-12-13 16:00:00","test_user","2024-01-21 14:39:30","0","0",NULL
"775","10a5130400b0000b","condition","条件",,"1095130400000003",NULL,"0","0","999","test_user","2023-12-13 16:00:00","test_user","2024-01-21 14:39:30","0","0",NULL
"776","10a5530100900008","condition","准入门槛",,"1095530100000006",NULL,"0","0","999","test_user","2023-12-13 16:00:00","admin","2024-04-23 09:14:21","0","0",NULL
"777","10a5530300a00004","condition","前置条件",,"109553030000000c",NULL,"0","0","999","test_user","2023-12-13 16:00:00","admin","2024-04-23 09:20:03","0","0",NULL
"778","10a5530400b0000a","condition","前置条件",,"1095530400000002",NULL,"0","0","999","test_user","2023-12-13 16:00:00","admin","2024-04-23 09:25:14","0","0",NULL
"779","10a5530500b00000","condition","前置条件",,"1095530500000005",NULL,"0","0","999","test_user","2023-12-13 16:00:00","admin","2024-04-23 09:26:53","0","0",NULL
"780","10a5110200700004","frequency","冲突频次","一天一次, 每周一次","1095110200000008",NULL,"0","0","999","test_user","2023-12-25 16:00:00","admin","2024-04-18 20:26:28","0","0",NULL
"781","10a511030080000a","frequency","管理频次","一天一次, 每周一次","109511030000000b",NULL,"0","0","5","test_user","2023-12-25 16:00:00","admin","2024-04-18 20:27:44","0","0",NULL
"782","10a5110400900003","frequency","合作频次","一天一次, 每周一次","1095110400000001",NULL,"0","0","999","test_user","2023-12-25 16:00:00","admin","2024-04-18 20:30:09","0","0",NULL
"783","10a5110100c00003","does_it_exist","是否服务",,"1095110100000005",NULL,"0","0","999","test_user","2023-12-25 16:00:00","admin","2024-04-23 11:39:28","0","0",NULL
"784","10a5110200800007","does_it_exist","有无冲突",,"1095110200000008",NULL,"0","0","999","test_user","2023-12-25 16:00:00","admin","2024-04-21 22:34:14","0","0",NULL
"785","10a5110300900000","does_it_exist","关系有无",,"109511030000000b",NULL,"0","0","8","test_user","2023-12-25 16:00:00","admin","2024-04-18 20:27:50","0","0",NULL
"786","10a5110400a00006","does_it_exist","有无合作",,"1095110400000001",NULL,"0","0","999","test_user","2023-12-25 16:00:00","admin","2024-04-23 11:39:50","0","0",NULL
"787","10a5110500b0000c","does_it_exist","有无指导",,"1095110500000004",NULL,"0","0","999","test_user","2023-12-25 16:00:00","admin","2024-04-21 22:34:51","0","0",NULL
"788","10a5110600600000","does_it_exist","关系有无",,"1095110600000007",NULL,"0","0","999","test_user","2023-12-25 16:00:00","admin","2024-04-29 08:30:21","1","0",NULL
"789","10a511070090000c","does_it_exist","有无",,"109511070000000a",NULL,"0","0","999","test_user","2023-12-25 16:00:00","test_user","2024-04-29 08:30:21","1","0",NULL
"790","10a5110800600006","does_it_exist","有无",,"1095110800000000",NULL,"0","0","999","test_user","2023-12-25 16:00:00","test_user","2024-04-29 08:30:21","1","0",NULL
"791","10a5120100900008","does_it_exist","是否常驻",,"1095120100000006",NULL,"0","0","999","test_user","2023-12-25 16:00:00","admin","2024-04-21 22:35:59","0","0",NULL
"792","10a512020090000b","does_it_exist","有无到访",,"1095120200000009",NULL,"0","0","999","test_user","2023-12-25 16:00:00","admin","2024-04-21 22:36:10","0","0",NULL
"793","10a5120300600005","does_it_exist","是否途经",,"109512030000000c",NULL,"0","0","999","test_user","2023-12-25 16:00:00","admin","2024-04-21 22:36:21","0","0",NULL
"794","10a5120400c00000","does_it_exist","关系有无",,"1095120400000002",NULL,"0","0","999","test_user","2023-12-25 16:00:00","admin","2024-04-18 21:23:47","0","0",NULL
"795","10a5120500a0000a","does_it_exist","是否拥有",,"1095120500000005",NULL,"0","0","2","test_user","2023-12-25 16:00:00","guochengjie","2024-04-21 22:36:42","0","0",NULL
"796","10a5120700d0000c","does_it_exist","关系有无",,"109512070000000b",NULL,"0","0","999","test_user","2023-12-25 16:00:00","admin","2024-04-21 22:36:54","0","0",NULL
"797","10a5120800b00009","does_it_exist","关系有无",,"1095120800000001",NULL,"0","0","999","test_user","2023-12-25 16:00:00","admin","2024-04-21 22:37:14","0","0",NULL
"798","10a5130100c00005","does_it_exist","有无制造",,"1095130100000007",NULL,"0","0","999","test_user","2023-12-25 16:00:00","admin","2024-04-21 22:37:28","0","0",NULL
"799","10a5130200a00002","does_it_exist","是否参与",,"109513020000000a",NULL,"0","0","999","test_user","2023-12-25 16:00:00","admin","2024-04-21 22:37:36","0","0",NULL
"800","10a5130300b00008","does_it_exist","有无处置",,"1095130300000000",NULL,"0","0","999","test_user","2023-12-25 16:00:00","admin","2024-04-21 22:37:54","0","0",NULL
"801","10a5130400c00001","does_it_exist","关系有无",,"1095130400000003",NULL,"0","0","999","test_user","2023-12-25 16:00:00","admin","2024-04-21 22:38:05","0","0",NULL
"802","10a5130500700002","does_it_exist","有无影响",,"1095130500000006",NULL,"0","0","999","test_user","2023-12-25 16:00:00","admin","2024-04-21 22:38:13","0","0",NULL
"803","10a5140100b00003","does_it_exist","关系有无",,"1095140100000008",NULL,"0","0","999","test_user","2023-12-25 16:00:00","admin","2024-04-21 22:38:25","0","0",NULL
"804","10a5140200b00006","does_it_exist","关系有无",,"109514020000000b",NULL,"0","0","999","test_user","2023-12-25 16:00:00","admin","2024-04-19 14:30:17","0","0",NULL
"805","10a5140300900003","does_it_exist","是否使用",,"1095140300000001",NULL,"0","0","999","test_user","2023-12-25 16:00:00","admin","2024-04-21 22:33:07","0","0",NULL
"806","10a5140400900006","does_it_exist","是否拥有",,"1095140400000004",NULL,"0","0","6","test_user","2023-12-25 16:00:00","qidekang","2024-04-21 22:38:39","0","0",NULL
"807","10a5140600d0000b","does_it_exist","关系有无",,"109514060000000a",NULL,"0","0","999","test_user","2023-12-25 16:00:00","admin","2024-04-21 22:38:50","0","0",NULL
"808","10a5140700c0000b","does_it_exist","关系有无",,"1095140700000000",NULL,"0","0","999","test_user","2023-12-25 16:00:00","admin","2024-04-21 22:38:58","0","0",NULL
"809","10a5140800800002","does_it_exist","能否感知",,"1095140800000003",NULL,"0","0","999","test_user","2023-12-25 16:00:00","admin","2024-04-21 22:39:32","0","0",NULL
"810","10a5150100a00001","does_it_exist","有无创立",,"1095150100000009",NULL,"0","0","999","test_user","2023-12-25 16:00:00","admin","2024-04-21 22:40:31","0","0",NULL
"811","10a5150200a00004","does_it_exist","关系有无",,"109515020000000c",NULL,"0","0","6","test_user","2023-12-25 16:00:00","admin","2024-04-21 22:40:44","0","0",NULL
"812","10a5150300f00009","does_it_exist","关系有无",,"1095150300000002",NULL,"0","0","16","test_user","2023-12-25 16:00:00","qidekang","2024-04-21 22:41:37","0","0",NULL
"813","10a5150400900007","does_it_exist","是否授予",,"1095150400000005",NULL,"0","0","6","test_user","2023-12-25 16:00:00","admin","2024-04-21 22:44:06","0","0",NULL
"814","10a5150500b00003","does_it_exist","关系有无",,"1095150500000008",NULL,"0","0","999","test_user","2023-12-25 16:00:00","admin","2024-04-21 22:45:34","0","0",NULL
"815","10a5220100700005","does_it_exist","关系有无",,"1095220100000009",NULL,"0","0","999","test_user","2023-12-25 16:00:00","admin","2024-04-21 23:27:26","0","0",NULL
"816","10a5220200900001","does_it_exist","关系有无",,"109522020000000c",NULL,"0","0","999","test_user","2023-12-25 16:00:00","admin","2024-04-21 23:28:59","0","0",NULL
"817","10a5220300800001","does_it_exist","关系有无",,"1095220300000002",NULL,"0","0","999","test_user","2023-12-25 16:00:00","admin","2024-04-21 23:31:01","0","0",NULL
"818","10a5220400900007","does_it_exist","关系有无",,"1095220400000005",NULL,"0","0","999","test_user","2023-12-25 16:00:00","admin","2024-04-21 23:36:45","0","0",NULL
"819","10a5230100600003","does_it_exist","关系有无",,"109523010000000a",NULL,"0","0","5","test_user","2023-12-25 16:00:00","admin","2024-05-22 10:33:31","0","0",NULL
"820","10a5230300800002","does_it_exist","有无影响",,"1095230300000003",NULL,"0","0","999","test_user","2023-12-25 16:00:00","admin","2024-05-22 10:32:56","0","0",NULL
"821","10a524010080000a","does_it_exist","关系有无",,"109524010000000b",NULL,"0","0","999","test_user","2023-12-25 16:00:00","admin","2024-04-23 07:54:38","0","0",NULL
"822","10a524020070000a","does_it_exist","关系有无",,"1095240200000001",NULL,"0","0","999","test_user","2023-12-25 16:00:00","admin","2024-04-23 07:57:39","0","0",NULL
"823","10a524030060000a","does_it_exist","关系有无",,"1095240300000004",NULL,"0","0","999","test_user","2023-12-25 16:00:00","admin","2024-04-23 07:58:55","1","0",NULL
"824","10a533010080000c","does_it_exist","是否从属",,"1095330100000000",NULL,"0","0","999","test_user","2023-12-25 16:00:00","admin","2024-04-23 08:06:29","0","0",NULL
"825","10a5330200600009","does_it_exist","关系有无",,"1095330200000003",NULL,"0","0","999","test_user","2023-12-25 16:00:00","admin","2024-04-23 08:07:41","0","0",NULL
"826","10a5330300700002","does_it_exist","是否关联",,"1095330300000006",NULL,"0","0","999","test_user","2023-12-25 16:00:00","admin","2024-05-14 14:49:34","0","0",NULL
"827","10a5340100600007","does_it_exist","关系有无",,"1095340100000001",NULL,"0","0","999","test_user","2023-12-25 16:00:00","admin","2024-04-23 08:13:01","0","0",NULL
"828","10a534020060000a","does_it_exist","关系有无",,"1095340200000004",NULL,"0","0","999","test_user","2023-12-25 16:00:00","admin","2024-04-23 08:17:14","0","0",NULL
"829","10a5340300800006","does_it_exist","有无影响",,"1095340300000007",NULL,"0","0","999","test_user","2023-12-25 16:00:00","admin","2024-04-23 08:19:20","0","0",NULL
"830","10a5440100800003","does_it_exist","是否从属",,"1095440100000004",NULL,"0","0","999","test_user","2023-12-25 16:00:00","admin","2024-04-23 08:23:15","0","0",NULL
"831","10a5440200b00002","does_it_exist","有无连接",,"1095440200000007",NULL,"0","0","999","test_user","2023-12-25 16:00:00","admin","2024-04-23 08:55:21","0","0",NULL
"832","10a5440300800009","does_it_exist","关系有无",,"109544030000000a",NULL,"0","0","999","test_user","2023-12-25 16:00:00","admin","2024-04-23 08:57:25","0","0",NULL
"833","10a5440400a00005","does_it_exist","关系有无",,"1095440400000000",NULL,"0","0","999","test_user","2023-12-25 16:00:00","admin","2024-04-23 08:58:34","0","0",NULL
"834","10a5440500800002","does_it_exist","能否感知",,"1095440500000003",NULL,"0","0","999","test_user","2023-12-25 16:00:00","admin","2024-04-23 09:01:05","0","0",NULL
"835","10a5520100700001","does_it_exist","关系有无",,"1095520100000005",NULL,"0","0","999","test_user","2023-12-25 16:00:00","admin","2024-04-23 09:03:18","0","0",NULL
"836","10a5520200a00000","does_it_exist","关系有无",,"1095520200000008",NULL,"0","0","999","test_user","2023-12-25 16:00:00","admin","2024-04-23 09:06:46","0","0",NULL
"837","10a5520300a00003","does_it_exist","关系有无",,"109552030000000b",NULL,"0","0","999","test_user","2023-12-25 16:00:00","admin","2024-04-23 09:08:12","0","0",NULL
"838","10a5520500a00009","does_it_exist","关系有无",,"1095520500000004",NULL,"0","0","999","test_user","2023-12-25 16:00:00","admin","2024-04-23 09:09:24","0","0",NULL
"839","10a5520600a0000c","does_it_exist","关系有无",,"1095520600000007",NULL,"0","0","999","test_user","2023-12-25 16:00:00","admin","2024-04-23 09:10:26","0","0",NULL
"840","10a5530100a0000b","does_it_exist","是否参与",,"1095530100000006",NULL,"0","0","999","test_user","2023-12-25 16:00:00","admin","2024-04-23 09:14:29","0","0",NULL
"841","10a5530200700005","does_it_exist","有无影响",,"1095530200000009",NULL,"0","0","999","test_user","2023-12-25 16:00:00","admin","2024-04-23 09:18:33","0","0",NULL
"842","10a5530300b00007","does_it_exist","是否处置",,"109553030000000c",NULL,"0","0","999","test_user","2023-12-25 16:00:00","admin","2024-04-23 09:25:38","0","0",NULL
"843","10a5530400c00000","does_it_exist","有无监管",,"1095530400000002",NULL,"0","0","999","test_user","2023-12-25 16:00:00","admin","2024-04-23 09:25:26","0","0",NULL
"844","10a5530500c00003","does_it_exist","是否制造",,"1095530500000005",NULL,"0","0","999","test_user","2023-12-25 16:00:00","admin","2024-04-23 09:27:02","0","0",NULL
"845","10a5540100a0000c","does_it_exist","关系有无",,"1095540100000007",NULL,"0","0","999","test_user","2023-12-25 16:00:00","admin","2024-04-23 09:28:36","0","0",NULL
"846","10a554020090000c","does_it_exist","是否拥有",,"109554020000000a",NULL,"0","0","999","test_user","2023-12-25 16:00:00","admin","2024-04-23 09:29:31","0","0",NULL
"847","10a5540400a00008","does_it_exist","关系有无",,"1095540400000003",NULL,"0","0","999","test_user","2023-12-25 16:00:00","admin","2024-04-23 09:32:18","0","0",NULL
"848","10a5540500a0000b","does_it_exist","关系有无",,"1095540500000006",NULL,"0","0","999","test_user","2023-12-25 16:00:00","admin","2024-04-23 09:33:09","0","0",NULL
"849","10a5540600b00004","does_it_exist","关系有无",,"1095540600000009",NULL,"0","0","999","test_user","2023-12-25 16:00:00","admin","2024-04-23 09:34:33","0","0",NULL
"850","10a5540700700008","does_it_exist","是否使用",,"109554070000000c",NULL,"0","0","999","test_user","2023-12-25 16:00:00","admin","2024-04-23 09:35:32","0","0",NULL
"851","10a555010090000a","does_it_exist","关系有无",,"1095550100000008",NULL,"0","0","999","test_user","2023-12-25 16:00:00","admin","2024-04-23 09:41:09","0","0",NULL
"852","10a5550300900003","does_it_exist","关系有无",,"1095550300000001",NULL,"0","0","999","test_user","2023-12-25 16:00:00","admin","2024-04-23 11:35:46","0","0",NULL
"853","10a5550400b0000c","does_it_exist","关系有无",,"1095550400000004",NULL,"0","0","999","test_user","2023-12-25 16:00:00","admin","2024-04-23 11:36:46","0","0",NULL
"854","10a5550500900009","does_it_exist","有无竞争",,"1095550500000007",NULL,"0","0","999","test_user","2023-12-25 16:00:00","admin","2024-04-23 11:38:42","0","0",NULL
"855","106501000010000c","identification_code","证件号",,"105101000000000b","0","0","1","0","test_user","2024-01-10 09:15:07","chenshun","2024-11-06 17:03:20","0","0",NULL
"857","1065020000100000","identification_code","识别码",,"105102000000000c","0","0","1","0","admin","2024-01-10 09:15:27","qidekang","2024-11-06 17:03:20","0","0",NULL
"859","1065030000100001","identification_code","识别码",,"1051030000000000","0","0","1","0","admin","2024-01-10 09:15:47","qidekang","2024-11-06 17:03:20","0","0",NULL
"887","1065050000d00000","income","收入",,"1051050000000002","0",NULL,"0","999","admin","2024-01-15 17:09:22","admin","2024-11-06 17:03:20","1","0",NULL
"888","1065050000e00003","cost","成本",,"1051050000000002","0",NULL,"0","999","admin","2024-01-15 17:09:55","admin","2024-11-06 17:03:20","1","0",NULL
"898","1069010000100009","user_group_id","编号",,"105101000000000b","1",NULL,"1","2","test_user","2024-01-15 19:48:41","chenshun","2024-12-05 21:56:04","1","0",NULL
"899","106901000020000c","name","名称",,"105101000000000b","1",NULL,"0","37","admin","2024-01-15 19:49:12","chenshun","2024-12-05 21:56:04","1","0",NULL
"900","1069010000300002","amount","数量",,"105101000000000b","1",NULL,"0","38","admin","2024-01-15 19:50:03","chenshun","2024-11-06 17:03:20","0","0",NULL
"901","106902000010000a","region_group_id","编号",,"105102000000000c","1",NULL,"1","999","test_user","2024-01-15 19:50:23","admin","2024-12-05 21:56:04","1","0",NULL
"902","1069020000200000","name","名称",,"105102000000000c","1",NULL,"0","999","admin","2024-01-15 19:54:28","test_user","2024-12-05 21:56:04","1","0",NULL
"903","1069020000300003","amount","数量",,"105102000000000c","1",NULL,"0","999","admin","2024-01-15 19:54:40","test_user","2024-11-06 17:03:20","0","0",NULL
"904","106903000010000b","event_group_id","编号",,"1051030000000000","1",NULL,"1","3","test_user","2024-01-15 19:55:04","qidekang","2024-12-05 21:56:04","1","0",NULL
"905","1069030000200001","name","名称",,"1051030000000000","1",NULL,"0","15","admin","2024-01-15 19:56:37","qidekang","2024-12-05 21:56:04","1","0",NULL
"906","1069030000300004","amount","数量",,"1051030000000000","1",NULL,"0","26","admin","2024-01-15 19:56:47","qidekang","2024-11-06 17:03:20","0","0",NULL
"907","106904000010000c","object_group_id","编号",,"1051040000000001","1",NULL,"1","2","test_user","2024-01-15 20:00:02","qidekang","2024-12-05 21:56:04","1","0",NULL
"908","1069040000200002","name","名称",,"1051040000000001","1",NULL,"0","17","admin","2024-01-15 20:00:11","qidekang","2024-12-05 21:56:04","1","0",NULL
"909","1069040000300005","amount","数量",,"1051040000000001","1",NULL,"0","24","admin","2024-01-15 20:00:20","qidekang","2024-11-06 17:03:20","0","0",NULL
"910","1069050000100000","organization_group_id","编号",,"1051050000000002","1",NULL,"1","2","test_user","2024-01-15 20:00:40","qidekang","2024-12-05 21:56:04","1","0",NULL
"911","1069050000200003","name","名称",,"1051050000000002","1",NULL,"0","14","admin","2024-01-15 20:00:49","qidekang","2024-12-05 21:56:04","1","0",NULL
"912","1069050000300006","amount","数量",,"1051050000000002","1",NULL,"0","17","admin","2024-01-15 20:00:59","qidekang","2024-11-06 17:03:20","0","0",NULL
"915","1065040001300004","price","价格",,"1051040000000001","0",NULL,"0","18","admin","2024-01-16 15:32:30","qidekang","2024-11-06 17:03:20","0","0",NULL
"916","1065030000d0000b","time","时间",,"1051030000000000","0",NULL,"0","999","admin","2024-01-16 15:50:23","admin","2024-11-06 17:03:20","1","0",NULL
"917","1065020001400005","location","定位",,"105102000000000c","0",NULL,"0","999","admin","2024-01-16 16:02:52","admin","2024-11-06 17:03:20","1","0",NULL
"933","1065010001900006","hobby","爱好",,"105101000000000b","0",NULL,"0","20","admin","2024-01-16 16:29:48","chenshun","2024-11-06 17:03:20","0","0",NULL
"1750","10a5110100d00006","start_time","服务开始时间",,"1095110100000005",NULL,NULL,"0","999","admin","2024-04-09 17:43:38","admin","2024-04-22 23:22:28","1","0",NULL
"1751","10a511020090000a","start_time","冲突发生时间",,"1095110200000008",NULL,NULL,"0","999","admin","2024-04-09 17:46:16","admin","2024-04-22 23:22:28","1","0",NULL
"1752","1065010001a00009","income","收入情况",,"105101000000000b","0",NULL,"0","30","admin","2024-04-15 21:10:00","chenshun","2024-11-06 17:03:20","0","0",NULL
"1753","1065010001b0000c","balance_situation","资产情况",,"105101000000000b","0",NULL,"0","29","test_user","2024-04-15 21:10:44","chenshun","2024-11-06 17:03:20","0","0",NULL
"1754","1065010001c00002","employment status","就业情况",,"105101000000000b","0",NULL,"0","999","admin","2024-04-15 21:11:07","admin","2024-11-06 17:03:20","1","0",NULL
"1755","1065030000e00001","influence","影响",,"1051030000000000","0",NULL,"0","17","admin","2024-04-15 21:12:35","qidekang","2024-11-06 17:03:20","0","0",NULL
"1756","1065030000f00004","significance","意义",,"1051030000000000","0",NULL,"0","18","admin","2024-04-15 21:12:54","qidekang","2024-11-06 17:03:20","0","0",NULL
"1757","1065030001000007","deadline","期限",,"1051030000000000","0",NULL,"0","19","admin","2024-04-15 21:13:14","qidekang","2024-11-06 17:03:20","0","0",NULL
"1758","1065050000f00006","mode_establishment","成立方式",,"1051050000000002","0",NULL,"0","999","test_user","2024-04-15 21:14:02","admin","2024-11-06 17:03:20","1","0",NULL
"1759","1065050001000009","property","资产",,"1051050000000002","0",NULL,"0","999","admin","2024-04-15 21:14:24","admin","2024-11-06 17:03:20","1","0",NULL
"1760","106505000110000c","ratal","纳税额",,"1051050000000002","0",NULL,"0","999","admin","2024-04-15 21:14:53","admin","2024-11-06 17:03:20","1","0",NULL
"1761","1065050001200002","profit","利润",,"1051050000000002","0",NULL,"0","999","admin","2024-04-15 21:15:11","admin","2024-11-06 17:03:20","1","0",NULL
"1762","1065050001300005"," liabilities","负债",,"1051050000000002","0",NULL,"0","999","admin","2024-04-15 21:15:30","admin","2024-11-06 17:03:20","1","0",NULL
"1763","1065050001400008","revenue","营收",,"1051050000000002","0",NULL,"0","999","admin","2024-04-15 21:15:48","admin","2024-11-06 17:03:20","1","0",NULL
"1764","106505000150000b","business_scope","经营范围",,"1051050000000002","0",NULL,"0","16","test_user","2024-04-15 21:16:27","qidekang","2024-11-06 17:03:20","0","0",NULL
"1765","1065010001d00005","body_index","身体指标",,"105101000000000b","0",NULL,"0","999","test_user","2024-04-15 21:17:10","admin","2024-11-06 17:03:20","1","0",NULL
"1766","1065010001e00008","employment status","就职状态",,"105101000000000b","0",NULL,"0","27","admin","2024-04-15 21:18:01","chenshun","2024-11-06 17:03:20","0","0",NULL
"1767","1065010001f0000b","condition","状态","胎儿、正常、已死亡、历史人物","105101000000000b","0",NULL,"0","31","admin","2024-04-15 21:21:02","chenshun","2024-11-06 17:03:20","0","0",NULL
"1768","10a5120800c0000c","measure","使用措施",,"1095120800000001",NULL,NULL,"0","999","test_user","2024-04-15 21:21:33","admin","2024-04-18 21:38:50","0","0",NULL
"1769","106503000110000a","person_charge","责任人",,"1051030000000000","0",NULL,"0","20","admin","2024-04-15 21:22:21","qidekang","2024-11-06 17:03:20","0","0",NULL
"1770","1065030001200000","scenes","发生地点",,"1051030000000000","0",NULL,"0","21","admin","2024-04-15 21:22:50","qidekang","2024-11-06 17:03:20","0","0",NULL
"1771","1065030001300003"," tool","所用工具",,"1051030000000000","0",NULL,"0","22","test_user","2024-04-15 21:23:13","qidekang","2024-11-06 17:03:20","0","0",NULL
"1772","1065030001400006","responsible_organization","责任单位",,"1051030000000000","0",NULL,"0","23","admin","2024-04-15 21:23:44","qidekang","2024-11-06 17:03:20","0","0",NULL
"1773","10a5120200a00001","means_transportation","交通方式","步行、乘车、自驾","1095120200000009",NULL,NULL,"0","999","test_user","2024-04-15 21:24:39","admin","2024-04-18 21:14:20","0","0",NULL
"1774","1065010002000001","contact_information","联系方式",,"105101000000000b","0",NULL,"0","7","admin","2024-04-15 21:25:05","chenshun","2024-11-06 17:03:20","0","0",NULL
"1775","1065030001500009","target","目标",,"1051030000000000","0",NULL,"0","24","admin","2024-04-15 21:26:33","qidekang","2024-11-06 17:03:20","0","0",NULL
"1776","1065010002100004","seniority","工龄",,"105101000000000b","0",NULL,"0","26","admin","2024-04-15 21:26:57","chenshun","2024-11-06 17:03:20","0","0",NULL
"1777","10a515060040000b","Intended_position","意向岗位",,"109515060000000b",NULL,NULL,"0","999","admin","2024-04-15 21:27:54","test_user","2024-04-29 08:30:21","1","0",NULL
"1778","1065040001400007","use_pattern","使用方式","口服给药、肌内注射、皮下注射、静脉注射、静脉滴注、吸入给药、直肠给药","1051040000000001","0",NULL,"0","21","test_user","2024-04-15 21:28:43","qidekang","2024-11-06 17:03:20","0","0",NULL
"1779","106504000150000a","usage_amount","使用量",,"1051040000000001","0",NULL,"0","22","admin","2024-04-15 21:29:08","qidekang","2024-11-06 17:03:20","0","0",NULL
"1781","106503000160000c","frequency","频次",,"1051030000000000","0",NULL,"0","25","admin","2024-04-15 21:33:11","qidekang","2024-11-06 17:03:20","0","0",NULL
"1782","10a5110500c00002","type","指导类型",,"1095110500000004",NULL,NULL,"0","999","test_user","2024-04-15 21:33:45","admin","2024-04-18 20:38:21","0","0",NULL
"1783","10a515030100000c","dimission_mode","离职方式","主动离职，辞退","1095150300000002",NULL,NULL,"0","5","test_user","2024-04-15 21:34:48","qidekang","2024-06-25 13:28:17","0","0",NULL
"1784","10a5150400a0000a","amount_of_money","实物金额",,"1095150400000005",NULL,NULL,"0","7","test_user","2024-04-15 21:36:39","admin","2024-04-21 22:43:31","0","0",NULL
"1785","1065040001600000","charge","费用",,"1051040000000001","0",NULL,"0","999","admin","2024-04-15 21:37:06","admin","2024-11-06 17:03:20","1","0",NULL
"1786","1065010002200007","religion","宗教信仰",,"105101000000000b","0",NULL,"0","14","admin","2024-04-15 21:37:34","chenshun","2024-11-06 17:03:20","0","0",NULL
"1787","1065040001700003","compliance_standard","合规标准",,"1051040000000001","0",NULL,"0","23","admin","2024-04-15 21:38:01","qidekang","2024-11-06 17:03:20","0","0",NULL
"1788","106501000230000a","character","性格",,"105101000000000b","0",NULL,"0","18","admin","2024-04-15 21:38:18","chenshun","2024-11-06 17:03:20","0","0",NULL
"1789","1065050001600001","income","收入",,"1051050000000002","0",NULL,"0","999","admin","2024-04-15 21:38:56","admin","2024-11-06 17:03:20","1","0",NULL
"1790","1065050001700004","Income_type","收入类型",,"1051050000000002","0",NULL,"0","999","admin","2024-04-15 21:39:20","admin","2024-11-06 17:03:20","1","0",NULL
"1791","10a5130100d00008","result","最终结果",,"1095130100000007",NULL,NULL,"0","999","test_user","2024-04-15 21:39:50","admin","2024-04-24 07:19:05","0","0",NULL
"1792","10a5150600500001","Whether_to_obey_the_regulation","是否服从调剂",,"109515060000000b",NULL,NULL,"0","999","admin","2024-04-15 21:40:30","test_user","2024-04-29 08:30:21","1","0",NULL
"1793","10a5150600600004","duration","时间",,"109515060000000b",NULL,NULL,"0","999","test_user","2024-04-18 18:16:26","admin","2024-04-29 08:30:21","1","0",NULL
"1794","10a5110100e00009","customer_demand","客户需求",,"1095110100000005",NULL,NULL,"0","999","admin","2024-04-18 20:24:57","test_user","2024-04-18 20:24:57","0","0",NULL
"1795","10a5110300a00003","start_time","开始管理时间",,"109511030000000b",NULL,NULL,"0","999","admin","2024-04-18 20:28:34","admin","2024-04-18 20:28:34","1","0",NULL
"1796","10a5110400b00009","start_time","开始合作时间",,"1095110400000001",NULL,NULL,"0","999","admin","2024-04-18 20:31:00","admin","2024-04-18 20:31:00","1","0",NULL
"1797","10a5110500d00005","start_time","开始指导时间",,"1095110500000004",NULL,NULL,"0","999","admin","2024-04-18 20:36:25","admin","2024-04-18 20:36:25","1","0",NULL
"1798","10a5120100a0000b","start_time","入驻时间",,"1095120100000006",NULL,NULL,"0","999","admin","2024-04-18 21:03:39","test_user","2024-04-18 21:03:39","0","0",NULL
"1799","10a5110600700003","start_time","血缘开始时间",,"1095110600000007",NULL,NULL,"0","999","admin","2024-04-18 21:32:30","test_user","2024-04-29 08:30:21","1","0",NULL
"1800","10a5110700a00002","start_time","婚姻开始时间",,"109511070000000a",NULL,NULL,"0","999","admin","2024-04-18 21:32:44","test_user","2024-04-29 08:30:21","1","0",NULL
"1801","10a5110800700009","start_time","开始收养时间",,"1095110800000000",NULL,NULL,"0","999","admin","2024-04-18 21:32:54","test_user","2024-04-29 08:30:21","1","0",NULL
"1802","10a5110900400003","start_time","意向开始时间",,"1095110900000003",NULL,NULL,"0","999","admin","2024-04-18 21:33:11","test_user","2024-04-29 08:30:21","1","0",NULL
"1803","10a5120200b00004","start_time","到访时间",,"1095120200000009",NULL,NULL,"0","999","test_user","2024-04-18 21:33:46","admin","2024-04-25 06:21:42","0","0",NULL
"1804","10a5120300700008","start_time","开始途径时间",,"109512030000000c",NULL,NULL,"0","999","admin","2024-04-18 21:34:10","admin","2024-04-18 21:34:10","1","0",NULL
"1805","10a5120400d00003","start_time","开工时间",,"1095120400000002",NULL,NULL,"0","999","test_user","2024-04-18 21:34:21","admin","2024-04-25 06:22:21","0","0",NULL
"1806","10a5120500b00000","start_time","开始拥有时间",,"1095120500000005",NULL,NULL,"0","999","admin","2024-04-18 21:34:43","admin","2024-04-18 21:34:43","1","0",NULL
"1807","10a5120700e00002","start_time","开始管理时间",,"109512070000000b",NULL,NULL,"0","999","admin","2024-04-18 21:34:56","admin","2024-04-18 21:34:56","1","0",NULL
"1808","10a5120800d00002","start_time","开始维护时间",,"1095120800000001",NULL,NULL,"0","999","admin","2024-04-18 21:35:08","admin","2024-04-18 21:35:08","1","0",NULL
"1809","10a5120900400004","start_time","意向开始时间",,"1095120900000004",NULL,NULL,"0","999","admin","2024-04-18 21:35:16","test_user","2024-04-29 08:30:21","1","0",NULL
"1810","10a5130100e0000b","start_time","事件发生时间",,"1095130100000007",NULL,NULL,"0","999","test_user","2024-04-18 21:35:36","admin","2024-04-24 07:19:27","1","0",NULL
"1811","10a5130200b00005","start_time","参与时间",,"109513020000000a",NULL,NULL,"0","999","test_user","2024-04-18 21:35:47","admin","2024-04-25 06:29:19","1","0",NULL
"1812","10a5130300c0000b","start_time","开始处置时间",,"1095130300000000",NULL,NULL,"0","999","admin","2024-04-18 21:35:58","admin","2024-04-18 21:35:58","1","0",NULL
"1813","10a5130400d00004","start_time","开始监管时间",,"1095130400000003",NULL,NULL,"0","999","admin","2024-04-18 21:36:08","admin","2024-04-18 21:36:08","1","0",NULL
"1814","10a5130500800005","start_time","影响开始时间",,"1095130500000006",NULL,NULL,"0","999","admin","2024-04-18 21:36:17","admin","2024-04-18 21:36:17","1","0",NULL
"1815","10a513070040000c","start_time","意向出现时间",,"109513070000000c",NULL,NULL,"0","999","admin","2024-04-18 21:36:43","test_user","2024-04-29 08:30:21","1","0",NULL
"1816","10a5140100c00006","start_time","开始设计时间",,"1095140100000008",NULL,NULL,"0","999","admin","2024-04-18 22:45:18","admin","2024-04-18 22:45:18","1","0",NULL
"1817","10a5140200c00009","start_time","开始制造时间",,"109514020000000b",NULL,NULL,"0","999","admin","2024-04-18 22:45:31","admin","2024-04-18 22:45:31","1","0",NULL
"1818","10a5140300a00006","start_time","开始使用时间",,"1095140300000001",NULL,NULL,"0","999","admin","2024-04-18 22:45:45","admin","2024-04-18 22:45:45","1","0",NULL
"1819","10a5140400a00009","start_time","开始拥有时间",,"1095140400000004",NULL,NULL,"0","999","admin","2024-04-18 22:45:58","admin","2024-04-18 22:45:58","1","0",NULL
"1820","10a5140600e00001","start_time","开始管理时间",,"109514060000000a",NULL,NULL,"0","999","admin","2024-04-18 22:46:11","admin","2024-04-18 22:46:11","1","0",NULL
"1821","10a5140700d00001","start_time","开始维护时间",,"1095140700000000",NULL,NULL,"0","999","admin","2024-04-18 22:46:23","admin","2024-04-18 22:46:23","1","0",NULL
"1822","10a5140800900005","start_time","开始感知时间",,"1095140800000003",NULL,NULL,"0","999","admin","2024-04-18 22:46:36","admin","2024-04-18 22:46:36","1","0",NULL
"1823","10a5150100b00004","start_time","创立时间",,"1095150100000009",NULL,NULL,"0","999","test_user","2024-04-18 22:47:54","admin","2024-04-19 15:03:21","0","0",NULL
"1824","10a5150200b00007","start_time","开始管理时间",,"109515020000000c",NULL,NULL,"0","999","admin","2024-04-18 22:48:03","admin","2024-04-18 22:48:03","1","0",NULL
"1825","10a5150301100002","start_time","入职时间",,"1095150300000002",NULL,NULL,"0","1","test_user","2024-04-18 22:48:14","qidekang","2024-04-19 15:11:09","0","0",NULL
"1826","10a5150400b00000","start_time","授予时间",,"1095150400000005",NULL,NULL,"0","999","test_user","2024-04-18 22:48:23","admin","2024-04-21 22:42:03","1","0",NULL
"1827","10a5150500c00006","start_time","任职时间",,"1095150500000008",NULL,NULL,"0","999","test_user","2024-04-18 22:48:34","admin","2024-04-25 06:41:38","0","0",NULL
"1828","10a5150600700007","start_time","意向产生时间",,"109515060000000b",NULL,NULL,"0","999","admin","2024-04-18 22:48:45","test_user","2024-04-29 08:30:21","1","0",NULL
"1829","10a5220100800008","start_time","从属开始时间",,"1095220100000009",NULL,NULL,"0","999","admin","2024-04-18 22:48:55","admin","2024-04-18 22:48:55","1","0",NULL
"1830","10a5220200a00004","start_time","连接开始时间",,"109522020000000c",NULL,NULL,"0","999","admin","2024-04-18 22:49:03","admin","2024-04-18 22:49:03","1","0",NULL
"1831","10a5220300900004","start_time","开始时间",,"1095220300000002",NULL,NULL,"0","999","test_user","2024-04-18 22:49:15","admin","2024-04-21 23:31:14","1","0",NULL
"1832","10a5220400a0000a","start_time","建成时间",,"1095220400000005",NULL,NULL,"0","999","test_user","2024-04-18 22:49:27","admin","2024-04-21 23:35:54","0","0",NULL
"1833","10a5230100700006","start_time","承载开始时间",,"109523010000000a",NULL,NULL,"0","999","admin","2024-04-18 22:49:37","admin","2024-04-18 22:49:37","1","0",NULL
"1834","10a5230300900005","start_time","影响开始时间",,"1095230300000003",NULL,NULL,"0","999","admin","2024-04-18 22:49:50","admin","2024-04-18 22:49:50","1","0",NULL
"1838","10a5240200800000","start_time","进入时间",,"1095240200000001",NULL,NULL,"0","999","test_user","2024-04-18 22:53:41","admin","2024-04-23 07:57:32","0","0",NULL
"1839","10a5240300700000","start_time","开始服务时间",,"1095240300000004",NULL,NULL,"0","999","test_user","2024-04-18 22:53:50","admin","2024-04-23 07:59:02","1","0",NULL
"1840","10a5330100900002","start_time","开始时间",,"1095330100000000",NULL,NULL,"0","999","test_user","2024-04-18 22:54:04","admin","2024-04-23 08:06:40","1","0",NULL
"1841","10a533020070000c","start_time","因果产生时间",,"1095330200000003",NULL,NULL,"0","999","admin","2024-04-18 22:54:19","admin","2024-04-18 22:54:19","1","0",NULL
"1842","10a5330300800005","start_time","关联开始时间",,"1095330300000006",NULL,NULL,"0","999","admin","2024-04-18 22:54:28","admin","2024-04-18 22:54:28","1","0",NULL
"1843","10a534010070000a","start_time","开始记录时间",,"1095340100000001",NULL,NULL,"0","999","test_user","2024-04-18 22:54:40","admin","2024-04-23 08:13:25","1","0",NULL
"1844","10a5340200700000","start_time","开始生效时间",,"1095340200000004",NULL,NULL,"0","999","test_user","2024-04-18 22:54:50","admin","2024-04-23 08:16:11","1","0",NULL
"1845","10a5340300900009","start_time","产生影响时间",,"1095340300000007",NULL,NULL,"0","999","test_user","2024-04-18 22:54:58","admin","2024-04-23 08:18:38","1","0",NULL
"1846","10a5440100900006","start_time","从属开始时间",,"1095440100000004",NULL,NULL,"0","999","admin","2024-04-18 22:55:08","admin","2024-04-18 22:55:08","1","0",NULL
"1847","10a5440200c00005","start_time","开始连通时间",,"1095440200000007",NULL,NULL,"0","999","test_user","2024-04-18 22:55:18","admin","2024-04-23 08:55:34","1","0",NULL
"1848","10a544030090000c","start_time","开始时间",,"109544030000000a",NULL,NULL,"0","999","test_user","2024-04-18 22:55:26","admin","2024-04-23 08:57:54","1","0",NULL
"1849","10a5440400b00008","start_time","开始承载时间",,"1095440400000000",NULL,NULL,"0","999","test_user","2024-04-18 22:55:35","admin","2024-04-23 08:59:18","1","0",NULL
"1850","10a5440500900005","start_time","开始感知时间",,"1095440500000003",NULL,NULL,"0","999","test_user","2024-04-18 22:55:43","admin","2024-04-23 09:01:12","1","0",NULL
"1851","10a5520100800004","start_time","入驻时间",,"1095520100000005",NULL,NULL,"0","999","test_user","2024-04-18 22:55:54","admin","2024-04-23 09:03:28","0","0",NULL
"1852","10a5520200b00003","start_time","开工时间",,"1095520200000008",NULL,NULL,"0","999","test_user","2024-04-18 22:56:05","admin","2024-04-23 09:05:26","0","0",NULL
"1853","10a5520300b00006","start_time","入手时间",,"109552030000000b",NULL,NULL,"0","999","test_user","2024-04-18 22:56:14","admin","2024-04-23 09:08:33","0","0",NULL
"1854","10a5520500b0000c","start_time","开始管理时间",,"1095520500000004",NULL,NULL,"0","999","test_user","2024-04-18 22:56:21","admin","2024-04-23 09:09:30","1","0",NULL
"1855","10a5520600b00002","start_time","开始维护时间",,"1095520600000007",NULL,NULL,"0","999","test_user","2024-04-18 22:56:31","admin","2024-04-23 09:10:32","1","0",NULL
"1856","10a5530100b00001","start_time","开始参与时间",,"1095530100000006",NULL,NULL,"0","999","admin","2024-04-18 22:56:45","admin","2024-04-18 22:56:45","1","0",NULL
"1857","10a5530200800008","start_time","产生影响时间",,"1095530200000009",NULL,NULL,"0","999","test_user","2024-04-18 22:57:02","admin","2024-04-23 09:16:23","1","0",NULL
"1858","10a5530300c0000a","start_time","开始处置时间",,"109553030000000c",NULL,NULL,"0","999","test_user","2024-04-18 22:57:09","admin","2024-04-23 09:20:18","1","0",NULL
"1859","10a5530400d00003","start_time","监管开始时间",,"1095530400000002",NULL,NULL,"0","999","admin","2024-04-18 22:57:17","admin","2024-04-18 22:57:17","1","0",NULL
"1860","10a5530500d00006","start_time","开始制造时间",,"1095530500000005",NULL,NULL,"0","999","test_user","2024-04-18 22:57:29","admin","2024-04-23 09:27:08","1","0",NULL
"1861","10a5540100b00002","start_time","开始生产时间",,"1095540100000007",NULL,NULL,"0","999","test_user","2024-04-18 22:57:54","admin","2024-04-23 09:28:43","1","0",NULL
"1862","10a5540200a00002","start_time","入手时间",,"109554020000000a",NULL,NULL,"0","999","test_user","2024-04-18 22:58:03","admin","2024-04-23 09:29:23","0","0",NULL
"1863","10a5540400b0000b","start_time","开始管理时间",,"1095540400000003",NULL,NULL,"0","999","test_user","2024-04-18 22:58:10","admin","2024-04-23 09:32:23","1","0",NULL
"1864","10a5540500b00001","start_time","开始维护时间",,"1095540500000006",NULL,NULL,"0","999","test_user","2024-04-18 22:58:18","admin","2024-04-23 09:33:18","1","0",NULL
"1865","10a5540600c00007","start_time","开始设计时间",,"1095540600000009",NULL,NULL,"0","999","test_user","2024-04-18 22:58:27","admin","2024-04-23 09:33:51","1","0",NULL
"1866","10a554070080000b","start_time","开始使用时间",,"109554070000000c",NULL,NULL,"0","999","test_user","2024-04-18 22:58:48","admin","2024-04-23 09:38:06","1","0",NULL
"1867","10a5550100a00000","start_time","开始管理时间",,"1095550100000008",NULL,NULL,"0","999","test_user","2024-04-18 22:59:11","admin","2024-04-23 09:41:14","1","0",NULL
"1868","10a5550300a00006","start_time","开始检查时间",,"1095550300000001",NULL,NULL,"0","999","test_user","2024-04-18 22:59:20","admin","2024-04-23 11:36:03","1","0",NULL
"1869","10a5550400c00002","start_time","开始时间",,"1095550400000004",NULL,NULL,"0","999","test_user","2024-04-18 22:59:28","admin","2024-04-25 07:21:52","1","0",NULL
"1870","10a5550500a0000c","start_time","竞争开始时间",,"1095550500000007",NULL,NULL,"0","999","admin","2024-04-18 22:59:49","admin","2024-04-18 22:59:49","1","0",NULL
"1871","10a514090010000a","test","测试",,"1095140900000006",NULL,NULL,"0","999","admin","2024-04-19 22:33:59","test_user","2024-04-29 08:30:21","1","0",NULL
"1872","10a5140a00100000","object_user_effect_id","编号",,"1095140a00000009",NULL,"1","0","999","admin","2024-04-21 22:27:21","admin","2025-02-13 13:38:44","0","0",NULL
"1873","10a5140a00200003","type","影响类型","损害健康、财产损失","1095140a00000009",NULL,NULL,"0","999","test_user","2024-04-21 22:28:00","admin","2024-04-21 22:31:30","0","0",NULL
"1874","10a5140a00300006","does_it_exist","有无影响",,"1095140a00000009",NULL,NULL,"0","999","admin","2024-04-21 22:28:25","test_user","2024-04-21 22:28:25","0","0",NULL
"1875","10a5140a00400009","start_time","开始影响时间",,"1095140a00000009",NULL,NULL,"0","999","admin","2024-04-21 22:28:57","admin","2024-04-21 22:28:57","1","0",NULL
"1876","10a5140a0050000c","end_time","影响消除时间",,"1095140a00000009",NULL,NULL,"0","999","admin","2024-04-21 22:29:10","admin","2024-04-21 22:29:10","1","0",NULL
"1877","10a5140a00600002","duration","持续时长",,"1095140a00000009",NULL,NULL,"0","999","test_user","2024-04-21 22:29:30","admin","2024-04-28 13:07:46","0","0",NULL
"1878","10a5140a00700005","description","详情描述",,"1095140a00000009",NULL,NULL,"0","999","admin","2024-04-21 22:31:47","test_user","2024-04-21 22:31:47","0","0",NULL
"1879","10a5140a00800008","impact_level","影响程度","一级伤残、二级伤残","1095140a00000009",NULL,NULL,"0","999","test_user","2024-04-21 22:32:34","admin","2024-04-21 22:32:46","0","0",NULL
"1880","10a5220400b00000","region_region_bear_id","编号",,"1095220400000005",NULL,"1","1","999","test_user","2024-04-21 23:32:15","admin","2025-02-13 13:38:44","0","0",NULL
"1882","10a5230100800009","tesa","sadf","sdfa","109523010000000a",NULL,NULL,"0","999","admin","2024-04-23 08:31:26","admin","2024-04-23 08:31:26","1","0",NULL
"1883","10a5240100900000","start_time","物品出现时间",,"109524010000000b",NULL,NULL,"0","999","admin","2024-04-23 08:47:58","admin","2024-04-23 08:47:58","1","0",NULL
"1884","10a5440500a00008","object_object_perception_id","编号",,"1095440500000003",NULL,"1","1","999","test_user","2024-04-23 09:02:13","admin","2025-02-13 13:38:44","0","0",NULL
"1885","10a5550300b00009","type","管辖类型","税务稽查、消防排查、环卫检查","1095550300000001",NULL,NULL,"0","999","test_user","2024-04-23 11:32:55","admin","2024-04-23 11:33:32","0","0",NULL
"1886","10a5110a0010000a","user_user_kinship_id","编号",,"1095110a00000006",NULL,"1","1","999","admin","2024-04-23 11:42:31","admin","2025-02-13 13:38:44","0","0",NULL
"1887","10a5110a00200000","type","亲属类型","直系血亲, 旁系血亲, 夫妻, 姻亲, 收养子女","1095110a00000006",NULL,NULL,"0","999","test_user","2024-04-23 11:43:33","admin","2024-04-23 11:47:29","0","0",NULL
"1888","10a5110a00300003","appellation","称谓","父亲, 母亲, 儿子, 女儿, 祖父/外祖父, 祖母/外祖母, 哥哥/弟弟, 姐姐/妹妹, 孙子/外孙子, 孙女/外孙女, 叔伯/舅舅, 姑父/姨父, 堂/表兄弟, 堂/表姐妹, 侄子/外甥, 侄女/外甥女, 丈夫, 妻子, 前妻, 前夫, 丈夫, 妻子, 岳父/公公, 岳母/婆婆, 嫂子/弟媳, 姐夫/妹夫, 女婿, 儿媳, 婶婶/舅妈, 婶婶/舅妈, 继父, 继母, 继子, 继女, 养父/养母, 养子/养女","1095110a00000006",NULL,NULL,"0","999","test_user","2024-04-23 11:46:03","admin","2024-04-23 11:53:14","0","0",NULL
"1889","10a5110a00400006","start_time","亲属关系建立时间",,"1095110a00000006",NULL,NULL,"0","999","test_user","2024-04-23 11:54:36","admin","2024-04-23 11:55:02","1","0",NULL
"1890","10a5110a00500009","end_time","亲属关系消失时间",,"1095110a00000006",NULL,NULL,"0","999","admin","2024-04-23 11:54:56","admin","2024-04-23 11:54:56","1","0",NULL
"1891","10a5110a0060000c","duration","持续时长",,"1095110a00000006",NULL,NULL,"0","999","admin","2024-04-23 11:55:28","test_user","2024-04-23 11:55:28","0","0",NULL
"1892","10a5110a00700002","does_it_exist","关系有无",,"1095110a00000006",NULL,NULL,"0","999","test_user","2024-04-23 11:55:47","admin","2024-05-22 10:34:09","0","0",NULL
"1893","10a5110000100006","friend","朋友",,"1095110000000002",NULL,NULL,"0","999","admin","2024-04-23 12:07:43","admin","2024-04-23 12:07:43","1","0",NULL
"1894","10a5110b00100000","user_user_friend_id","编号",,"1095110b00000009",NULL,"1","0","999","admin","2024-04-23 12:09:30","admin","2025-02-13 13:38:44","0","0",NULL
"1895","10a5110b00200003","type","朋友类型","情侣，同学，同事","1095110b00000009",NULL,NULL,"0","999","admin","2024-04-23 12:10:46","test_user","2024-04-23 12:10:46","0","0",NULL
"1896","10a5110b00300006","appellation","称谓",,"1095110b00000009",NULL,NULL,"0","999","admin","2024-04-23 12:10:59","test_user","2024-04-23 12:10:59","0","0",NULL
"1897","10a5110b00400009","start_time","建立关系时间",,"1095110b00000009",NULL,NULL,"0","999","test_user","2024-04-23 12:11:27","admin","2024-04-23 12:12:19","1","0",NULL
"1898","10a5110b0050000c","end_time","关系结束时间",,"1095110b00000009",NULL,NULL,"0","999","test_user","2024-04-23 12:11:43","admin","2024-04-23 12:14:03","1","0",NULL
"1899","10a5110b00600002","duration","持续时长",,"1095110b00000009",NULL,NULL,"0","999","admin","2024-04-23 12:11:52","test_user","2024-04-23 12:11:52","0","0",NULL
"1900","10a5110b00700005","does_it_exist","关系有无",,"1095110b00000009",NULL,NULL,"0","999","test_user","2024-04-23 12:12:03","admin","2024-05-22 10:34:02","0","0",NULL
"1901","10a5140b00100003","user_object_transfer_id","编号",,"1095140b0000000c",NULL,"1","1","999","test_user","2024-04-23 12:27:12","admin","2025-02-13 13:38:44","0","0",NULL
"1902","10a5140b00200006","type","出让类型","抵押, 出让, 捐赠","1095140b0000000c",NULL,NULL,"0","999","test_user","2024-04-23 12:27:22","admin","2024-04-23 12:44:14","0","0",NULL
"1903","10a5140b00300009","motivation","出让原因","变现需求, 福利捐赠, 废弃处理","1095140b0000000c",NULL,NULL,"0","999","test_user","2024-04-23 12:28:21","admin","2024-04-23 12:44:18","0","0",NULL
"1904","10a5140b0040000c","mode","出让方式","拍卖, 招标, 挂牌","1095140b0000000c",NULL,NULL,"0","999","test_user","2024-04-23 12:28:38","admin","2024-04-23 12:44:22","0","0",NULL
"1905","10a5140b00500002","result","出让结果","现金收入, 荣誉奖励","1095140b0000000c",NULL,NULL,"0","999","test_user","2024-04-23 12:29:06","admin","2024-04-23 12:44:25","0","0",NULL
"1906","10a5140b00600005","cost","出让成本",,"1095140b0000000c",NULL,NULL,"0","999","test_user","2024-04-23 12:29:23","admin","2024-04-23 12:44:29","0","0",NULL
"1907","10a5140b00700008","tpye_of_right","权利类型","所有权、使用权","1095140b0000000c",NULL,NULL,"0","999","admin","2024-04-23 12:29:55","test_user","2024-04-23 12:29:55","0","0",NULL
"1908","10a5140b0080000b","state","当前状态","意向购买、合同签订、权属登记、实物交割、合约到期","1095140b0000000c",NULL,NULL,"0","999","test_user","2024-04-23 12:30:48","admin","2024-05-18 15:17:40","0","0",NULL
"1909","10a5140b00900001","start_time","签订时间",,"1095140b0000000c",NULL,NULL,"0","999","test_user","2024-04-23 12:31:06","admin","2024-04-28 13:06:29","0","0",NULL
"1910","10a5140b00a00004","end_time","到期时间",,"1095140b0000000c",NULL,NULL,"0","999","test_user","2024-04-23 12:31:20","admin","2024-04-28 13:06:33","0","0",NULL
"1911","10a5140b00b00007","duration","合约期限",,"1095140b0000000c",NULL,NULL,"0","999","admin","2024-04-23 12:32:36","test_user","2024-04-23 12:32:36","0","0",NULL
"1912","10a5140b00c0000a","evaluation","结果评估","合法, 违法","1095140b0000000c",NULL,NULL,"0","999","admin","2024-04-23 12:33:23","test_user","2024-04-23 12:33:23","0","0",NULL
"1913","10a5120a0010000b","user_region_transfer_id","编号",,"1095120a00000007",NULL,"1","1","999","admin","2024-04-23 12:40:15","admin","2025-02-13 13:38:44","0","0",NULL
"1914","10a5120a00200001","type","出让类型","抵押, 出让, 捐赠","1095120a00000007",NULL,NULL,"0","999","test_user","2024-04-23 12:40:34","admin","2024-04-23 12:41:40","0","0",NULL
"1915","10a5120a00300004","motivation","出让原因","变现需求, 福利捐赠, 废弃处理","1095120a00000007",NULL,NULL,"0","999","test_user","2024-04-23 12:40:52","admin","2024-04-23 12:41:51","0","0",NULL
"1916","10a5120a00400007","mode","出让方式","拍卖, 招标, 挂牌","1095120a00000007",NULL,NULL,"0","999","test_user","2024-04-23 12:41:10","admin","2024-04-23 12:41:56","0","0",NULL
"1917","10a5120a0050000a","result","出让结果","现金收入, 荣誉奖励","1095120a00000007",NULL,NULL,"0","999","test_user","2024-04-23 12:41:22","admin","2024-04-23 12:42:00","0","0",NULL
"1918","10a5120a00600000","cost","出让成本",,"1095120a00000007",NULL,NULL,"0","999","admin","2024-04-23 12:42:14","test_user","2024-04-23 12:42:14","0","0",NULL
"1919","10a5120a00700003","tpye_of_right","权利类型","所有权、使用权","1095120a00000007",NULL,NULL,"0","999","admin","2024-04-23 12:42:29","test_user","2024-04-23 12:42:29","0","0",NULL
"1920","10a5120a00800006","state","当前状态","合同签订、权属登记、实物交割、合约到期","1095120a00000007",NULL,NULL,"0","999","admin","2024-04-23 12:42:55","test_user","2024-04-23 12:42:55","0","0",NULL
"1921","10a5120a00900009","evaluation","结果评估","合法, 违法","1095120a00000007",NULL,NULL,"0","999","admin","2024-04-23 12:43:11","test_user","2024-04-23 12:43:11","0","0",NULL
"1922","10a5120a00a0000c","start_time","签订时间",,"1095120a00000007",NULL,NULL,"0","999","test_user","2024-04-23 12:43:25","admin","2024-04-28 13:06:15","0","0",NULL
"1923","10a5120a00b00002","frequency","管辖指导频次","每月一次, 每周一次, 不定时间","1095550300000001",NULL,NULL,"0","999","test_user","2024-04-23 12:43:40","admin","2024-04-28 13:06:19","0","0",NULL
"1924","10a5120a00c00005","duration","合约期限",,"1095120a00000007",NULL,NULL,"0","999","admin","2024-04-23 12:43:49","test_user","2024-04-23 12:43:49","0","0",NULL
"1925","10a5110c00100003","user_user_trade_id","编号",,"1095110c0000000c",NULL,"1","1","999","admin","2024-04-23 12:45:09","admin","2025-02-13 13:38:44","0","0",NULL
"1926","10a5110c00200006","type","交易类型",,"1095110c0000000c",NULL,NULL,"0","999","admin","2024-04-23 12:45:20","test_user","2024-04-23 12:45:20","0","0",NULL
"1927","10a5110c00300009","motivation","交易原因",,"1095110c0000000c",NULL,NULL,"0","999","admin","2024-04-23 12:45:29","test_user","2024-04-23 12:45:29","0","0",NULL
"1928","10a5110c0040000c","mode","交易方式","线上、线下","1095110c0000000c",NULL,NULL,"0","999","test_user","2024-04-23 12:45:38","admin","2024-04-23 12:46:32","0","0",NULL
"1929","10a5110c00500002","result","交易结果","现金收入","1095110c0000000c",NULL,NULL,"0","999","admin","2024-04-23 12:46:12","test_user","2024-04-23 12:46:12","0","0",NULL
"1930","10a5110c00600005","cost","交易成本",,"1095110c0000000c",NULL,NULL,"0","999","admin","2024-04-23 12:48:10","test_user","2024-04-23 12:48:10","0","0",NULL
"1931","10a5110c00700008","state","当前状态","合同签订、权属登记、实物交割、合约到期","1095110c0000000c",NULL,NULL,"0","999","admin","2024-04-23 12:48:29","test_user","2024-04-23 12:48:29","0","0",NULL
"1932","10a5110c0080000b","evaluation","结果评估","合法, 违法","1095110c0000000c",NULL,NULL,"0","999","admin","2024-04-23 12:48:41","test_user","2024-04-23 12:48:41","0","0",NULL
"1933","10a5110c00900001","start_time","签订时间",,"1095110c0000000c",NULL,NULL,"0","999","test_user","2024-04-23 12:48:52","admin","2024-04-28 13:06:03","0","0",NULL
"1934","10a5110c00a00004","end_time","到期时间",,"1095110c0000000c",NULL,NULL,"0","999","test_user","2024-04-23 12:49:02","admin","2024-04-28 13:06:07","0","0",NULL
"1935","10a5110c00b00007","duration","合约期限",,"1095110c0000000c",NULL,NULL,"0","999","admin","2024-04-23 12:49:11","test_user","2024-04-23 12:49:11","0","0",NULL
"1936","10a5540800100006","organization_object_transfer_id","编号",,"1095540800000002",NULL,"1","1","999","admin","2024-04-23 12:51:15","admin","2025-02-13 13:38:44","0","0",NULL
"1937","10a5540800200009","type","出让类型","抵押, 出让, 捐赠","1095540800000002",NULL,NULL,"0","999","admin","2024-04-23 12:51:35","test_user","2024-04-23 12:51:35","0","0",NULL
"1938","10a554080030000c","motivation","出让原因","变现需求, 福利捐赠, 废弃处理","1095540800000002",NULL,NULL,"0","999","admin","2024-04-23 12:51:46","test_user","2024-04-23 12:51:46","0","0",NULL
"1939","10a5540800400002","mode","出让方式","拍卖, 招标, 挂牌","1095540800000002",NULL,NULL,"0","999","admin","2024-04-23 12:51:59","test_user","2024-04-23 12:51:59","0","0",NULL
"1940","10a5540800500005","result","出让结果","现金收入, 荣誉奖励","1095540800000002",NULL,NULL,"0","999","admin","2024-04-23 12:52:11","test_user","2024-04-23 12:52:11","0","0",NULL
"1941","10a5540800600008","cost","出让成本",,"1095540800000002",NULL,NULL,"0","999","admin","2024-04-23 12:52:20","test_user","2024-04-23 12:52:20","0","0",NULL
"1942","10a554080070000b","tpye_of_right","权利类型","所有权、使用权","1095540800000002",NULL,NULL,"0","999","admin","2024-04-23 12:52:32","test_user","2024-04-23 12:52:32","0","0",NULL
"1943","10a5540800800001","state","当前状态","合同签订、权属登记、实物交割、合约到期","1095540800000002",NULL,NULL,"0","999","admin","2024-04-23 12:52:43","test_user","2024-04-23 12:52:43","0","0",NULL
"1944","10a5540800900004","evaluation","结果评估","合法, 违法","1095540800000002",NULL,NULL,"0","999","admin","2024-04-23 12:52:55","test_user","2024-04-23 12:52:55","0","0",NULL
"1945","10a5540800a00007","start_time","签订时间",,"1095540800000002",NULL,NULL,"0","999","test_user","2024-04-23 12:53:07","admin","2024-04-28 13:07:24","0","0",NULL
"1946","10a5540800b0000a","end_time","到期时间",,"1095540800000002",NULL,NULL,"0","999","test_user","2024-04-23 12:53:23","admin","2024-04-28 13:07:29","0","0",NULL
"1947","10a5540800c00000","duration","合约期限",,"1095540800000002",NULL,NULL,"0","999","admin","2024-04-23 12:53:44","test_user","2024-04-23 12:53:44","0","0",NULL
"1948","10a5520700100001","organization_region_transfer_id","编号",,"109552070000000a",NULL,"1","1","999","admin","2024-04-23 12:55:27","admin","2025-02-13 13:38:44","0","0",NULL
"1949","10a5520700200004","type","出让类型","抵押, 出让, 捐赠","109552070000000a",NULL,NULL,"0","999","admin","2024-04-23 12:55:46","test_user","2024-04-23 12:55:46","0","0",NULL
"1950","10a5520700300007","motivation","出让原因","变现需求, 福利捐赠, 废弃处理","109552070000000a",NULL,NULL,"0","999","admin","2024-04-23 12:55:56","test_user","2024-04-23 12:55:56","0","0",NULL
"1951","10a552070040000a","mode","出让方式","拍卖, 招标, 挂牌","109552070000000a",NULL,NULL,"0","999","admin","2024-04-23 12:56:07","test_user","2024-04-23 12:56:07","0","0",NULL
"1952","10a5520700500000","result","出让结果","现金收入, 荣誉奖励","109552070000000a",NULL,NULL,"0","999","admin","2024-04-23 12:56:19","test_user","2024-04-23 12:56:19","0","0",NULL
"1953","10a5520700600003","cost","出让成本",,"109552070000000a",NULL,NULL,"0","999","admin","2024-04-23 12:56:28","test_user","2024-04-23 12:56:28","0","0",NULL
"1954","10a5520700700006","tpye_of_right","权利类型","所有权、使用权","109552070000000a",NULL,NULL,"0","999","admin","2024-04-23 12:56:40","test_user","2024-04-23 12:56:40","0","0",NULL
"1955","10a5520700800009","state","当前状态","合同签订、权属登记、实物交割、合约到期","109552070000000a",NULL,NULL,"0","999","admin","2024-04-23 12:56:54","test_user","2024-04-23 12:56:54","0","0",NULL
"1956","10a552070090000c","evaluation","结果评估","合法, 违法","109552070000000a",NULL,NULL,"0","999","admin","2024-04-23 12:57:06","test_user","2024-04-23 12:57:06","0","0",NULL
"1957","10a5520700a00002","start_time","签订时间",,"109552070000000a",NULL,NULL,"0","999","test_user","2024-04-23 12:57:15","admin","2024-04-28 13:06:45","0","0",NULL
"1958","10a5520700b00005","end_time","到期时间",,"109552070000000a",NULL,NULL,"0","999","test_user","2024-04-23 12:57:23","admin","2024-04-28 13:07:16","0","0",NULL
"1959","10a5520700c00008","duration","合约期限",,"109552070000000a",NULL,NULL,"0","999","admin","2024-04-23 12:57:30","test_user","2024-04-23 12:57:30","0","0",NULL
"1960","10a5550600100001","organization_organization_trade_id","编号",,"109555060000000a",NULL,"1","0","999","admin","2024-04-23 12:57:54","admin","2025-02-13 13:38:44","0","0",NULL
"1961","10a5550600200004","type","交易类型",,"109555060000000a",NULL,NULL,"0","999","admin","2024-04-23 12:58:09","test_user","2024-04-23 12:58:09","0","0",NULL
"1962","10a5550600300007","motivation","交易原因",,"109555060000000a",NULL,NULL,"0","999","admin","2024-04-23 12:58:17","test_user","2024-04-23 12:58:17","0","0",NULL
"1963","10a555060040000a","mode","交易方式","线上、线下","109555060000000a",NULL,NULL,"0","999","admin","2024-04-23 12:58:28","test_user","2024-04-23 12:58:28","0","0",NULL
"1964","10a5550600500000","result","交易结果","现金收入","109555060000000a",NULL,NULL,"0","999","admin","2024-04-23 12:58:40","test_user","2024-04-23 12:58:40","0","0",NULL
"1965","10a5550600600003","cost","交易成本",,"109555060000000a",NULL,NULL,"0","999","admin","2024-04-23 12:58:50","test_user","2024-04-23 12:58:50","0","0",NULL
"1966","10a5550600700006","state","当前状态","合同签订、权属登记、实物交割、合约到期","109555060000000a",NULL,NULL,"0","999","admin","2024-04-23 12:59:01","test_user","2024-04-23 12:59:01","0","0",NULL
"1967","10a5550600800009","evaluation","结果评估","合法, 违法","109555060000000a",NULL,NULL,"0","999","admin","2024-04-23 12:59:12","test_user","2024-04-23 12:59:12","0","0",NULL
"1968","10a555060090000c","start_time","签订时间",,"109555060000000a",NULL,NULL,"0","999","test_user","2024-04-23 12:59:21","admin","2024-04-28 13:05:32","0","0",NULL
"1969","10a5550600a00002","end_time","到期时间",,"109555060000000a",NULL,NULL,"0","999","test_user","2024-04-23 12:59:30","admin","2024-04-28 13:05:37","0","0",NULL
"1970","10a5550600b00005","duration","合约期限",,"109555060000000a",NULL,NULL,"0","999","admin","2024-04-23 12:59:38","test_user","2024-04-23 12:59:38","0","0",NULL
"1971","10a5150700100005","user_organization_trade_id","编号",,"1095150700000001",NULL,"1","1","999","admin","2024-04-23 13:00:34","admin","2025-02-13 13:38:44","0","0",NULL
"1972","10a5150700200008","type","交易类型",,"1095150700000001",NULL,NULL,"0","999","admin","2024-04-23 13:00:44","test_user","2024-04-23 13:00:44","0","0",NULL
"1973","10a515070030000b","motivation","交易原因",,"1095150700000001",NULL,NULL,"0","999","admin","2024-04-23 13:00:50","test_user","2024-04-23 13:00:50","0","0",NULL
"1974","10a5150700400001","mode","交易方式","线上、线下","1095150700000001",NULL,NULL,"0","999","admin","2024-04-23 13:01:01","test_user","2024-04-23 13:01:01","0","0",NULL
"1975","10a5150700500004","result","交易结果","现金收入","1095150700000001",NULL,NULL,"0","999","admin","2024-04-23 13:01:11","test_user","2024-04-23 13:01:11","0","0",NULL
"1976","10a5150700600007","cost","交易成本",,"1095150700000001",NULL,NULL,"0","999","admin","2024-04-23 13:01:18","test_user","2024-04-23 13:01:18","0","0",NULL
"1977","10a515070070000a","state","当前状态","合同签订、权属登记、实物交割、合约到期","1095150700000001",NULL,NULL,"0","999","admin","2024-04-23 13:01:31","test_user","2024-04-23 13:01:31","0","0",NULL
"1978","10a5150700800000","evaluation","结果评估","合法, 违法","1095150700000001",NULL,NULL,"0","999","admin","2024-04-23 13:01:42","test_user","2024-04-23 13:01:42","0","0",NULL
"1979","10a5150700900003","start_time","签订时间",,"1095150700000001",NULL,NULL,"0","999","test_user","2024-04-23 13:01:51","admin","2024-04-28 13:05:49","0","0",NULL
"1980","10a5150700a00006","end_time","到期时间",,"1095150700000001",NULL,NULL,"0","999","test_user","2024-04-23 13:01:59","admin","2024-04-28 13:05:52","0","0",NULL
"1981","10a5150700b00009","duration","合约期限",,"1095150700000001",NULL,NULL,"0","999","admin","2024-04-23 13:02:08","test_user","2024-04-23 13:02:08","0","0",NULL
"1982","1065030001700002","duration","持续时长",,"1051030000000000","0",NULL,"0","16","admin","2024-04-24 12:19:44","qidekang","2024-11-06 17:03:20","0","0",NULL
"1983","10a5110100f0000c","time","服务时间",,"1095110100000005",NULL,NULL,"0","999","admin","2024-04-24 13:43:46","test_user","2024-04-24 13:43:46","0","0",NULL
"1984","10a5110200a00000","time","冲突时间",,"1095110200000008",NULL,NULL,"0","999","admin","2024-04-24 13:44:27","test_user","2024-04-24 13:44:27","0","0",NULL
"1985","10a5110300b00006","time","发生时间",,"109511030000000b",NULL,NULL,"0","6","test_user","2024-04-24 13:45:46","admin","2024-04-24 13:46:18","0","0",NULL
"1986","10a5110400c0000c","time","合作时间",,"1095110400000001",NULL,NULL,"0","999","test_user","2024-04-25 06:17:10","admin","2024-04-25 07:23:22","0","0",NULL
"1987","10a5110500e00008","time","发生时间",,"1095110500000004",NULL,NULL,"0","999","admin","2024-04-25 06:17:51","test_user","2024-04-25 06:17:51","0","0",NULL
"1988","10a5110a00800005","time","发生时间",,"1095110a00000006",NULL,NULL,"0","999","admin","2024-04-25 06:18:14","test_user","2024-04-25 06:18:14","0","0",NULL
"1989","10a5110b00800008","time","发生时间",,"1095110b00000009",NULL,NULL,"0","999","admin","2024-04-25 06:18:36","test_user","2024-04-25 06:18:36","0","0",NULL
"1990","10a512030080000b","time","发生时间",,"109512030000000c",NULL,NULL,"0","999","admin","2024-04-25 06:22:06","test_user","2024-04-25 06:22:06","0","0",NULL
"1991","10a5120500c00003","start_time","发生时间",,"1095120500000005",NULL,NULL,"0","8","test_user","2024-04-25 06:26:20","guochengjie","2025-02-14 11:11:56","0","0",NULL
"1992","10a5120700f00005","time","发生时间",,"109512070000000b",NULL,NULL,"0","999","admin","2024-04-25 06:27:02","test_user","2024-04-25 06:27:02","0","0",NULL
"1993","10a5120800e00005","time","发生时间",,"1095120800000001",NULL,NULL,"0","999","admin","2024-04-25 06:27:50","test_user","2024-04-25 06:27:50","0","0",NULL
"1994","10a5130100f00001","time","发生时间",,"1095130100000007",NULL,NULL,"0","999","admin","2024-04-25 06:28:52","test_user","2024-04-25 06:28:52","0","0",NULL
"1995","10a5130200c00008","time","参与时间",,"109513020000000a",NULL,NULL,"0","999","admin","2024-04-25 06:29:33","test_user","2024-04-25 06:29:33","0","0",NULL
"1996","10a5130300d00001","time","处置时间",,"1095130300000000",NULL,NULL,"0","999","admin","2024-04-25 06:29:59","test_user","2024-04-25 06:29:59","0","0",NULL
"1997","10a5130400e00007","time","发生时间",,"1095130400000003",NULL,NULL,"0","999","admin","2024-04-25 06:30:35","test_user","2024-04-25 06:30:35","0","0",NULL
"1998","10a5130500900008","time","发生时间",,"1095130500000006",NULL,NULL,"0","999","admin","2024-04-25 06:30:58","test_user","2024-04-25 06:30:58","0","0",NULL
"1999","10a5140100d00009","time","设计时间",,"1095140100000008",NULL,NULL,"0","999","admin","2024-04-25 06:31:25","test_user","2024-04-25 06:31:25","0","0",NULL
"2000","10a5140200d0000c","time","制造时间",,"109514020000000b",NULL,NULL,"0","999","admin","2024-04-25 06:31:49","test_user","2024-04-25 06:31:49","0","0",NULL
"2001","10a5140300b00009","time","使用时间",,"1095140300000001",NULL,NULL,"0","999","admin","2024-04-25 06:32:16","test_user","2024-04-25 06:32:16","0","0",NULL
"2002","10a5140400b0000c","get_time","获得时间",,"1095140400000004",NULL,NULL,"0","7","test_user","2024-04-25 06:32:37","qidekang","2024-06-24 13:20:08","0","0",NULL
"2003","10a5140600f00004","time","发生时间",,"109514060000000a",NULL,NULL,"0","999","admin","2024-04-25 06:32:57","test_user","2024-04-25 06:32:57","0","0",NULL
"2004","10a5140700e00004","time","发生时间",,"1095140700000000",NULL,NULL,"0","999","admin","2024-04-25 06:33:19","test_user","2024-04-25 06:33:19","0","0",NULL
"2005","10a5140800a00008","time","发生时间",,"1095140800000003",NULL,NULL,"0","999","admin","2024-04-25 06:33:52","test_user","2024-04-25 06:33:52","0","0",NULL
"2006","10a5140a0090000b","time","发生时间",,"1095140a00000009",NULL,NULL,"0","999","admin","2024-04-25 06:34:24","test_user","2024-04-25 06:34:24","0","0",NULL
"2007","10a5150200c0000a","time","开始时间",,"109515020000000c",NULL,NULL,"0","7","test_user","2024-04-25 06:35:32","admin","2024-06-14 13:03:50","0","0",NULL
"2008","10a5150301200005","working_hours","工作时间",,"1095150300000002",NULL,NULL,"0","15","admin","2024-04-25 06:39:24","qidekang","2024-04-25 06:39:24","0","0",NULL
"2009","10a5150400c00003","time","授予时间",,"1095150400000005",NULL,NULL,"0","8","admin","2024-04-25 06:40:00","admin","2024-04-25 06:40:00","0","0",NULL
"2010","10a5150500d00009","working_hours","工作时间",,"1095150500000008",NULL,NULL,"0","999","admin","2024-04-25 06:41:01","test_user","2024-04-25 06:41:01","0","0",NULL
"2011","10a522010090000b","time","发生时间",,"1095220100000009",NULL,NULL,"0","999","admin","2024-04-25 06:43:09","test_user","2024-04-25 06:43:09","0","0",NULL
"2012","10a5220200b00007","time","发生时间",,"109522020000000c",NULL,NULL,"0","999","admin","2024-04-25 06:43:33","test_user","2024-04-25 06:43:33","0","0",NULL
"2013","10a5220300a00007","time","发生时间",,"1095220300000002",NULL,NULL,"0","999","admin","2024-04-25 06:44:05","test_user","2024-04-25 06:44:05","0","0",NULL
"2014","10a523010090000c","time","发生时间",,"109523010000000a",NULL,NULL,"0","3","admin","2024-04-25 06:53:42","admin","2024-04-25 06:53:42","0","0",NULL
"2015","10a5230300a00008","time","发生时间",,"1095230300000003",NULL,NULL,"0","999","admin","2024-04-25 06:55:28","test_user","2024-04-25 06:55:28","0","0",NULL
"2016","10a5230100a00002","duration","持续时长",,"109523010000000a",NULL,NULL,"0","4","admin","2024-04-25 06:56:16","admin","2024-04-25 06:56:16","0","0",NULL
"2017","10a5220400c00003","duration","持续时长",,"1095220400000005",NULL,NULL,"0","999","admin","2024-04-25 06:56:43","test_user","2024-04-25 06:56:43","0","0",NULL
"2018","10a5220100a00001","duration","持续时长",,"1095220100000009",NULL,NULL,"0","999","admin","2024-04-25 06:57:46","test_user","2024-04-25 06:57:46","0","0",NULL
"2019","10a5220200c0000a","duration","持续时长",,"109522020000000c",NULL,NULL,"0","999","admin","2024-04-25 06:57:58","test_user","2024-04-25 06:57:58","0","0",NULL
"2020","10a5220300b0000a","duration","持续时长",,"1095220300000002",NULL,NULL,"0","999","admin","2024-04-25 06:58:10","test_user","2024-04-25 06:58:10","0","0",NULL
"2021","10a5240100a00003","time","发生时间",,"109524010000000b",NULL,NULL,"0","999","admin","2024-04-25 06:59:32","test_user","2024-04-25 06:59:32","0","0",NULL
"2022","10a5240300800003","time","服务时间",,"1095240300000004",NULL,NULL,"0","999","test_user","2024-04-25 07:00:15","admin","2024-04-25 07:00:30","1","0",NULL
"2023","10a5330200800002","time","发生时间",,"1095330200000003",NULL,NULL,"0","999","admin","2024-04-25 07:01:23","test_user","2024-04-25 07:01:23","0","0",NULL
"2024","10a5330100a00005","time","发生时间",,"1095330100000000",NULL,NULL,"0","999","admin","2024-04-25 07:01:47","test_user","2024-04-25 07:01:47","0","0",NULL
"2025","10a5330300900008","time","发生时间",,"1095330300000006",NULL,NULL,"0","999","admin","2024-04-25 07:02:07","test_user","2024-04-25 07:02:07","0","0",NULL
"2026","10a5340100800000","time","发生时间",,"1095340100000001",NULL,NULL,"0","999","admin","2024-04-25 07:02:33","test_user","2024-04-25 07:02:33","0","0",NULL
"2027","10a5340200800003","time","发生时间",,"1095340200000004",NULL,NULL,"0","999","admin","2024-04-25 07:03:04","test_user","2024-04-25 07:03:04","0","0",NULL
"2028","10a5340300a0000c","time","发生时间",,"1095340300000007",NULL,NULL,"0","999","admin","2024-04-25 07:05:07","test_user","2024-04-25 07:05:07","0","0",NULL
"2029","10a5440100a00009","time","发生时间",,"1095440100000004",NULL,NULL,"0","999","admin","2024-04-25 07:05:36","test_user","2024-04-25 07:05:36","0","0",NULL
"2030","10a5440200d00008","time","连通时间",,"1095440200000007",NULL,NULL,"0","999","admin","2024-04-25 07:06:27","test_user","2024-04-25 07:06:27","0","0",NULL
"2031","10a5440300a00002","time","发生时间",,"109544030000000a",NULL,NULL,"0","999","admin","2024-04-25 07:06:49","test_user","2024-04-25 07:06:49","0","0",NULL
"2032","10a5440400c0000b","time","发生时间",,"1095440400000000",NULL,NULL,"0","999","admin","2024-04-25 07:07:13","test_user","2024-04-25 07:07:13","0","0",NULL
"2033","10a5440500b0000b","time","发生时间",,"1095440500000003",NULL,NULL,"0","999","admin","2024-04-25 07:07:42","test_user","2024-04-25 07:07:42","0","0",NULL
"2034","10a5520500c00002","time","发生时间",,"1095520500000004",NULL,NULL,"0","999","admin","2024-04-25 07:08:24","test_user","2024-04-25 07:08:24","0","0",NULL
"2035","10a5520600c00005","time","发生时间",,"1095520600000007",NULL,NULL,"0","999","admin","2024-04-25 07:16:44","test_user","2024-04-25 07:16:44","0","0",NULL
"2036","10a5530100c00004","time","参与时间",,"1095530100000006",NULL,NULL,"0","999","admin","2024-04-25 07:17:14","test_user","2024-04-25 07:17:14","0","0",NULL
"2037","10a553020090000b","time","发生时间",,"1095530200000009",NULL,NULL,"0","999","admin","2024-04-25 07:17:42","test_user","2024-04-25 07:17:42","0","0",NULL
"2038","10a5530300d00000","time","处置时间",,"109553030000000c",NULL,NULL,"0","999","admin","2024-04-25 07:18:00","test_user","2024-04-25 07:18:00","0","0",NULL
"2039","10a5530400e00006","time","发生时间",,"1095530400000002",NULL,NULL,"0","999","admin","2024-04-25 07:18:18","test_user","2024-04-25 07:18:18","0","0",NULL
"2040","10a5530500e00009","time","制造时间",,"1095530500000005",NULL,NULL,"0","999","admin","2024-04-25 07:18:44","test_user","2024-04-25 07:18:44","0","0",NULL
"2041","10a5540100c00005","time","生产时间",,"1095540100000007",NULL,NULL,"0","999","admin","2024-04-25 07:19:09","test_user","2024-04-25 07:19:09","0","0",NULL
"2042","10a5540400c00001","time","发生时间",,"1095540400000003",NULL,NULL,"0","999","admin","2024-04-25 07:19:29","test_user","2024-04-25 07:19:29","0","0",NULL
"2043","10a5540500c00004","time","发生时间",,"1095540500000006",NULL,NULL,"0","999","admin","2024-04-25 07:19:45","test_user","2024-04-25 07:19:45","0","0",NULL
"2044","10a5540600d0000a","time","设计时间",,"1095540600000009",NULL,NULL,"0","999","admin","2024-04-25 07:20:05","test_user","2024-04-25 07:20:05","0","0",NULL
"2045","10a5540700900001","time","使用时间",,"109554070000000c",NULL,NULL,"0","999","admin","2024-04-25 07:20:30","test_user","2024-04-25 07:20:30","0","0",NULL
"2046","10a5550100b00003","time","发生时间",,"1095550100000008",NULL,NULL,"0","999","admin","2024-04-25 07:20:52","test_user","2024-04-25 07:20:52","0","0",NULL
"2047","10a5550300c0000c","time","发生时间",,"1095550300000001",NULL,NULL,"0","999","admin","2024-04-25 07:21:14","test_user","2024-04-25 07:21:14","0","0",NULL
"2048","10a5550400d00005","time","合作时间",,"1095550400000004",NULL,NULL,"0","999","admin","2024-04-25 07:23:00","test_user","2024-04-25 07:23:00","0","0",NULL
"2049","10a5550500b00002","time","发生时间",,"1095550500000007",NULL,NULL,"0","999","admin","2024-04-25 07:23:48","test_user","2024-04-25 07:23:48","0","0",NULL
"2050","1065050001800007","level","级别","央企、国企、省属、市属；总公司、一级子公司、二级子公司、三级子公司","1051050000000002","0",NULL,"0","4","admin","2024-04-28 10:24:06","qidekang","2024-11-06 17:03:20","0","0",NULL
"2051","10a5120500d00006","cost","成本",,"1095120500000005",NULL,NULL,"0","1","admin","2024-04-28 10:28:43","guochengjie","2024-04-28 10:28:43","0","0",NULL
"2052","1065040001800006","size","尺寸",,"1051040000000001","0",NULL,"0","4","admin","2024-04-28 13:12:29","qidekang","2024-11-06 17:03:20","0","0",NULL
"2053","106505000190000a","contact_information","联系方式",,"1051050000000002","0",NULL,"0","999","admin","2024-04-28 13:18:32","admin","2024-11-06 17:03:20","1","0",NULL
"2054","10a5150100c00007","equity_shares","股权份额",,"1095150100000009",NULL,NULL,"0","999","admin","2024-04-28 13:22:30","test_user","2024-04-28 13:22:30","0","0",NULL
"2055","10a5150301300008","reason_for_leave","离职原因",,"1095150300000002",NULL,NULL,"0","4","admin","2024-04-28 13:23:48","qidekang","2024-04-28 13:23:48","0","0",NULL
"2056","1065030001800005","cost","成本",,"1051030000000000","0",NULL,"0","6","test_user","2024-04-28 13:30:10","qidekang","2024-11-06 17:03:20","0","0",NULL
"2057","1065030001900008","risk_level","风险等级",,"1051030000000000","0",NULL,"0","7","admin","2024-04-28 13:31:53","qidekang","2024-11-06 17:03:20","0","0",NULL
"2058","1065020001500008","size","尺寸",,"105102000000000c","0",NULL,"0","7","admin","2024-05-07 09:02:39","qidekang","2024-11-06 17:03:20","0","0",NULL
"2059","1065040001900009","specification","规格",,"1051040000000001","0",NULL,"0","5","admin","2024-05-14 12:42:31","qidekang","2024-11-06 17:03:20","0","0",NULL
"2060","1065040001a0000c","value","价值",,"1051040000000001","0",NULL,"0","999","test_user","2024-05-14 14:13:17","admin","2024-11-06 17:03:20","1","0",NULL
"2061","10a544060010000a","object_object_associated_id","编号",,"1095440600000006",NULL,"1","1","999","admin","2024-05-14 14:46:16","admin","2025-02-13 13:38:44","0","0",NULL
"2062","10a5440600200000","type","关联类型",,"1095440600000006",NULL,NULL,"0","999","admin","2024-05-14 14:47:47","test_user","2024-05-14 14:47:47","0","0",NULL
"2063","10a5440600300003","correlation","关联程度","直接关联、间接关联","1095440600000006",NULL,NULL,"0","999","test_user","2024-05-14 14:48:26","qidekang","2024-08-11 23:51:32","0","0",NULL
"2064","10a5440600400006","start_time","开始时间",,"1095440600000006",NULL,NULL,"0","999","admin","2024-05-14 14:48:52","test_user","2024-05-14 14:48:52","0","0",NULL
"2065","10a5440600500009","end_time","结束时间",,"1095440600000006",NULL,NULL,"0","999","admin","2024-05-14 14:49:05","test_user","2024-05-14 14:49:05","0","0",NULL
"2066","10a544060060000c","duration","持续时长",,"1095440600000006",NULL,NULL,"0","999","admin","2024-05-14 14:49:14","test_user","2024-05-14 14:49:14","0","0",NULL
"2067","10a5440600700002","does_it_exist","是否关联",,"1095440600000006",NULL,NULL,"0","999","admin","2024-05-14 14:49:26","test_user","2024-05-14 14:49:26","0","0",NULL
"2068","1065010002400000","ability","能力",,"105101000000000b","0",NULL,"0","19","admin","2024-05-14 15:00:02","chenshun","2024-11-06 17:03:20","0","0",NULL
"2069","1065010002500003","resume_experience","履历",,"105101000000000b","0",NULL,"0","28","test_user","2024-05-16 12:38:01","chenshun","2024-11-06 17:03:20","0","0",NULL
"2070","10a5130200d0000b","type","参与类型",,"109513020000000a",NULL,NULL,"0","999","admin","2024-05-16 13:12:13","test_user","2024-05-16 13:12:13","0","0",NULL
"2071","10a515030140000b","admission_time","入学时间","与就读院校关系术语绑定","1095150300000002",NULL,NULL,"0","999","test_user","2024-05-18 14:42:37","qidekang","2024-06-14 13:50:57","1","0",NULL
"2072","10a5150301500001","graduation_time","毕业时间","与就读院校关系术语绑定","1095150300000002",NULL,NULL,"0","999","test_user","2024-05-18 14:55:37","qidekang","2024-06-14 13:50:38","1","0",NULL
"2073","10a5150301600004","employment_type","用工类型","国家编制，劳务派遣；劳动合同，劳务合同","1095150300000002",NULL,NULL,"0","0","test_user","2024-05-18 14:58:14","qidekang","2024-06-25 13:29:11","0","0",NULL
"2074","10a5150301700007","student_tpye","学制类型","全日制，非全日制。与就读院校关系术语绑定","1095150300000002",NULL,NULL,"0","4","test_user","2024-05-18 14:58:40","qidekang","2024-06-14 13:50:06","1","0",NULL
"2075","10a515030180000a","grade","年级","与就读院校关系术语绑定","1095150300000002",NULL,NULL,"0","999","test_user","2024-05-18 14:59:37","qidekang","2024-05-20 09:47:31","1","0",NULL
"2076","10a5150301900000","admission_method","入学方式","与就读院校关系术语绑定","1095150300000002",NULL,NULL,"0","999","test_user","2024-05-18 15:00:22","qidekang","2024-05-20 09:47:35","1","0",NULL
"2077","10a5150301a00003","academic_performance","学业成绩","与就读院校关系术语绑定","1095150300000002",NULL,NULL,"0","999","test_user","2024-05-18 15:00:54","qidekang","2024-05-20 09:47:39","1","0",NULL
"2078","10a5150800100008","user_organization_declare_id","编号",,"1095150800000004",NULL,"1","1","999","test_user","2024-05-18 15:19:39","admin","2025-02-13 13:38:44","0","0",NULL
"2079","10a515080020000b","type","申报类型","求职、报考、申报奖项","1095150800000004",NULL,NULL,"0","999","test_user","2024-05-18 15:20:02","admin","2024-05-18 15:21:06","0","0",NULL
"2080","10a5150800300001","ranking","意愿排序","第一志愿、第二志愿","1095150800000004",NULL,NULL,"0","999","test_user","2024-05-18 15:22:41","admin","2024-05-18 15:23:00","0","0",NULL
"2081","10a5150800400004","whether_to_adjust","是否调剂",,"1095150800000004",NULL,NULL,"0","999","test_user","2024-05-18 15:24:02","admin","2024-05-22 11:00:35","0","0",NULL
"2082","10a5150800500007","start_time","报名开始时间",,"1095150800000004",NULL,NULL,"0","999","test_user","2024-05-18 15:24:32","admin","2024-05-18 15:24:59","0","0",NULL
"2083","10a515080060000a","end_time","报名截止时间",,"1095150800000004",NULL,NULL,"0","999","admin","2024-05-18 15:24:53","test_user","2024-05-18 15:24:53","0","0",NULL
"2084","10a5150800700000","submission_time","提交时间",,"1095150800000004",NULL,NULL,"0","999","test_user","2024-05-18 15:25:11","admin","2024-05-18 15:25:50","0","0",NULL
"2085","10a5150800800003","announcement_time","公布时间",,"1095150800000004",NULL,NULL,"0","999","admin","2024-05-18 15:26:21","test_user","2024-05-18 15:26:21","0","0",NULL
"2086","10a5150800900006","does_it_exist","是否申报",,"1095150800000004",NULL,NULL,"0","999","admin","2024-05-18 15:26:37","test_user","2024-05-18 15:26:37","0","0",NULL
"2087","10a5550000100009","declare","申报",,"1095550000000005",NULL,NULL,"0","999","admin","2024-05-18 15:31:39","admin","2024-05-18 15:31:39","1","0",NULL
"2088","10a5550700100004","organization_organization_declare_id","编号",,"1095550700000000",NULL,"1","1","999","admin","2024-05-18 15:33:03","admin","2025-02-13 13:38:44","0","0",NULL
"2089","10a5550700200007","type","申报类型","申报奖项，投标","1095550700000000",NULL,NULL,"0","999","admin","2024-05-18 15:33:29","test_user","2024-05-18 15:33:29","0","0",NULL
"2090","10a555070030000a","start_time","报名开始时间",,"1095550700000000",NULL,NULL,"0","999","admin","2024-05-18 15:34:02","test_user","2024-05-18 15:34:02","0","0",NULL
"2091","10a5550700400000","end_time","报名截止时间",,"1095550700000000",NULL,NULL,"0","999","admin","2024-05-18 15:34:13","test_user","2024-05-18 15:34:13","0","0",NULL
"2092","10a5550700500003","submission_time","提交时间",,"1095550700000000",NULL,NULL,"0","999","admin","2024-05-18 15:34:26","test_user","2024-05-18 15:34:26","0","0",NULL
"2093","10a5550700600006","announcement_time","公告时间",,"1095550700000000",NULL,NULL,"0","999","admin","2024-05-18 15:34:36","test_user","2024-05-18 15:34:36","0","0",NULL
"2094","10a5550700700009","does_it_exist","是否申报",,"1095550700000000",NULL,NULL,"0","999","admin","2024-05-18 15:34:50","test_user","2024-05-18 15:34:50","0","0",NULL
"2095","1061010000100002","vital_signs","生命体征",,"105101000000000b",NULL,NULL,"0","999","admin","2024-05-20 08:21:46","qidekang","2024-05-20 08:21:46","1","0",NULL
"2096","1065010002600006","vital_signs","生命体征","呼吸频率、体温、脉搏、血压","105101000000000b","0",NULL,"0","35","test_user","2024-05-20 08:23:04","chenshun","2024-11-06 17:03:20","0","0",NULL
"2097","10a5110c00c0000a","does_it_exist","有无交易",,"1095110c0000000c",NULL,NULL,"0","999","admin","2024-05-22 10:32:02","test_user","2024-05-22 10:32:02","0","0",NULL
"2098","10a5120a00d00008","does_it_exist","有无关系",,"1095120a00000007",NULL,NULL,"0","999","test_user","2024-05-22 10:32:27","admin","2024-05-22 10:32:44","0","0",NULL
"2099","10a5530100d00007","result","最终结果",,"1095530100000006",NULL,NULL,"0","999","test_user","2024-05-23 02:53:36","admin","2024-05-23 02:53:50","0","0",NULL
"2100","1065050001a00000","business_indicators","经营指标","营收、利润、成本、纳税、市值、资产、负债","1051050000000002","0",NULL,"0","5","test_user","2024-05-29 06:30:26","qidekang","2024-11-06 17:03:20","0","0",NULL
"2101","1065040001b00002","level","等级",,"1051040000000001","0",NULL,"0","10","admin","2024-06-04 14:37:45","qidekang","2024-11-06 17:03:20","0","0",NULL
"2102","10a515090010000b","type","管理类型","法院判决，交警罚款","1095150900000007",NULL,NULL,"0","1","test_user","2024-06-14 13:06:35","guochengjie","2024-06-14 13:07:12","0","0",NULL
"2103","10a5150900200001","mode","管理方式","直接，间接","1095150900000007",NULL,NULL,"0","2","admin","2024-06-14 13:07:31","guochengjie","2024-06-14 13:07:31","0","0",NULL
"2104","10a5110300c00009","type","管理类型",,"109511030000000b",NULL,NULL,"0","0","admin","2024-06-14 13:08:21","admin","2024-06-14 13:08:21","0","0",NULL
"2105","10a5150900300004","according_to_regulations","依据条例",,"1095150900000007",NULL,NULL,"0","3","admin","2024-06-14 13:09:46","guochengjie","2024-06-14 13:09:46","0","0",NULL
"2106","10a5150900400007","scope_of_authority","权限范畴",,"1095150900000007",NULL,NULL,"0","4","admin","2024-06-14 13:10:04","guochengjie","2024-06-14 13:10:04","0","0",NULL
"2107","10a515090050000a","frequency","管理频次","一天一次, 每周一次","1095150900000007",NULL,NULL,"0","5","admin","2024-06-14 13:10:30","guochengjie","2024-06-14 13:10:30","0","0",NULL
"2108","10a5150900600000","evaluation_result","效果评价","效率高, 效果好, 效率低, 效果好","1095150900000007",NULL,NULL,"0","6","admin","2024-06-14 13:11:04","guochengjie","2024-06-14 13:11:04","0","0",NULL
"2109","10a5150900700003","time","发生时间",,"1095150900000007",NULL,NULL,"0","7","admin","2024-06-14 13:11:16","guochengjie","2024-06-14 13:11:16","0","0",NULL
"2110","10a5150900800006","duration","持续时长",,"1095150900000007",NULL,NULL,"0","8","admin","2024-06-14 13:11:26","guochengjie","2024-06-14 13:11:26","0","0",NULL
"2111","10a5150a00100001","type","服务类型","咨询, 代理, 家政, 餐饮, 医护, 转运","1095150a0000000a",NULL,NULL,"0","0","admin","2024-06-14 13:38:50","guochengjie","2024-06-14 13:38:50","0","0",NULL
"2112","10a5150a00200004","mode","服务方式","线上咨询, 线下交谈, 实地走访","1095150a0000000a",NULL,NULL,"0","1","admin","2024-06-14 13:39:03","guochengjie","2024-06-14 13:39:03","0","0",NULL
"2113","10a5150a00300007","time","服务时间",,"1095150a0000000a",NULL,NULL,"0","2","admin","2024-06-14 13:39:16","guochengjie","2024-06-14 13:39:16","0","0",NULL
"2114","10a5150a0040000a","duration","服务时长",,"1095150a0000000a",NULL,NULL,"0","3","admin","2024-06-14 13:39:24","guochengjie","2024-06-14 13:39:24","0","0",NULL
"2115","10a5150a00500000","price","服务价格",,"1095150a0000000a",NULL,NULL,"0","5","admin","2024-06-14 13:39:36","guochengjie","2024-06-14 13:39:36","0","0",NULL
"2116","10a5150a00600003","frequency","服务频次",,"1095150a0000000a",NULL,NULL,"0","6","admin","2024-06-14 13:39:44","guochengjie","2024-06-14 13:39:44","0","0",NULL
"2117","10a5150a00700006","tool","使用工具",,"1095150a0000000a",NULL,NULL,"0","7","admin","2024-06-14 13:40:01","guochengjie","2024-06-14 13:40:01","0","0",NULL
"2118","10a5150a00800009","evaluation_result","服务评价",,"1095150a0000000a",NULL,NULL,"0","8","admin","2024-06-14 13:40:11","guochengjie","2024-06-14 13:40:11","0","0",NULL
"2119","10a5150a0090000c","resultant_product","结果产物",,"1095150a0000000a",NULL,NULL,"0","9","admin","2024-06-14 13:40:35","guochengjie","2024-06-14 13:40:35","0","0",NULL
"2120","10a5150a00a00002","does_it_exist","是否服务",,"1095150a0000000a",NULL,NULL,"0","10","admin","2024-06-14 13:40:47","guochengjie","2024-06-14 13:40:47","0","0",NULL
"2121","10a5150a00b00005","customer_demand","客户需求",,"1095150a0000000a",NULL,NULL,"0","11","admin","2024-06-14 13:40:59","guochengjie","2024-06-14 13:40:59","0","0",NULL
"2122","10a5140400c00002","validity_period","有效期限",,"1095140400000004",NULL,NULL,"0","8","qidekang","2024-06-24 13:14:51","qidekang","2024-06-24 13:14:51","0","0",NULL
"2123","10a5140400d00005","expiration_time","失效时间",,"1095140400000004",NULL,NULL,"0","9","qidekang","2024-06-24 13:18:54","qidekang","2024-06-24 13:18:54","0","0",NULL
"2124","10a5150b00100004","student_tpye","学制类型","全日制，非全日制","1095150b00000000",NULL,NULL,"0","1","qidekang","2024-06-25 13:21:13","guochengjie","2024-06-25 13:21:13","0","0",NULL
"2125","10a5150b00200007","admission_time","入学时间",,"1095150b00000000",NULL,NULL,"0","2","qidekang","2024-06-25 13:21:46","guochengjie","2024-06-25 13:21:46","0","0",NULL
"2126","10a5150b0030000a","graduation_time","毕业时间",,"1095150b00000000",NULL,NULL,"0","3","qidekang","2024-06-25 13:22:08","guochengjie","2024-06-25 13:22:08","0","0",NULL
"2127","10a5150b00400000","admission_method","入学方式",,"1095150b00000000",NULL,NULL,"0","4","qidekang","2024-06-25 13:22:29","guochengjie","2024-06-25 13:22:29","0","0",NULL
"2128","10a5150b00500003","grade","年级",,"1095150b00000000",NULL,NULL,"0","7","qidekang","2024-06-25 13:22:53","guochengjie","2024-06-25 13:22:53","0","0",NULL
"2129","10a5150b00600006","academic_performance","学业成绩",,"1095150b00000000",NULL,NULL,"0","8","qidekang","2024-06-25 13:23:07","guochengjie","2024-06-25 13:23:07","0","0",NULL
"2130","10a5150b00700009","entry_requirements","入学要求",,"1095150b00000000",NULL,NULL,"0","5","qidekang","2024-06-25 13:24:04","guochengjie","2024-06-25 13:24:04","0","0",NULL
"2131","10a5150b0080000c","does_it_exist","关系有无",,"1095150b00000000",NULL,NULL,"0","9","qidekang","2024-06-25 13:24:18","guochengjie","2024-06-25 13:24:18","0","0",NULL
"2132","10a5150b00900002","duration","学制时长","4年制，5年制","1095150b00000000",NULL,NULL,"0","6","qidekang","2024-06-25 13:25:51","guochengjie","2024-06-25 13:25:51","0","0",NULL
"2133","106502000160000b","level","等级","国家级、省级、地市级、区县级、街道级、社区级","105102000000000c","0",NULL,"0","999","qidekang","2024-07-03 09:08:16","test_user","2024-11-06 17:03:20","0","0",NULL
"2134","10a524040010000b","type","关联类型",,"1095240400000007",NULL,NULL,"0","999","qidekang","2024-08-11 23:50:43","test_user","2024-08-11 23:50:43","0","0",NULL
"2135","10a5240400200001","correlation","关联程度","直接关联、间接关联","1095240400000007",NULL,NULL,"0","999","qidekang","2024-08-11 23:51:20","test_user","2024-08-11 23:51:20","0","0",NULL
"2136","10a5240400300004","start_time","开始时间",,"1095240400000007",NULL,NULL,"0","999","qidekang","2024-08-11 23:52:02","test_user","2024-08-11 23:52:02","0","0",NULL
"2137","10a5240400400007","end_time","结束时间",,"1095240400000007",NULL,NULL,"0","999","qidekang","2024-08-11 23:52:12","test_user","2024-08-11 23:52:12","0","0",NULL
"2138","10a524040050000a","duration","持续时长",,"1095240400000007",NULL,NULL,"0","999","qidekang","2024-08-11 23:52:22","test_user","2024-08-11 23:52:22","0","0",NULL
"2139","10a5240400600000","does_it_exist","是否关联",,"1095240400000007",NULL,NULL,"0","999","qidekang","2024-08-11 23:52:36","test_user","2024-08-11 23:52:36","0","0",NULL
"2140","1065020001700001","location","定位",,"105102000000000c","0",NULL,"0","17","qidekang","2024-07-08 02:13:18","qidekang","2024-09-10 18:23:39","0","0",NULL
"2141","1061050000400002","opening_hours","营业时间",,"1051050000000002","0",NULL,"0","9","qidekang","2024-12-05 16:19:33","qidekang","2024-12-05 22:11:12","0","0",NULL
"2142","10a5150400d00006","type","类型",,"1095150400000005",NULL,NULL,"0","999","qidekang","2025-01-18 02:57:22","test_user","2025-01-18 02:57:22","0","0",NULL
"2143","10a5110101000002","payment_method","付款方式",,"1095110100000005",NULL,NULL,"0","999","qidekang","2025-02-11 12:08:31","test_user","2025-02-11 12:08:31","0","0",NULL
"2144","10a5520800100004","start_time","开始时间",,"1095520800000000",NULL,NULL,"0","0","test_user","2025-02-13 10:19:56","guochengjie","2025-02-13 11:14:43","0","0",NULL
"2145","10a5520800200007","duration","经营时长",,"1095520800000000",NULL,NULL,"0","2","qidekang","2025-02-13 10:20:25","guochengjie","2025-02-13 10:20:25","0","0",NULL
"2146","10a552080030000a","mode","经营方式",,"1095520800000000",NULL,NULL,"0","3","qidekang","2025-02-13 10:20:48","guochengjie","2025-02-13 10:20:48","0","0",NULL
"2147","10a5520800400000","business_indicators","经营指标","GDP，GDP增长率，CPI等","1095520800000000",NULL,NULL,"0","4","test_user","2025-02-13 10:21:34","guochengjie","2025-02-13 10:22:05","0","0",NULL
"2148","10a5520800500003","does_it_exist","关系有无",,"1095520800000000",NULL,NULL,"0","5","qidekang","2025-02-13 10:22:26","guochengjie","2025-02-13 10:22:26","0","0",NULL
"2149","10a5520800600006","type","经营类型",,"1095520800000000",NULL,NULL,"0","6","qidekang","2025-02-13 10:24:07","guochengjie","2025-02-13 10:24:07","0","0",NULL
"2154","1061040000400001","test","test",,"1051040000000001",NULL,NULL,"0","999","qidekang","2025-02-13 10:45:21","qidekang","2025-02-13 10:45:21","1","0",NULL
"2159","106101000040000b","test2","test2",,"105101000000000b",NULL,NULL,"0","999","qidekang","2025-02-13 10:46:35","qidekang","2025-02-13 10:46:35","1","0",NULL
"2160","10a5520800700009","state","经营状态","正常经营,停止经营","1095520800000000",NULL,NULL,"0","7","guochengjie","2025-02-13 11:06:02","guochengjie","2025-02-13 11:06:02","0","0",NULL
"2161","10a552080080000c","end_time","结束时间",,"1095520800000000",NULL,NULL,"0","1","guochengjie","2025-02-13 11:14:53","guochengjie","2025-02-13 11:14:53","0","0",NULL
"2162","10a5520800900002","social_influence","社会影响","税收贡献,就业岗位,环境影响","1095520800000000",NULL,NULL,"0","999","test_user","2025-02-13 11:16:35","guochengjie","2025-02-13 11:17:30","0","0",NULL
"2163","10a5150900900009","organization_user_ jurisdiction_id","编号",,"1095150900000007",NULL,NULL,"1","0","test_user","2025-02-13 13:44:34","guochengjie","2025-02-13 13:47:15","0","0",NULL
"2164","10a5150b00a00005","organization_user_education_id","编号",,"1095150b00000000",NULL,NULL,"1","0","test_user","2025-02-13 13:45:30","guochengjie","2025-02-13 13:47:09","0","0",NULL
"2165","10a5150a00c00008","organization_user_service_id","编号",,"1095150a0000000a",NULL,NULL,"1","4","test_user","2025-02-13 13:46:52","guochengjie","2025-02-13 13:47:03","0","0",NULL
"2166","10a5240400700003","region_object_associated_id","编号",,"1095240400000007",NULL,NULL,"1","999","guochengjie","2025-02-13 13:48:13","test_user","2025-02-13 13:48:13","0","0",NULL
"2167","10a5520800a00005","organization_region_management_id","编号",,"1095520800000000",NULL,NULL,"1","999","guochengjie","2025-02-13 13:49:56","test_user","2025-02-13 13:49:56","0","0",NULL
"2168","10a5140c00100006","user_object_sensation_id","编号",,"1095140c00000002",NULL,NULL,"1","999","guochengjie","2025-02-13 17:27:47","test_user","2025-02-13 17:27:47","0","0",NULL
"2169","10a5140c00200009","does_it_exist","能否感知",,"1095140c00000002",NULL,NULL,"0","999","guochengjie","2025-02-13 17:29:05","test_user","2025-02-13 17:29:05","0","0",NULL
"2170","10a5140c0030000c","duration","耗费时长",,"1095140c00000002",NULL,NULL,"0","999","guochengjie","2025-02-13 17:37:41","test_user","2025-02-13 17:37:41","0","0",NULL
"2171","10a5140c00400002","type","感知类型","主动、被动","1095140c00000002",NULL,NULL,"0","999","test_user","2025-02-13 17:37:52","guochengjie","2025-02-13 17:38:01","0","0",NULL
"2172","10a5140c00500005","method","感知方式","远程、接触","1095140c00000002",NULL,NULL,"0","999","guochengjie","2025-02-13 17:41:45","test_user","2025-02-13 17:41:45","0","0",NULL
"2173","10a5140c00600008","agent","感知目的",,"1095140c00000002",NULL,NULL,"0","999","test_user","2025-02-13 17:41:58","guochengjie","2025-02-13 17:43:37","0","0",NULL
"2174","10a5140c0070000b","result","结果",,"1095140c00000002",NULL,NULL,"0","999","guochengjie","2025-02-13 17:42:05","test_user","2025-02-13 17:42:05","0","0",NULL
"2175","10a5140c00800001","cost","成本",,"1095140c00000002",NULL,NULL,"0","999","guochengjie","2025-02-13 17:42:57","test_user","2025-02-13 17:42:57","0","0",NULL
"2176","10a5140c00900004","time","发生时间",,"1095140c00000002",NULL,NULL,"0","999","guochengjie","2025-02-13 17:43:06","test_user","2025-02-13 17:43:06","0","0",NULL
"2177","10a5240500100001","object_region_perception_id","编号",,"109524050000000a",NULL,NULL,"0","999","guochengjie","2025-02-13 17:45:18","test_user","2025-02-13 17:45:18","0","0",NULL
"2178","10a5240500200004","does_it_exist","能否感知",,"109524050000000a",NULL,NULL,"0","999","guochengjie","2025-02-13 17:45:27","test_user","2025-02-13 17:45:27","0","0",NULL
"2179","10a5240500300007","duration","耗费时长",,"109524050000000a",NULL,NULL,"0","999","guochengjie","2025-02-13 17:45:42","test_user","2025-02-13 17:45:42","0","0",NULL
"2180","10a524050040000a","type","感知类型",,"109524050000000a",NULL,NULL,"0","999","guochengjie","2025-02-13 17:46:37","test_user","2025-02-13 17:46:37","0","0",NULL
"2181","10a5240500500000","method","感知方式","远程、接触","109524050000000a",NULL,NULL,"0","999","test_user","2025-02-13 17:47:01","guochengjie","2025-02-13 17:48:49","0","0",NULL
"2182","10a5240500600003","agent","感知目的","数据获取、设备操作","109524050000000a",NULL,NULL,"0","999","guochengjie","2025-02-13 17:57:33","test_user","2025-02-13 17:57:33","0","0",NULL
"2183","10a5240500700006","result","结果",,"109524050000000a",NULL,NULL,"0","999","guochengjie","2025-02-13 17:57:43","test_user","2025-02-13 17:57:43","0","0",NULL
"2184","10a5240500800009","cost","成本",,"109524050000000a",NULL,NULL,"0","999","guochengjie","2025-02-13 17:57:53","test_user","2025-02-13 17:57:53","0","0",NULL
"2185","10a524050090000c","time","发生时间",,"109524050000000a",NULL,NULL,"0","999","guochengjie","2025-02-13 17:58:29","test_user","2025-02-13 17:58:29","0","0",NULL
"2186","10a555070080000c","content","申报内容",,"1095550700000000",NULL,NULL,"0","999","guochengjie","2025-02-14 11:09:14","test_user","2025-02-14 11:09:14","0","0",NULL
"2187","10a5150800a00009","content","申报内容",,"1095150800000004",NULL,NULL,"0","999","guochengjie","2025-02-14 11:11:19","test_user","2025-02-14 11:11:19","0","0",NULL
"2188","10a5120500e00009","end_time","结束时间",,"1095120500000005",NULL,NULL,"0","9","guochengjie","2025-02-14 11:11:42","guochengjie","2025-02-14 11:11:42","0","0",NULL
"2189","1061030000400000","participant_number","参与人数",,"1051030000000000",NULL,NULL,"0","999","guochengjie","2025-02-14 11:23:25","test_user","2025-02-14 11:23:25","0","0",NULL
"2195","10a5150800b0000c","result","申报结果",,"1095150800000004",NULL,NULL,"0","999","guochengjie","2025-02-14 14:37:39","test_user","2025-02-14 14:37:39","0","0",NULL
"2197","10a5550700900002","result","申报结果",,"1095550700000000",NULL,NULL,"0","999","guochengjie","2025-02-14 14:41:54","test_user","2025-02-14 14:41:54","0","0",NULL
